sample_name,name,value,index,host_genus_meta,host_species_meta,published,sample_name_index
AGb_087,D1/D4/D6/D17-D2.2-D2,82171.0,1000.pdf,NA,NA,y,AGb_087-1000.pdf
AGa_028,D1/D4/D6/D17-D2.2-D2,38581.0,1000.pdf,NA,NA,y,AGa_028-1000.pdf
AGb_071,D1/D4/D6/D17-D2.2-D2,56214.0,1000.pdf,NA,NA,y,AGb_071-1000.pdf
AGa_013,D1/D4/D6/D17-D2.2-D2,26484.0,1000.pdf,NA,NA,y,AGa_013-1000.pdf
AGb_061,D1/D4/D6/D17-D2.2-D2,66030.0,1000.pdf,NA,NA,y,AGb_061-1000.pdf
OMc_091,D1/D4/D6/D17-D2.2-D2,348.0,1000.pdf,NA,NA,y,OMc_091-1000.pdf
OMd_053,D1/D4/D6/D17-D2.2-D2,694.0,1000.pdf,NA,NA,y,OMd_053-1000.pdf
OMc_089,D1/D4/D6/D17-D2.2-D2,339.0,1000.pdf,NA,NA,y,OMc_089-1000.pdf
AGa_051,D1/D4/D6/D17-D2.2-D2,50326.0,1000.pdf,NA,NA,y,AGa_051-1000.pdf
OMa_063,D1/D4/D6/D17-D2.2-D2,421.0,1000.pdf,NA,NA,y,OMa_063-1000.pdf
AGa_043,D1/D4/D6/D17-D2.2-D2,22724.0,1000.pdf,NA,NA,y,AGa_043-1000.pdf
AGb_118,D1/D4/D6/D17-D2.2-D2,118267.0,1000.pdf,NA,NA,y,AGb_118-1000.pdf
OMb_078,D1/D4/D6/D17-D2.2-D2,651.0,1000.pdf,NA,NA,y,OMb_078-1000.pdf
OMd_096,D1/D4/D6/D17-D2.2-D2,764.0,1000.pdf,NA,NA,y,OMd_096-1000.pdf
OMd_068,D1/D4/D6/D17-D2.2-D2,1114.0,1000.pdf,NA,NA,y,OMd_068-1000.pdf
OMd_048,D1/D4/D6/D17-D2.2-D2,401.0,1000.pdf,NA,NA,y,OMd_048-1000.pdf
OMa_044,D1/D4/D6/D17-D2.2-D2,618.0,1000.pdf,NA,NA,y,OMa_044-1000.pdf
AGc_162,D1/D4/D6/D17-D2.2-D2,92823.0,1000.pdf,NA,NA,y,AGc_162-1000.pdf
OMb_081,D1/D4/D6/D17-D2.2-D2,664.0,1000.pdf,NA,NA,y,OMb_081-1000.pdf
AGa_019,D1/D4/D6/D17-D2.2-D2,36792.0,1000.pdf,NA,NA,y,AGa_019-1000.pdf
OMb_020,D1/D4/D6/D17-D2.2-D2,533.0,1000.pdf,NA,NA,y,OMb_020-1000.pdf
AGc_140,D1/D4/D6/D17-D2.2-D2,44154.0,1000.pdf,NA,NA,y,AGc_140-1000.pdf
OMa_031,D1/D4/D6/D17-D2.2-D2,1086.0,1000.pdf,NA,NA,y,OMa_031-1000.pdf
AGa_017,C15h-C15k-C15p-C15q,315.0,1000.pdf,NA,NA,y,AGa_017-1000.pdf
AGa_017,D1/D4/D6/D17-D2.2-D2,18688.0,1000.pdf,NA,NA,y,AGa_017-1000.pdf
OMb_058,D1/D4/D6/D17-D2.2-D2,1327.0,1000.pdf,NA,NA,y,OMb_058-1000.pdf
OMa_060,D1/D4/D6/D17-D2.2-D2,818.0,1000.pdf,NA,NA,y,OMa_060-1000.pdf
OMe_013,D1/D4/D6/D17-D2.2-D2,484.0,1000.pdf,NA,NA,y,OMe_013-1000.pdf
ADe_038,D1/D4/D6/D17-D2.2-D2,385.0,1000.pdf,NA,NA,y,ADe_038-1000.pdf
OMb_095,D1/D4/D6/D17-D2.2-D2,1771.0,1000.pdf,NA,NA,y,OMb_095-1000.pdf
OMc_043,D1/D4/D6/D17-D2.2-D2,776.0,1000.pdf,NA,NA,y,OMc_043-1000.pdf
OMb_030,D1/D4/D6/D17-D2.2-D2,1059.0,1000.pdf,NA,NA,y,OMb_030-1000.pdf
OMc_002,D1/D4/D6/D17-D2.2-D2,850.0,1000.pdf,NA,NA,y,OMc_002-1000.pdf
OMb_071,D1/D4/D6/D17-D2.2-D2,528.0,1000.pdf,NA,NA,y,OMb_071-1000.pdf
AGb_080,D1/D4/D6/D17-D2.2-D2,39479.0,1000.pdf,NA,NA,y,AGb_080-1000.pdf
OMb_075,D1/D4/D6/D17-D2.2-D2,747.0,1000.pdf,NA,NA,y,OMb_075-1000.pdf
OMb_028,D1/D4/D6/D17-D2.2-D2,607.0,1000.pdf,NA,NA,y,OMb_028-1000.pdf
AGb_108,C15h-C15k-C15p-C15q,682.0,1000.pdf,NA,NA,y,AGb_108-1000.pdf
AGb_108,D1/D4/D6/D17-D2.2-D2,41472.0,1000.pdf,NA,NA,y,AGb_108-1000.pdf
OMe_008,D1/D4/D6/D17-D2.2-D2,405.0,1000.pdf,NA,NA,y,OMe_008-1000.pdf
OMa_047,D1/D4/D6/D17-D2.2-D2,1653.0,1000.pdf,NA,NA,y,OMa_047-1000.pdf
OMa_002,D1/D4/D6/D17-D2.2-D2,1405.0,1000.pdf,NA,NA,y,OMa_002-1000.pdf
ADe_015,D1/D4/D6/D17-D2.2-D2,625.0,1000.pdf,NA,NA,y,ADe_015-1000.pdf
OMb_042,D1/D4/D6/D17-D2.2-D2,788.0,1000.pdf,NA,NA,y,OMb_042-1000.pdf
OMe_029,D1/D4/D6/D17-D2.2-D2,1043.0,1000.pdf,NA,NA,y,OMe_029-1000.pdf
AGc_132,D1/D4/D6/D17-D2.2-D2,9373.0,1000.pdf,NA,NA,y,AGc_132-1000.pdf
ADe_027,D1/D4/D6/D17-D2.2-D2,623.0,1000.pdf,NA,NA,y,ADe_027-1000.pdf
ADe_029,D1/D4/D6/D17-D2.2-D2,765.0,1000.pdf,NA,NA,y,ADe_029-1000.pdf
AGa_060,C15h-C15k-C15p-C15q,2264.0,1000.pdf,NA,NA,y,AGa_060-1000.pdf
AGa_060,D1/D4/D6/D17-D2.2-D2,47394.0,1000.pdf,NA,NA,y,AGa_060-1000.pdf
AGa_025,D1/D4/D6/D17-D2.2-D2,4406.0,1000.pdf,NA,NA,y,AGa_025-1000.pdf
OMa_059,D1/D4/D6/D17-D2.2-D2,663.0,1000.pdf,NA,NA,y,OMa_059-1000.pdf
AGa_053,D1/D4/D6/D17-D2.2-D2,54799.0,1000.pdf,NA,NA,y,AGa_053-1000.pdf
AGb_105,C3/C3gulf,1351.0,1000.pdf,NA,NA,y,AGb_105-1000.pdf
AGb_105,C40f,127.0,1000.pdf,NA,NA,y,AGb_105-1000.pdf
AGb_105,D1/D4/D6/D17-D2.2-D2,33409.0,1000.pdf,NA,NA,y,AGb_105-1000.pdf
OMa_018,D1/D4/D6/D17-D2.2-D2,1029.0,1000.pdf,NA,NA,y,OMa_018-1000.pdf
AGa_041,D1/D4/D6/D17-D2.2-D2,72687.0,1000.pdf,NA,NA,y,AGa_041-1000.pdf
AGc_122,D1/D4/D6/D17-D2.2-D2,28474.0,1000.pdf,NA,NA,y,AGc_122-1000.pdf
AGb_084,C15h-C15k-C15p-C15q,8163.0,1000.pdf,NA,NA,y,AGb_084-1000.pdf
AGb_084,D1/D4/D6/D17-D2.2-D2,51382.0,1000.pdf,NA,NA,y,AGb_084-1000.pdf
OMd_072,D1/D4/D6/D17-D2.2-D2,853.0,1000.pdf,NA,NA,y,OMd_072-1000.pdf
AGb_081,C15h-C15k-C15p-C15q,2407.0,1000.pdf,NA,NA,y,AGb_081-1000.pdf
AGb_081,D1/D4/D6/D17-D2.2-D2,11467.0,1000.pdf,NA,NA,y,AGb_081-1000.pdf
OMe_035,D1/D4/D6/D17-D2.2-D2,296.0,1000.pdf,NA,NA,y,OMe_035-1000.pdf
OMe_038,D1/D4/D6/D17-D2.2-D2,279.0,1000.pdf,NA,NA,y,OMe_038-1000.pdf
OMb_070,D1/D4/D6/D17-D2.2-D2,568.0,1000.pdf,NA,NA,y,OMb_070-1000.pdf
OMc_069,D1/D4/D6/D17-D2.2-D2,634.0,1000.pdf,NA,NA,y,OMc_069-1000.pdf
OMe_027,D1/D4/D6/D17-D2.2-D2,523.0,1000.pdf,NA,NA,y,OMe_027-1000.pdf
OMd_060,D1/D4/D6/D17-D2.2-D2,238.0,1000.pdf,NA,NA,y,OMd_060-1000.pdf
KAb_043,C41-C1-C41b-C41g-C1b-C41m,8151.0,1000.pdf,NA,NA,y,KAb_043-1000.pdf
YBa_031,C41-C1-C41b-C41g-C1b-C41m,2441.0,1000.pdf,NA,NA,y,YBa_031-1000.pdf
KAa_020,C41-C1-C41b-C41g-C1b-C41m,2226.0,1000.pdf,NA,NA,y,KAa_020-1000.pdf
KAa_011,C41-C1-C41b-C41g-C1b-C41m,5612.0,1000.pdf,NA,NA,y,KAa_011-1000.pdf
YBb_040,C41-C1-C41b-C41g-C1b-C41m,2430.0,1000.pdf,NA,NA,y,YBb_040-1000.pdf
YBb_035,C41-C1-C41b-C41g-C1b-C41m,2915.0,1000.pdf,NA,NA,y,YBb_035-1000.pdf
YBb_037,C41-C1-C41b-C41g-C1b-C41m,4341.0,1000.pdf,NA,NA,y,YBb_037-1000.pdf
KAa_026,C41-C1-C41b-C41g-C1b-C41m,5833.0,1000.pdf,NA,NA,y,KAa_026-1000.pdf
YBb_036,C41-C1-C41b-C41g-C1b-C41m,3027.0,1000.pdf,NA,NA,y,YBb_036-1000.pdf
YBa_035,C41-C1-C41b-C41g-C1b-C41m,3783.0,1000.pdf,NA,NA,y,YBa_035-1000.pdf
YBa_030,C41-C1-C41b-C41g-C1b-C41m,2808.0,1000.pdf,NA,NA,y,YBa_030-1000.pdf
YBb_014,C41-C1-C41b-C41g-C1b-C41m,2333.0,1000.pdf,NA,NA,y,YBb_014-1000.pdf
YBb_029,C41-C1-C41b-C41g-C1b-C41m,3386.0,1000.pdf,NA,NA,y,YBb_029-1000.pdf
YBb_023,C41-C1-C41b-C41g-C1b-C41m,3713.0,1000.pdf,NA,NA,y,YBb_023-1000.pdf
YBb_020,C41-C1-C41b-C41g-C1b-C41m,3418.0,1000.pdf,NA,NA,y,YBb_020-1000.pdf
YBa_013,C41-C1-C41b-C41g-C1b-C41m,3912.0,1000.pdf,NA,NA,y,YBa_013-1000.pdf
KAa_037,C41-C1-C41b-C41g-C1b-C41m,5068.0,1000.pdf,NA,NA,y,KAa_037-1000.pdf
YBa_028,C41-C1-C41b-C41g-C1b-C41m,2751.0,1000.pdf,NA,NA,y,YBa_028-1000.pdf
KAc_005,C41-C1-C41b-C41g-C1b-C41m,7520.0,1000.pdf,NA,NA,y,KAc_005-1000.pdf
KAc_004,C41-C1-C41b-C41g-C1b-C41m,6991.0,1000.pdf,NA,NA,y,KAc_004-1000.pdf
KAa_049,C41-C1-C41b-C41g-C1b-C41m,5495.0,1000.pdf,NA,NA,y,KAa_049-1000.pdf
YBb_015,C41-C1-C41b-C41g-C1b-C41m,2456.0,1000.pdf,NA,NA,y,YBb_015-1000.pdf
YBb_018,C41-C1-C41b-C41g-C1b-C41m,2482.0,1000.pdf,NA,NA,y,YBb_018-1000.pdf
KAc_013,C41-C1-C41b-C41g-C1b-C41m,6017.0,1000.pdf,NA,NA,y,KAc_013-1000.pdf
KAc_018,C41-C1-C41b-C41g-C1b-C41m,5177.0,1000.pdf,NA,NA,y,KAc_018-1000.pdf
KAc_009,C41-C1-C41b-C41g-C1b-C41m,4453.0,1000.pdf,NA,NA,y,KAc_009-1000.pdf
KAc_008,C41-C1-C41b-C41g-C1b-C41m,3077.0,1000.pdf,NA,NA,y,KAc_008-1000.pdf
KAc_020,C41-C1-C41b-C41g-C1b-C41m,7076.0,1000.pdf,NA,NA,y,KAc_020-1000.pdf
KAc_043,C41-C1-C41b-C41g-C1b-C41m,7532.0,1000.pdf,NA,NA,y,KAc_043-1000.pdf
KAc_031,C41-C1-C41b-C41g-C1b-C41m,4256.0,1000.pdf,NA,NA,y,KAc_031-1000.pdf
KAa_012,C41-C1-C41b-C41g-C1b-C41m,2175.0,1000.pdf,NA,NA,y,KAa_012-1000.pdf
KAa_012,D5/D4/D9b-D1bq,1630.0,1000.pdf,NA,NA,y,KAa_012-1000.pdf
ALa_041,A1-A1c-A1h-A1q,5157.0,1000.pdf,NA,NA,y,ALa_041-1000.pdf
KAb_006,A1-A1c-A1h-A1q,8530.0,1000.pdf,NA,NA,y,KAb_006-1000.pdf
ALb_027,A1-A1c-A1h-A1q,6478.0,1000.pdf,NA,NA,y,ALb_027-1000.pdf
YBa_019,A1-A1c-A1h-A1q,4057.0,1000.pdf,NA,NA,y,YBa_019-1000.pdf
YBb_022,A1-A1c-A1h-A1q,4483.0,1000.pdf,NA,NA,y,YBb_022-1000.pdf
ALa_027,A1-A1c-A1h-A1q,5874.0,1000.pdf,NA,NA,y,ALa_027-1000.pdf
KAc_038,A1-A1c-A1h-A1q,9989.0,1000.pdf,NA,NA,y,KAc_038-1000.pdf
KAc_025,A1-A1c-A1h-A1q,10293.0,1000.pdf,NA,NA,y,KAc_025-1000.pdf
KAc_002,A1-A1c-A1h-A1q,6930.0,1000.pdf,NA,NA,y,KAc_002-1000.pdf
ALb_015,A1-A1c-A1h-A1q,5055.0,1000.pdf,NA,NA,y,ALb_015-1000.pdf
KAc_044,A1-A1c-A1h-A1q,6903.0,1000.pdf,NA,NA,y,KAc_044-1000.pdf
KAc_026,A1-A1c-A1h-A1q,10376.0,1000.pdf,NA,NA,y,KAc_026-1000.pdf
KAa_050,A1-A1c-A1h-A1q,5774.0,1000.pdf,NA,NA,y,KAa_050-1000.pdf
YBa_022,A1-A1c-A1h-A1q,4395.0,1000.pdf,NA,NA,y,YBa_022-1000.pdf
KAc_049,A1-A1c-A1h-A1q,4490.0,1000.pdf,NA,NA,y,KAc_049-1000.pdf
KAa_046,A1-A1c-A1h-A1q,3982.0,1000.pdf,NA,NA,y,KAa_046-1000.pdf
KAa_006,A1-A1c-A1h-A1q,4198.0,1000.pdf,NA,NA,y,KAa_006-1000.pdf
KAa_025,A1-A1c-A1h-A1q,4853.0,1000.pdf,NA,NA,y,KAa_025-1000.pdf
KAa_010,A1-A1c-A1h-A1q,3608.0,1000.pdf,NA,NA,y,KAa_010-1000.pdf
ALb_003,A1-A1c-A1h-A1q,4866.0,1000.pdf,NA,NA,y,ALb_003-1000.pdf
YBb_016,A1-A1c-A1h-A1q,2801.0,1000.pdf,NA,NA,y,YBb_016-1000.pdf
YBb_016,C41-C1-C41b-C41g-C1b-C41m,423.0,1000.pdf,NA,NA,y,YBb_016-1000.pdf
KAa_047,A1-A1c-A1h-A1q,4577.0,1000.pdf,NA,NA,y,KAa_047-1000.pdf
KAa_047,C41-C1-C41b-C41j-C41g,682.0,1000.pdf,NA,NA,y,KAa_047-1000.pdf
YBa_007,A1-A1c-A1h-A1q,1930.0,1000.pdf,NA,NA,y,YBa_007-1000.pdf
YBa_007,C3-C3au,1426.0,1000.pdf,NA,NA,y,YBa_007-1000.pdf
ADb_023,C3/C3c-C3gulf,510.0,1000.pdf,NA,NA,y,ADb_023-1000.pdf
ADb_004,C3/C3c-C3gulf,1616.0,1000.pdf,NA,NA,y,ADb_004-1000.pdf
ADa_020,C3/C3c-C3gulf,1902.0,1000.pdf,NA,NA,y,ADa_020-1000.pdf
ADc_027,C3/C3c-C3gulf,2469.0,1000.pdf,NA,NA,y,ADc_027-1000.pdf
ADa_019,C3/C3c-C3gulf,1174.0,1000.pdf,NA,NA,y,ADa_019-1000.pdf
AGb_065,C3/C3c-C3gulf,69891.0,1000.pdf,NA,NA,y,AGb_065-1000.pdf
AGb_065,D1-D17-D4-D6-D2.2-D2-D17b,491.0,1000.pdf,NA,NA,y,AGb_065-1000.pdf
ADb_006,C3/C3c-C3gulf,666.0,1000.pdf,NA,NA,y,ADb_006-1000.pdf
ADc_010,C3/C3c-C3gulf,861.0,1000.pdf,NA,NA,y,ADc_010-1000.pdf
ADb_028,C3/C3c-C3gulf,1319.0,1000.pdf,NA,NA,y,ADb_028-1000.pdf
ADa_001,C3/C3c-C3gulf,696.0,1000.pdf,NA,NA,y,ADa_001-1000.pdf
ADb_048,C3/C3c-C3gulf,2492.0,1000.pdf,NA,NA,y,ADb_048-1000.pdf
ADa_046,C3/C3c-C3gulf,951.0,1000.pdf,NA,NA,y,ADa_046-1000.pdf
ADc_008,C3/C3c-C3gulf,761.0,1000.pdf,NA,NA,y,ADc_008-1000.pdf
ADa_055,C3/C3c-C3gulf,704.0,1000.pdf,NA,NA,y,ADa_055-1000.pdf
AGc_143,C3/C3c-C3gulf,47955.0,1000.pdf,NA,NA,y,AGc_143-1000.pdf
AGc_143,D1-D17-D4-D6-D2.2-D2-D17b,2786.0,1000.pdf,NA,NA,y,AGc_143-1000.pdf
ADa_040,C3/C3c-C3gulf,587.0,1000.pdf,NA,NA,y,ADa_040-1000.pdf
ADc_017,C3/C3c-C3gulf,2085.0,1000.pdf,NA,NA,y,ADc_017-1000.pdf
AGc_126,C3/C3c-C3gulf,4700.0,1000.pdf,NA,NA,y,AGc_126-1000.pdf
ADc_001,C3/C3c-C3gulf,610.0,1000.pdf,NA,NA,y,ADc_001-1000.pdf
ADb_007,C3/C3c-C3gulf,669.0,1000.pdf,NA,NA,y,ADb_007-1000.pdf
ADb_001,C3/C3c-C3gulf,1457.0,1000.pdf,NA,NA,y,ADb_001-1000.pdf
ADb_001,C3by,100.0,1000.pdf,NA,NA,y,ADb_001-1000.pdf
ADa_008,C3/C3c-C3gulf,792.0,1000.pdf,NA,NA,y,ADa_008-1000.pdf
ADa_027,C3/C3c-C3gulf,948.0,1000.pdf,NA,NA,y,ADa_027-1000.pdf
ADd_041,C39-C39q-C39b-C1-C39p,518.0,1000.pdf,NA,NA,y,ADd_041-1000.pdf
OMb_076,C39-C39q-C39b-C1-C39p,2449.0,1000.pdf,NA,NA,y,OMb_076-1000.pdf
ADd_047,C39-C39q-C39b-C1-C39p,784.0,1000.pdf,NA,NA,y,ADd_047-1000.pdf
ADd_017,C39-C39q-C39b-C1-C39p,1496.0,1000.pdf,NA,NA,y,ADd_017-1000.pdf
ADd_035,C39-C39q-C39b-C1-C39p,1101.0,1000.pdf,NA,NA,y,ADd_035-1000.pdf
ADd_015,C39-C39q-C39b-C1-C39p,1293.0,1000.pdf,NA,NA,y,ADd_015-1000.pdf
ADe_008,C39-C39q-C39b-C1-C39p,833.0,1000.pdf,NA,NA,y,ADe_008-1000.pdf
OMd_025,C39-C39q-C39b-C1-C39p,504.0,1000.pdf,NA,NA,y,OMd_025-1000.pdf
ADe_021,C39-C39q-C39b-C1-C39p,644.0,1000.pdf,NA,NA,y,ADe_021-1000.pdf
OMc_047,C39-C39q-C39b-C1-C39p,1349.0,1000.pdf,NA,NA,y,OMc_047-1000.pdf
ADd_036,C39-C39q-C39b-C1-C39p,1016.0,1000.pdf,NA,NA,y,ADd_036-1000.pdf
OMc_049,C39-C39q-C39b-C1-C39p,1771.0,1000.pdf,NA,NA,y,OMc_049-1000.pdf
OMe_026,C39-C39q-C39b-C1-C39p,797.0,1000.pdf,NA,NA,y,OMe_026-1000.pdf
OMc_026,C39-C39q-C39b-C1-C39p,552.0,1000.pdf,NA,NA,y,OMc_026-1000.pdf
ADe_012,C39-C39q-C39b-C1-C39p,817.0,1000.pdf,NA,NA,y,ADe_012-1000.pdf
OMc_079,C39-C39q-C39b-C1-C39p,1058.0,1000.pdf,NA,NA,y,OMc_079-1000.pdf
OMb_088,C39-C39q-C39b-C1-C39p,1444.0,1000.pdf,NA,NA,y,OMb_088-1000.pdf
OMb_036,C39-C39q-C39b-C1-C39p,1162.0,1000.pdf,NA,NA,y,OMb_036-1000.pdf
OMc_074,C39-C39q-C39b-C1-C39p,842.0,1000.pdf,NA,NA,y,OMc_074-1000.pdf
OMb_099,C39-C39q-C39b-C1-C39p,1497.0,1000.pdf,NA,NA,y,OMb_099-1000.pdf
ADe_011,C39-C39q-C39b-C1-C39p,1572.0,1000.pdf,NA,NA,y,ADe_011-1000.pdf
ADe_011,D1/D4/D4c,292.0,1000.pdf,NA,NA,y,ADe_011-1000.pdf
AGc_128,C3/C3gulf-C115d,65800.0,1000.pdf,NA,NA,y,AGc_128-1000.pdf
AGc_128,D1/D4-D4c-D6,213.0,1000.pdf,NA,NA,y,AGc_128-1000.pdf
AGc_139,C3/C3gulf-C115d,52780.0,1000.pdf,NA,NA,y,AGc_139-1000.pdf
AGb_106,C3/C3gulf-C115d,56902.0,1000.pdf,NA,NA,y,AGb_106-1000.pdf
AGb_106,D1/D4/D6/D17-D2.2-D2,202.0,1000.pdf,NA,NA,y,AGb_106-1000.pdf
ADd_003,C3/C3gulf-C115d,1800.0,1000.pdf,NA,NA,y,ADd_003-1000.pdf
ADb_016,C3/C3gulf-C115d,1272.0,1000.pdf,NA,NA,y,ADb_016-1000.pdf
ADa_024,C3/C3gulf-C115d,1137.0,1000.pdf,NA,NA,y,ADa_024-1000.pdf
AGa_008,C3/C3gulf-C115d,37119.0,1000.pdf,NA,NA,y,AGa_008-1000.pdf
ADa_025,C3/C3gulf-C115d,1821.0,1000.pdf,NA,NA,y,ADa_025-1000.pdf
KAb_047,C3/C3gulf-C115d,6017.0,1000.pdf,NA,NA,y,KAb_047-1000.pdf
AGc_129,C3/C3gulf-C115d,50075.0,1000.pdf,NA,NA,y,AGc_129-1000.pdf
AGc_129,D1-D17-D4-D6-D2.2-D2-D17b,7262.0,1000.pdf,NA,NA,y,AGc_129-1000.pdf
ADa_004,C3/C3gulf-C115d,1026.0,1000.pdf,NA,NA,y,ADa_004-1000.pdf
ADa_037,C3/C3gulf-C115d,1800.0,1000.pdf,NA,NA,y,ADa_037-1000.pdf
AGc_151,C3/C3gulf-C115d,47296.0,1000.pdf,NA,NA,y,AGc_151-1000.pdf
AGc_151,D4/D1/D6/D5-D2.2-D17-D2,1455.0,1000.pdf,NA,NA,y,AGc_151-1000.pdf
ADa_048,C3/C3gulf-C115d,1061.0,1000.pdf,NA,NA,y,ADa_048-1000.pdf
AGc_142,C3/C3gulf-C115d,33442.0,1000.pdf,NA,NA,y,AGc_142-1000.pdf
AGc_142,D1/D4/D6/D17-D2.2-D2,3307.0,1000.pdf,NA,NA,y,AGc_142-1000.pdf
ADc_021,C3/C3gulf-C115d,433.0,1000.pdf,NA,NA,y,ADc_021-1000.pdf
ADc_028,C3/C3gulf-C115d,1127.0,1000.pdf,NA,NA,y,ADc_028-1000.pdf
ADc_012,C3/C3gulf-C115d,516.0,1000.pdf,NA,NA,y,ADc_012-1000.pdf
ADa_053,C3/C3gulf-C115d,583.0,1000.pdf,NA,NA,y,ADa_053-1000.pdf
ADc_020,C3/C3gulf-C115d,668.0,1000.pdf,NA,NA,y,ADc_020-1000.pdf
OMa_004,D1-D4-D4c-D1c-D4f,1950.0,1000.pdf,NA,NA,y,OMa_004-1000.pdf
OMd_006,D1-D4-D4c-D1c-D4f,937.0,1000.pdf,NA,NA,y,OMd_006-1000.pdf
OMa_050,D1-D4-D4c-D1c-D4f,481.0,1000.pdf,NA,NA,y,OMa_050-1000.pdf
OMa_065,D1-D4-D4c-D1c-D4f,846.0,1000.pdf,NA,NA,y,OMa_065-1000.pdf
ADd_001,D1-D4-D4c-D1c-D4f,665.0,1000.pdf,NA,NA,y,ADd_001-1000.pdf
OMb_046,D1-D4-D4c-D1c-D4f,1253.0,1000.pdf,NA,NA,y,OMb_046-1000.pdf
ADe_020,D1-D4-D4c-D1c-D4f,868.0,1000.pdf,NA,NA,y,ADe_020-1000.pdf
OMc_024,D1-D4-D4c-D1c-D4f,737.0,1000.pdf,NA,NA,y,OMc_024-1000.pdf
ADd_037,D1-D4-D4c-D1c-D4f,893.0,1000.pdf,NA,NA,y,ADd_037-1000.pdf
OMa_013,D1-D4-D4c-D1c-D4f,573.0,1000.pdf,NA,NA,y,OMa_013-1000.pdf
OMd_067,D1-D4-D4c-D1c-D4f,994.0,1000.pdf,NA,NA,y,OMd_067-1000.pdf
OMd_066,D1-D4-D4c-D1c-D4f,1106.0,1000.pdf,NA,NA,y,OMd_066-1000.pdf
AGb_110,D1-D4-D4c-D1c-D4f,40418.0,1000.pdf,NA,NA,y,AGb_110-1000.pdf
OMc_030,D1-D4-D4c-D1c-D4f,814.0,1000.pdf,NA,NA,y,OMc_030-1000.pdf
KAc_042,D1-D4-D4c-D1c-D4f,5706.0,1000.pdf,NA,NA,y,KAc_042-1000.pdf
KAa_030,D1-D4-D4c-D1c-D4f,5756.0,1000.pdf,NA,NA,y,KAa_030-1000.pdf
OMa_039,C1dp/C1-C1do-C3hk-C1dm-C1dn,805.0,1000.pdf,NA,NA,y,OMa_039-1000.pdf
OMa_079,C1dp/C1-C1do-C3hk-C1dm-C1dn,499.0,1000.pdf,NA,NA,y,OMa_079-1000.pdf
OMa_019,C1dp/C1-C1do-C3hk-C1dm-C1dn,595.0,1000.pdf,NA,NA,y,OMa_019-1000.pdf
OMa_069,C1dp/C1-C1do-C3hk-C1dm-C1dn,403.0,1000.pdf,NA,NA,y,OMa_069-1000.pdf
OMc_008,C1dp/C1-C1do-C3hk-C1dm-C1dn,854.0,1000.pdf,NA,NA,y,OMc_008-1000.pdf
OMc_004,C1dp/C1-C1do-C3hk-C1dm-C1dn,668.0,1000.pdf,NA,NA,y,OMc_004-1000.pdf
OMc_009,C1dp/C1-C1do-C3hk-C1dm-C1dn,790.0,1000.pdf,NA,NA,y,OMc_009-1000.pdf
OMc_001,C1dp/C1-C1do-C3hk-C1dm-C1dn,2862.0,1000.pdf,NA,NA,y,OMc_001-1000.pdf
OMd_057,C1dp/C1-C1do-C3hk-C1dm-C1dn,812.0,1000.pdf,NA,NA,y,OMd_057-1000.pdf
OMa_032,C1dp/C1-C1do-C3hk-C1dm-C1dn,1266.0,1000.pdf,NA,NA,y,OMa_032-1000.pdf
OMa_042,C1dp/C1-C1do-C3hk-C1dm-C1dn,691.0,1000.pdf,NA,NA,y,OMa_042-1000.pdf
OMa_022,C1dp/C1-C1do-C3hk-C1dm-C1dn,1752.0,1000.pdf,NA,NA,y,OMa_022-1000.pdf
OMc_003,C1dp/C1-C1do-C3hk-C1dm-C1dn,896.0,1000.pdf,NA,NA,y,OMc_003-1000.pdf
OMd_099,C1dp/C1-C1do-C3hk-C1dm-C1dn,875.0,1000.pdf,NA,NA,y,OMd_099-1000.pdf
OMa_045,C1dp/C1-C1do-C3hk-C1dm-C1dn,484.0,1000.pdf,NA,NA,y,OMa_045-1000.pdf
OMa_045,D5/D4,166.0,1000.pdf,NA,NA,y,OMa_045-1000.pdf
OMa_068,C1dp/C1-C1do-C3hk-C1dm-C1dn,222.0,1000.pdf,NA,NA,y,OMa_068-1000.pdf
OMa_068,D5-D4-D4a-D5d-D2,187.0,1000.pdf,NA,NA,y,OMa_068-1000.pdf
ADe_014,C1/C41/C39-C1b-C42bb-C3hl,841.0,1000.pdf,NA,NA,y,ADe_014-1000.pdf
OMa_051,C1/C41/C39-C1b-C42bb-C3hl,586.0,1000.pdf,NA,NA,y,OMa_051-1000.pdf
ADe_010,C1/C41/C39-C1b-C42bb-C3hl,529.0,1000.pdf,NA,NA,y,ADe_010-1000.pdf
ADe_006,C1/C41/C39-C1b-C42bb-C3hl,801.0,1000.pdf,NA,NA,y,ADe_006-1000.pdf
ADe_039,C1/C41/C39-C1b-C42bb-C3hl,1091.0,1000.pdf,NA,NA,y,ADe_039-1000.pdf
ADe_033,C1/C41/C39-C1b-C42bb-C3hl,755.0,1000.pdf,NA,NA,y,ADe_033-1000.pdf
ADd_020,C1/C41/C39-C1b-C42bb-C3hl,1024.0,1000.pdf,NA,NA,y,ADd_020-1000.pdf
OMb_005,C1/C41/C39-C1b-C42bb-C3hl,567.0,1000.pdf,NA,NA,y,OMb_005-1000.pdf
OMb_052,C1/C41/C39-C1b-C42bb-C3hl,554.0,1000.pdf,NA,NA,y,OMb_052-1000.pdf
OMa_023,C1/C41/C39-C1b-C42bb-C3hl,1205.0,1000.pdf,NA,NA,y,OMa_023-1000.pdf
OMd_056,C1/C41/C39-C1b-C42bb-C3hl,810.0,1000.pdf,NA,NA,y,OMd_056-1000.pdf
OMb_082,C1/C41/C39-C1b-C42bb-C3hl,760.0,1000.pdf,NA,NA,y,OMb_082-1000.pdf
OMa_043,C1/C41/C39-C1b-C42bb-C3hl,725.0,1000.pdf,NA,NA,y,OMa_043-1000.pdf
OMd_033,C1/C41/C39-C1b-C42bb-C3hl,981.0,1000.pdf,NA,NA,y,OMd_033-1000.pdf
OMc_075,C1/C41/C39-C1b-C42bb-C3hl,1038.0,1000.pdf,NA,NA,y,OMc_075-1000.pdf
ADe_004,C1/C41/C39-C1b-C42bb-C3hl,597.0,1000.pdf,NA,NA,y,ADe_004-1000.pdf
AGc_138,D4/D1/D6/D5-D2.2-D17-D2,76075.0,1000.pdf,NA,NA,y,AGc_138-1000.pdf
AGb_076,D4/D1/D6/D5-D2.2-D17-D2,39287.0,1000.pdf,NA,NA,y,AGb_076-1000.pdf
AGa_004,D4/D1/D6/D5-D2.2-D17-D2,24112.0,1000.pdf,NA,NA,y,AGa_004-1000.pdf
OMb_063,D4/D1/D6/D5-D2.2-D17-D2,1070.0,1000.pdf,NA,NA,y,OMb_063-1000.pdf
AGb_089,D4/D1/D6/D5-D2.2-D17-D2,67334.0,1000.pdf,NA,NA,y,AGb_089-1000.pdf
AGa_045,D4/D1/D6/D5-D2.2-D17-D2,37396.0,1000.pdf,NA,NA,y,AGa_045-1000.pdf
AGb_082,C1/C3-C1c-C1b-C72k-C1w,527.0,1000.pdf,NA,NA,y,AGb_082-1000.pdf
AGb_082,D4/D1/D6/D5-D2.2-D17-D2,9847.0,1000.pdf,NA,NA,y,AGb_082-1000.pdf
OMc_036,D4/D1/D6/D5-D2.2-D17-D2,1350.0,1000.pdf,NA,NA,y,OMc_036-1000.pdf
AGa_055,D4/D1/D6/D5-D2.2-D17-D2,66790.0,1000.pdf,NA,NA,y,AGa_055-1000.pdf
ADc_034,A1,2133.0,1000.pdf,NA,NA,y,ADc_034-1000.pdf
ADc_023,A1,2495.0,1000.pdf,NA,NA,y,ADc_023-1000.pdf
ADc_036,A1,666.0,1000.pdf,NA,NA,y,ADc_036-1000.pdf
KAb_041,A1,7421.0,1000.pdf,NA,NA,y,KAb_041-1000.pdf
KAb_012,A1,4730.0,1000.pdf,NA,NA,y,KAb_012-1000.pdf
KAb_012,C39-C1-C39c-C1b,419.0,1000.pdf,NA,NA,y,KAb_012-1000.pdf
ADc_022,A1,1058.0,1000.pdf,NA,NA,y,ADc_022-1000.pdf
ADc_022,C3-C3c-C3gulf-C3bs,260.0,1000.pdf,NA,NA,y,ADc_022-1000.pdf
ADc_013,A1,673.0,1000.pdf,NA,NA,y,ADc_013-1000.pdf
ADc_013,C3-C3gulf-C3c-C3aj,335.0,1000.pdf,NA,NA,y,ADc_013-1000.pdf
ADc_014,A1,1216.0,1000.pdf,NA,NA,y,ADc_014-1000.pdf
ADc_014,C3-C3gulf-C3ap-C115b-C3ai,577.0,1000.pdf,NA,NA,y,ADc_014-1000.pdf
ADa_013,A1,378.0,1000.pdf,NA,NA,y,ADa_013-1000.pdf
ADa_013,C3-C3gulf-C3c-C3am-C3bs,311.0,1000.pdf,NA,NA,y,ADa_013-1000.pdf
ALa_026,A1,646.0,1000.pdf,NA,NA,y,ALa_026-1000.pdf
ALa_026,C41-C41e-C41b-C1-C41k,1174.0,1000.pdf,NA,NA,y,ALa_026-1000.pdf
ALa_026,C15/C116,93.0,1000.pdf,NA,NA,y,ALa_026-1000.pdf
AGa_035,C1/C3-C1c-C1b-C72k-C1w,58838.0,1000.pdf,NA,NA,y,AGa_035-1000.pdf
AGa_042,C1/C3-C1c-C1b-C72k-C1w,43973.0,1000.pdf,NA,NA,y,AGa_042-1000.pdf
OMe_012,C1/C3-C1c-C1b-C72k-C1w,786.0,1000.pdf,NA,NA,y,OMe_012-1000.pdf
OMa_055,C1/C3-C1c-C1b-C72k-C1w,611.0,1000.pdf,NA,NA,y,OMa_055-1000.pdf
ADd_011,C1/C3-C1c-C1b-C72k-C1w,558.0,1000.pdf,NA,NA,y,ADd_011-1000.pdf
OMe_007,C1/C3-C1c-C1b-C72k-C1w,1393.0,1000.pdf,NA,NA,y,OMe_007-1000.pdf
OMc_087,C1/C3-C1c-C1b-C72k-C1w,698.0,1000.pdf,NA,NA,y,OMc_087-1000.pdf
OMd_035,C1/C3-C1c-C1b-C72k-C1w,1803.0,1000.pdf,NA,NA,y,OMd_035-1000.pdf
OMc_071,C1/C3-C1c-C1b-C72k-C1w,1091.0,1000.pdf,NA,NA,y,OMc_071-1000.pdf
OMc_050,C1/C3-C1c-C1b-C72k-C1w,761.0,1000.pdf,NA,NA,y,OMc_050-1000.pdf
OMc_058,C1/C3-C1c-C1b-C72k-C1w,659.0,1000.pdf,NA,NA,y,OMc_058-1000.pdf
OMd_061,C1/C3-C1c-C1b-C72k-C1w,2911.0,1000.pdf,NA,NA,y,OMd_061-1000.pdf
OMc_042,C1/C3-C1c-C1b-C72k-C1w,1261.0,1000.pdf,NA,NA,y,OMc_042-1000.pdf
AGb_077,C1/C3-C1c-C1b-C72k-C1w,38299.0,1000.pdf,NA,NA,y,AGb_077-1000.pdf
AGb_077,D1-D17-D4-D6-D2.2-D2-D17b,7635.0,1000.pdf,NA,NA,y,AGb_077-1000.pdf
OMc_016,C39-C39r-C1,858.0,1000.pdf,NA,NA,y,OMc_016-1000.pdf
OMd_081,C39-C39r-C1,1183.0,1000.pdf,NA,NA,y,OMd_081-1000.pdf
OMb_002,C39-C39r-C1,944.0,1000.pdf,NA,NA,y,OMb_002-1000.pdf
OMd_049,C39-C39r-C1,781.0,1000.pdf,NA,NA,y,OMd_049-1000.pdf
OMd_018,C39-C39r-C1,847.0,1000.pdf,NA,NA,y,OMd_018-1000.pdf
OMc_023,C39-C39r-C1,1363.0,1000.pdf,NA,NA,y,OMc_023-1000.pdf
OMd_032,C39-C39r-C1,1031.0,1000.pdf,NA,NA,y,OMd_032-1000.pdf
OMd_059,C39-C39r-C1,624.0,1000.pdf,NA,NA,y,OMd_059-1000.pdf
OMd_020,C39-C39r-C1,1000.0,1000.pdf,NA,NA,y,OMd_020-1000.pdf
OMc_014,C39-C39r-C1,673.0,1000.pdf,NA,NA,y,OMc_014-1000.pdf
OMc_032,C39-C39r-C1,1469.0,1000.pdf,NA,NA,y,OMc_032-1000.pdf
OMc_051,C39-C39r-C1,1828.0,1000.pdf,NA,NA,y,OMc_051-1000.pdf
OMc_029,C39-C39r-C1,1102.0,1000.pdf,NA,NA,y,OMc_029-1000.pdf
OMc_077,C39-C39r-C1,706.0,1000.pdf,NA,NA,y,OMc_077-1000.pdf
OMc_018,C39-C39r-C1,579.0,1000.pdf,NA,NA,y,OMc_018-1000.pdf
OMc_018,D1/D4,290.0,1000.pdf,NA,NA,y,OMc_018-1000.pdf
ADc_040,C3/C3gulf,951.0,1000.pdf,NA,NA,y,ADc_040-1000.pdf
ADa_005,C3/C3gulf,1514.0,1000.pdf,NA,NA,y,ADa_005-1000.pdf
ADc_003,C3/C3gulf,1136.0,1000.pdf,NA,NA,y,ADc_003-1000.pdf
ADa_003,C3/C3gulf,1263.0,1000.pdf,NA,NA,y,ADa_003-1000.pdf
ADb_022,C3/C3gulf,2022.0,1000.pdf,NA,NA,y,ADb_022-1000.pdf
ADb_013,C3/C3gulf,1768.0,1000.pdf,NA,NA,y,ADb_013-1000.pdf
ADc_016,C3/C3gulf,425.0,1000.pdf,NA,NA,y,ADc_016-1000.pdf
ADc_030,C3/C3gulf,1848.0,1000.pdf,NA,NA,y,ADc_030-1000.pdf
ADa_054,A1,320.0,1000.pdf,NA,NA,y,ADa_054-1000.pdf
ADa_054,C3/C3gulf,410.0,1000.pdf,NA,NA,y,ADa_054-1000.pdf
OMb_024,C15,626.0,1000.pdf,NA,NA,y,OMb_024-1000.pdf
ADe_017,C15,1491.0,1000.pdf,NA,NA,y,ADe_017-1000.pdf
OMc_010,C15,563.0,1000.pdf,NA,NA,y,OMc_010-1000.pdf
OMd_026,C15,544.0,1000.pdf,NA,NA,y,OMd_026-1000.pdf
ADd_042,C15,711.0,1000.pdf,NA,NA,y,ADd_042-1000.pdf
ADe_019,C15,694.0,1000.pdf,NA,NA,y,ADe_019-1000.pdf
OMe_025,C15,1039.0,1000.pdf,NA,NA,y,OMe_025-1000.pdf
ADe_007,C15,653.0,1000.pdf,NA,NA,y,ADe_007-1000.pdf
ADd_005,C15,1031.0,1000.pdf,NA,NA,y,ADd_005-1000.pdf
OMc_033,C15,496.0,1000.pdf,NA,NA,y,OMc_033-1000.pdf
OMa_001,C15,2507.0,1000.pdf,NA,NA,y,OMa_001-1000.pdf
OMc_007,C15,974.0,1000.pdf,NA,NA,y,OMc_007-1000.pdf
ADe_022,C15,2030.0,1000.pdf,NA,NA,y,ADe_022-1000.pdf
OMd_004,C15,580.0,1000.pdf,NA,NA,y,OMd_004-1000.pdf
OMb_021,C39/C1,581.0,1000.pdf,NA,NA,y,OMb_021-1000.pdf
OMb_013,C39/C1,379.0,1000.pdf,NA,NA,y,OMb_013-1000.pdf
OMb_007,C39/C1,460.0,1000.pdf,NA,NA,y,OMb_007-1000.pdf
OMb_023,C39/C1,536.0,1000.pdf,NA,NA,y,OMb_023-1000.pdf
OMb_010,C39/C1,470.0,1000.pdf,NA,NA,y,OMb_010-1000.pdf
OMd_024,C39/C1,388.0,1000.pdf,NA,NA,y,OMd_024-1000.pdf
OMe_024,C39/C1,734.0,1000.pdf,NA,NA,y,OMe_024-1000.pdf
OMb_012,C39/C1,484.0,1000.pdf,NA,NA,y,OMb_012-1000.pdf
OMa_027,C39/C1,1237.0,1000.pdf,NA,NA,y,OMa_027-1000.pdf
OMb_016,C39/C1,704.0,1000.pdf,NA,NA,y,OMb_016-1000.pdf
OMa_016,C39/C1,1356.0,1000.pdf,NA,NA,y,OMa_016-1000.pdf
OMb_029,C39/C1,253.0,1000.pdf,NA,NA,y,OMb_029-1000.pdf
OMb_029,D1/D4/D4c-D2,210.0,1000.pdf,NA,NA,y,OMb_029-1000.pdf
AGb_097,D1-D17-D4-D6-D2.2-D2-D17b,38307.0,1000.pdf,NA,NA,y,AGb_097-1000.pdf
AGc_154,D1-D17-D4-D6-D2.2-D2-D17b,21503.0,1000.pdf,NA,NA,y,AGc_154-1000.pdf
AGb_098,C1-C1c-C72k,213.0,1000.pdf,NA,NA,y,AGb_098-1000.pdf
AGb_098,C3,12.0,1000.pdf,NA,NA,y,AGb_098-1000.pdf
AGb_098,D1-D17-D4-D6-D2.2-D2-D17b,38157.0,1000.pdf,NA,NA,y,AGb_098-1000.pdf
AGb_073,D1-D17-D4-D6-D2.2-D2-D17b,43657.0,1000.pdf,NA,NA,y,AGb_073-1000.pdf
AGb_117,D1-D17-D4-D6-D2.2-D2-D17b,104019.0,1000.pdf,NA,NA,y,AGb_117-1000.pdf
AGa_054,D1-D17-D4-D6-D2.2-D2-D17b,66021.0,1000.pdf,NA,NA,y,AGa_054-1000.pdf
AGb_062,D1-D17-D4-D6-D2.2-D2-D17b,24274.0,1000.pdf,NA,NA,y,AGb_062-1000.pdf
AGa_006,D1-D17-D4-D6-D2.2-D2-D17b,85875.0,1000.pdf,NA,NA,y,AGa_006-1000.pdf
AGa_001,D1-D17-D4-D6-D2.2-D2-D17b,40110.0,1000.pdf,NA,NA,y,AGa_001-1000.pdf
AGc_137,D1-D17-D4-D6-D2.2-D2-D17b,63836.0,1000.pdf,NA,NA,y,AGc_137-1000.pdf
AGa_011,A1-A1b-A1fk,18504.0,1000.pdf,NA,NA,y,AGa_011-1000.pdf
AGa_011,D4/D1/D6/D5-D2.2-D17-D2,296.0,1000.pdf,NA,NA,y,AGa_011-1000.pdf
AGb_091,A1-A1b-A1fk,20128.0,1000.pdf,NA,NA,y,AGb_091-1000.pdf
AGb_092,A1-A1b-A1fk,63867.0,1000.pdf,NA,NA,y,AGb_092-1000.pdf
AGb_092,C15h-C15k-C15p-C15q,1097.0,1000.pdf,NA,NA,y,AGb_092-1000.pdf
OMe_006,A1-A1b-A1fk,1849.0,1000.pdf,NA,NA,y,OMe_006-1000.pdf
OMe_018,A1-A1b-A1fk,2417.0,1000.pdf,NA,NA,y,OMe_018-1000.pdf
OMa_070,A1-A1b-A1fk,1069.0,1000.pdf,NA,NA,y,OMa_070-1000.pdf
OMc_045,A1-A1b-A1fk,1182.0,1000.pdf,NA,NA,y,OMc_045-1000.pdf
OMc_065,A1-A1b-A1fk,1316.0,1000.pdf,NA,NA,y,OMc_065-1000.pdf
OMa_033,A1-A1b-A1fk,1601.0,1000.pdf,NA,NA,y,OMa_033-1000.pdf
OMc_095,A1-A1b-A1fk,1084.0,1000.pdf,NA,NA,y,OMc_095-1000.pdf
OMc_038,A1-A1b-A1fk,1646.0,1000.pdf,NA,NA,y,OMc_038-1000.pdf
OMc_085,A1-A1b-A1fk,1603.0,1000.pdf,NA,NA,y,OMc_085-1000.pdf
OMc_011,A1-A1b-A1fk,1677.0,1000.pdf,NA,NA,y,OMc_011-1000.pdf
OMc_027,A1-A1b-A1fk,1065.0,1000.pdf,NA,NA,y,OMc_027-1000.pdf
ALa_005,C1/C41e-C1b-C41f-C41a-C41-C1f-C39-C1ae-C3,2324.0,1000.pdf,NA,NA,y,ALa_005-1000.pdf
ALb_005,C1/C41e-C1b-C41f-C41a-C41-C1f-C39-C1ae-C3,3809.0,1000.pdf,NA,NA,y,ALb_005-1000.pdf
ALa_009,C1/C41e-C1b-C41f-C41a-C41-C1f-C39-C1ae-C3,2422.0,1000.pdf,NA,NA,y,ALa_009-1000.pdf
ALb_045,C1/C41e-C1b-C41f-C41a-C41-C1f-C39-C1ae-C3,2839.0,1000.pdf,NA,NA,y,ALb_045-1000.pdf
ALb_007,C1/C41e-C1b-C41f-C41a-C41-C1f-C39-C1ae-C3,2197.0,1000.pdf,NA,NA,y,ALb_007-1000.pdf
ALb_006,C1/C41e-C1b-C41f-C41a-C41-C1f-C39-C1ae-C3,4133.0,1000.pdf,NA,NA,y,ALb_006-1000.pdf
ALa_028,C1/C41e-C1b-C41f-C41a-C41-C1f-C39-C1ae-C3,3765.0,1000.pdf,NA,NA,y,ALa_028-1000.pdf
ALa_034,C1/C41e-C1b-C41f-C41a-C41-C1f-C39-C1ae-C3,2300.0,1000.pdf,NA,NA,y,ALa_034-1000.pdf
KAc_017,C1/C41e-C1b-C41f-C41a-C41-C1f-C39-C1ae-C3,5460.0,1000.pdf,NA,NA,y,KAc_017-1000.pdf
YBb_027,C1/C41e-C1b-C41f-C41a-C41-C1f-C39-C1ae-C3,1974.0,1000.pdf,NA,NA,y,YBb_027-1000.pdf
KAc_015,C1/C41e-C1b-C41f-C41a-C41-C1f-C39-C1ae-C3,4544.0,1000.pdf,NA,NA,y,KAc_015-1000.pdf
YBb_024,C1/C41e-C1b-C41f-C41a-C41-C1f-C39-C1ae-C3,3385.0,1000.pdf,NA,NA,y,YBb_024-1000.pdf
YBa_009,C1/C41e-C1b-C41f-C41a-C41-C1f-C39-C1ae-C3,2255.0,1000.pdf,NA,NA,y,YBa_009-1000.pdf
OMd_040,D5-D5a-D4-D4a-D2,349.0,1000.pdf,NA,NA,y,OMd_040-1000.pdf
OMd_089,D5-D5a-D4-D4a-D2,1278.0,1000.pdf,NA,NA,y,OMd_089-1000.pdf
OMa_034,D5-D5a-D4-D4a-D2,544.0,1000.pdf,NA,NA,y,OMa_034-1000.pdf
OMd_086,D5-D5a-D4-D4a-D2,1171.0,1000.pdf,NA,NA,y,OMd_086-1000.pdf
OMc_056,D5-D5a-D4-D4a-D2,757.0,1000.pdf,NA,NA,y,OMc_056-1000.pdf
OMd_034,D5-D5a-D4-D4a-D2,901.0,1000.pdf,NA,NA,y,OMd_034-1000.pdf
ADe_034,D5-D5a-D4-D4a-D2,286.0,1000.pdf,NA,NA,y,ADe_034-1000.pdf
ADe_013,D5-D5a-D4-D4a-D2,609.0,1000.pdf,NA,NA,y,ADe_013-1000.pdf
ADe_003,D5-D5a-D4-D4a-D2,416.0,1000.pdf,NA,NA,y,ADe_003-1000.pdf
OMb_031,D5-D5a-D4-D4a-D2,1168.0,1000.pdf,NA,NA,y,OMb_031-1000.pdf
ADe_016,D5-D5a-D4-D4a-D2,430.0,1000.pdf,NA,NA,y,ADe_016-1000.pdf
OMb_055,D5-D5a-D4-D4a-D2,646.0,1000.pdf,NA,NA,y,OMb_055-1000.pdf
OMd_042,D5/D4,492.0,1000.pdf,NA,NA,y,OMd_042-1000.pdf
OMd_007,D5/D4,454.0,1000.pdf,NA,NA,y,OMd_007-1000.pdf
OMc_097,D5/D4,267.0,1000.pdf,NA,NA,y,OMc_097-1000.pdf
OMb_083,D5/D4,446.0,1000.pdf,NA,NA,y,OMb_083-1000.pdf
OMb_064,D5/D4,610.0,1000.pdf,NA,NA,y,OMb_064-1000.pdf
OMb_068,D5/D4,438.0,1000.pdf,NA,NA,y,OMb_068-1000.pdf
OMd_028,D5/D4,281.0,1000.pdf,NA,NA,y,OMd_028-1000.pdf
OMb_022,D5/D4,194.0,1000.pdf,NA,NA,y,OMb_022-1000.pdf
ADe_040,D5/D4,260.0,1000.pdf,NA,NA,y,ADe_040-1000.pdf
OMe_020,D5/D4,119.0,1000.pdf,NA,NA,y,OMe_020-1000.pdf
OMd_098,D1/D4,547.0,1000.pdf,NA,NA,y,OMd_098-1000.pdf
OMc_070,D1/D4,1026.0,1000.pdf,NA,NA,y,OMc_070-1000.pdf
OMd_041,D1/D4,521.0,1000.pdf,NA,NA,y,OMd_041-1000.pdf
OMe_017,D1/D4,1182.0,1000.pdf,NA,NA,y,OMe_017-1000.pdf
OMd_084,D1/D4,806.0,1000.pdf,NA,NA,y,OMd_084-1000.pdf
OMc_020,D1/D4,552.0,1000.pdf,NA,NA,y,OMc_020-1000.pdf
OMd_043,D1/D4,589.0,1000.pdf,NA,NA,y,OMd_043-1000.pdf
OMc_093,D1/D4,584.0,1000.pdf,NA,NA,y,OMc_093-1000.pdf
YBa_036,C15h-C15k,228.0,1000.pdf,NA,NA,y,YBa_036-1000.pdf
YBa_036,C41,16.0,1000.pdf,NA,NA,y,YBa_036-1000.pdf
YBa_036,D1/D4,1290.0,1000.pdf,NA,NA,y,YBa_036-1000.pdf
OMb_097,D1/D4,377.0,1000.pdf,NA,NA,y,OMb_097-1000.pdf
ADa_012,C3-C3c-C3gulf-C3bs,1193.0,1000.pdf,NA,NA,y,ADa_012-1000.pdf
ADa_050,C3-C3c-C3gulf-C3bs,1633.0,1000.pdf,NA,NA,y,ADa_050-1000.pdf
ADb_044,C3-C3c-C3gulf-C3bs,1090.0,1000.pdf,NA,NA,y,ADb_044-1000.pdf
ADa_036,C3-C3c-C3gulf-C3bs,831.0,1000.pdf,NA,NA,y,ADa_036-1000.pdf
AGb_078,C3-C3c-C3gulf-C3bs,22262.0,1000.pdf,NA,NA,y,AGb_078-1000.pdf
ADb_027,C3-C3c-C3gulf-C3bs,625.0,1000.pdf,NA,NA,y,ADb_027-1000.pdf
AGb_112,C3-C3c-C3gulf-C3bs,18685.0,1000.pdf,NA,NA,y,AGb_112-1000.pdf
AGb_112,D5,44.0,1000.pdf,NA,NA,y,AGb_112-1000.pdf
AGb_112,D1-D4-D6-D1b-D6c-D1d-D2.2-D10-D2,526.0,1000.pdf,NA,NA,y,AGb_112-1000.pdf
ADb_009,C3-C3c-C3gulf-C3bs,470.0,1000.pdf,NA,NA,y,ADb_009-1000.pdf
ADb_026,C3-C3c-C3gulf-C3bs,966.0,1000.pdf,NA,NA,y,ADb_026-1000.pdf
AGb_114,C3-C3c-C3gulf-C3bs,21716.0,1000.pdf,NA,NA,y,AGb_114-1000.pdf
AGb_114,C1/C1c-C1b,2397.0,1000.pdf,NA,NA,y,AGb_114-1000.pdf
AGb_114,D1/D4/D6/D17-D2.2-D2,24979.0,1000.pdf,NA,NA,y,AGb_114-1000.pdf
OMc_062,A1/A1dl,1179.0,1000.pdf,NA,NA,y,OMc_062-1000.pdf
ALb_022,A1/A1dl,6403.0,1000.pdf,NA,NA,y,ALb_022-1000.pdf
OMd_011,A1/A1dl,831.0,1000.pdf,NA,NA,y,OMd_011-1000.pdf
OMc_028,A1/A1dl,1330.0,1000.pdf,NA,NA,y,OMc_028-1000.pdf
OMb_047,A1/A1dl,2312.0,1000.pdf,NA,NA,y,OMb_047-1000.pdf
OMb_047,D5/D4,140.0,1000.pdf,NA,NA,y,OMb_047-1000.pdf
OMa_028,A1/A1dl,692.0,1000.pdf,NA,NA,y,OMa_028-1000.pdf
OMa_036,A1/A1dl,404.0,1000.pdf,NA,NA,y,OMa_036-1000.pdf
OMa_036,A1et,25.0,1000.pdf,NA,NA,y,OMa_036-1000.pdf
ALa_040,A1/A1dl,6032.0,1000.pdf,NA,NA,y,ALa_040-1000.pdf
ALa_040,C41-C41b-C1-C41e-C1b,122.0,1000.pdf,NA,NA,y,ALa_040-1000.pdf
ALa_040,C15h/C15t,214.0,1000.pdf,NA,NA,y,ALa_040-1000.pdf
ALb_033,A1/A1dl,3818.0,1000.pdf,NA,NA,y,ALb_033-1000.pdf
OMd_044,C15-C15hy,870.0,1000.pdf,NA,NA,y,OMd_044-1000.pdf
OMb_041,C15-C15hy,2075.0,1000.pdf,NA,NA,y,OMb_041-1000.pdf
OMa_041,C15-C15hy,1067.0,1000.pdf,NA,NA,y,OMa_041-1000.pdf
OMb_072,C15-C15hy,1115.0,1000.pdf,NA,NA,y,OMb_072-1000.pdf
ADe_023,C15-C15hy,1317.0,1000.pdf,NA,NA,y,ADe_023-1000.pdf
OMc_092,C15-C15hy,1112.0,1000.pdf,NA,NA,y,OMc_092-1000.pdf
OMb_096,C15-C15hy,991.0,1000.pdf,NA,NA,y,OMb_096-1000.pdf
OMd_063,C15-C15hy,2057.0,1000.pdf,NA,NA,y,OMd_063-1000.pdf
OMd_008,C15-C15hy,577.0,1000.pdf,NA,NA,y,OMd_008-1000.pdf
OMb_056,C15-C15hy,698.0,1000.pdf,NA,NA,y,OMb_056-1000.pdf
OMe_010,C39/C1,18.0,1000.pdf,NA,NA,y,OMe_010-1000.pdf
OMe_010,C15-C15hy,824.0,1000.pdf,NA,NA,y,OMe_010-1000.pdf
OMd_014,C39-C39q-C39b-C1-C39p-C39j-C39s,599.0,1000.pdf,NA,NA,y,OMd_014-1000.pdf
OMd_074,C39-C39q-C39b-C1-C39p-C39j-C39s,798.0,1000.pdf,NA,NA,y,OMd_074-1000.pdf
OMd_083,C39-C39q-C39b-C1-C39p-C39j-C39s,909.0,1000.pdf,NA,NA,y,OMd_083-1000.pdf
ADd_007,C39-C39q-C39b-C1-C39p-C39j-C39s,1570.0,1000.pdf,NA,NA,y,ADd_007-1000.pdf
OMd_073,C39-C39q-C39b-C1-C39p-C39j-C39s,1183.0,1000.pdf,NA,NA,y,OMd_073-1000.pdf
OMb_043,C39-C39q-C39b-C1-C39p-C39j-C39s,2687.0,1000.pdf,NA,NA,y,OMb_043-1000.pdf
OMb_098,C39-C39q-C39b-C1-C39p-C39j-C39s,823.0,1000.pdf,NA,NA,y,OMb_098-1000.pdf
OMd_039,C39-C39q-C39b-C1-C39p-C39j-C39s,603.0,1000.pdf,NA,NA,y,OMd_039-1000.pdf
OMc_081,C39-C39q-C39b-C1-C39p-C39j-C39s,667.0,1000.pdf,NA,NA,y,OMc_081-1000.pdf
OMc_048,C39-C39q-C39b-C1-C39p-C39j-C39s,1181.0,1000.pdf,NA,NA,y,OMc_048-1000.pdf
OMc_015,C39-C39q-C39b-C1-C39p-C39j-C39s,648.0,1000.pdf,NA,NA,y,OMc_015-1000.pdf
ALa_030,C41-C41e-C41b-C1-C41k,3211.0,1000.pdf,NA,NA,y,ALa_030-1000.pdf
ALa_011,C41-C41e-C41b-C1-C41k,2841.0,1000.pdf,NA,NA,y,ALa_011-1000.pdf
ALa_014,C41-C41e-C41b-C1-C41k,3298.0,1000.pdf,NA,NA,y,ALa_014-1000.pdf
ALb_017,C41-C41e-C41b-C1-C41k,5054.0,1000.pdf,NA,NA,y,ALb_017-1000.pdf
ALb_014,C41-C41e-C41b-C1-C41k,4749.0,1000.pdf,NA,NA,y,ALb_014-1000.pdf
ALa_023,C41-C41e-C41b-C1-C41k,3564.0,1000.pdf,NA,NA,y,ALa_023-1000.pdf
ALa_015,C41-C41e-C41b-C1-C41k,3022.0,1000.pdf,NA,NA,y,ALa_015-1000.pdf
ALa_032,C41-C41e-C41b-C1-C41k,5109.0,1000.pdf,NA,NA,y,ALa_032-1000.pdf
ALa_006,C41-C41e-C41b-C1-C41k,3657.0,1000.pdf,NA,NA,y,ALa_006-1000.pdf
OMc_080,D1/D4/D4c-D2,503.0,1000.pdf,NA,NA,y,OMc_080-1000.pdf
OMc_073,D1/D4/D4c-D2,1185.0,1000.pdf,NA,NA,y,OMc_073-1000.pdf
OMc_063,D1/D4/D4c-D2,583.0,1000.pdf,NA,NA,y,OMc_063-1000.pdf
OMd_085,D1/D4/D4c-D2,416.0,1000.pdf,NA,NA,y,OMd_085-1000.pdf
OMc_061,D1/D4/D4c-D2,550.0,1000.pdf,NA,NA,y,OMc_061-1000.pdf
OMb_032,D1/D4/D4c-D2,465.0,1000.pdf,NA,NA,y,OMb_032-1000.pdf
OMc_055,D1/D4/D4c-D2,1034.0,1000.pdf,NA,NA,y,OMc_055-1000.pdf
OMd_064,D1/D4/D4c-D2,904.0,1000.pdf,NA,NA,y,OMd_064-1000.pdf
OMd_064,D1ci,100.0,1000.pdf,NA,NA,y,OMd_064-1000.pdf
ALb_041,D1/D4/D4c-D2,1910.0,1000.pdf,NA,NA,y,ALb_041-1000.pdf
OMb_026,D5-D4-D4a-D5d-D2,461.0,1000.pdf,NA,NA,y,OMb_026-1000.pdf
OMb_014,D5-D4-D4a-D5d-D2,905.0,1000.pdf,NA,NA,y,OMb_014-1000.pdf
OMc_100,D5-D4-D4a-D5d-D2,685.0,1000.pdf,NA,NA,y,OMc_100-1000.pdf
OMb_011,D5-D4-D4a-D5d-D2,303.0,1000.pdf,NA,NA,y,OMb_011-1000.pdf
OMb_094,D5-D4-D4a-D5d-D2,776.0,1000.pdf,NA,NA,y,OMb_094-1000.pdf
OMb_077,D5-D4-D4a-D5d-D2,1523.0,1000.pdf,NA,NA,y,OMb_077-1000.pdf
OMb_087,D5-D4-D4a-D5d-D2,626.0,1000.pdf,NA,NA,y,OMb_087-1000.pdf
ADe_024,D5-D4-D4a-D5d-D2,330.0,1000.pdf,NA,NA,y,ADe_024-1000.pdf
OMa_067,D5-D4-D4a-D5d-D2,577.0,1000.pdf,NA,NA,y,OMa_067-1000.pdf
KAb_030,C15r/C15,5318.0,1000.pdf,NA,NA,y,KAb_030-1000.pdf
YBa_018,C15r/C15,2365.0,1000.pdf,NA,NA,y,YBa_018-1000.pdf
KAa_043,C15r/C15,4269.0,1000.pdf,NA,NA,y,KAa_043-1000.pdf
KAa_031,C15r/C15,3297.0,1000.pdf,NA,NA,y,KAa_031-1000.pdf
YBb_017,C15r/C15,2805.0,1000.pdf,NA,NA,y,YBb_017-1000.pdf
YBb_030,C15r/C15,2059.0,1000.pdf,NA,NA,y,YBb_030-1000.pdf
YBa_029,C15r/C15,2694.0,1000.pdf,NA,NA,y,YBa_029-1000.pdf
YBa_002,C15r/C15,542.0,1000.pdf,NA,NA,y,YBa_002-1000.pdf
KAa_028,C15r/C15,330.0,1000.pdf,NA,NA,y,KAa_028-1000.pdf
OMb_090,A1/A1dl-A1fl,1002.0,1000.pdf,NA,NA,y,OMb_090-1000.pdf
OMb_066,A1/A1dl-A1fl,2818.0,1000.pdf,NA,NA,y,OMb_066-1000.pdf
OMb_073,A1/A1dl-A1fl,1333.0,1000.pdf,NA,NA,y,OMb_073-1000.pdf
OMc_099,A1/A1dl-A1fl,1905.0,1000.pdf,NA,NA,y,OMc_099-1000.pdf
OMd_046,A1/A1dl-A1fl,1677.0,1000.pdf,NA,NA,y,OMd_046-1000.pdf
OMa_074,A1/A1dl-A1fl,1630.0,1000.pdf,NA,NA,y,OMa_074-1000.pdf
OMc_053,A1/A1dl-A1fl,942.0,1000.pdf,NA,NA,y,OMc_053-1000.pdf
OMe_032,A1/A1dl-A1fl,1036.0,1000.pdf,NA,NA,y,OMe_032-1000.pdf
OMb_045,A1/A1dl-A1fl,1227.0,1000.pdf,NA,NA,y,OMb_045-1000.pdf
OMa_010,A1/A1dl-A1fl,2274.0,1000.pdf,NA,NA,y,OMa_010-1000.pdf
OMc_005,D1/D4-D4c-D1c,812.0,1000.pdf,NA,NA,y,OMc_005-1000.pdf
ADe_037,D1/D4-D4c-D1c,361.0,1000.pdf,NA,NA,y,ADe_037-1000.pdf
OMb_091,D1/D4-D4c-D1c,688.0,1000.pdf,NA,NA,y,OMb_091-1000.pdf
OMd_010,D1/D4-D4c-D1c,474.0,1000.pdf,NA,NA,y,OMd_010-1000.pdf
OMa_009,D1/D4-D4c-D1c,1322.0,1000.pdf,NA,NA,y,OMa_009-1000.pdf
OMa_021,D1/D4-D4c-D1c,1285.0,1000.pdf,NA,NA,y,OMa_021-1000.pdf
OMa_053,D1/D4-D4c-D1c,552.0,1000.pdf,NA,NA,y,OMa_053-1000.pdf
OMa_061,D1/D4-D4c-D1c,584.0,1000.pdf,NA,NA,y,OMa_061-1000.pdf
ALb_036,C1-C1b-C41f-C39-C41-C41a-C1ae-C41e-C1f-C39a,2563.0,1000.pdf,NA,NA,y,ALb_036-1000.pdf
YBa_034,C1-C1b-C41f-C39-C41-C41a-C1ae-C41e-C1f-C39a,3267.0,1000.pdf,NA,NA,y,YBa_034-1000.pdf
YBb_045,C1-C1b-C41f-C39-C41-C41a-C1ae-C41e-C1f-C39a,2778.0,1000.pdf,NA,NA,y,YBb_045-1000.pdf
KAb_031,C1-C1b-C41f-C39-C41-C41a-C1ae-C41e-C1f-C39a,2905.0,1000.pdf,NA,NA,y,KAb_031-1000.pdf
KAb_020,C1-C1b-C41f-C39-C41-C41a-C1ae-C41e-C1f-C39a,3224.0,1000.pdf,NA,NA,y,KAb_020-1000.pdf
YBb_047,C1-C1b-C41f-C39-C41-C41a-C1ae-C41e-C1f-C39a,2471.0,1000.pdf,NA,NA,y,YBb_047-1000.pdf
KAb_021,C1-C1b-C41f-C39-C41-C41a-C1ae-C41e-C1f-C39a,5135.0,1000.pdf,NA,NA,y,KAb_021-1000.pdf
KAb_036,C1-C1b-C41f-C39-C41-C41a-C1ae-C41e-C1f-C39a,5013.0,1000.pdf,NA,NA,y,KAb_036-1000.pdf
KAb_028,C1-C1b-C41f-C39-C41-C41a-C1ae-C41e-C1f-C39a,6076.0,1000.pdf,NA,NA,y,KAb_028-1000.pdf
ALb_002,D3a/D3-D3c-D3d,4446.0,1000.pdf,NA,NA,y,ALb_002-1000.pdf
KAb_037,D3a/D3-D3c-D3d,4606.0,1000.pdf,NA,NA,y,KAb_037-1000.pdf
KAb_026,D3a/D3-D3c-D3d,5432.0,1000.pdf,NA,NA,y,KAb_026-1000.pdf
KAc_029,D3a/D3-D3c-D3d,7541.0,1000.pdf,NA,NA,y,KAc_029-1000.pdf
KAc_003,C41-C1-C41b-C41g-C1b-C41m,250.0,1000.pdf,NA,NA,y,KAc_003-1000.pdf
KAc_003,D3a/D3-D3c-D3d,4869.0,1000.pdf,NA,NA,y,KAc_003-1000.pdf
KAa_045,D3a/D3-D3c-D3d,2343.0,1000.pdf,NA,NA,y,KAa_045-1000.pdf
KAc_046,D3a/D3-D3c-D3d,5048.0,1000.pdf,NA,NA,y,KAc_046-1000.pdf
ALa_029,D3a/D3-D3c-D3d,4617.0,1000.pdf,NA,NA,y,ALa_029-1000.pdf
OMd_050,C39-C1-C39m-C39n,825.0,1000.pdf,NA,NA,y,OMd_050-1000.pdf
OMc_013,C39-C1-C39m-C39n,708.0,1000.pdf,NA,NA,y,OMc_013-1000.pdf
OMd_027,C39-C1-C39m-C39n,669.0,1000.pdf,NA,NA,y,OMd_027-1000.pdf
OMc_012,C39-C1-C39m-C39n,712.0,1000.pdf,NA,NA,y,OMc_012-1000.pdf
OMd_062,C39-C1-C39m-C39n,3942.0,1000.pdf,NA,NA,y,OMd_062-1000.pdf
OMc_039,C39-C1-C39m-C39n,1388.0,1000.pdf,NA,NA,y,OMc_039-1000.pdf
OMe_009,C39-C1-C39m-C39n,781.0,1000.pdf,NA,NA,y,OMe_009-1000.pdf
OMd_009,C39-C1-C39m-C39n,879.0,1000.pdf,NA,NA,y,OMd_009-1000.pdf
OMb_100,C39-C1-C39o,964.0,1000.pdf,NA,NA,y,OMb_100-1000.pdf
OMb_067,C39-C1-C39o,742.0,1000.pdf,NA,NA,y,OMb_067-1000.pdf
OMe_021,C39-C1-C39o,785.0,1000.pdf,NA,NA,y,OMe_021-1000.pdf
OMb_033,C39-C1-C39o,973.0,1000.pdf,NA,NA,y,OMb_033-1000.pdf
OMb_074,C39-C1-C39o,2097.0,1000.pdf,NA,NA,y,OMb_074-1000.pdf
OMb_034,C39-C1-C39o,1535.0,1000.pdf,NA,NA,y,OMb_034-1000.pdf
OMe_004,C39-C1-C39o,1165.0,1000.pdf,NA,NA,y,OMe_004-1000.pdf
OMe_023,C39-C1-C39o,572.0,1000.pdf,NA,NA,y,OMe_023-1000.pdf
OMa_015,C15/35762_C,1265.0,1000.pdf,NA,NA,y,OMa_015-1000.pdf
OMa_003,C15/35762_C,1944.0,1000.pdf,NA,NA,y,OMa_003-1000.pdf
OMe_001,C15/35762_C,670.0,1000.pdf,NA,NA,y,OMe_001-1000.pdf
OMe_040,C15/35762_C,611.0,1000.pdf,NA,NA,y,OMe_040-1000.pdf
ADe_001,C15/35762_C,377.0,1000.pdf,NA,NA,y,ADe_001-1000.pdf
OMa_017,C15/35762_C,1353.0,1000.pdf,NA,NA,y,OMa_017-1000.pdf
OMa_064,C15/35762_C,360.0,1000.pdf,NA,NA,y,OMa_064-1000.pdf
OMb_065,C15/35762_C,772.0,1000.pdf,NA,NA,y,OMb_065-1000.pdf
OMd_016,C1-C1b-C42bb-C41v,331.0,1000.pdf,NA,NA,y,OMd_016-1000.pdf
OMd_055,C1-C1b-C42bb-C41v,1207.0,1000.pdf,NA,NA,y,OMd_055-1000.pdf
OMd_019,C1-C1b-C42bb-C41v,472.0,1000.pdf,NA,NA,y,OMd_019-1000.pdf
OMb_050,C1-C1b-C42bb-C41v,2305.0,1000.pdf,NA,NA,y,OMb_050-1000.pdf
OMa_062,C1-C1b-C42bb-C41v,660.0,1000.pdf,NA,NA,y,OMa_062-1000.pdf
OMd_038,C1-C1b-C42bb-C41v,582.0,1000.pdf,NA,NA,y,OMd_038-1000.pdf
OMb_059,C1-C1b-C42bb-C41v,1420.0,1000.pdf,NA,NA,y,OMb_059-1000.pdf
OMd_088,C1-C1b-C42bb-C41v,814.0,1000.pdf,NA,NA,y,OMd_088-1000.pdf
ALb_028,C41-C41b-C1-C41e-C1b,4780.0,1000.pdf,NA,NA,y,ALb_028-1000.pdf
ALb_012,C41-C41b-C1-C41e-C1b,4176.0,1000.pdf,NA,NA,y,ALb_012-1000.pdf
ALb_029,C41-C41b-C1-C41e-C1b,4292.0,1000.pdf,NA,NA,y,ALb_029-1000.pdf
ALb_046,C41-C41b-C1-C41e-C1b,2454.0,1000.pdf,NA,NA,y,ALb_046-1000.pdf
ALb_008,C41-C41b-C1-C41e-C1b,4310.0,1000.pdf,NA,NA,y,ALb_008-1000.pdf
ALb_009,C41-C41b-C1-C41e-C1b,2725.0,1000.pdf,NA,NA,y,ALb_009-1000.pdf
YBb_033,C41-C41b-C1-C41e-C1b,2574.0,1000.pdf,NA,NA,y,YBb_033-1000.pdf
KAb_011,C39-C1-C39c-C1b,3815.0,1000.pdf,NA,NA,y,KAb_011-1000.pdf
KAc_036,C39-C1-C39c-C1b,6086.0,1000.pdf,NA,NA,y,KAc_036-1000.pdf
YBb_028,C39-C1-C39c-C1b,2494.0,1000.pdf,NA,NA,y,YBb_028-1000.pdf
YBb_021,C39-C1-C39c-C1b,2687.0,1000.pdf,NA,NA,y,YBb_021-1000.pdf
YBa_027,C39-C1-C39c-C1b,2189.0,1000.pdf,NA,NA,y,YBa_027-1000.pdf
KAc_014,C39-C1-C39c-C1b,3207.0,1000.pdf,NA,NA,y,KAc_014-1000.pdf
KAc_014,C15h-C15k,171.0,1000.pdf,NA,NA,y,KAc_014-1000.pdf
KAb_050,C41-C1-C41b-C41j-C41g,4158.0,1000.pdf,NA,NA,y,KAb_050-1000.pdf
KAa_044,C41-C1-C41b-C41j-C41g,5529.0,1000.pdf,NA,NA,y,KAa_044-1000.pdf
KAa_001,C41-C1-C41b-C41j-C41g,3898.0,1000.pdf,NA,NA,y,KAa_001-1000.pdf
KAa_016,C41-C1-C41b-C41j-C41g,4578.0,1000.pdf,NA,NA,y,KAa_016-1000.pdf
KAb_003,C41-C1-C41b-C41j-C41g,5021.0,1000.pdf,NA,NA,y,KAb_003-1000.pdf
KAb_018,C41-C1-C41b-C41j-C41g,4293.0,1000.pdf,NA,NA,y,KAb_018-1000.pdf
KAc_023,C41-C1-C41b-C41j-C41g,6908.0,1000.pdf,NA,NA,y,KAc_023-1000.pdf
ADd_024,D1/D17a-D4-D17-D1g,322.0,1000.pdf,NA,NA,y,ADd_024-1000.pdf
OMc_041,D1/D17a-D4-D17-D1g,826.0,1000.pdf,NA,NA,y,OMc_041-1000.pdf
OMd_065,D1/D17a-D4-D17-D1g,1419.0,1000.pdf,NA,NA,y,OMd_065-1000.pdf
OMc_090,D1/D17a-D4-D17-D1g,702.0,1000.pdf,NA,NA,y,OMc_090-1000.pdf
OMb_038,D1/D17a-D4-D17-D1g,1299.0,1000.pdf,NA,NA,y,OMb_038-1000.pdf
OMd_047,D1/D17a-D4-D17-D1g,1132.0,1000.pdf,NA,NA,y,OMd_047-1000.pdf
OMc_096,D1/D17a-D4-D17-D1g,397.0,1000.pdf,NA,NA,y,OMc_096-1000.pdf
AGb_094,D5-D5a-D4-D5e-D4b-D4a,68338.0,1000.pdf,NA,NA,y,AGb_094-1000.pdf
AGb_072,D5-D5a-D4-D5e-D4b-D4a,27140.0,1000.pdf,NA,NA,y,AGb_072-1000.pdf
AGc_147,C15h-C15k,1045.0,1000.pdf,NA,NA,y,AGc_147-1000.pdf
AGc_147,D5-D5a-D4-D5e-D4b-D4a,42043.0,1000.pdf,NA,NA,y,AGc_147-1000.pdf
AGb_111,D5-D5a-D4-D5e-D4b-D4a,60370.0,1000.pdf,NA,NA,y,AGb_111-1000.pdf
AGb_099,D5-D5a-D4-D5e-D4b-D4a,10087.0,1000.pdf,NA,NA,y,AGb_099-1000.pdf
AGb_109,D5-D5a-D4-D5e-D4b-D4a,71611.0,1000.pdf,NA,NA,y,AGb_109-1000.pdf
AGb_107,C15h-C15o-C15k-C15dp-C116s,6342.0,1000.pdf,NA,NA,y,AGb_107-1000.pdf
AGb_107,D5-D5a-D4-D5e-D4b-D4a,88090.0,1000.pdf,NA,NA,y,AGb_107-1000.pdf
AGc_125,C3-C3gulf-C3ar-C3as-C115d,44956.0,1000.pdf,NA,NA,y,AGc_125-1000.pdf
AGb_103,C3-C3gulf-C3ar-C3as-C115d,11933.0,1000.pdf,NA,NA,y,AGb_103-1000.pdf
AGa_048,C3-C3gulf-C3ar-C3as-C115d,78651.0,1000.pdf,NA,NA,y,AGa_048-1000.pdf
AGa_048,D4/D1/D6/D5-D2.2-D17-D2,414.0,1000.pdf,NA,NA,y,AGa_048-1000.pdf
AGc_145,C3-C3gulf-C3ar-C3as-C115d,58617.0,1000.pdf,NA,NA,y,AGc_145-1000.pdf
AGc_145,D4/D1/D6/D5-D2.2-D17-D2,2667.0,1000.pdf,NA,NA,y,AGc_145-1000.pdf
AGc_158,C3-C3gulf-C3ar-C3as-C115d,37986.0,1000.pdf,NA,NA,y,AGc_158-1000.pdf
AGc_158,D1/D4/D6/D17-D2.2-D2,3810.0,1000.pdf,NA,NA,y,AGc_158-1000.pdf
AGa_027,C3-C3gulf-C3ar-C3as-C115d,70883.0,1000.pdf,NA,NA,y,AGa_027-1000.pdf
AGa_027,D4/D1/D6/D5-D2.2-D17-D2,30228.0,1000.pdf,NA,NA,y,AGa_027-1000.pdf
OMb_080,C15/1191_C,790.0,1000.pdf,NA,NA,y,OMb_080-1000.pdf
OMa_024,C15/1191_C,1909.0,1000.pdf,NA,NA,y,OMa_024-1000.pdf
OMd_087,C15/1191_C,926.0,1000.pdf,NA,NA,y,OMd_087-1000.pdf
OMa_007,C15/1191_C,1577.0,1000.pdf,NA,NA,y,OMa_007-1000.pdf
OMe_031,C15/1191_C,757.0,1000.pdf,NA,NA,y,OMe_031-1000.pdf
OMa_012,C15/1191_C,336.0,1000.pdf,NA,NA,y,OMa_012-1000.pdf
OMd_079,C15/1191_C,1354.0,1000.pdf,NA,NA,y,OMd_079-1000.pdf
ALa_002,C65a/C65,2090.0,1000.pdf,NA,NA,y,ALa_002-1000.pdf
KAa_005,C65a/C65,3425.0,1000.pdf,NA,NA,y,KAa_005-1000.pdf
ALa_020,C65a/C65,2921.0,1000.pdf,NA,NA,y,ALa_020-1000.pdf
ALa_012,C65a/C65,2310.0,1000.pdf,NA,NA,y,ALa_012-1000.pdf
KAc_016,C65a/C65,5692.0,1000.pdf,NA,NA,y,KAc_016-1000.pdf
ALb_011,C65a/C65,2565.0,1000.pdf,NA,NA,y,ALb_011-1000.pdf
OMb_049,C1/C1dp-C1do-C1dm,1626.0,1000.pdf,NA,NA,y,OMb_049-1000.pdf
OMe_034,C1/C1dp-C1do-C1dm,1139.0,1000.pdf,NA,NA,y,OMe_034-1000.pdf
OMe_016,C1/C1dp-C1do-C1dm,1087.0,1000.pdf,NA,NA,y,OMe_016-1000.pdf
OMe_022,C1/C1dp-C1do-C1dm,853.0,1000.pdf,NA,NA,y,OMe_022-1000.pdf
OMd_100,C1/C1dp-C1do-C1dm,650.0,1000.pdf,NA,NA,y,OMd_100-1000.pdf
OMd_070,C1/C1dp-C1do-C1dm,675.0,1000.pdf,NA,NA,y,OMd_070-1000.pdf
OMc_059,C1/C1dp-C1do-C1dm,231.0,1000.pdf,NA,NA,y,OMc_059-1000.pdf
OMb_084,C1/C1c/C3-C1b-C1al,829.0,1000.pdf,NA,NA,y,OMb_084-1000.pdf
ADe_026,C1/C1c/C3-C1b-C1al,1488.0,1000.pdf,NA,NA,y,ADe_026-1000.pdf
ADe_025,C1/C1c/C3-C1b-C1al,1046.0,1000.pdf,NA,NA,y,ADe_025-1000.pdf
OMc_034,C1/C1c/C3-C1b-C1al,446.0,1000.pdf,NA,NA,y,OMc_034-1000.pdf
OMa_075,C1/C1c/C3-C1b-C1al,393.0,1000.pdf,NA,NA,y,OMa_075-1000.pdf
OMa_075,C42.2,26.0,1000.pdf,NA,NA,y,OMa_075-1000.pdf
OMa_075,D1/D4-D4c-D1c,287.0,1000.pdf,NA,NA,y,OMa_075-1000.pdf
KAc_011,C41/C1-C41b-C41g,4890.0,1000.pdf,NA,NA,y,KAc_011-1000.pdf
YBa_025,C41/C1-C41b-C41g,2351.0,1000.pdf,NA,NA,y,YBa_025-1000.pdf
KAc_035,C41/C1-C41b-C41g,3474.0,1000.pdf,NA,NA,y,KAc_035-1000.pdf
YBa_014,C41/C1-C41b-C41g,2763.0,1000.pdf,NA,NA,y,YBa_014-1000.pdf
OMa_035,D1/D4/D2,347.0,1000.pdf,NA,NA,y,OMa_035-1000.pdf
OMb_006,D1/D4/D2,433.0,1000.pdf,NA,NA,y,OMb_006-1000.pdf
OMd_058,D1/D4/D2,697.0,1000.pdf,NA,NA,y,OMd_058-1000.pdf
ADd_019,D1/D4/D2,608.0,1000.pdf,NA,NA,y,ADd_019-1000.pdf
ADd_016,D1/D4/D2,368.0,1000.pdf,NA,NA,y,ADd_016-1000.pdf
ADd_016,D5,26.0,1000.pdf,NA,NA,y,ADd_016-1000.pdf
ADd_031,D1/D4/D2,262.0,1000.pdf,NA,NA,y,ADd_031-1000.pdf
OMb_062,D5-D4-D4a-D2-D5d-D5h-D5g,593.0,1000.pdf,NA,NA,y,OMb_062-1000.pdf
OMb_085,D5-D4-D4a-D2-D5d-D5h-D5g,566.0,1000.pdf,NA,NA,y,OMb_085-1000.pdf
OMe_002,D5-D4-D4a-D2-D5d-D5h-D5g,561.0,1000.pdf,NA,NA,y,OMe_002-1000.pdf
OMb_044,D5-D4-D4a-D2-D5d-D5h-D5g,1052.0,1000.pdf,NA,NA,y,OMb_044-1000.pdf
OMc_040,D5-D4-D4a-D2-D5d-D5h-D5g,937.0,1000.pdf,NA,NA,y,OMc_040-1000.pdf
ADe_030,D5-D4-D4a-D2-D5d-D5h-D5g,342.0,1000.pdf,NA,NA,y,ADe_030-1000.pdf
ADa_026,C3/C3c-C3gulf-C3aq,1206.0,1000.pdf,NA,NA,y,ADa_026-1000.pdf
ADa_049,C3/C3c-C3gulf-C3aq,679.0,1000.pdf,NA,NA,y,ADa_049-1000.pdf
ADa_010,C3/C3c-C3gulf-C3aq,2147.0,1000.pdf,NA,NA,y,ADa_010-1000.pdf
ADa_014,C3/C3c-C3gulf-C3aq,1123.0,1000.pdf,NA,NA,y,ADa_014-1000.pdf
ADa_038,C3/C3c-C3gulf-C3aq,465.0,1000.pdf,NA,NA,y,ADa_038-1000.pdf
ADa_039,C3/C3c-C3gulf-C3aq,927.0,1000.pdf,NA,NA,y,ADa_039-1000.pdf
ADa_029,C3-C3gulf-C3c-C3aj,2201.0,1000.pdf,NA,NA,y,ADa_029-1000.pdf
ADc_019,C3-C3gulf-C3c-C3aj,1140.0,1000.pdf,NA,NA,y,ADc_019-1000.pdf
ADb_005,C3-C3gulf-C3c-C3aj,850.0,1000.pdf,NA,NA,y,ADb_005-1000.pdf
ADa_060,A1,215.0,1000.pdf,NA,NA,y,ADa_060-1000.pdf
ADa_060,C3-C3gulf-C3c-C3aj,784.0,1000.pdf,NA,NA,y,ADa_060-1000.pdf
ADa_016,A1,495.0,1000.pdf,NA,NA,y,ADa_016-1000.pdf
ADa_016,C3-C3gulf-C3c-C3aj,1355.0,1000.pdf,NA,NA,y,ADa_016-1000.pdf
AGb_088,D1-D4-D4c-D1h-D1c-D2,27909.0,1000.pdf,NA,NA,y,AGb_088-1000.pdf
AGb_115,D1-D4-D4c-D1h-D1c-D2,23246.0,1000.pdf,NA,NA,y,AGb_115-1000.pdf
OMd_075,D1-D4-D4c-D1h-D1c-D2,808.0,1000.pdf,NA,NA,y,OMd_075-1000.pdf
KAc_040,D1-D4-D4c-D1h-D1c-D2,5889.0,1000.pdf,NA,NA,y,KAc_040-1000.pdf
AGa_058,C3/C3gulf-C115d,14620.0,1000.pdf,NA,NA,y,AGa_058-1000.pdf
AGa_058,D1-D4-D4c-D1h-D1c-D2,66318.0,1000.pdf,NA,NA,y,AGa_058-1000.pdf
AGc_150,A1-A1eq-A1ep,483.0,1000.pdf,NA,NA,y,AGc_150-1000.pdf
AGc_150,C3/C3gulf,10078.0,1000.pdf,NA,NA,y,AGc_150-1000.pdf
AGc_150,D1-D4-D4c-D1h-D1c-D2,67908.0,1000.pdf,NA,NA,y,AGc_150-1000.pdf
OMb_019,C41-C1-C1b-C42bb-C39,966.0,1000.pdf,NA,NA,y,OMb_019-1000.pdf
OMb_003,C41-C1-C1b-C42bb-C39,652.0,1000.pdf,NA,NA,y,OMb_003-1000.pdf
OMc_021,C41-C1-C1b-C42bb-C39,773.0,1000.pdf,NA,NA,y,OMc_021-1000.pdf
OMe_011,C41-C1-C1b-C42bb-C39,854.0,1000.pdf,NA,NA,y,OMe_011-1000.pdf
OMb_039,C41-C1-C1b-C42bb-C39,1508.0,1000.pdf,NA,NA,y,OMb_039-1000.pdf
OMc_022,C41-C1-C1b-C42bb-C39,699.0,1000.pdf,NA,NA,y,OMc_022-1000.pdf
ADa_059,C3-C3gulf-C3d-C3i-C115c-C115b-C3al-C3ak,1191.0,1000.pdf,NA,NA,y,ADa_059-1000.pdf
ADa_032,C3-C3gulf-C3d-C3i-C115c-C115b-C3al-C3ak,1590.0,1000.pdf,NA,NA,y,ADa_032-1000.pdf
ADa_018,C3-C3gulf-C3d-C3i-C115c-C115b-C3al-C3ak,817.0,1000.pdf,NA,NA,y,ADa_018-1000.pdf
ADa_023,C3-C3gulf-C3d-C3i-C115c-C115b-C3al-C3ak,2176.0,1000.pdf,NA,NA,y,ADa_023-1000.pdf
ADa_006,C3-C3gulf-C3d-C3i-C115c-C115b-C3al-C3ak,1617.0,1000.pdf,NA,NA,y,ADa_006-1000.pdf
ADa_002,C3-C3gulf-C3d-C3i-C115c-C115b-C3al-C3ak,2218.0,1000.pdf,NA,NA,y,ADa_002-1000.pdf
OMd_023,C3-C3hi-C107-C65,428.0,1000.pdf,NA,NA,y,OMd_023-1000.pdf
OMd_022,C3-C3hi-C107-C65,658.0,1000.pdf,NA,NA,y,OMd_022-1000.pdf
OMd_069,C3-C3hi-C107-C65,1356.0,1000.pdf,NA,NA,y,OMd_069-1000.pdf
OMb_060,C3-C3hi-C107-C65,588.0,1000.pdf,NA,NA,y,OMb_060-1000.pdf
OMd_091,C3-C3hi-C107-C65,638.0,1000.pdf,NA,NA,y,OMd_091-1000.pdf
OMd_029,C3-C3hi-C107-C65,209.0,1000.pdf,NA,NA,y,OMd_029-1000.pdf
YBb_005,C15-C15y-C15a-C15ab-C15v-C15dc-C15u-C15bo,2338.0,1000.pdf,NA,NA,y,YBb_005-1000.pdf
KAc_007,C15-C15y-C15a-C15ab-C15v-C15dc-C15u-C15bo,2647.0,1000.pdf,NA,NA,y,KAc_007-1000.pdf
KAb_009,C15-C15y-C15a-C15ab-C15v-C15dc-C15u-C15bo,3161.0,1000.pdf,NA,NA,y,KAb_009-1000.pdf
KAc_027,C15-C15y-C15a-C15ab-C15v-C15dc-C15u-C15bo,4826.0,1000.pdf,NA,NA,y,KAc_027-1000.pdf
KAb_016,C15-C15y-C15a-C15ab-C15v-C15dc-C15u-C15bo,2556.0,1000.pdf,NA,NA,y,KAb_016-1000.pdf
AGc_136,D1/D6/D4-D2.2-D2,50551.0,1000.pdf,NA,NA,y,AGc_136-1000.pdf
OMa_038,D1/D6/D4-D2.2-D2,1158.0,1000.pdf,NA,NA,y,OMa_038-1000.pdf
ADd_044,D1/D6/D4-D2.2-D2,1106.0,1000.pdf,NA,NA,y,ADd_044-1000.pdf
OMd_037,D1/D6/D4-D2.2-D2,459.0,1000.pdf,NA,NA,y,OMd_037-1000.pdf
OMd_037,D5,30.0,1000.pdf,NA,NA,y,OMd_037-1000.pdf
ADd_014,D1/D6/D4-D2.2-D2,352.0,1000.pdf,NA,NA,y,ADd_014-1000.pdf
OMb_089,D1-D4-D4c-D1h,952.0,1000.pdf,NA,NA,y,OMb_089-1000.pdf
OMa_014,D1-D4-D4c-D1h,859.0,1000.pdf,NA,NA,y,OMa_014-1000.pdf
ADd_032,D1-D4-D4c-D1h,750.0,1000.pdf,NA,NA,y,ADd_032-1000.pdf
OMd_045,D1-D4-D4c-D1h,236.0,1000.pdf,NA,NA,y,OMd_045-1000.pdf
OMa_025,C3/C3gulf,224.0,1000.pdf,NA,NA,y,OMa_025-1000.pdf
OMa_025,D1-D4-D4c-D1h,1086.0,1000.pdf,NA,NA,y,OMa_025-1000.pdf
ADd_023,D5,186.0,1000.pdf,NA,NA,y,ADd_023-1000.pdf
ADe_035,D5,307.0,1000.pdf,NA,NA,y,ADe_035-1000.pdf
ADe_005,D5-D5a-D4-D5f-D4a,604.0,1000.pdf,NA,NA,y,ADe_005-1000.pdf
ADd_039,D5-D5a-D4-D5f-D4a,366.0,1000.pdf,NA,NA,y,ADd_039-1000.pdf
ADd_010,D5-D5a-D4-D5f-D4a,375.0,1000.pdf,NA,NA,y,ADd_010-1000.pdf
ADd_006,D5-D5a-D4-D5f-D4a,754.0,1000.pdf,NA,NA,y,ADd_006-1000.pdf
ADe_018,D5-D5a-D4-D5f-D4a,487.0,1000.pdf,NA,NA,y,ADe_018-1000.pdf
OMe_028,A1-A1b,1160.0,1000.pdf,NA,NA,y,OMe_028-1000.pdf
OMe_033,A1-A1b,831.0,1000.pdf,NA,NA,y,OMe_033-1000.pdf
OMe_015,A1-A1b,1278.0,1000.pdf,NA,NA,y,OMe_015-1000.pdf
ADd_034,A1-A1b,1389.0,1000.pdf,NA,NA,y,ADd_034-1000.pdf
KAb_033,A1-A1m-A1n,5694.0,1000.pdf,NA,NA,y,KAb_033-1000.pdf
KAb_038,A1-A1m-A1n,4218.0,1000.pdf,NA,NA,y,KAb_038-1000.pdf
KAb_004,A1-A1m-A1n,6758.0,1000.pdf,NA,NA,y,KAb_004-1000.pdf
KAb_004,C41/C1-C41b-C41g,169.0,1000.pdf,NA,NA,y,KAb_004-1000.pdf
KAb_004,C1b,19.0,1000.pdf,NA,NA,y,KAb_004-1000.pdf
KAb_007,A1-A1m-A1n,3075.0,1000.pdf,NA,NA,y,KAb_007-1000.pdf
KAb_007,C116-C116f-C116n,1278.0,1000.pdf,NA,NA,y,KAb_007-1000.pdf
KAb_045,A1-A1m-A1n,1541.0,1000.pdf,NA,NA,y,KAb_045-1000.pdf
KAb_045,C15h/C15,860.0,1000.pdf,NA,NA,y,KAb_045-1000.pdf
ADa_007,C3-C3gulf-C3c-C3am-C3bs,1255.0,1000.pdf,NA,NA,y,ADa_007-1000.pdf
ADa_034,C3-C3gulf-C3c-C3am-C3bs,1619.0,1000.pdf,NA,NA,y,ADa_034-1000.pdf
ADa_045,A1,350.0,1000.pdf,NA,NA,y,ADa_045-1000.pdf
ADa_045,C3-C3gulf-C3c-C3am-C3bs,654.0,1000.pdf,NA,NA,y,ADa_045-1000.pdf
ADc_018,A1,459.0,1000.pdf,NA,NA,y,ADc_018-1000.pdf
ADc_018,C3-C3gulf-C3c-C3am-C3bs,946.0,1000.pdf,NA,NA,y,ADc_018-1000.pdf
KAb_001,C3cq-C3hj-C3ev,4273.0,1000.pdf,NA,NA,y,KAb_001-1000.pdf
KAb_017,C3cq-C3hj-C3ev,4126.0,1000.pdf,NA,NA,y,KAb_017-1000.pdf
KAa_036,C3cq-C3hj-C3ev,3570.0,1000.pdf,NA,NA,y,KAa_036-1000.pdf
KAa_002,C3cq-C3hj-C3ev,2840.0,1000.pdf,NA,NA,y,KAa_002-1000.pdf
YBa_023,C3cq-C3hj-C3ev,2267.0,1000.pdf,NA,NA,y,YBa_023-1000.pdf
YBa_017,C1b,2753.0,1000.pdf,NA,NA,y,YBa_017-1000.pdf
OMd_017,C1/C1c-C1b,466.0,1000.pdf,NA,NA,y,OMd_017-1000.pdf
OMc_068,C1/C1c-C1b,390.0,1000.pdf,NA,NA,y,OMc_068-1000.pdf
OMa_005,C1/C1c-C1b,1033.0,1000.pdf,NA,NA,y,OMa_005-1000.pdf
OMe_019,A1-A1b,209.0,1000.pdf,NA,NA,y,OMe_019-1000.pdf
OMe_019,C15h-C15k,396.0,1000.pdf,NA,NA,y,OMe_019-1000.pdf
ALb_030,C3/C3hp-C3gulf-C115d,4050.0,1000.pdf,NA,NA,y,ALb_030-1000.pdf
YBa_016,C3/C3hp-C3gulf-C115d,1790.0,1000.pdf,NA,NA,y,YBa_016-1000.pdf
ALb_004,C3/C3hp-C3gulf-C115d,7405.0,1000.pdf,NA,NA,y,ALb_004-1000.pdf
ALb_020,C3/C3hp-C3gulf-C115d,1324.0,1000.pdf,NA,NA,y,ALb_020-1000.pdf
KAa_003,C1/C39-C1b-C1af-C39a,2737.0,1000.pdf,NA,NA,y,KAa_003-1000.pdf
KAa_035,C1/C39-C1b-C1af-C39a,6268.0,1000.pdf,NA,NA,y,KAa_035-1000.pdf
KAa_024,C1/C39-C1b-C1af-C39a,5370.0,1000.pdf,NA,NA,y,KAa_024-1000.pdf
OMb_025,D1/D4/D4c,364.0,1000.pdf,NA,NA,y,OMb_025-1000.pdf
OMb_053,D1/D4/D4c,1360.0,1000.pdf,NA,NA,y,OMb_053-1000.pdf
OMb_048,D5-D4-D4a-D5i-D5b-D4b,1295.0,1000.pdf,NA,NA,y,OMb_048-1000.pdf
OMb_061,D5-D4-D4a-D5i-D5b-D4b,558.0,1000.pdf,NA,NA,y,OMb_061-1000.pdf
AGa_038,D5-D4-D4a-D5i-D5b-D4b,64121.0,1000.pdf,NA,NA,y,AGa_038-1000.pdf
AGa_047,C3-C3gulf-C3ar-C3as-C115d,721.0,1000.pdf,NA,NA,y,AGa_047-1000.pdf
AGa_047,C1/C1c,28.0,1000.pdf,NA,NA,y,AGa_047-1000.pdf
AGa_047,D5-D4-D4a-D5i-D5b-D4b,104550.0,1000.pdf,NA,NA,y,AGa_047-1000.pdf
AGa_047,D1/D6,2660.0,1000.pdf,NA,NA,y,AGa_047-1000.pdf
KAa_008,D1/D4/D6,4426.0,1000.pdf,NA,NA,y,KAa_008-1000.pdf
OMb_079,D1/D4/D6,307.0,1000.pdf,NA,NA,y,OMb_079-1000.pdf
OMa_056,D1/D4/D6,439.0,1000.pdf,NA,NA,y,OMa_056-1000.pdf
ADe_031,D1/D4/D6,211.0,1000.pdf,NA,NA,y,ADe_031-1000.pdf
OMd_092,D1/D4-D4c-D4f,709.0,1000.pdf,NA,NA,y,OMd_092-1000.pdf
ADd_028,D1/D4-D4c-D4f,229.0,1000.pdf,NA,NA,y,ADd_028-1000.pdf
ADd_004,D1/D4-D4c-D4f,372.0,1000.pdf,NA,NA,y,ADd_004-1000.pdf
OMc_067,D5/D1-D4-D5a-D6,1200.0,1000.pdf,NA,NA,y,OMc_067-1000.pdf
ADd_049,D5/D1-D4-D5a-D6,834.0,1000.pdf,NA,NA,y,ADd_049-1000.pdf
ADe_028,D5/D1-D4-D5a-D6,591.0,1000.pdf,NA,NA,y,ADe_028-1000.pdf
OMb_086,D5/D1-D4-D5a-D6,1380.0,1000.pdf,NA,NA,y,OMb_086-1000.pdf
OMc_052,D5/D4/D9b,786.0,1000.pdf,NA,NA,y,OMc_052-1000.pdf
OMc_054,D5/D4/D9b,771.0,1000.pdf,NA,NA,y,OMc_054-1000.pdf
OMc_044,D5/D4/D9b,863.0,1000.pdf,NA,NA,y,OMc_044-1000.pdf
OMc_088,D5/D4/D9b,894.0,1000.pdf,NA,NA,y,OMc_088-1000.pdf
ADb_002,C3-C3u-C3gulf,1275.0,1000.pdf,NA,NA,y,ADb_002-1000.pdf
ADb_040,C3-C3u-C3gulf,871.0,1000.pdf,NA,NA,y,ADb_040-1000.pdf
ADb_029,C3-C3u-C3gulf,1689.0,1000.pdf,NA,NA,y,ADb_029-1000.pdf
ADb_038,C3-C3u-C3gulf,829.0,1000.pdf,NA,NA,y,ADb_038-1000.pdf
AGa_049,D1-D4-D6-D1b-D6c-D1d-D2.2-D10-D2,67254.0,1000.pdf,NA,NA,y,AGa_049-1000.pdf
AGa_033,C1/C1b/C42.2/C3,210.0,1000.pdf,NA,NA,y,AGa_033-1000.pdf
AGa_033,D1-D4-D6-D1b-D6c-D1d-D2.2-D10-D2,56596.0,1000.pdf,NA,NA,y,AGa_033-1000.pdf
AGb_079,C15h-C15o-C15k-C15dp-C116s,3600.0,1000.pdf,NA,NA,y,AGb_079-1000.pdf
AGb_079,D1-D4-D6-D1b-D6c-D1d-D2.2-D10-D2,37902.0,1000.pdf,NA,NA,y,AGb_079-1000.pdf
OMb_054,D1/D4-D4c-D4f-D1h,1050.0,1000.pdf,NA,NA,y,OMb_054-1000.pdf
OMc_031,D1/D4-D4c-D4f-D1h,971.0,1000.pdf,NA,NA,y,OMc_031-1000.pdf
OMa_040,D1/D4-D4c-D4f-D1h,609.0,1000.pdf,NA,NA,y,OMa_040-1000.pdf
ADd_040,D1/D4-D4c-D4f-D1h,431.0,1000.pdf,NA,NA,y,ADd_040-1000.pdf
ALa_045,C15h/C15,3820.0,1000.pdf,NA,NA,y,ALa_045-1000.pdf
OMc_006,C1/C41-C1b-C41u-C41t-C42bb,1078.0,1000.pdf,NA,NA,y,OMc_006-1000.pdf
OMc_086,C1/C41-C1b-C41u-C41t-C42bb,692.0,1000.pdf,NA,NA,y,OMc_086-1000.pdf
OMc_078,C1/C41-C1b-C41u-C41t-C42bb,557.0,1000.pdf,NA,NA,y,OMc_078-1000.pdf
OMc_035,C1/C41-C1b-C41u-C41t-C42bb,1008.0,1000.pdf,NA,NA,y,OMc_035-1000.pdf
OMe_030,C39-C39q-C1,928.0,1000.pdf,NA,NA,y,OMe_030-1000.pdf
OMc_019,C39-C39q-C1,811.0,1000.pdf,NA,NA,y,OMc_019-1000.pdf
ADe_002,C39-C39q-C1,796.0,1000.pdf,NA,NA,y,ADe_002-1000.pdf
OMd_005,C39-C39q-C1,678.0,1000.pdf,NA,NA,y,OMd_005-1000.pdf
ADb_008,C3-C3gulf-C3c-C3bt-C39t,794.0,1000.pdf,NA,NA,y,ADb_008-1000.pdf
ADb_010,C3-C3gulf-C3c-C3bt-C39t,866.0,1000.pdf,NA,NA,y,ADb_010-1000.pdf
ADb_019,C3-C3gulf-C3c-C3bt-C39t,960.0,1000.pdf,NA,NA,y,ADb_019-1000.pdf
ADb_012,C3-C3gulf-C3c-C3bt-C39t,1133.0,1000.pdf,NA,NA,y,ADb_012-1000.pdf
KAa_034,C15-C15y-C15a-C15z-C15aa-C15ab-C15w,3258.0,1000.pdf,NA,NA,y,KAa_034-1000.pdf
KAa_007,C15-C15y-C15a-C15z-C15aa-C15ab-C15w,3080.0,1000.pdf,NA,NA,y,KAa_007-1000.pdf
KAa_014,C15-C15y-C15a-C15z-C15aa-C15ab-C15w,1678.0,1000.pdf,NA,NA,y,KAa_014-1000.pdf
KAb_025,C15-C15y-C15a-C15z-C15aa-C15ab-C15w,2567.0,1000.pdf,NA,NA,y,KAb_025-1000.pdf
OMb_018,C1b,61.0,1000.pdf,NA,NA,y,OMb_018-1000.pdf
OMb_018,C41,611.0,1000.pdf,NA,NA,y,OMb_018-1000.pdf
OMb_018,C1,213.0,1000.pdf,NA,NA,y,OMb_018-1000.pdf
KAc_030,C41/C1-C41b,5721.0,1000.pdf,NA,NA,y,KAc_030-1000.pdf
KAc_024,C41/C1-C41b,3461.0,1000.pdf,NA,NA,y,KAc_024-1000.pdf
KAc_022,C41/C1-C41b,4519.0,1000.pdf,NA,NA,y,KAc_022-1000.pdf
YBb_002,C3cq,1557.0,1000.pdf,NA,NA,y,YBb_002-1000.pdf
YBb_002,C3hj,473.0,1000.pdf,NA,NA,y,YBb_002-1000.pdf
YBa_003,C3cq,1545.0,1000.pdf,NA,NA,y,YBa_003-1000.pdf
YBa_003,C3hj,258.0,1000.pdf,NA,NA,y,YBa_003-1000.pdf
ALb_035,C1/C41e-C1b-C41f-C41a-C41,3632.0,1000.pdf,NA,NA,y,ALb_035-1000.pdf
ALb_023,C1/C41e-C1b-C41f-C41a-C41,4531.0,1000.pdf,NA,NA,y,ALb_023-1000.pdf
YBb_043,C1/C41e-C1b-C41f-C41a-C41,2751.0,1000.pdf,NA,NA,y,YBb_043-1000.pdf
ADc_005,C3-C3gulf-C3ap-C115b-C3ai,666.0,1000.pdf,NA,NA,y,ADc_005-1000.pdf
ADc_043,C3-C3gulf-C3ap-C115b-C3ai,1498.0,1000.pdf,NA,NA,y,ADc_043-1000.pdf
YBb_006,C21,3310.0,1000.pdf,NA,NA,y,YBb_006-1000.pdf
YBb_019,C21,3373.0,1000.pdf,NA,NA,y,YBb_019-1000.pdf
YBa_005,C21,2445.0,1000.pdf,NA,NA,y,YBa_005-1000.pdf
KAc_048,A1/A1dl,172.0,1000.pdf,NA,NA,y,KAc_048-1000.pdf
KAc_048,C15h/C15t,3871.0,1000.pdf,NA,NA,y,KAc_048-1000.pdf
KAa_048,A1/A1dl,1955.0,1000.pdf,NA,NA,y,KAa_048-1000.pdf
KAa_048,C15h/C15t,3935.0,1000.pdf,NA,NA,y,KAa_048-1000.pdf
OMe_005,D1-D4-D4c-D6-D2-D4f,732.0,1000.pdf,NA,NA,y,OMe_005-1000.pdf
OMb_051,D1-D4-D4c-D6-D2-D4f,2698.0,1000.pdf,NA,NA,y,OMb_051-1000.pdf
AGa_018,D1-D4-D4c-D6-D2-D4f,32855.0,1000.pdf,NA,NA,y,AGa_018-1000.pdf
KAc_037,A1-A1c-A1h-A1cv,12851.0,1000.pdf,NA,NA,y,KAc_037-1000.pdf
KAa_029,A1-A1c-A1h-A1cv,4791.0,1000.pdf,NA,NA,y,KAa_029-1000.pdf
KAa_029,C1/C39-C1b-C1af-C39a,300.0,1000.pdf,NA,NA,y,KAa_029-1000.pdf
ALa_004,A1-A1c-A1h-A1cv,2274.0,1000.pdf,NA,NA,y,ALa_004-1000.pdf
ALa_004,C65a/C65,200.0,1000.pdf,NA,NA,y,ALa_004-1000.pdf
ALb_021,A1-A1m,6144.0,1000.pdf,NA,NA,y,ALb_021-1000.pdf
KAb_013,A1-A1m,5042.0,1000.pdf,NA,NA,y,KAb_013-1000.pdf
KAb_013,C1/C41/C1b-C39,311.0,1000.pdf,NA,NA,y,KAb_013-1000.pdf
KAb_013,C41b,30.0,1000.pdf,NA,NA,y,KAb_013-1000.pdf
KAb_024,A1/A1c-A1h,7246.0,1000.pdf,NA,NA,y,KAb_024-1000.pdf
KAc_021,A1/A1c-A1h,12667.0,1000.pdf,NA,NA,y,KAc_021-1000.pdf
KAc_021,C41/C1-C41b-C41g,287.0,1000.pdf,NA,NA,y,KAc_021-1000.pdf
KAc_006,A1/A1c-A1h,3948.0,1000.pdf,NA,NA,y,KAc_006-1000.pdf
KAa_021,A1/A1j-A1c-A1h-A1dl,4024.0,1000.pdf,NA,NA,y,KAa_021-1000.pdf
KAa_042,A1/A1j-A1c-A1h-A1dl,9225.0,1000.pdf,NA,NA,y,KAa_042-1000.pdf
KAa_013,A1/A1j-A1c-A1h-A1dl,3852.0,1000.pdf,NA,NA,y,KAa_013-1000.pdf
ADb_011,C3-C3an-C3t-C3gulf,1004.0,1000.pdf,NA,NA,y,ADb_011-1000.pdf
ADb_030,C3-C3an-C3t-C3gulf,663.0,1000.pdf,NA,NA,y,ADb_030-1000.pdf
ADb_047,C3-C3an-C3t-C3gulf,465.0,1000.pdf,NA,NA,y,ADb_047-1000.pdf
ALa_035,C1/C1b/C42.2/C3,1451.0,1000.pdf,NA,NA,y,ALa_035-1000.pdf
ALa_013,C41/C1-C41b-C41c-C1b-C41d-C41e,2968.0,1000.pdf,NA,NA,y,ALa_013-1000.pdf
KAa_040,C41/C1-C41b-C41c-C1b-C41d-C41e,10193.0,1000.pdf,NA,NA,y,KAa_040-1000.pdf
KAc_050,C41/C1-C41b-C41c-C1b-C41d-C41e,5828.0,1000.pdf,NA,NA,y,KAc_050-1000.pdf
AGa_007,C3-C3gulf-C3bs-C3hg-C3hd-C3hh-C3he-C3hf,3291.0,1000.pdf,NA,NA,y,AGa_007-1000.pdf
AGb_120,C3-C3gulf-C3bs-C3hg-C3hd-C3hh-C3he-C3hf,48024.0,1000.pdf,NA,NA,y,AGb_120-1000.pdf
AGc_130,C3/C15h-C3gulf,70284.0,1000.pdf,NA,NA,y,AGc_130-1000.pdf
AGb_085,C3/C15h-C3gulf,7452.0,1000.pdf,NA,NA,y,AGb_085-1000.pdf
AGb_085,D4/D1/D6/D5-D2.2-D17-D2,7067.0,1000.pdf,NA,NA,y,AGb_085-1000.pdf
ALb_043,C41-C41e-C41b-C41s-C1,4175.0,1000.pdf,NA,NA,y,ALb_043-1000.pdf
ALa_037,C41-C41e-C41b-C41s-C1,4100.0,1000.pdf,NA,NA,y,ALa_037-1000.pdf
OMb_017,C1b,90.0,1000.pdf,NA,NA,y,OMb_017-1000.pdf
OMb_017,C41,176.0,1000.pdf,NA,NA,y,OMb_017-1000.pdf
OMb_017,C1,269.0,1000.pdf,NA,NA,y,OMb_017-1000.pdf
ALb_038,C22b/C15/C15r,5149.0,1000.pdf,NA,NA,y,ALb_038-1000.pdf
ALb_039,A1j/A1,733.0,1000.pdf,NA,NA,y,ALb_039-1000.pdf
ALb_039,C22b/C15/C15r,3193.0,1000.pdf,NA,NA,y,ALb_039-1000.pdf
AGb_064,C15h-C15k-C15p-C15q,5732.0,1000.pdf,NA,NA,y,AGb_064-1000.pdf
AGb_064,D4-D1-D6-D2.2-D2-D17-D17q,70244.0,1000.pdf,NA,NA,y,AGb_064-1000.pdf
AGa_034,C1/C1c/C3-C1b-C1al,5584.0,1000.pdf,NA,NA,y,AGa_034-1000.pdf
AGa_034,D4-D1-D6-D2.2-D2-D17-D17q,40432.0,1000.pdf,NA,NA,y,AGa_034-1000.pdf
OMc_094,C1-C1c-C72k,660.0,1000.pdf,NA,NA,y,OMc_094-1000.pdf
ADd_009,D1/D6-D4-D17-D2.2,286.0,1000.pdf,NA,NA,y,ADd_009-1000.pdf
ADd_018,D1/D6-D4-D17-D2.2,764.0,1000.pdf,NA,NA,y,ADd_018-1000.pdf
AGb_113,D1-D4-D4c-D1c-D2,62292.0,1000.pdf,NA,NA,y,AGb_113-1000.pdf
AGc_127,C15h-C15k-C15p-C15q,3175.0,1000.pdf,NA,NA,y,AGc_127-1000.pdf
AGc_127,C15/C1,53.0,1000.pdf,NA,NA,y,AGc_127-1000.pdf
AGc_127,D1-D4-D4c-D1c-D2,59620.0,1000.pdf,NA,NA,y,AGc_127-1000.pdf
KAa_041,D1/D4-D1c,4462.0,1000.pdf,NA,NA,y,KAa_041-1000.pdf
ALb_001,D1/D6/D4-D10-D1d,2833.0,1000.pdf,NA,NA,y,ALb_001-1000.pdf
ALa_001,D1/D6/D4-D10-D1d,2161.0,1000.pdf,NA,NA,y,ALa_001-1000.pdf
OMd_090,D5/D1-D5a-D4,734.0,1000.pdf,NA,NA,y,OMd_090-1000.pdf
OMd_021,D5/D1-D5a-D4,313.0,1000.pdf,NA,NA,y,OMd_021-1000.pdf
ADb_003,C3-C3u-C3gulf-C115d,2202.0,1000.pdf,NA,NA,y,ADb_003-1000.pdf
ADb_018,C3-C3u-C3gulf-C115d,2639.0,1000.pdf,NA,NA,y,ADb_018-1000.pdf
KAa_022,D5/D4/D9b-D1bq,3604.0,1000.pdf,NA,NA,y,KAa_022-1000.pdf
KAc_012,C15/C116,3334.0,1000.pdf,NA,NA,y,KAc_012-1000.pdf
ADd_008,D1/D4/D4c,119.0,1000.pdf,NA,NA,y,ADd_008-1000.pdf
ADd_008,D1ci,196.0,1000.pdf,NA,NA,y,ADd_008-1000.pdf
AGb_070,C3,53959.0,1000.pdf,NA,NA,y,AGb_070-1000.pdf
KAa_039,D1/D1as-D4-D4c,5759.0,1000.pdf,NA,NA,y,KAa_039-1000.pdf
KAc_034,D1/D1as-D4-D4c,5165.0,1000.pdf,NA,NA,y,KAc_034-1000.pdf
OMc_017,D1-D4-D4c-D1c-D1h,654.0,1000.pdf,NA,NA,y,OMc_017-1000.pdf
OMb_092,D1-D4-D4c-D1c-D1h,920.0,1000.pdf,NA,NA,y,OMb_092-1000.pdf
AGb_116,D1-D4-D4c-D6-D1d-D2,44327.0,1000.pdf,NA,NA,y,AGb_116-1000.pdf
KAa_033,D1-D4-D4c-D6-D1d-D2,2139.0,1000.pdf,NA,NA,y,KAa_033-1000.pdf
ALb_016,D4/D1-D6-D6c-D6d-D1d,3067.0,1000.pdf,NA,NA,y,ALb_016-1000.pdf
ALb_032,D4/D1-D6-D6c-D6d-D1d,1906.0,1000.pdf,NA,NA,y,ALb_032-1000.pdf
AGa_016,D1/D6-D4-D1d-D6c-D4d,40870.0,1000.pdf,NA,NA,y,AGa_016-1000.pdf
OMb_057,C39/C1,287.0,1000.pdf,NA,NA,y,OMb_057-1000.pdf
OMb_057,D1/D6-D4-D1d-D6c-D4d,1087.0,1000.pdf,NA,NA,y,OMb_057-1000.pdf
OMd_071,D1/D4/D5-D4c-D2-D1h,814.0,1000.pdf,NA,NA,y,OMd_071-1000.pdf
OMd_031,D1/D4/D5-D4c-D2-D1h,728.0,1000.pdf,NA,NA,y,OMd_031-1000.pdf
YBa_021,A1-A1g-A1dl,4931.0,1000.pdf,NA,NA,y,YBa_021-1000.pdf
YBa_032,A1-A1g-A1dl,3961.0,1000.pdf,NA,NA,y,YBa_032-1000.pdf
ALb_047,A1-A1bh-A1z,4379.0,1000.pdf,NA,NA,y,ALb_047-1000.pdf
ALb_047,C15h/C15,988.0,1000.pdf,NA,NA,y,ALb_047-1000.pdf
ALa_044,A1-A1bh-A1z,2171.0,1000.pdf,NA,NA,y,ALa_044-1000.pdf
ALa_044,C15h/C15,1926.0,1000.pdf,NA,NA,y,ALa_044-1000.pdf
YBa_012,A1-A1ee,2824.0,1000.pdf,NA,NA,y,YBa_012-1000.pdf
YBa_020,A1-A1ee,4109.0,1000.pdf,NA,NA,y,YBa_020-1000.pdf
KAc_047,A1-A1dl-A1bh,2090.0,1000.pdf,NA,NA,y,KAc_047-1000.pdf
YBb_038,A1j/A1,2390.0,1000.pdf,NA,NA,y,YBb_038-1000.pdf
YBb_038,C15r/C15,985.0,1000.pdf,NA,NA,y,YBb_038-1000.pdf
YBb_032,C1/C41-C1b-C39-C3,2975.0,1000.pdf,NA,NA,y,YBb_032-1000.pdf
YBb_046,C1/C41-C1b-C39-C3,3447.0,1000.pdf,NA,NA,y,YBb_046-1000.pdf
KAc_045,A1-A1dl-A1bh,423.0,1000.pdf,NA,NA,y,KAc_045-1000.pdf
KAc_045,C116,4283.0,1000.pdf,NA,NA,y,KAc_045-1000.pdf
OMa_030,C116,228.0,1000.pdf,NA,NA,y,OMa_030-1000.pdf
OMa_030,D1/D4/D6/D17-D2.2-D2,275.0,1000.pdf,NA,NA,y,OMa_030-1000.pdf
OMa_011,C15/C1,758.0,1000.pdf,NA,NA,y,OMa_011-1000.pdf
YBa_008,C3-C3au-C12a-C3bl-C29,3496.0,1000.pdf,NA,NA,y,YBa_008-1000.pdf
YBa_011,A1-A1c-A1h-A1q,1215.0,1000.pdf,NA,NA,y,YBa_011-1000.pdf
YBa_011,C3-C3au-C12a-C3bl-C29,2373.0,1000.pdf,NA,NA,y,YBa_011-1000.pdf
ALa_007,C15-C15ai-C15by,3804.0,1000.pdf,NA,NA,y,ALa_007-1000.pdf
ALa_031,C15-C15ai-C15by,1279.0,1000.pdf,NA,NA,y,ALa_031-1000.pdf
ALa_031,D1/D4-D4c-D4f,691.0,1000.pdf,NA,NA,y,ALa_031-1000.pdf
YBb_003,C163b-C163c-C1,2120.0,1000.pdf,NA,NA,y,YBb_003-1000.pdf
YBa_001,C163b-C163c-C1,1553.0,1000.pdf,NA,NA,y,YBa_001-1000.pdf
KAa_015,C65a,3969.0,1000.pdf,NA,NA,y,KAa_015-1000.pdf
ALb_019,C1/C1b/C42.2/C3,825.0,1000.pdf,NA,NA,y,ALb_019-1000.pdf
ALb_019,C3dx,992.0,1000.pdf,NA,NA,y,ALb_019-1000.pdf
OMa_071,C3/C3gulf,188.0,1000.pdf,NA,NA,y,OMa_071-1000.pdf
OMa_071,C3hm,390.0,1000.pdf,NA,NA,y,OMa_071-1000.pdf
OMd_054,C3/C3gulf,151.0,1000.pdf,NA,NA,y,OMd_054-1000.pdf
OMd_054,C3hn,211.0,1000.pdf,NA,NA,y,OMd_054-1000.pdf
ALa_003,C3cq,1177.0,1000.pdf,NA,NA,y,ALa_003-1000.pdf
ALa_003,C3ho,1357.0,1000.pdf,NA,NA,y,ALa_003-1000.pdf
YBb_001,C65,1150.0,1000.pdf,NA,NA,y,YBb_001-1000.pdf
ADa_043,C3c-C3-C3gulf,588.0,1000.pdf,NA,NA,y,ADa_043-1000.pdf
OMb_004,C15/C15ed,1420.0,1000.pdf,NA,NA,y,OMb_004-1000.pdf
YBb_009,D4,376.0,1000.pdf,NA,NA,y,YBb_009-1000.pdf
OMc_084,D1-D17a-D4,317.0,1000.pdf,NA,NA,y,OMc_084-1000.pdf
YBa_026,C3-C3au-C29-C3bk,2322.0,1000.pdf,NA,NA,y,YBa_026-1000.pdf
ALa_042,C22b/C15,3630.0,1000.pdf,NA,NA,y,ALa_042-1000.pdf
ALa_038,D4/D5-D9b-D1bq-D5n,3065.0,1000.pdf,NA,NA,y,ALa_038-1000.pdf
ADc_004,C3/C3c-C3gulf-C3m-C3l-C3r-C3ao-C3aj,1945.0,1000.pdf,NA,NA,y,ADc_004-1000.pdf
YBa_033,D5/D4/D4u-D9b,3374.0,1000.pdf,NA,NA,y,YBa_033-1000.pdf
ADc_007,C3/C3c-C3gulf-C3m-C3l-C3r-C3ao,1032.0,1000.pdf,NA,NA,y,ADc_007-1000.pdf
YBb_012,C15-C15x-C15v-C15u-C15c-C15ab-C15d-C15dg,1740.0,1000.pdf,NA,NA,y,YBb_012-1000.pdf
YBb_011,C39-C1-C39c-C1b,527.0,1000.pdf,NA,NA,y,YBb_011-1000.pdf
YBb_011,C15-C15x-C15v-C15ab-C15u-C15c-C15d,1703.0,1000.pdf,NA,NA,y,YBb_011-1000.pdf
YBb_010,C39-C1-C39b-C39e,3013.0,1000.pdf,NA,NA,y,YBb_010-1000.pdf
OMc_025,C42.2/C1-C1b-C3-C1au,525.0,1000.pdf,NA,NA,y,OMc_025-1000.pdf
ADd_030,D1/D4-D4c-D2-D5-D1c,372.0,1000.pdf,NA,NA,y,ADd_030-1000.pdf
OMd_082,D1-D4-D1p-D6,818.0,1000.pdf,NA,NA,y,OMd_082-1000.pdf
ALb_013,D1-D4-D1c-D6,3278.0,1000.pdf,NA,NA,y,ALb_013-1000.pdf
OMc_066,C15/C15bo,904.0,1000.pdf,NA,NA,y,OMc_066-1000.pdf
ALb_044,A1/A1g,2556.0,1000.pdf,NA,NA,y,ALb_044-1000.pdf
ALb_040,A1j-A1bv-A1cb-A1-A1eg,4809.0,1000.pdf,NA,NA,y,ALb_040-1000.pdf
ALa_024,A1-A1du-A1z,2225.0,1000.pdf,NA,NA,y,ALa_024-1000.pdf
ALa_024,C15h,475.0,1000.pdf,NA,NA,y,ALa_024-1000.pdf
KAb_019,A1-A1z,3675.0,1000.pdf,NA,NA,y,KAb_019-1000.pdf
AGc_159,C3-C3an,73280.0,1000.pdf,NA,NA,y,AGc_159-1000.pdf
ALb_037,C1-C1b-C39-C41-C1af-C39a-C1ae,3055.0,1000.pdf,NA,NA,y,ALb_037-1000.pdf
KAa_032,C1-C1b-C39-C41-C1ae-C41f-C1af-C39a,4931.0,1000.pdf,NA,NA,y,KAa_032-1000.pdf
OMd_036,C1/C3/C1b,224.0,1000.pdf,NA,NA,y,OMd_036-1000.pdf
KAc_010,A10,1147.0,1000.pdf,NA,NA,y,KAc_010-1000.pdf
ALa_022,C39/C116-C1-C116l-C39k-C3cx,1219.0,1000.pdf,NA,NA,y,ALa_022-1000.pdf
ALa_022,D1/D4-D1c,1389.0,1000.pdf,NA,NA,y,ALa_022-1000.pdf
KAb_023,A1-A1m,2532.0,1000.pdf,NA,NA,y,KAb_023-1000.pdf
KAb_023,C15h,238.0,1000.pdf,NA,NA,y,KAb_023-1000.pdf
KAb_023,C116-C116f-C116d-C116e-C116q,3549.0,1000.pdf,NA,NA,y,KAb_023-1000.pdf
SA1574,C1-C1b-C41f-C39-C41-C41a-C41e-C1ae-C1f-C1w,448.0,1595.pdf,NA,NA,y,SA1574-1595.pdf
SA1574,C15/C15r,27.0,1595.pdf,NA,NA,y,SA1574-1595.pdf
SA1574,D1/D6-D4-D10-D1d,75561.0,1595.pdf,NA,NA,y,SA1574-1595.pdf
SA1702,C1/C41/C39/C22b-C1b,125.0,1595.pdf,NA,NA,y,SA1702-1595.pdf
SA1702,D1/D6-D4-D10-D1d,82689.0,1595.pdf,NA,NA,y,SA1702-1595.pdf
SA1647,C1-C1b-C41f-C39-C41-C41a-C41e-C1ae-C1f-C1w,1099.0,1595.pdf,NA,NA,y,SA1647-1595.pdf
SA1647,C15/C22b,56.0,1595.pdf,NA,NA,y,SA1647-1595.pdf
SA1647,D1/D6-D4-D10-D1d,88197.0,1595.pdf,NA,NA,y,SA1647-1595.pdf
SA1518,D1/D6-D4-D10-D1d,35608.0,1595.pdf,NA,NA,y,SA1518-1595.pdf
SA1576,D1/D6-D4-D10-D1d,44077.0,1595.pdf,NA,NA,y,SA1576-1595.pdf
SA307,D1/D6-D4-D10-D1d,48355.0,1595.pdf,NA,NA,y,SA307-1595.pdf
SA1722,D1/D6-D4-D10-D1d,22895.0,1595.pdf,NA,NA,y,SA1722-1595.pdf
SA1612,C1/C72/C41-C1b,302.0,1595.pdf,NA,NA,y,SA1612-1595.pdf
SA1612,C91e/C91f-C91i-C91h,2091.0,1595.pdf,NA,NA,y,SA1612-1595.pdf
SA1612,D1/D6-D4-D10-D1d,119368.0,1595.pdf,NA,NA,y,SA1612-1595.pdf
SA181,C15-C15ah-C15x-C15v,64995.0,1595.pdf,NA,NA,y,SA181-1595.pdf
SA2156,C15-C15ah-C15x-C15v,37598.0,1595.pdf,NA,NA,y,SA2156-1595.pdf
SA2375,C15-C15ah-C15x-C15v,31032.0,1595.pdf,NA,NA,y,SA2375-1595.pdf
SA385,A1-A1bv,509.0,1595.pdf,NA,NA,y,SA385-1595.pdf
SA385,C15-C15ah-C15x-C15v,46446.0,1595.pdf,NA,NA,y,SA385-1595.pdf
SA385,D1/D4/D1d-D6,1670.0,1595.pdf,NA,NA,y,SA385-1595.pdf
SA149,C15-C15ah-C15x-C15v,24114.0,1595.pdf,NA,NA,y,SA149-1595.pdf
SA2194,A1-A1f,251.0,1595.pdf,NA,NA,y,SA2194-1595.pdf
SA2194,C15-C15ah-C15x-C15v,29371.0,1595.pdf,NA,NA,y,SA2194-1595.pdf
SA2194,D1-D4-D6-D4c-D4f,434.0,1595.pdf,NA,NA,y,SA2194-1595.pdf
SA382,A1-A1k,645.0,1595.pdf,NA,NA,y,SA382-1595.pdf
SA382,C15-C15ah-C15x-C15v,29330.0,1595.pdf,NA,NA,y,SA382-1595.pdf
SA382,C1/C39,2872.0,1595.pdf,NA,NA,y,SA382-1595.pdf
SA382,C3/C1b,1451.0,1595.pdf,NA,NA,y,SA382-1595.pdf
SA382,D1-D4-D4c-D1c,2141.0,1595.pdf,NA,NA,y,SA382-1595.pdf
SA438,A1-A1k-A1c-A1h-A1bf,364.0,1595.pdf,NA,NA,y,SA438-1595.pdf
SA438,C15-C15ah-C15x-C15v,22759.0,1595.pdf,NA,NA,y,SA438-1595.pdf
SA438,C1/C39,4157.0,1595.pdf,NA,NA,y,SA438-1595.pdf
SA438,D1-D4-D4c-D1c-D2,500.0,1595.pdf,NA,NA,y,SA438-1595.pdf
SA438,F5b,4071.0,1595.pdf,NA,NA,y,SA438-1595.pdf
SA438,F5.2b,3402.0,1595.pdf,NA,NA,y,SA438-1595.pdf
SA2205,C1-C1b-C39-C1am-C1an-C1ao,640.0,1595.pdf,NA,NA,y,SA2205-1595.pdf
SA2205,D1-D4-D4c-D2-D4f-D1h,54502.0,1595.pdf,NA,NA,y,SA2205-1595.pdf
SA91,C15h,341.0,1595.pdf,NA,NA,y,SA91-1595.pdf
SA91,C1/C1b,10.0,1595.pdf,NA,NA,y,SA91-1595.pdf
SA91,D1-D4-D4c-D2-D4f-D1h,48501.0,1595.pdf,NA,NA,y,SA91-1595.pdf
SA363,C1-C1b-C39-C1am-C1an-C1ao,259.0,1595.pdf,NA,NA,y,SA363-1595.pdf
SA363,D1-D4-D4c-D2-D4f-D1h,46789.0,1595.pdf,NA,NA,y,SA363-1595.pdf
SA340,C1-C1b-C39-C1am-C1an-C1ao,1539.0,1595.pdf,NA,NA,y,SA340-1595.pdf
SA340,C3/C1n/C3v,53.0,1595.pdf,NA,NA,y,SA340-1595.pdf
SA340,D1-D4-D4c-D2-D4f-D1h,67740.0,1595.pdf,NA,NA,y,SA340-1595.pdf
SA2159,D1-D4-D4c-D2-D4f-D1h,58981.0,1595.pdf,NA,NA,y,SA2159-1595.pdf
SA1705,D1-D4-D4c-D2-D4f-D1h,62356.0,1595.pdf,NA,NA,y,SA1705-1595.pdf
SA686,C15,74384.0,1595.pdf,NA,NA,y,SA686-1595.pdf
SA771,C15,55417.0,1595.pdf,NA,NA,y,SA771-1595.pdf
SA1032,C15,29286.0,1595.pdf,NA,NA,y,SA1032-1595.pdf
SA390,A1/A1d,295.0,1595.pdf,NA,NA,y,SA390-1595.pdf
SA390,C15,29207.0,1595.pdf,NA,NA,y,SA390-1595.pdf
SA390,D1-D4-D4c-D1c-D2,4579.0,1595.pdf,NA,NA,y,SA390-1595.pdf
SA12,C1-C1b-C41f-C39-C41-C41a-C41e-C1ae-C1f-C1w,364.0,1595.pdf,NA,NA,y,SA12-1595.pdf
SA12,C116-C116f-C116e-C116d,57.0,1595.pdf,NA,NA,y,SA12-1595.pdf
SA12,D1/D4/D1n-D1o,48122.0,1595.pdf,NA,NA,y,SA12-1595.pdf
SA1641,A1,326.0,1595.pdf,NA,NA,y,SA1641-1595.pdf
SA1641,C3/C3au,94.0,1595.pdf,NA,NA,y,SA1641-1595.pdf
SA1641,C15/C22b,49.0,1595.pdf,NA,NA,y,SA1641-1595.pdf
SA1641,C1-C1b-C41f-C41-C41e-C41a-C39-C1f-C1ae,1146.0,1595.pdf,NA,NA,y,SA1641-1595.pdf
SA1641,D1/D4/D1n-D1o,79906.0,1595.pdf,NA,NA,y,SA1641-1595.pdf
SA2199,C15-C72-C72a-C1b,131.0,1595.pdf,NA,NA,y,SA2199-1595.pdf
SA2199,C3,13.0,1595.pdf,NA,NA,y,SA2199-1595.pdf
SA2199,D1/D4/D1n-D1o,30658.0,1595.pdf,NA,NA,y,SA2199-1595.pdf
SA150,A1k/A1-A1ea,852.0,1595.pdf,NA,NA,y,SA150-1595.pdf
SA150,C1/C41/C1b-C39,2997.0,1595.pdf,NA,NA,y,SA150-1595.pdf
SA150,D1/D4/D1n-D1o,42161.0,1595.pdf,NA,NA,y,SA150-1595.pdf
SA1704,C3/C3au,41.0,1595.pdf,NA,NA,y,SA1704-1595.pdf
SA1704,C1/C41/C39/C22b-C1b,426.0,1595.pdf,NA,NA,y,SA1704-1595.pdf
SA1704,D1/D4-D4c-D4f,70167.0,1595.pdf,NA,NA,y,SA1704-1595.pdf
SA1490,D1/D4-D4c-D4f,60327.0,1595.pdf,NA,NA,y,SA1490-1595.pdf
SA1448,D1/D4-D4c-D4f,65949.0,1595.pdf,NA,NA,y,SA1448-1595.pdf
SA1493,C3/C3au,10.0,1595.pdf,NA,NA,y,SA1493-1595.pdf
SA1493,C15/C15r,43.0,1595.pdf,NA,NA,y,SA1493-1595.pdf
SA1493,C1,48.0,1595.pdf,NA,NA,y,SA1493-1595.pdf
SA1493,D1/D4-D4c-D4f,57400.0,1595.pdf,NA,NA,y,SA1493-1595.pdf
SA92,D1-D4-D6-D4c-D4f,20881.0,1595.pdf,NA,NA,y,SA92-1595.pdf
SA2243,A1-A1c-A1h-A1q-A1i,428.0,1595.pdf,NA,NA,y,SA2243-1595.pdf
SA2243,C1/C41/C1b-C39,410.0,1595.pdf,NA,NA,y,SA2243-1595.pdf
SA2243,C15/C15h/C116,2466.0,1595.pdf,NA,NA,y,SA2243-1595.pdf
SA2243,C15j,582.0,1595.pdf,NA,NA,y,SA2243-1595.pdf
SA2243,D1-D4-D6-D4c-D4f,67214.0,1595.pdf,NA,NA,y,SA2243-1595.pdf
SA1516,A1,112399.0,1595.pdf,NA,NA,y,SA1516-1595.pdf
SA1516,C1/C72/C41-C1b,367.0,1595.pdf,NA,NA,y,SA1516-1595.pdf
SA1516,C15/C22b/C15h,188.0,1595.pdf,NA,NA,y,SA1516-1595.pdf
SA1516,D1/D4/D6,226.0,1595.pdf,NA,NA,y,SA1516-1595.pdf
SA1028,C15-C15g,67600.0,1595.pdf,NA,NA,y,SA1028-1595.pdf
SA2295,A1/A1c-A1h,330.0,1595.pdf,NA,NA,y,SA2295-1595.pdf
SA2295,C15-C15g,48270.0,1595.pdf,NA,NA,y,SA2295-1595.pdf
SA764,C15-C15g,33033.0,1595.pdf,NA,NA,y,SA764-1595.pdf
SA970,C15-C15g,63414.0,1595.pdf,NA,NA,y,SA970-1595.pdf
SA383,D4/D1-D6-D6c-D6d-D1d,50794.0,1595.pdf,NA,NA,y,SA383-1595.pdf
SA308,D4/D1-D6-D6c-D6d-D1d,35554.0,1595.pdf,NA,NA,y,SA308-1595.pdf
SA57,C15,221.0,1595.pdf,NA,NA,y,SA57-1595.pdf
SA57,C1/C39,13.0,1595.pdf,NA,NA,y,SA57-1595.pdf
SA57,D4/D1-D6-D6c-D6d-D1d,28797.0,1595.pdf,NA,NA,y,SA57-1595.pdf
SA155,C1-C1b-C39-C1am-C1an-C1ao,239.0,1595.pdf,NA,NA,y,SA155-1595.pdf
SA155,D4/D1-D6-D6c-D6d-D1d,21884.0,1595.pdf,NA,NA,y,SA155-1595.pdf
SA54,C15/C60a-C15b-C15e,52565.0,1595.pdf,NA,NA,y,SA54-1595.pdf
SA388,C15/C60a-C15b-C15e,51353.0,1595.pdf,NA,NA,y,SA388-1595.pdf
SA2479,C15/C60a-C15b-C15e,58316.0,1595.pdf,NA,NA,y,SA2479-1595.pdf
SA876,C15/C60a-C15b-C15e,51873.0,1595.pdf,NA,NA,y,SA876-1595.pdf
SA2332,C15/C15r,54801.0,1595.pdf,NA,NA,y,SA2332-1595.pdf
SA2332,D1/D4-D6-D4c,190.0,1595.pdf,NA,NA,y,SA2332-1595.pdf
SA770,A1-A1c-A1k-A1h,611.0,1595.pdf,NA,NA,y,SA770-1595.pdf
SA770,C15/C15r,88416.0,1595.pdf,NA,NA,y,SA770-1595.pdf
SA770,D1-D4-D6-D4c-D4f-D10,1237.0,1595.pdf,NA,NA,y,SA770-1595.pdf
SA2195,C15/C22b,57268.0,1595.pdf,NA,NA,y,SA2195-1595.pdf
SA1581,A1-A1c-A1k-A1h,259.0,1595.pdf,NA,NA,y,SA1581-1595.pdf
SA1581,C22b/C15-C15a-C15an-C15de,92784.0,1595.pdf,NA,NA,y,SA1581-1595.pdf
SA1581,D1/D6-D4-D10-D1d,473.0,1595.pdf,NA,NA,y,SA1581-1595.pdf
SA268,C22b/C15-C15a-C15an-C15de,48122.0,1595.pdf,NA,NA,y,SA268-1595.pdf
SA2136,C15-C15y-C15df-C15x-C15a-C15z-C15aa-C15w-C15ab,33717.0,1595.pdf,NA,NA,y,SA2136-1595.pdf
SA2163,A1/A1c-A1h,144.0,1595.pdf,NA,NA,y,SA2163-1595.pdf
SA2163,C15-C15y-C15df-C15x-C15a-C15z-C15aa-C15w-C15ab,67098.0,1595.pdf,NA,NA,y,SA2163-1595.pdf
SA2081,A1-A1k-A1c-A1h-A1bf,300.0,1595.pdf,NA,NA,y,SA2081-1595.pdf
SA2081,C15-C15y-C15df-C15x-C15a-C15z-C15aa-C15w-C15ab,82625.0,1595.pdf,NA,NA,y,SA2081-1595.pdf
SA2081,D1/D6-D4-D10-D1d,359.0,1595.pdf,NA,NA,y,SA2081-1595.pdf
SA1703,C22b/C15/C15r,62758.0,1595.pdf,NA,NA,y,SA1703-1595.pdf
SA1703,D1/D6-D4-D10-D1d,4347.0,1595.pdf,NA,NA,y,SA1703-1595.pdf
SA2337,D1/D4/D1d-D6,60594.0,1595.pdf,NA,NA,y,SA2337-1595.pdf
SA1444,D1/D4/D1d-D6,50635.0,1595.pdf,NA,NA,y,SA1444-1595.pdf
SA1609,A1/A1c-A1h,203.0,1595.pdf,NA,NA,y,SA1609-1595.pdf
SA1609,C1-C1b-C41f-C39-C41-C41a-C41e-C1ae-C1f-C1w,6011.0,1595.pdf,NA,NA,y,SA1609-1595.pdf
SA1609,D1/D4/D6,74118.0,1595.pdf,NA,NA,y,SA1609-1595.pdf
SA1449,A1,68380.0,1595.pdf,NA,NA,y,SA1449-1595.pdf
SA1449,C22b/C15/C15r,423.0,1595.pdf,NA,NA,y,SA1449-1595.pdf
SA1449,C1/C72/C39/C1b,1115.0,1595.pdf,NA,NA,y,SA1449-1595.pdf
SA1449,C40/C3,68.0,1595.pdf,NA,NA,y,SA1449-1595.pdf
SA1449,D1/D4/D6,74233.0,1595.pdf,NA,NA,y,SA1449-1595.pdf
SA1491,A1-A1k,37761.0,1595.pdf,NA,NA,y,SA1491-1595.pdf
SA1491,C22b/C15/C15r,1990.0,1595.pdf,NA,NA,y,SA1491-1595.pdf
SA1491,C1/C72/C39/C1b,872.0,1595.pdf,NA,NA,y,SA1491-1595.pdf
SA1491,D1/D4-D6-D4c,46381.0,1595.pdf,NA,NA,y,SA1491-1595.pdf
SA2525,C15-C15y-C15a-C15x-C15v,51432.0,1595.pdf,NA,NA,y,SA2525-1595.pdf
SA2138,A1-A1c-A1k-A1h,581.0,1595.pdf,NA,NA,y,SA2138-1595.pdf
SA2138,C1/C72/C41-C1b,9863.0,1595.pdf,NA,NA,y,SA2138-1595.pdf
SA2138,C15-C15y-C15a-C15x-C15v,45781.0,1595.pdf,NA,NA,y,SA2138-1595.pdf
SA2138,D1/D6-D4-D10-D1d,1530.0,1595.pdf,NA,NA,y,SA2138-1595.pdf
SA765,C15-C15x-C15v-C15ab-C15u-C15c-C15d,100871.0,1595.pdf,NA,NA,y,SA765-1595.pdf
SA2165,C15-C15x-C15v-C15ab-C15u-C15c-C15d,34835.0,1595.pdf,NA,NA,y,SA2165-1595.pdf
SA2153,A1-A1f,148.0,1595.pdf,NA,NA,y,SA2153-1595.pdf
SA2153,C3/C3au,39.0,1595.pdf,NA,NA,y,SA2153-1595.pdf
SA2153,C1/C41/C1b-C39,228.0,1595.pdf,NA,NA,y,SA2153-1595.pdf
SA2153,D1-D4-D6-D4c-D4f-D10,63671.0,1595.pdf,NA,NA,y,SA2153-1595.pdf
SA725,A1-A1c-A1k-A1h,204.0,1595.pdf,NA,NA,y,SA725-1595.pdf
SA725,C15/C41,30789.0,1595.pdf,NA,NA,y,SA725-1595.pdf
SA2080,C15/C22b/C15h,32.0,1595.pdf,NA,NA,y,SA2080-1595.pdf
SA2080,C3-C41-C3au-C1b,348.0,1595.pdf,NA,NA,y,SA2080-1595.pdf
SA2080,D1-D4-D2-D4c-D4f,65558.0,1595.pdf,NA,NA,y,SA2080-1595.pdf
SA2142,C1-C1b-C39-C41-C1ae-C41f-C1af-C39a,48157.0,1595.pdf,NA,NA,y,SA2142-1595.pdf
SA2142,D1-D4-D4c-D4f-D17d,387.0,1595.pdf,NA,NA,y,SA2142-1595.pdf
SA310,D17g,19329.0,1595.pdf,NA,NA,y,SA310-1595.pdf
SA310,D1/D4,9825.0,1595.pdf,NA,NA,y,SA310-1595.pdf
SA2196,A1/A1t-A1k-A1c-A1h,515.0,1595.pdf,NA,NA,y,SA2196-1595.pdf
SA2196,C22b/C15-C15a-C15an-C15de,23804.0,1595.pdf,NA,NA,y,SA2196-1595.pdf
SA2196,C22a,26069.0,1595.pdf,NA,NA,y,SA2196-1595.pdf
SA2196,D1-D4-D6-D4c-D4f,361.0,1595.pdf,NA,NA,y,SA2196-1595.pdf
SA766,A1/A1g,495.0,1595.pdf,NA,NA,y,SA766-1595.pdf
SA766,C1/C1c,33517.0,1595.pdf,NA,NA,y,SA766-1595.pdf
SA2432,A1,189.0,1595.pdf,NA,NA,y,SA2432-1595.pdf
SA2432,C15-C15ah-C15x-C15v,14284.0,1595.pdf,NA,NA,y,SA2432-1595.pdf
SA2432,C1/C39-C1b,20015.0,1595.pdf,NA,NA,y,SA2432-1595.pdf
SA2148,D1-D4-D4c-D4f-D3b-D1c,48676.0,1595.pdf,NA,NA,y,SA2148-1595.pdf
SA389,C15/C15u-C15df-C15v-C15y-C15x-C15aa-C15z,66206.0,1595.pdf,NA,NA,y,SA389-1595.pdf
SA38,C15-C15s,29673.0,1595.pdf,NA,NA,y,SA38-1595.pdf
SA55,C15-C15by-C15ai,35574.0,1595.pdf,NA,NA,y,SA55-1595.pdf
SA361,D1/D4-D2-D4c,56384.0,1595.pdf,NA,NA,y,SA361-1595.pdf
41-SEYITS2,C3z-C3-C3.10-C3an-C115-C3bq,40623.0,1702.pdf,NA,NA,y,41-SEYITS2-1702.pdf
41-SEYITS2,D1-D2.2-D1m-D4,346.0,1702.pdf,NA,NA,y,41-SEYITS2-1702.pdf
28-SEYITS2,C3z-C3-C3.10-C3an-C115-C3bq,35712.0,1702.pdf,NA,NA,y,28-SEYITS2-1702.pdf
30-SEYITS2,C3z-C3-C3.10-C3an-C115-C3bq,28596.0,1702.pdf,NA,NA,y,30-SEYITS2-1702.pdf
11-SEYITS2,C3z-C3-C3.10-C3an-C115-C3bq,41754.0,1702.pdf,NA,NA,y,11-SEYITS2-1702.pdf
15-SEYITS2,C3z-C3-C3.10-C3an-C115-C3bq,45079.0,1702.pdf,NA,NA,y,15-SEYITS2-1702.pdf
14-SEYITS2,C3z-C3-C3.10-C3an-C115-C3bq,41787.0,1702.pdf,NA,NA,y,14-SEYITS2-1702.pdf
39-SEYITS2,C3z-C3-C3.10-C3an-C115-C3bq,44854.0,1702.pdf,NA,NA,y,39-SEYITS2-1702.pdf
16-SEYITS2,C3z-C3-C3.10-C3an-C115-C3bq,4709.0,1702.pdf,NA,NA,y,16-SEYITS2-1702.pdf
17-SEYITS2,C3z-C3-C3.10-C3an-C115-C3bq,15434.0,1702.pdf,NA,NA,y,17-SEYITS2-1702.pdf
18-SEYITS2,C3z-C3-C3.10-C3an-C115-C3bq,32260.0,1702.pdf,NA,NA,y,18-SEYITS2-1702.pdf
48-SEYITS2,C3z-C3-C3.10-C3an-C115-C3bq,42801.0,1702.pdf,NA,NA,y,48-SEYITS2-1702.pdf
48-SEYITS2,D1-D4-D17d-D17e-D17c-D1r-D4c-D17j-D17l-D17k,1717.0,1702.pdf,NA,NA,y,48-SEYITS2-1702.pdf
9-SEYITS2,C3z-C3-C3.10-C3an-C115-C3bq,38325.0,1702.pdf,NA,NA,y,9-SEYITS2-1702.pdf
13-SEYITS2,C3z-C3-C3.10-C3an-C115-C3bq,35689.0,1702.pdf,NA,NA,y,13-SEYITS2-1702.pdf
13-SEYITS2,D1-D4-D17d-D17e-D17c-D1r-D4c-D17j-D17l-D17k,356.0,1702.pdf,NA,NA,y,13-SEYITS2-1702.pdf
10-SEYITS2,C3z-C3-C3.10-C3an-C115-C3bq,36705.0,1702.pdf,NA,NA,y,10-SEYITS2-1702.pdf
12-SEYITS2,C3z-C3-C3.10-C3an-C115-C3bq,27138.0,1702.pdf,NA,NA,y,12-SEYITS2-1702.pdf
8-SEYITS2,C3z-C3-C3.10-C3an-C115-C3bq,29409.0,1702.pdf,NA,NA,y,8-SEYITS2-1702.pdf
26-SEYITS2,C3z-C3-C3.10-C3an-C115-C3bq,39966.0,1702.pdf,NA,NA,y,26-SEYITS2-1702.pdf
26-SEYITS2,D1-D4-D17d-D17e-D17c-D1r-D4c-D17j-D17l-D17k,3316.0,1702.pdf,NA,NA,y,26-SEYITS2-1702.pdf
7-SEYITS2,C3z-C3-C3.10-C3an-C115-C3bq,28879.0,1702.pdf,NA,NA,y,7-SEYITS2-1702.pdf
7-SEYITS2,D1-D4-D17d-D17e-D17c-D1r-D4c-D17j-D17l-D17k,2597.0,1702.pdf,NA,NA,y,7-SEYITS2-1702.pdf
neg-con1-SEYITS2,C3z-C3-C3.10-C3an-C115-C3bq,7241.0,1702.pdf,NA,NA,NA,neg-con1-SEYITS2-1702.pdf
neg-con1-SEYITS2,C1/C1b,224.0,1702.pdf,NA,NA,NA,neg-con1-SEYITS2-1702.pdf
neg-con1-SEYITS2,D1-D4-D2-D4c-D4f,530.0,1702.pdf,NA,NA,NA,neg-con1-SEYITS2-1702.pdf
27-SEYITS2,C3z-C3-C3.10-C3an-C115-C3bq,30331.0,1702.pdf,NA,NA,y,27-SEYITS2-1702.pdf
27-SEYITS2,D1-D4-D17d-D17e-D17c-D1r-D4c-D17j-D17l-D17k,4371.0,1702.pdf,NA,NA,y,27-SEYITS2-1702.pdf
3-SEYITS2,C3z-C3-C3.10-C3an-C115-C3bq,17749.0,1702.pdf,NA,NA,y,3-SEYITS2-1702.pdf
3-SEYITS2,D1-D4-D4c-D1c-D2,12290.0,1702.pdf,NA,NA,y,3-SEYITS2-1702.pdf
neg-con2-SEYITS2,C3z-C3-C3.10-C3an-C115-C3bq,1426.0,1702.pdf,NA,NA,NA,neg-con2-SEYITS2-1702.pdf
neg-con2-SEYITS2,C1/C1b,270.0,1702.pdf,NA,NA,NA,neg-con2-SEYITS2-1702.pdf
neg-con2-SEYITS2,D1-D4-D4c-D2-D4f-D1h,1711.0,1702.pdf,NA,NA,NA,neg-con2-SEYITS2-1702.pdf
1-SEYITS2,C3z/C3,407.0,1702.pdf,NA,NA,y,1-SEYITS2-1702.pdf
29-SEYITS2,C3z/C3,24205.0,1702.pdf,NA,NA,y,29-SEYITS2-1702.pdf
25-SEYITS2,C3z/C3,27039.0,1702.pdf,NA,NA,y,25-SEYITS2-1702.pdf
42-SEYITS2,C3z/C3,21826.0,1702.pdf,NA,NA,y,42-SEYITS2-1702.pdf
42-SEYITS2,D1-D4-D2-D4c-D4f,3190.0,1702.pdf,NA,NA,y,42-SEYITS2-1702.pdf
40-SEYITS2,C3z/C3,29416.0,1702.pdf,NA,NA,y,40-SEYITS2-1702.pdf
40-SEYITS2,D1-D2.2-D1m-D4,6142.0,1702.pdf,NA,NA,y,40-SEYITS2-1702.pdf
test-1-SEYITS2,C3z/C3,481.0,1702.pdf,NA,NA,NA,test-1-SEYITS2-1702.pdf
test-1-SEYITS2,C15,205.0,1702.pdf,NA,NA,NA,test-1-SEYITS2-1702.pdf
test-1-SEYITS2,C1,242.0,1702.pdf,NA,NA,NA,test-1-SEYITS2-1702.pdf
19-SEYITS2,C15-C15ad-C15ai,33443.0,1702.pdf,NA,NA,y,19-SEYITS2-1702.pdf
33-SEYITS2,C15-C15ad-C15ai,29582.0,1702.pdf,NA,NA,y,33-SEYITS2-1702.pdf
31-SEYITS2,C15-C15ad-C15ai,23743.0,1702.pdf,NA,NA,y,31-SEYITS2-1702.pdf
35-SEYITS2,C15-C15ad-C15ai,28860.0,1702.pdf,NA,NA,y,35-SEYITS2-1702.pdf
34-SEYITS2,C15-C15ad-C15ai,27074.0,1702.pdf,NA,NA,y,34-SEYITS2-1702.pdf
34-SEYITS2,D9,3028.0,1702.pdf,NA,NA,y,34-SEYITS2-1702.pdf
34-SEYITS2,D4,499.0,1702.pdf,NA,NA,y,34-SEYITS2-1702.pdf
36-SEYITS2,C15-C15ad-C15ai,21029.0,1702.pdf,NA,NA,y,36-SEYITS2-1702.pdf
36-SEYITS2,D9,1796.0,1702.pdf,NA,NA,y,36-SEYITS2-1702.pdf
test-2-SEYITS2,A3d,590.0,1702.pdf,NA,NA,NA,test-2-SEYITS2-1702.pdf
test-2-SEYITS2,C3z/C3,201.0,1702.pdf,NA,NA,NA,test-2-SEYITS2-1702.pdf
test-2-SEYITS2,C1/C1b,4624.0,1702.pdf,NA,NA,NA,test-2-SEYITS2-1702.pdf
20-SEYITS2,C15/C116,34322.0,1702.pdf,NA,NA,y,20-SEYITS2-1702.pdf
32-SEYITS2,C15/C116,21827.0,1702.pdf,NA,NA,y,32-SEYITS2-1702.pdf
21-SEYITS2,C15/C116,25217.0,1702.pdf,NA,NA,y,21-SEYITS2-1702.pdf
22-SEYITS2,C15/C116,16603.0,1702.pdf,NA,NA,y,22-SEYITS2-1702.pdf
37-SEYITS2,D1-D2.2-D1m-D4,30594.0,1702.pdf,NA,NA,y,37-SEYITS2-1702.pdf
38-SEYITS2,C3z/C3,140.0,1702.pdf,NA,NA,y,38-SEYITS2-1702.pdf
38-SEYITS2,C15-C15az-C15m,657.0,1702.pdf,NA,NA,y,38-SEYITS2-1702.pdf
38-SEYITS2,D1-D2.2-D1m-D4,33361.0,1702.pdf,NA,NA,y,38-SEYITS2-1702.pdf
45-SEYITS2,C3z/C3,933.0,1702.pdf,NA,NA,y,45-SEYITS2-1702.pdf
45-SEYITS2,C1/C1c,11.0,1702.pdf,NA,NA,y,45-SEYITS2-1702.pdf
45-SEYITS2,D1-D4-D4c-D2-D4f-D1h,33890.0,1702.pdf,NA,NA,y,45-SEYITS2-1702.pdf
5-SEYITS2,C3z-C3-C3.10-C3an-C115-C3bq,4475.0,1702.pdf,NA,NA,y,5-SEYITS2-1702.pdf
5-SEYITS2,D1-D4-D4c-D2-D4f-D1h,32565.0,1702.pdf,NA,NA,y,5-SEYITS2-1702.pdf
6-SEYITS2,C3z/C3,99.0,1702.pdf,NA,NA,y,6-SEYITS2-1702.pdf
6-SEYITS2,C116,2469.0,1702.pdf,NA,NA,y,6-SEYITS2-1702.pdf
6-SEYITS2,D1-D4-D4c-D2-D4f-D1h,27125.0,1702.pdf,NA,NA,y,6-SEYITS2-1702.pdf
23-SEYITS2,C15-C15az-C15m,43274.0,1702.pdf,NA,NA,y,23-SEYITS2-1702.pdf
23-SEYITS2,D9,2550.0,1702.pdf,NA,NA,y,23-SEYITS2-1702.pdf
23-SEYITS2,D4,545.0,1702.pdf,NA,NA,y,23-SEYITS2-1702.pdf
44-SEYITS2,C1/C1b,109.0,1702.pdf,NA,NA,y,44-SEYITS2-1702.pdf
44-SEYITS2,C3/C115/C3u-C115a-C115e-C21ab,3175.0,1702.pdf,NA,NA,y,44-SEYITS2-1702.pdf
44-SEYITS2,D1/D4-D4c-D1h-D1c-D2,597.0,1702.pdf,NA,NA,y,44-SEYITS2-1702.pdf
47-SEYITS2,C1/C1b,627.0,1702.pdf,NA,NA,y,47-SEYITS2-1702.pdf
47-SEYITS2,C3/C115/C3u-C115a-C115e-C21ab,20796.0,1702.pdf,NA,NA,y,47-SEYITS2-1702.pdf
47-SEYITS2,D1-D4-D17d-D17e-D17c-D1r-D4c-D17j-D17l-D17k,6218.0,1702.pdf,NA,NA,y,47-SEYITS2-1702.pdf
2-SEYITS2,C3z/C3,63.0,1702.pdf,NA,NA,y,2-SEYITS2-1702.pdf
2-SEYITS2,C1/C1b,14.0,1702.pdf,NA,NA,y,2-SEYITS2-1702.pdf
2-SEYITS2,C15,85.0,1702.pdf,NA,NA,y,2-SEYITS2-1702.pdf
43-SEYITS2,D1/D4-D4c-D1h-D1c-D2,3563.0,1702.pdf,NA,NA,y,43-SEYITS2-1702.pdf
4-SEYITS2,C3z/C3,263.0,1702.pdf,NA,NA,y,4-SEYITS2-1702.pdf
4-SEYITS2,C15/C116,322.0,1702.pdf,NA,NA,y,4-SEYITS2-1702.pdf
4-SEYITS2,D1/D4-D2-D4c,1761.0,1702.pdf,NA,NA,y,4-SEYITS2-1702.pdf
46-SEYITS2,C1b/C3-C1u,23796.0,1702.pdf,NA,NA,y,46-SEYITS2-1702.pdf
46-SEYITS2,D1/D4-D2-D4c,325.0,1702.pdf,NA,NA,y,46-SEYITS2-1702.pdf
24-SEYITS2,C15/C15r,22143.0,1702.pdf,NA,NA,y,24-SEYITS2-1702.pdf
24-SEYITS2,D9,54.0,1702.pdf,NA,NA,y,24-SEYITS2-1702.pdf
24-SEYITS2,D1/D6-D4-D2.2-D2,299.0,1702.pdf,NA,NA,y,24-SEYITS2-1702.pdf
E60,C1-C1b-C1c-C42.2-C1bh-C1br,107702.0,1706.pdf,NA,NA,y,E60-1706.pdf
T4,C1-C1b-C1c-C42.2-C1bh-C1br,184432.0,1706.pdf,NA,NA,y,T4-1706.pdf
T3,C1-C1b-C1c-C42.2-C1bh-C1br,153666.0,1706.pdf,NA,NA,y,T3-1706.pdf
T1,C1-C1b-C1c-C42.2-C1bh-C1br,74244.0,1706.pdf,NA,NA,y,T1-1706.pdf
T2,C1-C1b-C1c-C42.2-C1bh-C1br,192968.0,1706.pdf,NA,NA,y,T2-1706.pdf
T2,D2/D1-D2.2-D4,21095.0,1706.pdf,NA,NA,y,T2-1706.pdf
E61,D2/D1-D2.2-D4,21264.0,1706.pdf,NA,NA,y,E61-1706.pdf
E63,D2/D1-D2.2-D4,55166.0,1706.pdf,NA,NA,y,E63-1706.pdf
E62,D2/D1-D2.2-D4,2709.0,1706.pdf,NA,NA,y,E62-1706.pdf
E94,C3/C3b,6215.0,1706.pdf,NA,NA,y,E94-1706.pdf
E94,C50c,2045.0,1706.pdf,NA,NA,y,E94-1706.pdf
E94,D2/D1-D2.2-D4,12119.0,1706.pdf,NA,NA,y,E94-1706.pdf
E79,C15-C15by-C15ai,132139.0,1706.pdf,NA,NA,y,E79-1706.pdf
E76,C15-C15by-C15ai,99959.0,1706.pdf,NA,NA,y,E76-1706.pdf
E78,C15-C15by-C15ai,101694.0,1706.pdf,NA,NA,y,E78-1706.pdf
E77,C15-C15by-C15ai,50812.0,1706.pdf,NA,NA,y,E77-1706.pdf
E95,C50c/C50a/C3/C21-C3b-C50f,45053.0,1706.pdf,NA,NA,y,E95-1706.pdf
E92,C50c/C50a/C3/C21-C3b-C50f,51095.0,1706.pdf,NA,NA,y,E92-1706.pdf
E93,C50c/C50a/C3/C21-C3b-C50f,37531.0,1706.pdf,NA,NA,y,E93-1706.pdf
E16,D1/D4/D6,64455.0,1706.pdf,NA,NA,y,E16-1706.pdf
E15,D1/D4/D6,55067.0,1706.pdf,NA,NA,y,E15-1706.pdf
E17,D1/D4/D6,114275.0,1706.pdf,NA,NA,y,E17-1706.pdf
E7,C1d-C42.2-C1-C1k,129195.0,1706.pdf,NA,NA,y,E7-1706.pdf
E8,C3/C1b,5915.0,1706.pdf,NA,NA,y,E8-1706.pdf
E8,C1d-C42.2-C1-C1k,199335.0,1706.pdf,NA,NA,y,E8-1706.pdf
E6,C3/C1b,4620.0,1706.pdf,NA,NA,y,E6-1706.pdf
E6,C1d-C42.2-C1-C3cg,129646.0,1706.pdf,NA,NA,y,E6-1706.pdf
E9,C3/C1b,12835.0,1706.pdf,NA,NA,y,E9-1706.pdf
E9,C1d-C42.2-C1-C3cg,118109.0,1706.pdf,NA,NA,y,E9-1706.pdf
E82,C15-C15l-C15bp-C15n-C15.8,109022.0,1706.pdf,NA,NA,y,E82-1706.pdf
E83,C15-C15l-C15n-C15bb-C15.8,116483.0,1706.pdf,NA,NA,y,E83-1706.pdf
E81,C15,101884.0,1706.pdf,NA,NA,y,E81-1706.pdf
E18,D1/D4-D6-D6b,143005.0,1706.pdf,NA,NA,y,E18-1706.pdf
CBC_189,C3-C3de-C3bb-C21ae-C3an-C3s-C3dk,1911.0,1825.pdf,NA,NA,y,CBC_189-1825.pdf
CBC_197,C3-C3de-C3bb-C21ae-C3an-C3s-C3dk,2158.0,1825.pdf,NA,NA,y,CBC_197-1825.pdf
CBC_022,C3-C3de-C3bb-C21ae-C3an-C3s-C3dk,17959.0,1825.pdf,NA,NA,y,CBC_022-1825.pdf
CBC_231,C3-C3de-C3bb-C21ae-C3an-C3s-C3dk,15403.0,1825.pdf,NA,NA,y,CBC_231-1825.pdf
CBC_186,C3-C3de-C3bb-C21ae-C3an-C3s-C3dk,4223.0,1825.pdf,NA,NA,y,CBC_186-1825.pdf
CBC_208,C3-C3de-C3bb-C21ae-C3an-C3s-C3dk,9686.0,1825.pdf,NA,NA,y,CBC_208-1825.pdf
CBC_146,C3-C3de-C3bb-C21ae-C3an-C3s-C3dk,62800.0,1825.pdf,NA,NA,y,CBC_146-1825.pdf
CBC_191,C3-C3de-C3bb-C21ae-C3an-C3s-C3dk,32031.0,1825.pdf,NA,NA,y,CBC_191-1825.pdf
CBC_218,C3-C3de-C3bb-C21ae-C3an-C3s-C3dk,95838.0,1825.pdf,NA,NA,y,CBC_218-1825.pdf
CBC_216,C3-C3de-C3bb-C21ae-C3an-C3s-C3dk,63912.0,1825.pdf,NA,NA,y,CBC_216-1825.pdf
CBC_228,C3-C3de-C3bb-C21ae-C3an-C3s-C3dk,184207.0,1825.pdf,NA,NA,y,CBC_228-1825.pdf
CBC_211,C3-C3de-C3bb-C21ae-C3an-C3s-C3dk,49071.0,1825.pdf,NA,NA,y,CBC_211-1825.pdf
CBC_009,C3-C3de-C3bb-C21ae-C3an-C3s-C3dk,82283.0,1825.pdf,NA,NA,y,CBC_009-1825.pdf
CBC_126,C3-C3de-C3bb-C21ae-C3an-C3s-C3dk,99711.0,1825.pdf,NA,NA,y,CBC_126-1825.pdf
CBC_164,C3-C3de-C3bb-C21ae-C3an-C3s-C3dk,128598.0,1825.pdf,NA,NA,y,CBC_164-1825.pdf
CBC_004,C3-C3de-C3bb-C21ae-C3an-C3s-C3dk,193057.0,1825.pdf,NA,NA,y,CBC_004-1825.pdf
CBC_014,C3-C3de-C3bb-C21ae-C3an-C3s-C3dk,92568.0,1825.pdf,NA,NA,y,CBC_014-1825.pdf
CBC_215,C3-C3de-C3bb-C21ae-C3an-C3s-C3dk,20364.0,1825.pdf,NA,NA,y,CBC_215-1825.pdf
CBC_017,C3-C3de-C3bb-C21ae-C3an-C3s-C3dk,149864.0,1825.pdf,NA,NA,y,CBC_017-1825.pdf
CBC_212,C3-C3de-C3bb-C21ae-C3an-C3s-C3dk,8549.0,1825.pdf,NA,NA,y,CBC_212-1825.pdf
CBC_221,C3-C3de-C3bb-C21ae-C3an-C3s-C3dk,107596.0,1825.pdf,NA,NA,y,CBC_221-1825.pdf
CBC_003,C3-C3de-C3bb-C21ae-C3an-C3s-C3dk,97048.0,1825.pdf,NA,NA,y,CBC_003-1825.pdf
CBC_195,C3-C3de-C3bb-C21ae-C3an-C3s-C3dk,63528.0,1825.pdf,NA,NA,y,CBC_195-1825.pdf
CBC_127,C3-C3de-C3bb-C21ae-C3an-C3s-C3dk,78835.0,1825.pdf,NA,NA,y,CBC_127-1825.pdf
CBC_190,C3-C3de-C3bb-C21ae-C3an-C3s-C3dk,258509.0,1825.pdf,NA,NA,y,CBC_190-1825.pdf
CBC_067,C3-C3de-C3bb-C21ae-C3an-C3s-C3dk,5690.0,1825.pdf,NA,NA,y,CBC_067-1825.pdf
CBC_016,C3-C3de-C3bb-C21ae-C3an-C3s-C3dk,34465.0,1825.pdf,NA,NA,y,CBC_016-1825.pdf
CBC_131,C3-C3de-C3bb-C21ae-C3an-C3s-C3dk,28462.0,1825.pdf,NA,NA,y,CBC_131-1825.pdf
CBC_224,C3-C3de-C3bb-C21ae-C3an-C3s-C3dk,132366.0,1825.pdf,NA,NA,y,CBC_224-1825.pdf
CBC_128,C3-C3de-C3bb-C21ae-C3an-C3s-C3dk,151249.0,1825.pdf,NA,NA,y,CBC_128-1825.pdf
CBC_125,C3-C3de-C3bb-C21ae-C3an-C3s-C3dk,104289.0,1825.pdf,NA,NA,y,CBC_125-1825.pdf
CBC_171,C3-C3de-C3bb-C21ae-C3an-C3s-C3dk,142745.0,1825.pdf,NA,NA,y,CBC_171-1825.pdf
CBC_227,C3-C3de-C3bb-C21ae-C3an-C3s-C3dk,79361.0,1825.pdf,NA,NA,y,CBC_227-1825.pdf
CBC_219,C3-C3de-C3bb-C21ae-C3an-C3s-C3dk,103477.0,1825.pdf,NA,NA,y,CBC_219-1825.pdf
CBC_178,C3-C3de-C3bb-C21ae-C3an-C3s-C3dk,114229.0,1825.pdf,NA,NA,y,CBC_178-1825.pdf
CBC_217,C3-C3de-C3bb-C21ae-C3an-C3s-C3dk,62839.0,1825.pdf,NA,NA,y,CBC_217-1825.pdf
CBC_169,C3-C3de-C3bb-C21ae-C3an-C3s-C3dk,26337.0,1825.pdf,NA,NA,y,CBC_169-1825.pdf
CBC_200,C3-C3de-C3bb-C21ae-C3an-C3s-C3dk,37004.0,1825.pdf,NA,NA,y,CBC_200-1825.pdf
CBC_007,C3-C3de-C3bb-C21ae-C3an-C3s-C3dk,112755.0,1825.pdf,NA,NA,y,CBC_007-1825.pdf
CBC_214,C3-C3de-C3bb-C21ae-C3an-C3s-C3dk,94497.0,1825.pdf,NA,NA,y,CBC_214-1825.pdf
CBC_193,C3-C3de-C3bb-C21ae-C3an-C3s-C3dk,62091.0,1825.pdf,NA,NA,y,CBC_193-1825.pdf
CBC_213,C3-C3de-C3bb-C21ae-C3an-C3s-C3dk,241376.0,1825.pdf,NA,NA,y,CBC_213-1825.pdf
CBC_111,C3-C3de-C3bb-C21ae-C3an-C3s-C3dk,152997.0,1825.pdf,NA,NA,y,CBC_111-1825.pdf
CBC_138,C3-C3de-C3bb-C21ae-C3an-C3s-C3dk,21573.0,1825.pdf,NA,NA,y,CBC_138-1825.pdf
CBC_047,C3-C3de-C3bb-C21ae-C3an-C3s-C3dk,133365.0,1825.pdf,NA,NA,y,CBC_047-1825.pdf
CBC_081,C3-C3de-C3bb-C21ae-C3an-C3s-C3dk,99652.0,1825.pdf,NA,NA,y,CBC_081-1825.pdf
CBC_070,C3-C3de-C3bb-C21ae-C3an-C3s-C3dk,100629.0,1825.pdf,NA,NA,y,CBC_070-1825.pdf
CBC_012,C3-C3de-C3bb-C21ae-C3an-C3s-C3dk,204245.0,1825.pdf,NA,NA,y,CBC_012-1825.pdf
CBC_077,C3-C3de-C3bb-C21ae-C3an-C3s-C3dk,90684.0,1825.pdf,NA,NA,y,CBC_077-1825.pdf
CBC_207,C3-C3de-C3bb-C21ae-C3an-C3s-C3dk,53054.0,1825.pdf,NA,NA,y,CBC_207-1825.pdf
CBC_086,C3-C3de-C3bb-C21ae-C3an-C3s-C3dk,110054.0,1825.pdf,NA,NA,y,CBC_086-1825.pdf
CBC_107,C3-C3de-C3bb-C21ae-C3an-C3s-C3dk,4075.0,1825.pdf,NA,NA,y,CBC_107-1825.pdf
CBC_018,C3-C3de-C3bb-C21ae-C3an-C3s-C3dk,126339.0,1825.pdf,NA,NA,y,CBC_018-1825.pdf
CBC_124,C3-C3de-C3bb-C21ae-C3an-C3s-C3dk,111774.0,1825.pdf,NA,NA,y,CBC_124-1825.pdf
CBC_209,C3-C3de-C3bb-C21ae-C3an-C3s-C3dk,119621.0,1825.pdf,NA,NA,y,CBC_209-1825.pdf
CBC_135,C3-C3de-C3bb-C21ae-C3an-C3s-C3dk,111692.0,1825.pdf,NA,NA,y,CBC_135-1825.pdf
CBC_204,C3-C3de-C3bb-C21ae-C3an-C3s-C3dk,95831.0,1825.pdf,NA,NA,y,CBC_204-1825.pdf
CBC_192,C3-C3de-C3bb-C21ae-C3an-C3s-C3dk,168710.0,1825.pdf,NA,NA,y,CBC_192-1825.pdf
CBC_092,C3-C3de-C3bb-C21ae-C3an-C3s-C3dk,145187.0,1825.pdf,NA,NA,y,CBC_092-1825.pdf
CBC_060,C3-C3de-C3bb-C21ae-C3an-C3s-C3dk,130075.0,1825.pdf,NA,NA,y,CBC_060-1825.pdf
CBC_062,C3-C3de-C3bb-C21ae-C3an-C3s-C3dk,96326.0,1825.pdf,NA,NA,y,CBC_062-1825.pdf
CBC_132,C3-C3de-C3bb-C21ae-C3an-C3s-C3dk,175356.0,1825.pdf,NA,NA,y,CBC_132-1825.pdf
CBC_049,C3-C3de-C3bb-C21ae-C3an-C3s-C3dk,36179.0,1825.pdf,NA,NA,y,CBC_049-1825.pdf
CBC_106,C3-C3de-C3bb-C21ae-C3an-C3s-C3dk,31555.0,1825.pdf,NA,NA,y,CBC_106-1825.pdf
CBC_222,C3-C3de-C3bb-C21ae-C3an-C3s-C3dk,125087.0,1825.pdf,NA,NA,y,CBC_222-1825.pdf
CBC_065,C3-C3de-C3bb-C21ae-C3an-C3s-C3dk,38186.0,1825.pdf,NA,NA,y,CBC_065-1825.pdf
CBC_112,C3-C3de-C3bb-C21ae-C3an-C3s-C3dk,17536.0,1825.pdf,NA,NA,y,CBC_112-1825.pdf
CBC_139,C3-C3de-C3bb-C21ae-C3an-C3s-C3dk,112544.0,1825.pdf,NA,NA,y,CBC_139-1825.pdf
CBC_069,C3-C3de-C3bb-C21ae-C3an-C3s-C3dk,135361.0,1825.pdf,NA,NA,y,CBC_069-1825.pdf
CBC_137,C3-C3de-C3bb-C21ae-C3an-C3s-C3dk,31894.0,1825.pdf,NA,NA,y,CBC_137-1825.pdf
CBC_087,C3-C3de-C3bb-C21ae-C3an-C3s-C3dk,99133.0,1825.pdf,NA,NA,y,CBC_087-1825.pdf
CBC_181,C3-C3de-C3bb-C21ae-C3an-C3s-C3dk,80207.0,1825.pdf,NA,NA,y,CBC_181-1825.pdf
CBC_074,C3-C3de-C3bb-C21ae-C3an-C3s-C3dk,127948.0,1825.pdf,NA,NA,y,CBC_074-1825.pdf
CBC_068,C3-C3de-C3bb-C21ae-C3an-C3s-C3dk,163920.0,1825.pdf,NA,NA,y,CBC_068-1825.pdf
CBC_116,C3-C3de-C3bb-C21ae-C3an-C3s-C3dk,8639.0,1825.pdf,NA,NA,y,CBC_116-1825.pdf
CBC_223,C3-C3de-C3bb-C21ae-C3an-C3s-C3dk,101913.0,1825.pdf,NA,NA,y,CBC_223-1825.pdf
CBC_225,C3-C3de-C3bb-C21ae-C3an-C3s-C3dk,269263.0,1825.pdf,NA,NA,y,CBC_225-1825.pdf
CBC_130,C3-C3de-C3bb-C21ae-C3an-C3s-C3dk,177927.0,1825.pdf,NA,NA,y,CBC_130-1825.pdf
CBC_239,C3-C3de-C3bb-C21ae-C3an-C3s-C3dk,64106.0,1825.pdf,NA,NA,y,CBC_239-1825.pdf
CBC_241,C3-C3de-C3bb-C21ae-C3an-C3s-C3dk,152038.0,1825.pdf,NA,NA,y,CBC_241-1825.pdf
CBC_201,C3-C3de-C3bb-C21ae-C3an-C3s-C3dk,175516.0,1825.pdf,NA,NA,y,CBC_201-1825.pdf
CBC_174,C3-C3de-C3bb-C21ae-C3an-C3s-C3dk,119455.0,1825.pdf,NA,NA,y,CBC_174-1825.pdf
CBC_150,C3-C3de-C3bb-C21ae-C3an-C3s-C3dk,55813.0,1825.pdf,NA,NA,y,CBC_150-1825.pdf
CBC_046,C3-C3de-C3bb-C21ae-C3an-C3s-C3dk,31310.0,1825.pdf,NA,NA,y,CBC_046-1825.pdf
CBC_001,C3-C3de-C3bb-C21ae-C3an-C3s-C3dk,25006.0,1825.pdf,NA,NA,y,CBC_001-1825.pdf
CBC_205,C3-C3de-C3bb-C21ae-C3an-C3s-C3dk,90973.0,1825.pdf,NA,NA,y,CBC_205-1825.pdf
CBC_166,C3-C3de-C3bb-C21ae-C3an-C3s-C3dk,100225.0,1825.pdf,NA,NA,y,CBC_166-1825.pdf
CBC_105,C3-C3de-C3bb-C21ae-C3an-C3s-C3dk,78383.0,1825.pdf,NA,NA,y,CBC_105-1825.pdf
CBC_053,C3-C3de-C3bb-C21ae-C3an-C3s-C3dk,176816.0,1825.pdf,NA,NA,y,CBC_053-1825.pdf
CBC_094,C3-C3de-C3bb-C21ae-C3an-C3s-C3dk,133664.0,1825.pdf,NA,NA,y,CBC_094-1825.pdf
CBC_066,C3-C3de-C3bb-C21ae-C3an-C3s-C3dk,229191.0,1825.pdf,NA,NA,y,CBC_066-1825.pdf
CBC_206,C3-C3de-C3bb-C21ae-C3an-C3s-C3dk,137974.0,1825.pdf,NA,NA,y,CBC_206-1825.pdf
CBC_090,C3-C3de-C3bb-C21ae-C3an-C3s-C3dk,175603.0,1825.pdf,NA,NA,y,CBC_090-1825.pdf
CBC_061,C3-C3de-C3bb-C21ae-C3an-C3s-C3dk,235492.0,1825.pdf,NA,NA,y,CBC_061-1825.pdf
CBC_182,C3-C3de-C3bb-C21ae-C3an-C3s-C3dk,117604.0,1825.pdf,NA,NA,y,CBC_182-1825.pdf
CBC_027,C3-C3de-C3bb-C21ae-C3an-C3s-C3dk,151631.0,1825.pdf,NA,NA,y,CBC_027-1825.pdf
CBC_075,C3-C3de-C3bb-C21ae-C3an-C3s-C3dk,125081.0,1825.pdf,NA,NA,y,CBC_075-1825.pdf
CBC_072,C3-C3de-C3bb-C21ae-C3an-C3s-C3dk,130399.0,1825.pdf,NA,NA,y,CBC_072-1825.pdf
CBC_038,C3-C3de-C3bb-C21ae-C3an-C3s-C3dk,161161.0,1825.pdf,NA,NA,y,CBC_038-1825.pdf
CBC_168,C3-C3de-C3bb-C21ae-C3an-C3s-C3dk,73802.0,1825.pdf,NA,NA,y,CBC_168-1825.pdf
CBC_158,C3-C3de-C3bb-C21ae-C3an-C3s-C3dk,97660.0,1825.pdf,NA,NA,y,CBC_158-1825.pdf
CBC_232,C3-C3de-C3bb-C21ae-C3an-C3s-C3dk,48243.0,1825.pdf,NA,NA,y,CBC_232-1825.pdf
CBC_123,C3-C3de-C3bb-C21ae-C3an-C3s-C3dk,104177.0,1825.pdf,NA,NA,y,CBC_123-1825.pdf
CBC_085,C3-C3de-C3bb-C21ae-C3an-C3s-C3dk,13814.0,1825.pdf,NA,NA,y,CBC_085-1825.pdf
CBC_240,C3-C3de-C3bb-C21ae-C3an-C3s-C3dk,133829.0,1825.pdf,NA,NA,y,CBC_240-1825.pdf
CBC_184,C3-C3de-C3bb-C21ae-C3an-C3s-C3dk,77953.0,1825.pdf,NA,NA,y,CBC_184-1825.pdf
CBC_142,C3-C3de-C3bb-C21ae-C3an-C3s-C3dk,73760.0,1825.pdf,NA,NA,y,CBC_142-1825.pdf
CBC_198,C3-C3de-C3bb-C21ae-C3an-C3s-C3dk,131807.0,1825.pdf,NA,NA,y,CBC_198-1825.pdf
CBC_226,C3-C3de-C3bb-C21ae-C3an-C3s-C3dk,122030.0,1825.pdf,NA,NA,y,CBC_226-1825.pdf
CBC_185,C3-C3de-C3bb-C21ae-C3an-C3s-C3dk,20270.0,1825.pdf,NA,NA,y,CBC_185-1825.pdf
CBC_005,C3-C3de-C3bb-C21ae-C3an-C3s-C3dk,134185.0,1825.pdf,NA,NA,y,CBC_005-1825.pdf
CBC_141,C3-C3de-C3bb-C21ae-C3an-C3s-C3dk,11681.0,1825.pdf,NA,NA,y,CBC_141-1825.pdf
CBC_153,C3-C3de-C3bb-C21ae-C3an-C3s-C3dk,78579.0,1825.pdf,NA,NA,y,CBC_153-1825.pdf
CBC_233,C3-C3de-C3bb-C21ae-C3an-C3s-C3dk,43014.0,1825.pdf,NA,NA,y,CBC_233-1825.pdf
CBC_097,C3-C3de-C3bb-C21ae-C3an-C3s-C3dk,166229.0,1825.pdf,NA,NA,y,CBC_097-1825.pdf
CBC_118,C3-C3de-C3bb-C21ae-C3an-C3s-C3dk,27268.0,1825.pdf,NA,NA,y,CBC_118-1825.pdf
CBC_175,C3-C3de-C3bb-C21ae-C3an-C3s-C3dk,130809.0,1825.pdf,NA,NA,y,CBC_175-1825.pdf
CBC_071,C3-C3de-C3bb-C21ae-C3an-C3s-C3dk,109744.0,1825.pdf,NA,NA,y,CBC_071-1825.pdf
CBC_203,C3-C3de-C3bb-C21ae-C3an-C3s-C3dk,78127.0,1825.pdf,NA,NA,y,CBC_203-1825.pdf
CBC_194,C3-C3de-C3bb-C21ae-C3an-C3s-C3dk,9681.0,1825.pdf,NA,NA,y,CBC_194-1825.pdf
CBC_143,C3-C3de-C3bb-C21ae-C3an-C3s-C3dk,110398.0,1825.pdf,NA,NA,y,CBC_143-1825.pdf
CBC_167,C3-C3de-C3bb-C21ae-C3an-C3s-C3dk,141428.0,1825.pdf,NA,NA,y,CBC_167-1825.pdf
CBC_172,C3-C3de-C3bb-C21ae-C3an-C3s-C3dk,81540.0,1825.pdf,NA,NA,y,CBC_172-1825.pdf
CBC_051,C3-C3de-C3bb-C21ae-C3an-C3s-C3dk,240283.0,1825.pdf,NA,NA,y,CBC_051-1825.pdf
CBC_117,C3-C3de-C3bb-C21ae-C3an-C3s-C3dk,134935.0,1825.pdf,NA,NA,y,CBC_117-1825.pdf
CBC_180,C3-C3de-C3bb-C21ae-C3an-C3s-C3dk,171985.0,1825.pdf,NA,NA,y,CBC_180-1825.pdf
CBC_140,C3-C3de-C3bb-C21ae-C3an-C3s-C3dk,182270.0,1825.pdf,NA,NA,y,CBC_140-1825.pdf
CBC_108,C3-C3de-C3bb-C21ae-C3an-C3s-C3dk,173180.0,1825.pdf,NA,NA,y,CBC_108-1825.pdf
CBC_145,C3-C3de-C3bb-C21ae-C3an-C3s-C3dk,153884.0,1825.pdf,NA,NA,y,CBC_145-1825.pdf
CBC_091,C3-C3de-C3bb-C21ae-C3an-C3s-C3dk,91009.0,1825.pdf,NA,NA,y,CBC_091-1825.pdf
CBC_234,C3-C3de-C3bb-C21ae-C3an-C3s-C3dk,311032.0,1825.pdf,NA,NA,y,CBC_234-1825.pdf
CBC_134,C3-C3de-C3bb-C21ae-C3an-C3s-C3dk,8722.0,1825.pdf,NA,NA,y,CBC_134-1825.pdf
CBC_173,C3-C3de-C3bb-C21ae-C3an-C3s-C3dk,100307.0,1825.pdf,NA,NA,y,CBC_173-1825.pdf
CBC_136,C3-C3de-C3bb-C21ae-C3an-C3s-C3dk,199037.0,1825.pdf,NA,NA,y,CBC_136-1825.pdf
CBC_119,C3-C3de-C3bb-C21ae-C3an-C3s-C3dk,214530.0,1825.pdf,NA,NA,y,CBC_119-1825.pdf
CBC_028,C3-C3de-C3bb-C21ae-C3an-C3s-C3dk,147338.0,1825.pdf,NA,NA,y,CBC_028-1825.pdf
CBC_095,C3-C3de-C3bb-C21ae-C3an-C3s-C3dk,98799.0,1825.pdf,NA,NA,y,CBC_095-1825.pdf
CBC_151,C3-C3de-C3bb-C21ae-C3an-C3s-C3dk,65594.0,1825.pdf,NA,NA,y,CBC_151-1825.pdf
CBC_237,C3-C3de-C3bb-C21ae-C3an-C3s-C3dk,96558.0,1825.pdf,NA,NA,y,CBC_237-1825.pdf
CBC_188,C3-C3de-C3bb-C21ae-C3an-C3s-C3dk,202473.0,1825.pdf,NA,NA,y,CBC_188-1825.pdf
CBC_129,C3-C3de-C3bb-C21ae-C3an-C3s-C3dk,134290.0,1825.pdf,NA,NA,y,CBC_129-1825.pdf
CBC_029,C3-C3de-C3bb-C21ae-C3an-C3s-C3dk,10044.0,1825.pdf,NA,NA,y,CBC_029-1825.pdf
CBC_196,C3-C3de-C3bb-C21ae-C3an-C3s-C3dk,137887.0,1825.pdf,NA,NA,y,CBC_196-1825.pdf
CBC_220,C3-C3de-C3bb-C21ae-C3an-C3s-C3dk,5883.0,1825.pdf,NA,NA,y,CBC_220-1825.pdf
CBC_177,C3-C3de-C3bb-C21ae-C3an-C3s-C3dk,63313.0,1825.pdf,NA,NA,y,CBC_177-1825.pdf
CBC_010,C3-C3de-C3bb-C21ae-C3an-C3s-C3dk,200959.0,1825.pdf,NA,NA,y,CBC_010-1825.pdf
CBC_121,C3-C3de-C3bb-C21ae-C3an-C3s-C3dk,107069.0,1825.pdf,NA,NA,y,CBC_121-1825.pdf
CBC_011,C3-C3de-C3bb-C21ae-C3an-C3s-C3dk,163813.0,1825.pdf,NA,NA,y,CBC_011-1825.pdf
CBC_050,C3-C3de-C3bb-C21ae-C3an-C3s-C3dk,141611.0,1825.pdf,NA,NA,y,CBC_050-1825.pdf
CBC_048,C3-C3de-C3bb-C21ae-C3an-C3s-C3dk,154474.0,1825.pdf,NA,NA,y,CBC_048-1825.pdf
CBC_102,C3-C3de-C3bb-C21ae-C3an-C3s-C3dk,46237.0,1825.pdf,NA,NA,y,CBC_102-1825.pdf
CBC_238,C3-C3de-C3bb-C21ae-C3an-C3s-C3dk,84564.0,1825.pdf,NA,NA,y,CBC_238-1825.pdf
CBC_148,C3-C3de-C3bb-C21ae-C3an-C3s-C3dk,154904.0,1825.pdf,NA,NA,y,CBC_148-1825.pdf
CBC_202,C3-C3de-C3bb-C21ae-C3an-C3s-C3dk,191046.0,1825.pdf,NA,NA,y,CBC_202-1825.pdf
CBC_055,C3-C3de-C3bb-C21ae-C3an-C3s-C3dk,128863.0,1825.pdf,NA,NA,y,CBC_055-1825.pdf
CBC_040,C3-C3de-C3bb-C21ae-C3an-C3s-C3dk,150457.0,1825.pdf,NA,NA,y,CBC_040-1825.pdf
CBC_059,C3-C3de-C3bb-C21ae-C3an-C3s-C3dk,94682.0,1825.pdf,NA,NA,y,CBC_059-1825.pdf
CBC_024,C3-C3de-C3bb-C21ae-C3an-C3s-C3dk,104199.0,1825.pdf,NA,NA,y,CBC_024-1825.pdf
CBC_099,C3-C3de-C3bb-C21ae-C3an-C3s-C3dk,154076.0,1825.pdf,NA,NA,y,CBC_099-1825.pdf
CBC_147,C3-C3de-C3bb-C21ae-C3an-C3s-C3dk,58868.0,1825.pdf,NA,NA,y,CBC_147-1825.pdf
CBC_176,C3-C3de-C3bb-C21ae-C3an-C3s-C3dk,119225.0,1825.pdf,NA,NA,y,CBC_176-1825.pdf
CBC_242,C3-C3de-C3bb-C21ae-C3an-C3s-C3dk,52226.0,1825.pdf,NA,NA,y,CBC_242-1825.pdf
CBC_165,C3-C3de-C3bb-C21ae-C3an-C3s-C3dk,178242.0,1825.pdf,NA,NA,y,CBC_165-1825.pdf
CBC_110,C3-C3de-C3bb-C21ae-C3an-C3s-C3dk,166773.0,1825.pdf,NA,NA,y,CBC_110-1825.pdf
CBC_156,C3-C3de-C3bb-C21ae-C3an-C3s-C3dk,111841.0,1825.pdf,NA,NA,y,CBC_156-1825.pdf
CBC_170,C3-C3de-C3bb-C21ae-C3an-C3s-C3dk,104876.0,1825.pdf,NA,NA,y,CBC_170-1825.pdf
CBC_031,C3-C3de-C3bb-C21ae-C3an-C3s-C3dk,83029.0,1825.pdf,NA,NA,y,CBC_031-1825.pdf
CBC_101,C3-C3de-C3bb-C21ae-C3an-C3s-C3dk,118354.0,1825.pdf,NA,NA,y,CBC_101-1825.pdf
CBC_079,C3-C3de-C3bb-C21ae-C3an-C3s-C3dk,76633.0,1825.pdf,NA,NA,y,CBC_079-1825.pdf
CBC_088,C3-C3de-C3bb-C21ae-C3an-C3s-C3dk,12801.0,1825.pdf,NA,NA,y,CBC_088-1825.pdf
CBC_230,C3-C3de-C3bb-C21ae-C3an-C3s-C3dk,100856.0,1825.pdf,NA,NA,y,CBC_230-1825.pdf
CBC_033,C3-C3de-C3bb-C21ae-C3an-C3s-C3dk,144735.0,1825.pdf,NA,NA,y,CBC_033-1825.pdf
CBC_109,C3-C3de-C3bb-C21ae-C3an-C3s-C3dk,11108.0,1825.pdf,NA,NA,y,CBC_109-1825.pdf
CBC_030,C3-C3de-C3bb-C21ae-C3an-C3s-C3dk,22028.0,1825.pdf,NA,NA,y,CBC_030-1825.pdf
CBC_210,C3-C3de-C3bb-C21ae-C3an-C3s-C3dk,75944.0,1825.pdf,NA,NA,y,CBC_210-1825.pdf
CBC_064,C3-C3de-C3bb-C21ae-C3an-C3s-C3dk,76361.0,1825.pdf,NA,NA,y,CBC_064-1825.pdf
CBC_013,C3-C3de-C3bb-C21ae-C3an-C3s-C3dk,236807.0,1825.pdf,NA,NA,y,CBC_013-1825.pdf
CBC_113,C3-C3de-C3bb-C21ae-C3an-C3s-C3dk,157890.0,1825.pdf,NA,NA,y,CBC_113-1825.pdf
CBC_082,C3-C3de-C3bb-C21ae-C3an-C3s-C3dk,100768.0,1825.pdf,NA,NA,y,CBC_082-1825.pdf
CBC_063,C3-C3de-C3bb-C21ae-C3an-C3s-C3dk,225647.0,1825.pdf,NA,NA,y,CBC_063-1825.pdf
CBC_103,C3-C3de-C3bb-C21ae-C3an-C3s-C3dk,11428.0,1825.pdf,NA,NA,y,CBC_103-1825.pdf
CBC_006,C3-C3de-C3bb-C21ae-C3an-C3s-C3dk,130533.0,1825.pdf,NA,NA,y,CBC_006-1825.pdf
CBC_043,C3-C3de-C3bb-C21ae-C3an-C3s-C3dk,150933.0,1825.pdf,NA,NA,y,CBC_043-1825.pdf
CBC_008,C3-C3de-C3bb-C21ae-C3an-C3s-C3dk,167506.0,1825.pdf,NA,NA,y,CBC_008-1825.pdf
CBC_037,C3-C3de-C3bb-C21ae-C3an-C3s-C3dk,81947.0,1825.pdf,NA,NA,y,CBC_037-1825.pdf
CBC_015,C3-C3de-C3bb-C21ae-C3an-C3s-C3dk,373338.0,1825.pdf,NA,NA,y,CBC_015-1825.pdf
CBC_100,C3-C3de-C3bb-C21ae-C3an-C3s-C3dk,93850.0,1825.pdf,NA,NA,y,CBC_100-1825.pdf
CBC_025,C3-C3de-C3bb-C21ae-C3an-C3s-C3dk,108538.0,1825.pdf,NA,NA,y,CBC_025-1825.pdf
CBC_229,C3-C3de-C3bb-C21ae-C3an-C3s-C3dk,82830.0,1825.pdf,NA,NA,y,CBC_229-1825.pdf
CBC_161,C3-C3de-C3bb-C21ae-C3an-C3s-C3dk,193069.0,1825.pdf,NA,NA,y,CBC_161-1825.pdf
CBC_083,C3-C3de-C3bb-C21ae-C3an-C3s-C3dk,113998.0,1825.pdf,NA,NA,y,CBC_083-1825.pdf
CBC_154,C3-C3de-C3bb-C21ae-C3an-C3s-C3dk,139560.0,1825.pdf,NA,NA,y,CBC_154-1825.pdf
CBC_032,C3-C3de-C3bb-C21ae-C3an-C3s-C3dk,94296.0,1825.pdf,NA,NA,y,CBC_032-1825.pdf
CBC_019,C3/C3dm-C3de-C3bb-C3cd-C21ae-C3an-C3s-C3dk,116666.0,1825.pdf,NA,NA,y,CBC_019-1825.pdf
CBC_042,C3/C3dm-C3de-C3bb-C3cd-C21ae-C3an-C3s-C3dk,131129.0,1825.pdf,NA,NA,y,CBC_042-1825.pdf
CBC_052,C3/C3dm-C3de-C3bb-C3cd-C21ae-C3an-C3s-C3dk,113837.0,1825.pdf,NA,NA,y,CBC_052-1825.pdf
CBC_133,C3/C3dm-C3de-C3bb-C3cd-C21ae-C3an-C3s-C3dk,84231.0,1825.pdf,NA,NA,y,CBC_133-1825.pdf
CBC_073,C3/C3dm-C3de-C3bb-C3cd-C21ae-C3an-C3s-C3dk,66491.0,1825.pdf,NA,NA,y,CBC_073-1825.pdf
CBC_104,C3/C3dm-C3de-C3bb-C3cd-C21ae-C3an-C3s-C3dk,66548.0,1825.pdf,NA,NA,y,CBC_104-1825.pdf
CBC_080,C3/C3dm-C3de-C3bb-C3cd-C21ae-C3an-C3s-C3dk,121288.0,1825.pdf,NA,NA,y,CBC_080-1825.pdf
CBC_054,C3/C3dm-C3de-C3bb-C3cd-C21ae-C3an-C3s-C3dk,120857.0,1825.pdf,NA,NA,y,CBC_054-1825.pdf
CBC_044,C3/C3dm-C3de-C3bb-C3cd-C21ae-C3an-C3s-C3dk,5532.0,1825.pdf,NA,NA,y,CBC_044-1825.pdf
CBC_199,C3/C3dm-C3de-C3bb-C3cd-C21ae-C3an-C3s-C3dk,140363.0,1825.pdf,NA,NA,y,CBC_199-1825.pdf
CBC_056,C3/C3dm-C3de-C3bb-C3cd-C21ae-C3an-C3s-C3dk,121685.0,1825.pdf,NA,NA,y,CBC_056-1825.pdf
CBC_021,C3/C3dm-C3de-C3bb-C3cd-C21ae-C3an-C3s-C3dk,318009.0,1825.pdf,NA,NA,y,CBC_021-1825.pdf
CBC_096,C3/C3dm-C3de-C3bb-C3cd-C21ae-C3an-C3s-C3dk,59567.0,1825.pdf,NA,NA,y,CBC_096-1825.pdf
CBC_023,C3/C3dm-C3de-C3bb-C3cd-C21ae-C3an-C3s-C3dk,154904.0,1825.pdf,NA,NA,y,CBC_023-1825.pdf
CBC_078,C3/C3dm-C3de-C3bb-C3cd-C21ae-C3an-C3s-C3dk,87596.0,1825.pdf,NA,NA,y,CBC_078-1825.pdf
CBC_089,C3/C3dm-C3de-C3bb-C3cd-C21ae-C3an-C3s-C3dk,26406.0,1825.pdf,NA,NA,y,CBC_089-1825.pdf
CBC_122,C3/C3dm-C3de-C3bb-C3cd-C21ae-C3an-C3s-C3dk,134892.0,1825.pdf,NA,NA,y,CBC_122-1825.pdf
CBC_036,C3/C3dm-C3de-C3bb-C3cd-C21ae-C3an-C3s-C3dk,70372.0,1825.pdf,NA,NA,y,CBC_036-1825.pdf
CBC_093,C3/C3dm-C3de-C3bb-C3cd-C21ae-C3an-C3s-C3dk,140358.0,1825.pdf,NA,NA,y,CBC_093-1825.pdf
CBC_236,C3/C3dm-C3de-C3bb-C3cd-C21ae-C3an-C3s-C3dk,153129.0,1825.pdf,NA,NA,y,CBC_236-1825.pdf
CBC_026,C3/C3cd-C3de-C3dn-C3bb-C21ae-C3an,62442.0,1825.pdf,NA,NA,y,CBC_026-1825.pdf
CBC_144,C3/C3cd-C3de-C3dn-C3bb-C21ae-C3an,22158.0,1825.pdf,NA,NA,y,CBC_144-1825.pdf
CBC_157,C3/C3cd-C3de-C3dn-C3bb-C21ae-C3an,100476.0,1825.pdf,NA,NA,y,CBC_157-1825.pdf
CBC_041,C3/C3cd-C3de-C3dn-C3bb-C21ae-C3an,50626.0,1825.pdf,NA,NA,y,CBC_041-1825.pdf
CBC_084,C3/C3cd-C3de-C3dn-C3bb-C21ae-C3an,31628.0,1825.pdf,NA,NA,y,CBC_084-1825.pdf
CBC_179,C3/C3cd-C3de-C3dn-C3bb-C21ae-C3an,156354.0,1825.pdf,NA,NA,y,CBC_179-1825.pdf
CBC_160,C3/C3cd-C3de-C3dn-C3bb-C21ae-C3an,125097.0,1825.pdf,NA,NA,y,CBC_160-1825.pdf
CBC_149,C3/C3cd-C3de-C3dn-C3bb-C21ae-C3an,64399.0,1825.pdf,NA,NA,y,CBC_149-1825.pdf
CBC_039,C3/C3cd-C3de-C3dn-C3bb-C21ae-C3an,141312.0,1825.pdf,NA,NA,y,CBC_039-1825.pdf
CBC_159,C3/C3cd-C3de-C3dn-C3bb-C21ae-C3an,87604.0,1825.pdf,NA,NA,y,CBC_159-1825.pdf
CBC_152,C3/C3cd-C3de-C3dn-C3bb-C21ae-C3an,100823.0,1825.pdf,NA,NA,y,CBC_152-1825.pdf
CBC_076,C3/C3cd-C3de-C3dn-C3bb-C21ae-C3an,163264.0,1825.pdf,NA,NA,y,CBC_076-1825.pdf
CBC_187,C3/C3cd-C3de-C3dn-C3bb-C21ae-C3an,93849.0,1825.pdf,NA,NA,y,CBC_187-1825.pdf
CBC_002,C3/C3cd-C3de-C3dn-C3bb-C21ae-C3an,122993.0,1825.pdf,NA,NA,y,CBC_002-1825.pdf
CBC_035,C3/C3cd-C3de-C3dn-C3bb-C21ae-C3an,132917.0,1825.pdf,NA,NA,y,CBC_035-1825.pdf
CBC_114,C3/C3cd-C3de-C3dn-C3bb-C21ae-C3an,126045.0,1825.pdf,NA,NA,y,CBC_114-1825.pdf
CBC_057,B18b,108.0,1825.pdf,NA,NA,y,CBC_057-1825.pdf
CBC_057,C3/C3cd-C3de-C3dn-C3bb-C21ae-C3an,52922.0,1825.pdf,NA,NA,y,CBC_057-1825.pdf
CBC_020,C3/C3cd-C3de-C3dn-C3bb-C21ae-C3an,143403.0,1825.pdf,NA,NA,y,CBC_020-1825.pdf
CBC_058,C3/C3cd-C3de-C3dn-C3bb-C21ae-C3an,69498.0,1825.pdf,NA,NA,y,CBC_058-1825.pdf
CBC_155,C3-C3an-C3b-C21-C3fc-C3bb-C3s-C3fd,127918.0,1825.pdf,NA,NA,y,CBC_155-1825.pdf
CBC_045,C3-C3an-C3b-C21-C3fc-C3bb-C3s-C3fd,161491.0,1825.pdf,NA,NA,y,CBC_045-1825.pdf
CBC_183,C3-C3an-C3b-C21-C3fc-C3bb-C3s-C3fd,109620.0,1825.pdf,NA,NA,y,CBC_183-1825.pdf
CBC_115,C3-C3an-C3b-C21-C3fc-C3bb-C3s-C3fd,125964.0,1825.pdf,NA,NA,y,CBC_115-1825.pdf
CBC_120,A4/A4a,343.0,1825.pdf,NA,NA,y,CBC_120-1825.pdf
CBC_120,C3an/C3-C21-C3bb,123342.0,1825.pdf,NA,NA,y,CBC_120-1825.pdf
CBC_034,C3an/C3-C21-C3bb,50260.0,1825.pdf,NA,NA,y,CBC_034-1825.pdf
CBC_162,C3an/C3-C21-C3bb,44672.0,1825.pdf,NA,NA,y,CBC_162-1825.pdf
CBC_163,C3an/C3-C21-C3bb,23853.0,1825.pdf,NA,NA,y,CBC_163-1825.pdf
CBC_098,C3-C3an,14382.0,1825.pdf,NA,NA,y,CBC_098-1825.pdf
S_16_E0556_150_EH-16S_18S_16S_amplicon_S503-A_N701-A,A1,6795.0,1834.pdf,Platygyra,daedalea,y,S_16_E0556_150_EH-16S_18S_16S_amplicon_S503-A_N701-A-1834.pdf
S_16_E0556_150_EH-16S_18S_16S_amplicon_S503-A_N701-A,C3-C115b-C3gulf-C3d-C3ai-C18a,5011.0,1834.pdf,Platygyra,daedalea,y,S_16_E0556_150_EH-16S_18S_16S_amplicon_S503-A_N701-A-1834.pdf
S_16_E0556_150_EH-16S_18S_16S_amplicon_S503-A_N701-A,D5/D1/D17a-D4,526.0,1834.pdf,Platygyra,daedalea,y,S_16_E0556_150_EH-16S_18S_16S_amplicon_S503-A_N701-A-1834.pdf
S_16_E0772_476_EH-16S_18S_16S_amplicon_S517-C_N706-C,C3-C3gulf-C3c-C3aj,6518.0,1834.pdf,Cyphastrea,microphthalma,y,S_16_E0772_476_EH-16S_18S_16S_amplicon_S517-C_N706-C-1834.pdf
S_16_E0709_275_EH-16S_18S_16S_amplicon_S510-B_N716-B,C3-C3gulf-C3c-C3aj,15660.0,1834.pdf,Cyphastrea,microphthalma,y,S_16_E0709_275_EH-16S_18S_16S_amplicon_S510-B_N716-B-1834.pdf
S_16_E0552_235_EH-16S_18S_16S_amplicon_S502-A_N710-A,C3-C3gulf-C3c-C3aj,11820.0,1834.pdf,Cyphastrea,microphthalma,y,S_16_E0552_235_EH-16S_18S_16S_amplicon_S502-A_N710-A-1834.pdf
S_16_E0748_470_EH-16S_18S_16S_amplicon_S515-C_N705-C,C3-C3gulf-C3c-C3aj,11208.0,1834.pdf,Cyphastrea,microphthalma,y,S_16_E0748_470_EH-16S_18S_16S_amplicon_S515-C_N705-C-1834.pdf
S_16_E0748_470_EH-16S_18S_16S_amplicon_S515-C_N705-C,D5/D4,148.0,1834.pdf,Cyphastrea,microphthalma,y,S_16_E0748_470_EH-16S_18S_16S_amplicon_S515-C_N705-C-1834.pdf
S_16_E0648_373_EH-16S_18S_16S_amplicon_S502-B_N727-B,C3-C3gulf-C3c-C3aj,12232.0,1834.pdf,Cyphastrea,microphthalma,y,S_16_E0648_373_EH-16S_18S_16S_amplicon_S502-B_N727-B-1834.pdf
S_16_E0659_371_EH-16S_18S_16S_amplicon_S503-B_N727-B,C3-C3gulf-C3c-C3aj,10518.0,1834.pdf,Cyphastrea,microphthalma,y,S_16_E0659_371_EH-16S_18S_16S_amplicon_S503-B_N727-B-1834.pdf
S_16_E0883_617_EH-16S_18S_16S_amplicon_S520-D_N718-D,A1,262.0,1834.pdf,Cyphastrea,microphthalma,y,S_16_E0883_617_EH-16S_18S_16S_amplicon_S520-D_N718-D-1834.pdf
S_16_E0883_617_EH-16S_18S_16S_amplicon_S520-D_N718-D,C3-C3gulf-C3c-C3aj,14515.0,1834.pdf,Cyphastrea,microphthalma,y,S_16_E0883_617_EH-16S_18S_16S_amplicon_S520-D_N718-D-1834.pdf
S_16_E0796_474_EH-16S_18S_16S_amplicon_S520-C_N706-C,C3-C3gulf-C3c-C3aj,10221.0,1834.pdf,Cyphastrea,microphthalma,y,S_16_E0796_474_EH-16S_18S_16S_amplicon_S520-C_N706-C-1834.pdf
S_16_E0656_341_EH-16S_18S_16S_amplicon_S503-B_N723-B,C3-C3gulf-C3c-C3aj,14245.0,1834.pdf,Cyphastrea,microphthalma,y,S_16_E0656_341_EH-16S_18S_16S_amplicon_S503-B_N723-B-1834.pdf
S_16_E0721_274_EH-16S_18S_16S_amplicon_S511-B_N716-B,C3-C3gulf-C3c-C3aj,14555.0,1834.pdf,Cyphastrea,microphthalma,y,S_16_E0721_274_EH-16S_18S_16S_amplicon_S511-B_N716-B-1834.pdf
S_16_E0908_624_EH-16S_18S_16S_amplicon_S522-D_N719-D,C3-C3gulf-C3c-C3aj,14350.0,1834.pdf,Cyphastrea,microphthalma,y,S_16_E0908_624_EH-16S_18S_16S_amplicon_S522-D_N719-D-1834.pdf
S_16_E0731_374_EH-16S_18S_16S_amplicon_S511-B_N728-B,C3-C3gulf-C3c-C3aj,14652.0,1834.pdf,Cyphastrea,microphthalma,y,S_16_E0731_374_EH-16S_18S_16S_amplicon_S511-B_N728-B-1834.pdf
S_16_E0682_369_EH-16S_18S_16S_amplicon_S506-B_N727-B,C3-C3gulf-C3c-C3aj,15652.0,1834.pdf,Cyphastrea,microphthalma,y,S_16_E0682_369_EH-16S_18S_16S_amplicon_S506-B_N727-B-1834.pdf
S_16_E0710_285_EH-16S_18S_16S_amplicon_S510-B_N718-B,C3-C3gulf-C3c-C3aj,8233.0,1834.pdf,Cyphastrea,microphthalma,y,S_16_E0710_285_EH-16S_18S_16S_amplicon_S510-B_N718-B-1834.pdf
S_16_E0671_380_EH-16S_18S_16S_amplicon_S505-B_N728-B,C3-C3gulf-C3c-C3aj,13472.0,1834.pdf,Cyphastrea,microphthalma,y,S_16_E0671_380_EH-16S_18S_16S_amplicon_S505-B_N728-B-1834.pdf
S_16_E0713_315_EH-16S_18S_16S_amplicon_S510-B_N721-B,C3-C3gulf-C3c-C3aj,12281.0,1834.pdf,Cyphastrea,microphthalma,y,S_16_E0713_315_EH-16S_18S_16S_amplicon_S510-B_N721-B-1834.pdf
S_16_E0846_711_EH-16S_18S_16S_amplicon_S515-D_N726-D,C3-C3gulf-C3c-C3aj,9527.0,1834.pdf,Cyphastrea,microphthalma,y,S_16_E0846_711_EH-16S_18S_16S_amplicon_S515-D_N726-D-1834.pdf
S_16_E0727_334_EH-16S_18S_16S_amplicon_S511-B_N723-B,A1,485.0,1834.pdf,Cyphastrea,microphthalma,y,S_16_E0727_334_EH-16S_18S_16S_amplicon_S511-B_N723-B-1834.pdf
S_16_E0727_334_EH-16S_18S_16S_amplicon_S511-B_N723-B,C3-C3gulf-C3c-C3aj,15738.0,1834.pdf,Cyphastrea,microphthalma,y,S_16_E0727_334_EH-16S_18S_16S_amplicon_S511-B_N723-B-1834.pdf
S_16_E0899_667_EH-16S_18S_16S_amplicon_S521-D_N722-D,C3-C3gulf-C3c-C3aj,13679.0,1834.pdf,Cyphastrea,microphthalma,y,S_16_E0899_667_EH-16S_18S_16S_amplicon_S521-D_N722-D-1834.pdf
S_16_E0888_686_EH-16S_18S_16S_amplicon_S520-D_N723-D,C3-C3gulf-C3c-C3aj,12041.0,1834.pdf,Cyphastrea,microphthalma,y,S_16_E0888_686_EH-16S_18S_16S_amplicon_S520-D_N723-D-1834.pdf
S_16_E0874_638_EH-16S_18S_16S_amplicon_S518-D_N720-D,C3-C3gulf-C3c-C3aj,12371.0,1834.pdf,Cyphastrea,microphthalma,y,S_16_E0874_638_EH-16S_18S_16S_amplicon_S518-D_N720-D-1834.pdf
S_16_E0657_350_EH-16S_18S_16S_amplicon_S503-B_N724-B,A1,601.0,1834.pdf,Cyphastrea,microphthalma,y,S_16_E0657_350_EH-16S_18S_16S_amplicon_S503-B_N724-B-1834.pdf
S_16_E0657_350_EH-16S_18S_16S_amplicon_S503-B_N724-B,C3-C3gulf-C3c-C3aj,13724.0,1834.pdf,Cyphastrea,microphthalma,y,S_16_E0657_350_EH-16S_18S_16S_amplicon_S503-B_N724-B-1834.pdf
S_16_E0862_628_EH-16S_18S_16S_amplicon_S517-D_N719-D,C3-C3gulf-C3c-C3aj,5810.0,1834.pdf,Cyphastrea,microphthalma,y,S_16_E0862_628_EH-16S_18S_16S_amplicon_S517-D_N719-D-1834.pdf
S_16_E0652_301_EH-16S_18S_16S_amplicon_S503-B_N719-B,C3-C3gulf-C3c-C3aj,9754.0,1834.pdf,Cyphastrea,microphthalma,y,S_16_E0652_301_EH-16S_18S_16S_amplicon_S503-B_N719-B-1834.pdf
S_16_E0857_709_EH-16S_18S_16S_amplicon_S516-D_N726-D,C3-C3gulf-C3c-C3aj,7375.0,1834.pdf,Cyphastrea,microphthalma,y,S_16_E0857_709_EH-16S_18S_16S_amplicon_S516-D_N726-D-1834.pdf
S_16_E0875_657_EH-16S_18S_16S_amplicon_S518-D_N721-D,C3-C3gulf-C3c-C3aj,9001.0,1834.pdf,Cyphastrea,microphthalma,y,S_16_E0875_657_EH-16S_18S_16S_amplicon_S518-D_N721-D-1834.pdf
S_16_E0840_630_EH-16S_18S_16S_amplicon_S515-D_N719-D,C3-C3gulf-C3c-C3aj,17795.0,1834.pdf,Cyphastrea,microphthalma,y,S_16_E0840_630_EH-16S_18S_16S_amplicon_S515-D_N719-D-1834.pdf
S_16_E0578_272_EH-16S_18S_16S_amplicon_S505-A_N715-A,C3-C3gulf-C3c-C3aj,8950.0,1834.pdf,Cyphastrea,microphthalma,y,S_16_E0578_272_EH-16S_18S_16S_amplicon_S505-A_N715-A-1834.pdf
S_16_E0670_370_EH-16S_18S_16S_amplicon_S505-B_N727-B,C3-C3gulf-C3c-C3aj,16845.0,1834.pdf,Cyphastrea,microphthalma,y,S_16_E0670_370_EH-16S_18S_16S_amplicon_S505-B_N727-B-1834.pdf
S_16_E0589_259_EH-16S_18S_16S_amplicon_S506-A_N714-A,C3-C3gulf-C3c-C3aj,12119.0,1834.pdf,Cyphastrea,microphthalma,y,S_16_E0589_259_EH-16S_18S_16S_amplicon_S506-A_N714-A-1834.pdf
S_16_E0719_375_EH-16S_18S_16S_amplicon_S510-B_N728-B,A1,549.0,1834.pdf,Cyphastrea,microphthalma,y,S_16_E0719_375_EH-16S_18S_16S_amplicon_S510-B_N728-B-1834.pdf
S_16_E0719_375_EH-16S_18S_16S_amplicon_S510-B_N728-B,C3-C3gulf-C3c-C3aj,15430.0,1834.pdf,Cyphastrea,microphthalma,y,S_16_E0719_375_EH-16S_18S_16S_amplicon_S510-B_N728-B-1834.pdf
S_16_E0700_305_EH-16S_18S_16S_amplicon_S508-B_N720-B,C3-C3gulf-C3c-C3aj,9394.0,1834.pdf,Cyphastrea,microphthalma,y,S_16_E0700_305_EH-16S_18S_16S_amplicon_S508-B_N720-B-1834.pdf
S_16_E0832_678_EH-16S_18S_16S_amplicon_S513-D_N722-D,C3-C3gulf-C3c-C3aj,8843.0,1834.pdf,Cyphastrea,microphthalma,y,S_16_E0832_678_EH-16S_18S_16S_amplicon_S513-D_N722-D-1834.pdf
S_16_E0884_626_EH-16S_18S_16S_amplicon_S520-D_N719-D,C3-C3gulf-C3c-C3aj,22529.0,1834.pdf,Cyphastrea,microphthalma,y,S_16_E0884_626_EH-16S_18S_16S_amplicon_S520-D_N719-D-1834.pdf
S_16_E0851_629_EH-16S_18S_16S_amplicon_S516-D_N719-D,C3-C3gulf-C3c-C3aj,16916.0,1834.pdf,Cyphastrea,microphthalma,y,S_16_E0851_629_EH-16S_18S_16S_amplicon_S516-D_N719-D-1834.pdf
S_16_E0877_687_EH-16S_18S_16S_amplicon_S518-D_N723-D,A1,1401.0,1834.pdf,Cyphastrea,microphthalma,y,S_16_E0877_687_EH-16S_18S_16S_amplicon_S518-D_N723-D-1834.pdf
S_16_E0877_687_EH-16S_18S_16S_amplicon_S518-D_N723-D,C3-C3gulf-C3c-C3aj,9975.0,1834.pdf,Cyphastrea,microphthalma,y,S_16_E0877_687_EH-16S_18S_16S_amplicon_S518-D_N723-D-1834.pdf
S_16_E0907_614_EH-16S_18S_16S_amplicon_S522-D_N718-D,C3-C3gulf-C3c-C3aj,8936.0,1834.pdf,Cyphastrea,microphthalma,y,S_16_E0907_614_EH-16S_18S_16S_amplicon_S522-D_N718-D-1834.pdf
S_16_E0907_614_EH-16S_18S_16S_amplicon_S522-D_N718-D,D5/D1/D17a-D4,1351.0,1834.pdf,Cyphastrea,microphthalma,y,S_16_E0907_614_EH-16S_18S_16S_amplicon_S522-D_N718-D-1834.pdf
S_16_E0843_676_EH-16S_18S_16S_amplicon_S515-D_N722-D,A1,869.0,1834.pdf,Cyphastrea,microphthalma,y,S_16_E0843_676_EH-16S_18S_16S_amplicon_S515-D_N722-D-1834.pdf
S_16_E0843_676_EH-16S_18S_16S_amplicon_S515-D_N722-D,C3-C3gulf-C3c-C3aj,5826.0,1834.pdf,Cyphastrea,microphthalma,y,S_16_E0843_676_EH-16S_18S_16S_amplicon_S515-D_N722-D-1834.pdf
S_16_E0760_477_EH-16S_18S_16S_amplicon_S516-C_N706-C,C3-C3gulf-C3c-C3aj,7571.0,1834.pdf,Cyphastrea,microphthalma,y,S_16_E0760_477_EH-16S_18S_16S_amplicon_S516-C_N706-C-1834.pdf
S_16_E0820_472_EH-16S_18S_16S_amplicon_S522-C_N706-C,C3-C3gulf-C3c-C3aj,8152.0,1834.pdf,Cyphastrea,microphthalma,y,S_16_E0820_472_EH-16S_18S_16S_amplicon_S522-C_N706-C-1834.pdf
S_16_E0610_229_EH-16S_18S_16S_amplicon_S508-A_N710-A,C3-C3gulf-C3c-C3aj,10074.0,1834.pdf,Cyphastrea,microphthalma,y,S_16_E0610_229_EH-16S_18S_16S_amplicon_S508-A_N710-A-1834.pdf
S_16_E0711_294_EH-16S_18S_16S_amplicon_S510-B_N719-B,C3-C3gulf-C3c-C3aj,10607.0,1834.pdf,Cyphastrea,microphthalma,y,S_16_E0711_294_EH-16S_18S_16S_amplicon_S510-B_N719-B-1834.pdf
S_16_E0762_499_EH-16S_18S_16S_amplicon_S516-C_N710-C,A1,2703.0,1834.pdf,Cyphastrea,microphthalma,y,S_16_E0762_499_EH-16S_18S_16S_amplicon_S516-C_N710-C-1834.pdf
S_16_E0762_499_EH-16S_18S_16S_amplicon_S516-C_N710-C,C3-C3gulf-C3c-C3aj,8939.0,1834.pdf,Cyphastrea,microphthalma,y,S_16_E0762_499_EH-16S_18S_16S_amplicon_S516-C_N710-C-1834.pdf
S_16_E0605_164_EH-16S_18S_16S_amplicon_S508-A_N703-A,A1,3909.0,1834.pdf,Cyphastrea,microphthalma,y,S_16_E0605_164_EH-16S_18S_16S_amplicon_S508-A_N703-A-1834.pdf
S_16_E0605_164_EH-16S_18S_16S_amplicon_S508-A_N703-A,C3-C3gulf-C3c-C3aj,11220.0,1834.pdf,Cyphastrea,microphthalma,y,S_16_E0605_164_EH-16S_18S_16S_amplicon_S508-A_N703-A-1834.pdf
S_16_E0683_379_EH-16S_18S_16S_amplicon_S506-B_N728-B,A1,3471.0,1834.pdf,Cyphastrea,microphthalma,y,S_16_E0683_379_EH-16S_18S_16S_amplicon_S506-B_N728-B-1834.pdf
S_16_E0683_379_EH-16S_18S_16S_amplicon_S506-B_N728-B,C3-C3gulf-C3c-C3aj,8871.0,1834.pdf,Cyphastrea,microphthalma,y,S_16_E0683_379_EH-16S_18S_16S_amplicon_S506-B_N728-B-1834.pdf
S_16_E0637_255_EH-16S_18S_16S_amplicon_S511-A_N714-A,A1,6968.0,1834.pdf,Cyphastrea,microphthalma,y,S_16_E0637_255_EH-16S_18S_16S_amplicon_S511-A_N714-A-1834.pdf
S_16_E0637_255_EH-16S_18S_16S_amplicon_S511-A_N714-A,C3-C3gulf-C3c-C3aj,13775.0,1834.pdf,Cyphastrea,microphthalma,y,S_16_E0637_255_EH-16S_18S_16S_amplicon_S511-A_N714-A-1834.pdf
S_16_E0741_511_EH-16S_18S_16S_amplicon_S513-C_N711-C,A1,4611.0,1834.pdf,Cyphastrea,microphthalma,y,S_16_E0741_511_EH-16S_18S_16S_amplicon_S513-C_N711-C-1834.pdf
S_16_E0741_511_EH-16S_18S_16S_amplicon_S513-C_N711-C,C3-C3gulf-C3c-C3aj,7246.0,1834.pdf,Cyphastrea,microphthalma,y,S_16_E0741_511_EH-16S_18S_16S_amplicon_S513-C_N711-C-1834.pdf
S_16_E0591_147_EH-16S_18S_16S_amplicon_S507-A_N701-A,D17a/D1-D4-D17-D1g,31523.0,1834.pdf,Cyphastrea,microphthalma,y,S_16_E0591_147_EH-16S_18S_16S_amplicon_S507-A_N701-A-1834.pdf
S_16_E0894_545_EH-16S_18S_16S_amplicon_S521-D_N716-D,D17a/D1-D4-D17-D1g,23616.0,1834.pdf,Cyphastrea,microphthalma,y,S_16_E0894_545_EH-16S_18S_16S_amplicon_S521-D_N716-D-1834.pdf
S_16_E0870_740_EH-16S_18S_16S_amplicon_S517-D_N728-D,D17a/D1-D4-D17-D1g,13958.0,1834.pdf,Cyphastrea,microphthalma,y,S_16_E0870_740_EH-16S_18S_16S_amplicon_S517-D_N728-D-1834.pdf
S_16_E0906_543_EH-16S_18S_16S_amplicon_S522-D_N716-D,D17a/D1-D4-D17-D1g,18453.0,1834.pdf,Cyphastrea,microphthalma,y,S_16_E0906_543_EH-16S_18S_16S_amplicon_S522-D_N716-D-1834.pdf
S_16_E0603_146_EH-16S_18S_16S_amplicon_S508-A_N701-A,D17a/D1-D4-D17-D1g,25721.0,1834.pdf,Cyphastrea,microphthalma,y,S_16_E0603_146_EH-16S_18S_16S_amplicon_S508-A_N701-A-1834.pdf
S_16_E0891_730_EH-16S_18S_16S_amplicon_S520-D_N727-D,D17a/D1-D4-D17-D1g,15525.0,1834.pdf,Cyphastrea,microphthalma,y,S_16_E0891_730_EH-16S_18S_16S_amplicon_S520-D_N727-D-1834.pdf
S_16_E0881_739_EH-16S_18S_16S_amplicon_S518-D_N728-D,D17a/D1-D4-D17-D1g,15168.0,1834.pdf,Cyphastrea,microphthalma,y,S_16_E0881_739_EH-16S_18S_16S_amplicon_S518-D_N728-D-1834.pdf
S_16_E0733_410_EH-16S_18S_16S_amplicon_S513-C_N701-C,D17a/D1-D4-D17-D1g,22088.0,1834.pdf,Cyphastrea,microphthalma,y,S_16_E0733_410_EH-16S_18S_16S_amplicon_S513-C_N701-C-1834.pdf
S_16_E0904_737_EH-16S_18S_16S_amplicon_S521-D_N728-D,D17a/D1-D4-D17-D1g,19814.0,1834.pdf,Cyphastrea,microphthalma,y,S_16_E0904_737_EH-16S_18S_16S_amplicon_S521-D_N728-D-1834.pdf
S_16_E0708_398_EH-16S_18S_16S_amplicon_S508-B_N729-B,D17a/D1-D4-D17-D1g,31337.0,1834.pdf,Cyphastrea,microphthalma,y,S_16_E0708_398_EH-16S_18S_16S_amplicon_S508-B_N729-B-1834.pdf
S_16_E0545_151_EH-16S_18S_16S_amplicon_S502-A_N701-A,D17a/D1-D4-D17-D1g,28099.0,1834.pdf,Cyphastrea,microphthalma,y,S_16_E0545_151_EH-16S_18S_16S_amplicon_S502-A_N701-A-1834.pdf
S_16_E0607_187_EH-16S_18S_16S_amplicon_S508-A_N705-A,D17a/D1-D4-D17-D1g,20864.0,1834.pdf,Cyphastrea,microphthalma,y,S_16_E0607_187_EH-16S_18S_16S_amplicon_S508-A_N705-A-1834.pdf
S_16_E0571_190_EH-16S_18S_16S_amplicon_S505-A_N705-A,D17a/D1-D4-D17-D1g,13850.0,1834.pdf,Cyphastrea,microphthalma,y,S_16_E0571_190_EH-16S_18S_16S_amplicon_S505-A_N705-A-1834.pdf
S_16_E0765_531_EH-16S_18S_16S_amplicon_S516-C_N714-C,D17a/D1-D4-D17-D1g,21386.0,1834.pdf,Cyphastrea,microphthalma,y,S_16_E0765_531_EH-16S_18S_16S_amplicon_S516-C_N714-C-1834.pdf
S_16_E0849_552_EH-16S_18S_16S_amplicon_S516-D_N716-D,D17a/D1-D4-D17-D1g,23026.0,1834.pdf,Cyphastrea,microphthalma,y,S_16_E0849_552_EH-16S_18S_16S_amplicon_S516-D_N716-D-1834.pdf
S_16_E0604_154_EH-16S_18S_16S_amplicon_S508-A_N702-A,D17a/D1-D4-D17-D1g,29621.0,1834.pdf,Cyphastrea,microphthalma,y,S_16_E0604_154_EH-16S_18S_16S_amplicon_S508-A_N702-A-1834.pdf
S_16_E0917_745_EH-16S_18S_16S_amplicon_S522-D_N729-D,D17a/D1-D4-D17-D1g,21484.0,1834.pdf,Cyphastrea,microphthalma,y,S_16_E0917_745_EH-16S_18S_16S_amplicon_S522-D_N729-D-1834.pdf
S_16_E0696_399_EH-16S_18S_16S_amplicon_S507-B_N729-B,D17a/D1-D4-D17-D1g,22582.0,1834.pdf,Cyphastrea,microphthalma,y,S_16_E0696_399_EH-16S_18S_16S_amplicon_S507-B_N729-B-1834.pdf
S_16_E0778_541_EH-16S_18S_16S_amplicon_S517-C_N715-C,C3,23.0,1834.pdf,Cyphastrea,microphthalma,y,S_16_E0778_541_EH-16S_18S_16S_amplicon_S517-C_N715-C-1834.pdf
S_16_E0778_541_EH-16S_18S_16S_amplicon_S517-C_N715-C,C15h-C15k,199.0,1834.pdf,Cyphastrea,microphthalma,y,S_16_E0778_541_EH-16S_18S_16S_amplicon_S517-C_N715-C-1834.pdf
S_16_E0778_541_EH-16S_18S_16S_amplicon_S517-C_N715-C,D17a/D1-D4-D17-D1g,16724.0,1834.pdf,Cyphastrea,microphthalma,y,S_16_E0778_541_EH-16S_18S_16S_amplicon_S517-C_N715-C-1834.pdf
S_16_E0744_409_EH-16S_18S_16S_amplicon_S515-C_N701-C,D17a/D1-D4-D17-D1g,28642.0,1834.pdf,Cyphastrea,microphthalma,y,S_16_E0744_409_EH-16S_18S_16S_amplicon_S515-C_N701-C-1834.pdf
S_16_E0767_407_EH-16S_18S_16S_amplicon_S517-C_N701-C,D17a/D1-D4-D17-D1g,35323.0,1834.pdf,Cyphastrea,microphthalma,y,S_16_E0767_407_EH-16S_18S_16S_amplicon_S517-C_N701-C-1834.pdf
S_16_E0582_175_EH-16S_18S_16S_amplicon_S506-A_N704-A,C3-C3u-C3gulf,46.0,1834.pdf,Cyphastrea,microphthalma,y,S_16_E0582_175_EH-16S_18S_16S_amplicon_S506-A_N704-A-1834.pdf
S_16_E0582_175_EH-16S_18S_16S_amplicon_S506-A_N704-A,C15h-C15o-C15k,463.0,1834.pdf,Cyphastrea,microphthalma,y,S_16_E0582_175_EH-16S_18S_16S_amplicon_S506-A_N704-A-1834.pdf
S_16_E0582_175_EH-16S_18S_16S_amplicon_S506-A_N704-A,D17a/D1-D4-D17-D1g,20395.0,1834.pdf,Cyphastrea,microphthalma,y,S_16_E0582_175_EH-16S_18S_16S_amplicon_S506-A_N704-A-1834.pdf
S_16_E0827_558_EH-16S_18S_16S_amplicon_S513-D_N716-D,C3/C3c-C3gulf,100.0,1834.pdf,Cyphastrea,microphthalma,y,S_16_E0827_558_EH-16S_18S_16S_amplicon_S513-D_N716-D-1834.pdf
S_16_E0827_558_EH-16S_18S_16S_amplicon_S513-D_N716-D,C15,173.0,1834.pdf,Cyphastrea,microphthalma,y,S_16_E0827_558_EH-16S_18S_16S_amplicon_S513-D_N716-D-1834.pdf
S_16_E0827_558_EH-16S_18S_16S_amplicon_S513-D_N716-D,D17a/D1-D4-D17-D1g,20900.0,1834.pdf,Cyphastrea,microphthalma,y,S_16_E0827_558_EH-16S_18S_16S_amplicon_S513-D_N716-D-1834.pdf
S_16_E0916_736_EH-16S_18S_16S_amplicon_S522-D_N728-D,C15h-C15o-C15k,224.0,1834.pdf,Cyphastrea,microphthalma,y,S_16_E0916_736_EH-16S_18S_16S_amplicon_S522-D_N728-D-1834.pdf
S_16_E0916_736_EH-16S_18S_16S_amplicon_S522-D_N728-D,C3,17.0,1834.pdf,Cyphastrea,microphthalma,y,S_16_E0916_736_EH-16S_18S_16S_amplicon_S522-D_N728-D-1834.pdf
S_16_E0916_736_EH-16S_18S_16S_amplicon_S522-D_N728-D,D17a/D1-D4-D17-D1g,15381.0,1834.pdf,Cyphastrea,microphthalma,y,S_16_E0916_736_EH-16S_18S_16S_amplicon_S522-D_N728-D-1834.pdf
S_16_E0780_416_EH-16S_18S_16S_amplicon_S518-C_N702-C,D17a/D1-D4-D17-D1g,23454.0,1834.pdf,Cyphastrea,microphthalma,y,S_16_E0780_416_EH-16S_18S_16S_amplicon_S518-C_N702-C-1834.pdf
S_16_E0792_414_EH-16S_18S_16S_amplicon_S520-C_N702-C,D17a/D1-D4-D17-D1g,20386.0,1834.pdf,Cyphastrea,microphthalma,y,S_16_E0792_414_EH-16S_18S_16S_amplicon_S520-C_N702-C-1834.pdf
S_16_E0768_422_EH-16S_18S_16S_amplicon_S517-C_N702-C,D17a/D1-D4-D17-D1g,14650.0,1834.pdf,Cyphastrea,microphthalma,y,S_16_E0768_422_EH-16S_18S_16S_amplicon_S517-C_N702-C-1834.pdf
S_16_E0697_276_EH-16S_18S_16S_amplicon_S508-B_N716-B,D17a/D1-D4-D17-D1g,23361.0,1834.pdf,Cyphastrea,microphthalma,y,S_16_E0697_276_EH-16S_18S_16S_amplicon_S508-B_N716-B-1834.pdf
S_16_E0826_536_EH-16S_18S_16S_amplicon_S522-C_N715-C,D17a/D1-D4-D17-D1g,14266.0,1834.pdf,Cyphastrea,microphthalma,y,S_16_E0826_536_EH-16S_18S_16S_amplicon_S522-C_N715-C-1834.pdf
S_16_E0560_191_EH-16S_18S_16S_amplicon_S503-A_N705-A,C3,30.0,1834.pdf,Cyphastrea,microphthalma,y,S_16_E0560_191_EH-16S_18S_16S_amplicon_S503-A_N705-A-1834.pdf
S_16_E0560_191_EH-16S_18S_16S_amplicon_S503-A_N705-A,C91f,128.0,1834.pdf,Cyphastrea,microphthalma,y,S_16_E0560_191_EH-16S_18S_16S_amplicon_S503-A_N705-A-1834.pdf
S_16_E0560_191_EH-16S_18S_16S_amplicon_S503-A_N705-A,C91h,51.0,1834.pdf,Cyphastrea,microphthalma,y,S_16_E0560_191_EH-16S_18S_16S_amplicon_S503-A_N705-A-1834.pdf
S_16_E0560_191_EH-16S_18S_16S_amplicon_S503-A_N705-A,D17a/D1-D4-D17-D1g,10290.0,1834.pdf,Cyphastrea,microphthalma,y,S_16_E0560_191_EH-16S_18S_16S_amplicon_S503-A_N705-A-1834.pdf
S_16_E0880_731_EH-16S_18S_16S_amplicon_S518-D_N727-D,C15h-C15o-C15k,960.0,1834.pdf,Cyphastrea,microphthalma,y,S_16_E0880_731_EH-16S_18S_16S_amplicon_S518-D_N727-D-1834.pdf
S_16_E0880_731_EH-16S_18S_16S_amplicon_S518-D_N727-D,D17a/D1-D4-D17-D1g,18946.0,1834.pdf,Cyphastrea,microphthalma,y,S_16_E0880_731_EH-16S_18S_16S_amplicon_S518-D_N727-D-1834.pdf
S_16_E0893_747_EH-16S_18S_16S_amplicon_S520-D_N729-D,C3-C115b-C3gulf-C3d-C3ai-C18a,446.0,1834.pdf,Cyphastrea,microphthalma,y,S_16_E0893_747_EH-16S_18S_16S_amplicon_S520-D_N729-D-1834.pdf
S_16_E0893_747_EH-16S_18S_16S_amplicon_S520-D_N729-D,D17a/D1-D4-D17-D1g,16517.0,1834.pdf,Cyphastrea,microphthalma,y,S_16_E0893_747_EH-16S_18S_16S_amplicon_S520-D_N729-D-1834.pdf
S_16_E0594_174_EH-16S_18S_16S_amplicon_S507-A_N704-A,D17a/D1-D4-D17-D1g,1819.0,1834.pdf,Cyphastrea,microphthalma,y,S_16_E0594_174_EH-16S_18S_16S_amplicon_S507-A_N704-A-1834.pdf
S_16_E0847_734_EH-16S_18S_16S_amplicon_S515-D_N727-D,C15h-C15o-C15k,595.0,1834.pdf,Cyphastrea,microphthalma,y,S_16_E0847_734_EH-16S_18S_16S_amplicon_S515-D_N727-D-1834.pdf
S_16_E0847_734_EH-16S_18S_16S_amplicon_S515-D_N727-D,C3/C3gulf,30.0,1834.pdf,Cyphastrea,microphthalma,y,S_16_E0847_734_EH-16S_18S_16S_amplicon_S515-D_N727-D-1834.pdf
S_16_E0847_734_EH-16S_18S_16S_amplicon_S515-D_N727-D,D17a/D1-D4-D17-D1g,10930.0,1834.pdf,Cyphastrea,microphthalma,y,S_16_E0847_734_EH-16S_18S_16S_amplicon_S515-D_N727-D-1834.pdf
S_16_E0684_400_EH-16S_18S_16S_amplicon_S506-B_N729-B,C15h-C15o-C15k,1259.0,1834.pdf,Cyphastrea,microphthalma,y,S_16_E0684_400_EH-16S_18S_16S_amplicon_S506-B_N729-B-1834.pdf
S_16_E0684_400_EH-16S_18S_16S_amplicon_S506-B_N729-B,D17a/D1-D4-D17-D1g,23072.0,1834.pdf,Cyphastrea,microphthalma,y,S_16_E0684_400_EH-16S_18S_16S_amplicon_S506-B_N729-B-1834.pdf
S_16_E0869_732_EH-16S_18S_16S_amplicon_S517-D_N727-D,C15h-C15o-C15k,606.0,1834.pdf,Cyphastrea,microphthalma,y,S_16_E0869_732_EH-16S_18S_16S_amplicon_S517-D_N727-D-1834.pdf
S_16_E0869_732_EH-16S_18S_16S_amplicon_S517-D_N727-D,C3/C3gulf,14.0,1834.pdf,Cyphastrea,microphthalma,y,S_16_E0869_732_EH-16S_18S_16S_amplicon_S517-D_N727-D-1834.pdf
S_16_E0869_732_EH-16S_18S_16S_amplicon_S517-D_N727-D,D17a/D1-D4-D17-D1g,8860.0,1834.pdf,Cyphastrea,microphthalma,y,S_16_E0869_732_EH-16S_18S_16S_amplicon_S517-D_N727-D-1834.pdf
S_16_E0803_404_EH-16S_18S_16S_amplicon_S521-C_N701-C,C15h-C15o-C15k-C15q-C15p,3981.0,1834.pdf,Cyphastrea,microphthalma,y,S_16_E0803_404_EH-16S_18S_16S_amplicon_S521-C_N701-C-1834.pdf
S_16_E0803_404_EH-16S_18S_16S_amplicon_S521-C_N701-C,D17a/D1-D4-D17-D1g,29246.0,1834.pdf,Cyphastrea,microphthalma,y,S_16_E0803_404_EH-16S_18S_16S_amplicon_S521-C_N701-C-1834.pdf
S_16_E0814_537_EH-16S_18S_16S_amplicon_S521-C_N715-C,C15h-C15o-C15k,3528.0,1834.pdf,Cyphastrea,microphthalma,y,S_16_E0814_537_EH-16S_18S_16S_amplicon_S521-C_N715-C-1834.pdf
S_16_E0814_537_EH-16S_18S_16S_amplicon_S521-C_N715-C,D17a/D1-D4-D17-D1g,18297.0,1834.pdf,Cyphastrea,microphthalma,y,S_16_E0814_537_EH-16S_18S_16S_amplicon_S521-C_N715-C-1834.pdf
S_16_E0567_149_EH-16S_18S_16S_amplicon_S505-A_N701-A,C15h-C15o-C15k-C15q-C15p,6497.0,1834.pdf,Cyphastrea,microphthalma,y,S_16_E0567_149_EH-16S_18S_16S_amplicon_S505-A_N701-A-1834.pdf
S_16_E0567_149_EH-16S_18S_16S_amplicon_S505-A_N701-A,D17a/D1-D4-D17-D1g,31301.0,1834.pdf,Cyphastrea,microphthalma,y,S_16_E0567_149_EH-16S_18S_16S_amplicon_S505-A_N701-A-1834.pdf
S_16_E0743_533_EH-16S_18S_16S_amplicon_S513-C_N714-C,C15h-C15o-C15k,3027.0,1834.pdf,Cyphastrea,microphthalma,y,S_16_E0743_533_EH-16S_18S_16S_amplicon_S513-C_N714-C-1834.pdf
S_16_E0743_533_EH-16S_18S_16S_amplicon_S513-C_N714-C,D17a/D1-D4-D17-D1g,12874.0,1834.pdf,Cyphastrea,microphthalma,y,S_16_E0743_533_EH-16S_18S_16S_amplicon_S513-C_N714-C-1834.pdf
S_16_E0815_403_EH-16S_18S_16S_amplicon_S522-C_N701-C,C15h-C15o-C15k-C15q-C15p,7406.0,1834.pdf,Cyphastrea,microphthalma,y,S_16_E0815_403_EH-16S_18S_16S_amplicon_S522-C_N701-C-1834.pdf
S_16_E0815_403_EH-16S_18S_16S_amplicon_S522-C_N701-C,D17a/D1-D4-D17-D1g,22652.0,1834.pdf,Cyphastrea,microphthalma,y,S_16_E0815_403_EH-16S_18S_16S_amplicon_S522-C_N701-C-1834.pdf
S_16_E0779_406_EH-16S_18S_16S_amplicon_S518-C_N701-C,C15h-C15o-C15k-C15q-C15p,11306.0,1834.pdf,Cyphastrea,microphthalma,y,S_16_E0779_406_EH-16S_18S_16S_amplicon_S518-C_N701-C-1834.pdf
S_16_E0779_406_EH-16S_18S_16S_amplicon_S518-C_N701-C,D17a/D1-D4-D17-D1g,30108.0,1834.pdf,Cyphastrea,microphthalma,y,S_16_E0779_406_EH-16S_18S_16S_amplicon_S518-C_N701-C-1834.pdf
S_16_E0754_532_EH-16S_18S_16S_amplicon_S515-C_N714-C,C15h-C15o-C15k,5722.0,1834.pdf,Cyphastrea,microphthalma,y,S_16_E0754_532_EH-16S_18S_16S_amplicon_S515-C_N714-C-1834.pdf
S_16_E0754_532_EH-16S_18S_16S_amplicon_S515-C_N714-C,D17a/D1-D4-D17-D1g,11809.0,1834.pdf,Cyphastrea,microphthalma,y,S_16_E0754_532_EH-16S_18S_16S_amplicon_S515-C_N714-C-1834.pdf
S_16_E0627_144_EH-16S_18S_16S_amplicon_S511-A_N701-A,C15h-C15o-C15k-C15q-C15p,15227.0,1834.pdf,Cyphastrea,microphthalma,y,S_16_E0627_144_EH-16S_18S_16S_amplicon_S511-A_N701-A-1834.pdf
S_16_E0627_144_EH-16S_18S_16S_amplicon_S511-A_N701-A,D17a/D1-D4-D17-D1g,29068.0,1834.pdf,Cyphastrea,microphthalma,y,S_16_E0627_144_EH-16S_18S_16S_amplicon_S511-A_N701-A-1834.pdf
S_16_E0790_539_EH-16S_18S_16S_amplicon_S518-C_N715-C,C15h-C15o-C15k,11095.0,1834.pdf,Cyphastrea,microphthalma,y,S_16_E0790_539_EH-16S_18S_16S_amplicon_S518-C_N715-C-1834.pdf
S_16_E0790_539_EH-16S_18S_16S_amplicon_S518-C_N715-C,D17a/D1-D4-D17-D1g,12161.0,1834.pdf,Cyphastrea,microphthalma,y,S_16_E0790_539_EH-16S_18S_16S_amplicon_S518-C_N715-C-1834.pdf
S_16_E0705_355_EH-16S_18S_16S_amplicon_S508-B_N726-B,C3-C3gulf-C3d-C3i-C115c-C115b-C3al-C3ak,15358.0,1834.pdf,Platygyra,daedalea,y,S_16_E0705_355_EH-16S_18S_16S_amplicon_S508-B_N726-B-1834.pdf
S_16_E0602_269_EH-16S_18S_16S_amplicon_S507-A_N715-A,C3-C3gulf-C3d-C3i-C115c-C115b-C3al-C3ak,11966.0,1834.pdf,Platygyra,daedalea,y,S_16_E0602_269_EH-16S_18S_16S_amplicon_S507-A_N715-A-1834.pdf
S_16_E0850_620_EH-16S_18S_16S_amplicon_S516-D_N718-D,C3-C3gulf-C3d-C3i-C115c-C115b-C3al-C3ak,11310.0,1834.pdf,Platygyra,daedalea,y,S_16_E0850_620_EH-16S_18S_16S_amplicon_S516-D_N718-D-1834.pdf
S_16_E0873_627_EH-16S_18S_16S_amplicon_S518-D_N719-D,C3-C3gulf-C3d-C3i-C115c-C115b-C3al-C3ak,23156.0,1834.pdf,Platygyra,daedalea,y,S_16_E0873_627_EH-16S_18S_16S_amplicon_S518-D_N719-D-1834.pdf
S_16_E0853_660_EH-16S_18S_16S_amplicon_S516-D_N721-D,C3-C3gulf-C3d-C3i-C115c-C115b-C3al-C3ak,7998.0,1834.pdf,Platygyra,daedalea,y,S_16_E0853_660_EH-16S_18S_16S_amplicon_S516-D_N721-D-1834.pdf
S_16_E0865_671_EH-16S_18S_16S_amplicon_S517-D_N722-D,C3-C3gulf-C3d-C3i-C115c-C115b-C3al-C3ak,10436.0,1834.pdf,Platygyra,daedalea,y,S_16_E0865_671_EH-16S_18S_16S_amplicon_S517-D_N722-D-1834.pdf
S_16_E0681_357_EH-16S_18S_16S_amplicon_S506-B_N726-B,C3-C3gulf-C3d-C3i-C115c-C115b-C3al-C3ak,16087.0,1834.pdf,Platygyra,daedalea,y,S_16_E0681_357_EH-16S_18S_16S_amplicon_S506-B_N726-B-1834.pdf
S_16_E0698_286_EH-16S_18S_16S_amplicon_S508-B_N718-B,C3-C3gulf-C3d-C3i-C115c-C115b-C3al-C3ak,12005.0,1834.pdf,Platygyra,daedalea,y,S_16_E0698_286_EH-16S_18S_16S_amplicon_S508-B_N718-B-1834.pdf
S_16_E0730_362_EH-16S_18S_16S_amplicon_S511-B_N727-B,C3-C3gulf-C3d-C3i-C115c-C115b-C3al-C3ak,17437.0,1834.pdf,Platygyra,daedalea,y,S_16_E0730_362_EH-16S_18S_16S_amplicon_S511-B_N727-B-1834.pdf
S_16_E0641_302_EH-16S_18S_16S_amplicon_S502-B_N719-B,C3-C3gulf-C3d-C3i-C115c-C115b-C3al-C3ak,10580.0,1834.pdf,Platygyra,daedalea,y,S_16_E0641_302_EH-16S_18S_16S_amplicon_S502-B_N719-B-1834.pdf
S_16_E0842_661_EH-16S_18S_16S_amplicon_S515-D_N721-D,C3-C3gulf-C3d-C3i-C115c-C115b-C3al-C3ak,9039.0,1834.pdf,Platygyra,daedalea,y,S_16_E0842_661_EH-16S_18S_16S_amplicon_S515-D_N721-D-1834.pdf
S_16_E0706_364_EH-16S_18S_16S_amplicon_S508-B_N727-B,C3-C3gulf-C3d-C3i-C115c-C115b-C3al-C3ak,16710.0,1834.pdf,Platygyra,daedalea,y,S_16_E0706_364_EH-16S_18S_16S_amplicon_S508-B_N727-B-1834.pdf
S_16_E0658_359_EH-16S_18S_16S_amplicon_S503-B_N726-B,C3-C3gulf-C3d-C3i-C115c-C115b-C3al-C3ak,9725.0,1834.pdf,Platygyra,daedalea,y,S_16_E0658_359_EH-16S_18S_16S_amplicon_S503-B_N726-B-1834.pdf
S_16_E0590_271_EH-16S_18S_16S_amplicon_S506-A_N715-A,C3-C3gulf-C3d-C3i-C115c-C115b-C3al-C3ak,18368.0,1834.pdf,Platygyra,daedalea,y,S_16_E0590_271_EH-16S_18S_16S_amplicon_S506-A_N715-A-1834.pdf
S_16_E0830_652_EH-16S_18S_16S_amplicon_S513-D_N720-D,C3-C3gulf-C3d-C3i-C115c-C115b-C3al-C3ak,11060.0,1834.pdf,Platygyra,daedalea,y,S_16_E0830_652_EH-16S_18S_16S_amplicon_S513-D_N720-D-1834.pdf
S_16_E0625_256_EH-16S_18S_16S_amplicon_S510-A_N714-A,C3-C3gulf-C3d-C3i-C115c-C115b-C3al-C3ak,8431.0,1834.pdf,Platygyra,daedalea,y,S_16_E0625_256_EH-16S_18S_16S_amplicon_S510-A_N714-A-1834.pdf
S_16_E0828_623_EH-16S_18S_16S_amplicon_S513-D_N718-D,C3-C3gulf-C3d-C3i-C115c-C115b-C3al-C3ak,9279.0,1834.pdf,Platygyra,daedalea,y,S_16_E0828_623_EH-16S_18S_16S_amplicon_S513-D_N718-D-1834.pdf
S_16_E0863_639_EH-16S_18S_16S_amplicon_S517-D_N720-D,C3-C3gulf-C3d-C3i-C115c-C115b-C3al-C3ak,9834.0,1834.pdf,Platygyra,daedalea,y,S_16_E0863_639_EH-16S_18S_16S_amplicon_S517-D_N720-D-1834.pdf
S_16_E0876_670_EH-16S_18S_16S_amplicon_S518-D_N722-D,C3-C3gulf-C3d-C3i-C115c-C115b-C3al-C3ak,9398.0,1834.pdf,Platygyra,daedalea,y,S_16_E0876_670_EH-16S_18S_16S_amplicon_S518-D_N722-D-1834.pdf
S_16_E0876_670_EH-16S_18S_16S_amplicon_S518-D_N722-D,D5/D4,125.0,1834.pdf,Platygyra,daedalea,y,S_16_E0876_670_EH-16S_18S_16S_amplicon_S518-D_N722-D-1834.pdf
S_16_E0900_682_EH-16S_18S_16S_amplicon_S521-D_N723-D,C3-C3gulf-C3d-C3i-C115c-C115b-C3al-C3ak,11981.0,1834.pdf,Platygyra,daedalea,y,S_16_E0900_682_EH-16S_18S_16S_amplicon_S521-D_N723-D-1834.pdf
S_16_E0872_618_EH-16S_18S_16S_amplicon_S518-D_N718-D,A1,265.0,1834.pdf,Platygyra,daedalea,y,S_16_E0872_618_EH-16S_18S_16S_amplicon_S518-D_N718-D-1834.pdf
S_16_E0872_618_EH-16S_18S_16S_amplicon_S518-D_N718-D,C3-C3gulf-C3d-C3i-C115c-C115b-C3al-C3ak,15224.0,1834.pdf,Platygyra,daedalea,y,S_16_E0872_618_EH-16S_18S_16S_amplicon_S518-D_N718-D-1834.pdf
S_16_E0669_358_EH-16S_18S_16S_amplicon_S505-B_N726-B,C3-C3gulf-C3d-C3i-C115c-C115b-C3al-C3ak,9298.0,1834.pdf,Platygyra,daedalea,y,S_16_E0669_358_EH-16S_18S_16S_amplicon_S505-B_N726-B-1834.pdf
S_16_E0722_283_EH-16S_18S_16S_amplicon_S511-B_N718-B,C3-C3gulf-C3d-C3i-C115c-C115b-C3al-C3ak,5014.0,1834.pdf,Platygyra,daedalea,y,S_16_E0722_283_EH-16S_18S_16S_amplicon_S511-B_N718-B-1834.pdf
S_16_E0639_282_EH-16S_18S_16S_amplicon_S502-B_N716-B,C3-C3gulf-C3d-C3i-C115c-C115b-C3al-C3ak,12985.0,1834.pdf,Platygyra,daedalea,y,S_16_E0639_282_EH-16S_18S_16S_amplicon_S502-B_N716-B-1834.pdf
S_16_E0841_651_EH-16S_18S_16S_amplicon_S515-D_N720-D,C3-C3gulf-C3d-C3i-C115c-C115b-C3al-C3ak,8823.0,1834.pdf,Platygyra,daedalea,y,S_16_E0841_651_EH-16S_18S_16S_amplicon_S515-D_N720-D-1834.pdf
S_16_E0693_356_EH-16S_18S_16S_amplicon_S507-B_N726-B,C3-C3gulf-C3d-C3i-C115c-C115b-C3al-C3ak,10633.0,1834.pdf,Platygyra,daedalea,y,S_16_E0693_356_EH-16S_18S_16S_amplicon_S507-B_N726-B-1834.pdf
S_16_E0717_354_EH-16S_18S_16S_amplicon_S510-B_N726-B,A1,636.0,1834.pdf,Platygyra,daedalea,y,S_16_E0717_354_EH-16S_18S_16S_amplicon_S510-B_N726-B-1834.pdf
S_16_E0717_354_EH-16S_18S_16S_amplicon_S510-B_N726-B,C3-C3gulf-C3d-C3i-C115c-C115b-C3al-C3ak,15118.0,1834.pdf,Platygyra,daedalea,y,S_16_E0717_354_EH-16S_18S_16S_amplicon_S510-B_N726-B-1834.pdf
S_16_E0839_621_EH-16S_18S_16S_amplicon_S515-D_N718-D,A1,302.0,1834.pdf,Platygyra,daedalea,y,S_16_E0839_621_EH-16S_18S_16S_amplicon_S515-D_N718-D-1834.pdf
S_16_E0839_621_EH-16S_18S_16S_amplicon_S515-D_N718-D,C3-C3gulf-C3d-C3i-C115c-C115b-C3al-C3ak,12060.0,1834.pdf,Platygyra,daedalea,y,S_16_E0839_621_EH-16S_18S_16S_amplicon_S515-D_N718-D-1834.pdf
S_16_E0861_619_EH-16S_18S_16S_amplicon_S517-D_N718-D,A1,517.0,1834.pdf,Platygyra,daedalea,y,S_16_E0861_619_EH-16S_18S_16S_amplicon_S517-D_N718-D-1834.pdf
S_16_E0861_619_EH-16S_18S_16S_amplicon_S517-D_N718-D,C3-C3gulf-C3d-C3i-C115c-C115b-C3al-C3ak,13148.0,1834.pdf,Platygyra,daedalea,y,S_16_E0861_619_EH-16S_18S_16S_amplicon_S517-D_N718-D-1834.pdf
S_16_E0896_625_EH-16S_18S_16S_amplicon_S521-D_N719-D,C3-C3gulf-C3d-C3i-C115c-C115b-C3al-C3ak,19319.0,1834.pdf,Platygyra,daedalea,y,S_16_E0896_625_EH-16S_18S_16S_amplicon_S521-D_N719-D-1834.pdf
S_16_E0911_664_EH-16S_18S_16S_amplicon_S522-D_N722-D,C3-C3gulf-C3d-C3i-C115c-C115b-C3al-C3ak,9704.0,1834.pdf,Platygyra,daedalea,y,S_16_E0911_664_EH-16S_18S_16S_amplicon_S522-D_N722-D-1834.pdf
S_16_E0614_268_EH-16S_18S_16S_amplicon_S508-A_N715-A,C3-C3gulf-C3d-C3i-C115c-C115b-C3al-C3ak,12443.0,1834.pdf,Platygyra,daedalea,y,S_16_E0614_268_EH-16S_18S_16S_amplicon_S508-A_N715-A-1834.pdf
S_16_E0614_268_EH-16S_18S_16S_amplicon_S508-A_N715-A,D5-D5a-D4-D5f-D4a,702.0,1834.pdf,Platygyra,daedalea,y,S_16_E0614_268_EH-16S_18S_16S_amplicon_S508-A_N715-A-1834.pdf
S_16_E0729_353_EH-16S_18S_16S_amplicon_S511-B_N726-B,A1,1279.0,1834.pdf,Platygyra,daedalea,y,S_16_E0729_353_EH-16S_18S_16S_amplicon_S511-B_N726-B-1834.pdf
S_16_E0729_353_EH-16S_18S_16S_amplicon_S511-B_N726-B,C3-C3gulf-C3d-C3i-C115c-C115b-C3al-C3ak,17785.0,1834.pdf,Platygyra,daedalea,y,S_16_E0729_353_EH-16S_18S_16S_amplicon_S511-B_N726-B-1834.pdf
S_16_E0718_363_EH-16S_18S_16S_amplicon_S510-B_N727-B,A1,999.0,1834.pdf,Platygyra,daedalea,y,S_16_E0718_363_EH-16S_18S_16S_amplicon_S510-B_N727-B-1834.pdf
S_16_E0718_363_EH-16S_18S_16S_amplicon_S510-B_N727-B,C3-C3gulf-C3d-C3i-C115c-C115b-C3al-C3ak,15615.0,1834.pdf,Platygyra,daedalea,y,S_16_E0718_363_EH-16S_18S_16S_amplicon_S510-B_N727-B-1834.pdf
S_16_E0854_675_EH-16S_18S_16S_amplicon_S516-D_N722-D,C3-C3gulf-C3d-C3i-C115c-C115b-C3al-C3ak,11179.0,1834.pdf,Platygyra,daedalea,y,S_16_E0854_675_EH-16S_18S_16S_amplicon_S516-D_N722-D-1834.pdf
S_16_E0647_360_EH-16S_18S_16S_amplicon_S502-B_N726-B,C3-C3gulf-C3d-C3i-C115c-C115b-C3al-C3ak,13279.0,1834.pdf,Platygyra,daedalea,y,S_16_E0647_360_EH-16S_18S_16S_amplicon_S502-B_N726-B-1834.pdf
S_16_E0676_308_EH-16S_18S_16S_amplicon_S506-B_N720-B,C3-C3gulf-C3d-C3i-C115c-C115b-C3al-C3ak,13382.0,1834.pdf,Platygyra,daedalea,y,S_16_E0676_308_EH-16S_18S_16S_amplicon_S506-B_N720-B-1834.pdf
S_16_E0676_308_EH-16S_18S_16S_amplicon_S506-B_N720-B,D5-D5a-D4-D5f-D4a,772.0,1834.pdf,Platygyra,daedalea,y,S_16_E0676_308_EH-16S_18S_16S_amplicon_S506-B_N720-B-1834.pdf
S_16_E0852_641_EH-16S_18S_16S_amplicon_S516-D_N720-D,C3-C3gulf-C3d-C3i-C115c-C115b-C3al-C3ak,8913.0,1834.pdf,Platygyra,daedalea,y,S_16_E0852_641_EH-16S_18S_16S_amplicon_S516-D_N720-D-1834.pdf
S_16_E0909_632_EH-16S_18S_16S_amplicon_S522-D_N720-D,C3-C3gulf-C3d-C3i-C115c-C115b-C3al-C3ak,15921.0,1834.pdf,Platygyra,daedalea,y,S_16_E0909_632_EH-16S_18S_16S_amplicon_S522-D_N720-D-1834.pdf
S_16_E0724_303_EH-16S_18S_16S_amplicon_S511-B_N720-B,C3-C3gulf-C3d-C3i-C115c-C115b-C3al-C3ak,14623.0,1834.pdf,Platygyra,daedalea,y,S_16_E0724_303_EH-16S_18S_16S_amplicon_S511-B_N720-B-1834.pdf
S_16_E0694_366_EH-16S_18S_16S_amplicon_S507-B_N727-B,C3-C3gulf-C3d-C3i-C115c-C115b-C3al-C3ak,13332.0,1834.pdf,Platygyra,daedalea,y,S_16_E0694_366_EH-16S_18S_16S_amplicon_S507-B_N727-B-1834.pdf
S_16_E0831_663_EH-16S_18S_16S_amplicon_S513-D_N721-D,C3-C3gulf-C3d-C3i-C115c-C115b-C3al-C3ak,9783.0,1834.pdf,Platygyra,daedalea,y,S_16_E0831_663_EH-16S_18S_16S_amplicon_S513-D_N721-D-1834.pdf
S_16_E0885_637_EH-16S_18S_16S_amplicon_S520-D_N720-D,A1-A1bw-A1bf-A1bx-A1eb,1520.0,1834.pdf,Platygyra,daedalea,y,S_16_E0885_637_EH-16S_18S_16S_amplicon_S520-D_N720-D-1834.pdf
S_16_E0885_637_EH-16S_18S_16S_amplicon_S520-D_N720-D,C3-C3gulf-C3d-C3i-C115c-C115b-C3al-C3ak,16135.0,1834.pdf,Platygyra,daedalea,y,S_16_E0885_637_EH-16S_18S_16S_amplicon_S520-D_N720-D-1834.pdf
S_16_E0601_258_EH-16S_18S_16S_amplicon_S507-A_N714-A,A1,1015.0,1834.pdf,Platygyra,daedalea,y,S_16_E0601_258_EH-16S_18S_16S_amplicon_S507-A_N714-A-1834.pdf
S_16_E0601_258_EH-16S_18S_16S_amplicon_S507-A_N714-A,C3-C3gulf-C3d-C3i-C115c-C115b-C3al-C3ak,9505.0,1834.pdf,Platygyra,daedalea,y,S_16_E0601_258_EH-16S_18S_16S_amplicon_S507-A_N714-A-1834.pdf
S_16_E0613_257_EH-16S_18S_16S_amplicon_S508-A_N714-A,A1,449.0,1834.pdf,Platygyra,daedalea,y,S_16_E0613_257_EH-16S_18S_16S_amplicon_S508-A_N714-A-1834.pdf
S_16_E0613_257_EH-16S_18S_16S_amplicon_S508-A_N714-A,C3-C3gulf-C3d-C3i-C115c-C115b-C3al-C3ak,7265.0,1834.pdf,Platygyra,daedalea,y,S_16_E0613_257_EH-16S_18S_16S_amplicon_S508-A_N714-A-1834.pdf
S_16_E0912_680_EH-16S_18S_16S_amplicon_S522-D_N723-D,A1,2873.0,1834.pdf,Platygyra,daedalea,y,S_16_E0912_680_EH-16S_18S_16S_amplicon_S522-D_N723-D-1834.pdf
S_16_E0912_680_EH-16S_18S_16S_amplicon_S522-D_N723-D,C3-C3gulf-C3d-C3i-C115c-C115b-C3al-C3ak,6341.0,1834.pdf,Platygyra,daedalea,y,S_16_E0912_680_EH-16S_18S_16S_amplicon_S522-D_N723-D-1834.pdf
S_16_E0882_547_EH-16S_18S_16S_amplicon_S520-D_N716-D,D5-D5a-D4-D5f-D4a,18788.0,1834.pdf,Platygyra,daedalea,y,S_16_E0882_547_EH-16S_18S_16S_amplicon_S520-D_N716-D-1834.pdf
S_16_E0688_307_EH-16S_18S_16S_amplicon_S507-B_N720-B,D5-D5a-D4-D5f-D4a,14333.0,1834.pdf,Platygyra,daedalea,y,S_16_E0688_307_EH-16S_18S_16S_amplicon_S507-B_N720-B-1834.pdf
S_16_E0848_743_EH-16S_18S_16S_amplicon_S515-D_N728-D,D5-D5a-D4-D5f-D4a,15538.0,1834.pdf,Platygyra,daedalea,y,S_16_E0848_743_EH-16S_18S_16S_amplicon_S515-D_N728-D-1834.pdf
S_16_E0777_528_EH-16S_18S_16S_amplicon_S517-C_N714-C,D5-D5a-D4-D5f-D4a,9319.0,1834.pdf,Platygyra,daedalea,y,S_16_E0777_528_EH-16S_18S_16S_amplicon_S517-C_N714-C-1834.pdf
S_16_E0836_735_EH-16S_18S_16S_amplicon_S513-D_N727-D,D5-D5a-D4-D5f-D4a,15047.0,1834.pdf,Platygyra,daedalea,y,S_16_E0836_735_EH-16S_18S_16S_amplicon_S513-D_N727-D-1834.pdf
S_16_E0732_396_EH-16S_18S_16S_amplicon_S511-B_N729-B,D5-D5a-D4-D5f-D4a,33432.0,1834.pdf,Platygyra,daedalea,y,S_16_E0732_396_EH-16S_18S_16S_amplicon_S511-B_N729-B-1834.pdf
S_16_E0579_148_EH-16S_18S_16S_amplicon_S506-A_N701-A,D5-D5a-D4-D5f-D4a,24783.0,1834.pdf,Platygyra,daedalea,y,S_16_E0579_148_EH-16S_18S_16S_amplicon_S506-A_N701-A-1834.pdf
S_16_E0804_413_EH-16S_18S_16S_amplicon_S521-C_N702-C,D5-D5a-D4-D5f-D4a,24606.0,1834.pdf,Platygyra,daedalea,y,S_16_E0804_413_EH-16S_18S_16S_amplicon_S521-C_N702-C-1834.pdf
S_16_E0871_548_EH-16S_18S_16S_amplicon_S518-D_N716-D,D5-D5a-D4-D5f-D4a,20394.0,1834.pdf,Platygyra,daedalea,y,S_16_E0871_548_EH-16S_18S_16S_amplicon_S518-D_N716-D-1834.pdf
S_16_E0661_279_EH-16S_18S_16S_amplicon_S505-B_N716-B,D5-D5a-D4-D5f-D4a,19191.0,1834.pdf,Platygyra,daedalea,y,S_16_E0661_279_EH-16S_18S_16S_amplicon_S505-B_N716-B-1834.pdf
S_16_E0631_182_EH-16S_18S_16S_amplicon_S511-A_N705-A,D5-D5a-D4-D5f-D4a,17754.0,1834.pdf,Platygyra,daedalea,y,S_16_E0631_182_EH-16S_18S_16S_amplicon_S511-A_N705-A-1834.pdf
S_16_E0649_395_EH-16S_18S_16S_amplicon_S502-B_N728-B,D5-D5a-D4-D5f-D4a,18973.0,1834.pdf,Platygyra,daedalea,y,S_16_E0649_395_EH-16S_18S_16S_amplicon_S502-B_N728-B-1834.pdf
S_16_E0859_742_EH-16S_18S_16S_amplicon_S516-D_N728-D,D5-D5a-D4-D5f-D4a,12752.0,1834.pdf,Platygyra,daedalea,y,S_16_E0859_742_EH-16S_18S_16S_amplicon_S516-D_N728-D-1834.pdf
S_16_E0903_729_EH-16S_18S_16S_amplicon_S521-D_N727-D,D5-D5a-D4-D5f-D4a,15939.0,1834.pdf,Platygyra,daedalea,y,S_16_E0903_729_EH-16S_18S_16S_amplicon_S521-D_N727-D-1834.pdf
S_16_E0615_145_EH-16S_18S_16S_amplicon_S510-A_N701-A,D5-D5a-D4-D5f-D4a,23730.0,1834.pdf,Platygyra,daedalea,y,S_16_E0615_145_EH-16S_18S_16S_amplicon_S510-A_N701-A-1834.pdf
S_16_E0892_738_EH-16S_18S_16S_amplicon_S520-D_N728-D,D5-D5a-D4-D5f-D4a,15375.0,1834.pdf,Platygyra,daedalea,y,S_16_E0892_738_EH-16S_18S_16S_amplicon_S520-D_N728-D-1834.pdf
S_16_E0547_170_EH-16S_18S_16S_amplicon_S502-A_N703-A,D5-D5a-D4-D5f-D4a,22262.0,1834.pdf,Platygyra,daedalea,y,S_16_E0547_170_EH-16S_18S_16S_amplicon_S502-A_N703-A-1834.pdf
S_16_E0595_188_EH-16S_18S_16S_amplicon_S507-A_N705-A,D5-D5a-D4-D5f-D4a,15713.0,1834.pdf,Platygyra,daedalea,y,S_16_E0595_188_EH-16S_18S_16S_amplicon_S507-A_N705-A-1834.pdf
S_16_E0816_412_EH-16S_18S_16S_amplicon_S522-C_N702-C,D5-D5a-D4-D5f-D4a,20325.0,1834.pdf,Platygyra,daedalea,y,S_16_E0816_412_EH-16S_18S_16S_amplicon_S522-C_N702-C-1834.pdf
S_16_E0766_542_EH-16S_18S_16S_amplicon_S516-C_N715-C,D5-D5a-D4-D5f-D4a,8334.0,1834.pdf,Platygyra,daedalea,y,S_16_E0766_542_EH-16S_18S_16S_amplicon_S516-C_N715-C-1834.pdf
S_16_E0755_408_EH-16S_18S_16S_amplicon_S516-C_N701-C,D5-D5a-D4-D5f-D4a,30153.0,1834.pdf,Platygyra,daedalea,y,S_16_E0755_408_EH-16S_18S_16S_amplicon_S516-C_N701-C-1834.pdf
S_16_E0638_266_EH-16S_18S_16S_amplicon_S511-A_N715-A,C3/C3c-C3gulf,304.0,1834.pdf,Platygyra,daedalea,y,S_16_E0638_266_EH-16S_18S_16S_amplicon_S511-A_N715-A-1834.pdf
S_16_E0638_266_EH-16S_18S_16S_amplicon_S511-A_N715-A,D5-D5a-D4-D5f-D4a,26143.0,1834.pdf,Platygyra,daedalea,y,S_16_E0638_266_EH-16S_18S_16S_amplicon_S511-A_N715-A-1834.pdf
S_16_E0618_172_EH-16S_18S_16S_amplicon_S510-A_N704-A,D5-D5a-D4-D5f-D4a,20901.0,1834.pdf,Platygyra,daedalea,y,S_16_E0618_172_EH-16S_18S_16S_amplicon_S510-A_N704-A-1834.pdf
S_16_E0619_186_EH-16S_18S_16S_amplicon_S510-A_N705-A,D5-D5a-D4-D5f-D4a,13830.0,1834.pdf,Platygyra,daedalea,y,S_16_E0619_186_EH-16S_18S_16S_amplicon_S510-A_N705-A-1834.pdf
S_16_E0628_152_EH-16S_18S_16S_amplicon_S511-A_N702-A,D5-D5a-D4-D5f-D4a,26509.0,1834.pdf,Platygyra,daedalea,y,S_16_E0628_152_EH-16S_18S_16S_amplicon_S511-A_N702-A-1834.pdf
S_16_E0672_401_EH-16S_18S_16S_amplicon_S505-B_N729-B,D5-D5a-D4-D5f-D4a,15518.0,1834.pdf,Platygyra,daedalea,y,S_16_E0672_401_EH-16S_18S_16S_amplicon_S505-B_N729-B-1834.pdf
S_16_E0725_313_EH-16S_18S_16S_amplicon_S511-B_N721-B,C3-C3u-C3gulf,27716.0,1834.pdf,Platygyra,daedalea,y,S_16_E0725_313_EH-16S_18S_16S_amplicon_S511-B_N721-B-1834.pdf
S_16_E0651_291_EH-16S_18S_16S_amplicon_S503-B_N718-B,C3-C3u-C3gulf,17113.0,1834.pdf,Platygyra,daedalea,y,S_16_E0651_291_EH-16S_18S_16S_amplicon_S503-B_N718-B-1834.pdf
S_16_E0795_466_EH-16S_18S_16S_amplicon_S520-C_N705-C,C3-C3u-C3gulf,28455.0,1834.pdf,Platygyra,daedalea,y,S_16_E0795_466_EH-16S_18S_16S_amplicon_S520-C_N705-C-1834.pdf
S_16_E0699_296_EH-16S_18S_16S_amplicon_S508-B_N719-B,C3-C3u-C3gulf,15123.0,1834.pdf,Platygyra,daedalea,y,S_16_E0699_296_EH-16S_18S_16S_amplicon_S508-B_N719-B-1834.pdf
S_16_E0783_467_EH-16S_18S_16S_amplicon_S518-C_N705-C,C3-C3u-C3gulf,20005.0,1834.pdf,Platygyra,daedalea,y,S_16_E0783_467_EH-16S_18S_16S_amplicon_S518-C_N705-C-1834.pdf
S_16_E0576_252_EH-16S_18S_16S_amplicon_S505-A_N712-A,C3-C3u-C3gulf,19942.0,1834.pdf,Platygyra,daedalea,y,S_16_E0576_252_EH-16S_18S_16S_amplicon_S505-A_N712-A-1834.pdf
S_16_E0819_464_EH-16S_18S_16S_amplicon_S522-C_N705-C,C3-C3u-C3gulf,13853.0,1834.pdf,Platygyra,daedalea,y,S_16_E0819_464_EH-16S_18S_16S_amplicon_S522-C_N705-C-1834.pdf
S_16_E0640_292_EH-16S_18S_16S_amplicon_S502-B_N718-B,C3-C3u-C3gulf,12586.0,1834.pdf,Platygyra,daedalea,y,S_16_E0640_292_EH-16S_18S_16S_amplicon_S502-B_N718-B-1834.pdf
S_16_E0623_237_EH-16S_18S_16S_amplicon_S510-A_N711-A,C3-C3u-C3gulf,12042.0,1834.pdf,Platygyra,daedalea,y,S_16_E0623_237_EH-16S_18S_16S_amplicon_S510-A_N711-A-1834.pdf
S_16_E0806_457_EH-16S_18S_16S_amplicon_S521-C_N704-C,C3-C3u-C3gulf,17396.0,1834.pdf,Platygyra,daedalea,y,S_16_E0806_457_EH-16S_18S_16S_amplicon_S521-C_N704-C-1834.pdf
S_16_E0807_465_EH-16S_18S_16S_amplicon_S521-C_N705-C,C3-C3u-C3gulf,17444.0,1834.pdf,Platygyra,daedalea,y,S_16_E0807_465_EH-16S_18S_16S_amplicon_S521-C_N705-C-1834.pdf
S_16_E0635_236_EH-16S_18S_16S_amplicon_S511-A_N711-A,C3-C3u-C3gulf,17812.0,1834.pdf,Platygyra,daedalea,y,S_16_E0635_236_EH-16S_18S_16S_amplicon_S511-A_N711-A-1834.pdf
S_16_E0818_456_EH-16S_18S_16S_amplicon_S522-C_N704-C,C3-C3u-C3gulf,17988.0,1834.pdf,Platygyra,daedalea,y,S_16_E0818_456_EH-16S_18S_16S_amplicon_S522-C_N704-C-1834.pdf
S_16_E0624_247_EH-16S_18S_16S_amplicon_S510-A_N712-A,C3-C3u-C3gulf,9859.0,1834.pdf,Platygyra,daedalea,y,S_16_E0624_247_EH-16S_18S_16S_amplicon_S510-A_N712-A-1834.pdf
S_16_E0736_463_EH-16S_18S_16S_amplicon_S513-C_N704-C,C3-C3u-C3gulf,14614.0,1834.pdf,Platygyra,daedalea,y,S_16_E0736_463_EH-16S_18S_16S_amplicon_S513-C_N704-C-1834.pdf
S_16_E0600_250_EH-16S_18S_16S_amplicon_S507-A_N712-A,C3-C3u-C3gulf,12696.0,1834.pdf,Platygyra,daedalea,y,S_16_E0600_250_EH-16S_18S_16S_amplicon_S507-A_N712-A-1834.pdf
S_16_E0554_254_EH-16S_18S_16S_amplicon_S502-A_N712-A,C3-C3u-C3gulf,13895.0,1834.pdf,Platygyra,daedalea,y,S_16_E0554_254_EH-16S_18S_16S_amplicon_S502-A_N712-A-1834.pdf
S_16_E0735_455_EH-16S_18S_16S_amplicon_S513-C_N703-C,C3-C3u-C3gulf,19680.0,1834.pdf,Platygyra,daedalea,y,S_16_E0735_455_EH-16S_18S_16S_amplicon_S513-C_N703-C-1834.pdf
S_16_E0735_455_EH-16S_18S_16S_amplicon_S513-C_N703-C,D5-D4-D5a-D4a,200.0,1834.pdf,Platygyra,daedalea,y,S_16_E0735_455_EH-16S_18S_16S_amplicon_S513-C_N703-C-1834.pdf
S_16_E0746_454_EH-16S_18S_16S_amplicon_S515-C_N703-C,C3-C3u-C3gulf,12948.0,1834.pdf,Platygyra,daedalea,y,S_16_E0746_454_EH-16S_18S_16S_amplicon_S515-C_N703-C-1834.pdf
S_16_E0746_454_EH-16S_18S_16S_amplicon_S515-C_N703-C,D5/D4,126.0,1834.pdf,Platygyra,daedalea,y,S_16_E0746_454_EH-16S_18S_16S_amplicon_S515-C_N703-C-1834.pdf
S_16_E0794_458_EH-16S_18S_16S_amplicon_S520-C_N704-C,C3-C3u-C3gulf,13456.0,1834.pdf,Platygyra,daedalea,y,S_16_E0794_458_EH-16S_18S_16S_amplicon_S520-C_N704-C-1834.pdf
S_16_E0794_458_EH-16S_18S_16S_amplicon_S520-C_N704-C,D5-D5a-D4-D5f-D4a,168.0,1834.pdf,Platygyra,daedalea,y,S_16_E0794_458_EH-16S_18S_16S_amplicon_S520-C_N704-C-1834.pdf
S_16_E0747_462_EH-16S_18S_16S_amplicon_S515-C_N704-C,C3-C3u-C3gulf,12803.0,1834.pdf,Platygyra,daedalea,y,S_16_E0747_462_EH-16S_18S_16S_amplicon_S515-C_N704-C-1834.pdf
S_16_E0747_462_EH-16S_18S_16S_amplicon_S515-C_N704-C,D5-D4-D5a-D4a,169.0,1834.pdf,Platygyra,daedalea,y,S_16_E0747_462_EH-16S_18S_16S_amplicon_S515-C_N704-C-1834.pdf
S_16_E0563_234_EH-16S_18S_16S_amplicon_S503-A_N710-A,C3-C3u-C3gulf,12695.0,1834.pdf,Platygyra,daedalea,y,S_16_E0563_234_EH-16S_18S_16S_amplicon_S503-A_N710-A-1834.pdf
S_16_E0622_228_EH-16S_18S_16S_amplicon_S510-A_N710-A,A1,444.0,1834.pdf,Platygyra,daedalea,y,S_16_E0622_228_EH-16S_18S_16S_amplicon_S510-A_N710-A-1834.pdf
S_16_E0622_228_EH-16S_18S_16S_amplicon_S510-A_N710-A,C3-C3u-C3gulf,13681.0,1834.pdf,Platygyra,daedalea,y,S_16_E0622_228_EH-16S_18S_16S_amplicon_S510-A_N710-A-1834.pdf
S_16_E0782_459_EH-16S_18S_16S_amplicon_S518-C_N704-C,A1,307.0,1834.pdf,Platygyra,daedalea,y,S_16_E0782_459_EH-16S_18S_16S_amplicon_S518-C_N704-C-1834.pdf
S_16_E0782_459_EH-16S_18S_16S_amplicon_S518-C_N704-C,C3-C3u-C3gulf,15008.0,1834.pdf,Platygyra,daedalea,y,S_16_E0782_459_EH-16S_18S_16S_amplicon_S518-C_N704-C-1834.pdf
S_16_E0782_459_EH-16S_18S_16S_amplicon_S518-C_N704-C,D5/D1-D5a-D4,229.0,1834.pdf,Platygyra,daedalea,y,S_16_E0782_459_EH-16S_18S_16S_amplicon_S518-C_N704-C-1834.pdf
S_16_E0653_311_EH-16S_18S_16S_amplicon_S503-B_N720-B,A1,1342.0,1834.pdf,Platygyra,daedalea,y,S_16_E0653_311_EH-16S_18S_16S_amplicon_S503-B_N720-B-1834.pdf
S_16_E0653_311_EH-16S_18S_16S_amplicon_S503-B_N720-B,C3-C3u-C3gulf,20242.0,1834.pdf,Platygyra,daedalea,y,S_16_E0653_311_EH-16S_18S_16S_amplicon_S503-B_N720-B-1834.pdf
S_16_E0598_231_EH-16S_18S_16S_amplicon_S507-A_N710-A,C3-C3u-C3gulf,8749.0,1834.pdf,Platygyra,daedalea,y,S_16_E0598_231_EH-16S_18S_16S_amplicon_S507-A_N710-A-1834.pdf
S_16_E0598_231_EH-16S_18S_16S_amplicon_S507-A_N710-A,D5/D1/D17a-D4,635.0,1834.pdf,Platygyra,daedalea,y,S_16_E0598_231_EH-16S_18S_16S_amplicon_S507-A_N710-A-1834.pdf
S_16_E0770_460_EH-16S_18S_16S_amplicon_S517-C_N704-C,A1,2107.0,1834.pdf,Platygyra,daedalea,y,S_16_E0770_460_EH-16S_18S_16S_amplicon_S517-C_N704-C-1834.pdf
S_16_E0770_460_EH-16S_18S_16S_amplicon_S517-C_N704-C,C3-C3u-C3gulf,12091.0,1834.pdf,Platygyra,daedalea,y,S_16_E0770_460_EH-16S_18S_16S_amplicon_S517-C_N704-C-1834.pdf
S_16_E0758_461_EH-16S_18S_16S_amplicon_S516-C_N704-C,A1,1960.0,1834.pdf,Platygyra,daedalea,y,S_16_E0758_461_EH-16S_18S_16S_amplicon_S516-C_N704-C-1834.pdf
S_16_E0758_461_EH-16S_18S_16S_amplicon_S516-C_N704-C,C3-C3u-C3gulf,10376.0,1834.pdf,Platygyra,daedalea,y,S_16_E0758_461_EH-16S_18S_16S_amplicon_S516-C_N704-C-1834.pdf
S_16_E0687_297_EH-16S_18S_16S_amplicon_S507-B_N719-B,C3/C3c-C3gulf,13700.0,1834.pdf,Acropora,downingi,y,S_16_E0687_297_EH-16S_18S_16S_amplicon_S507-B_N719-B-1834.pdf
S_16_E0675_298_EH-16S_18S_16S_amplicon_S506-B_N719-B,C3/C3c-C3gulf,18723.0,1834.pdf,Acropora,downingi,y,S_16_E0675_298_EH-16S_18S_16S_amplicon_S506-B_N719-B-1834.pdf
S_16_E0642_312_EH-16S_18S_16S_amplicon_S502-B_N720-B,C3/C3c-C3gulf,17040.0,1834.pdf,Acropora,downingi,y,S_16_E0642_312_EH-16S_18S_16S_amplicon_S502-B_N720-B-1834.pdf
S_16_E0686_287_EH-16S_18S_16S_amplicon_S507-B_N718-B,C3/C3c-C3gulf,12407.0,1834.pdf,Acropora,downingi,y,S_16_E0686_287_EH-16S_18S_16S_amplicon_S507-B_N718-B-1834.pdf
S_16_E0662_290_EH-16S_18S_16S_amplicon_S505-B_N718-B,C3/C3c-C3gulf,16106.0,1834.pdf,Acropora,downingi,y,S_16_E0662_290_EH-16S_18S_16S_amplicon_S505-B_N718-B-1834.pdf
S_16_E0701_316_EH-16S_18S_16S_amplicon_S508-B_N721-B,C3/C3c-C3gulf,20505.0,1834.pdf,Acropora,downingi,y,S_16_E0701_316_EH-16S_18S_16S_amplicon_S508-B_N721-B-1834.pdf
S_16_E0739_487_EH-16S_18S_16S_amplicon_S513-C_N707-C,C3/C3c-C3gulf,11632.0,1834.pdf,Acropora,downingi,y,S_16_E0739_487_EH-16S_18S_16S_amplicon_S513-C_N707-C-1834.pdf
S_16_E0566_264_EH-16S_18S_16S_amplicon_S503-A_N714-A,C3/C3c-C3gulf,11342.0,1834.pdf,Acropora,downingi,y,S_16_E0566_264_EH-16S_18S_16S_amplicon_S503-A_N714-A-1834.pdf
S_16_E0821_480_EH-16S_18S_16S_amplicon_S522-C_N707-C,C3/C3c-C3gulf,11355.0,1834.pdf,Acropora,downingi,y,S_16_E0821_480_EH-16S_18S_16S_amplicon_S522-C_N707-C-1834.pdf
S_16_E0750_486_EH-16S_18S_16S_amplicon_S515-C_N707-C,C3/C3c-C3gulf,12105.0,1834.pdf,Acropora,downingi,y,S_16_E0750_486_EH-16S_18S_16S_amplicon_S515-C_N707-C-1834.pdf
S_16_E0785_483_EH-16S_18S_16S_amplicon_S518-C_N707-C,C3/C3c-C3gulf,13951.0,1834.pdf,Acropora,downingi,y,S_16_E0785_483_EH-16S_18S_16S_amplicon_S518-C_N707-C-1834.pdf
S_16_E0723_293_EH-16S_18S_16S_amplicon_S511-B_N719-B,C3/C3c-C3gulf,20527.0,1834.pdf,Acropora,downingi,y,S_16_E0723_293_EH-16S_18S_16S_amplicon_S511-B_N719-B-1834.pdf
S_16_E0809_481_EH-16S_18S_16S_amplicon_S521-C_N707-C,C3/C3c-C3gulf,19258.0,1834.pdf,Acropora,downingi,y,S_16_E0809_481_EH-16S_18S_16S_amplicon_S521-C_N707-C-1834.pdf
S_16_E0609_212_EH-16S_18S_16S_amplicon_S508-A_N707-A,C3/C3c-C3gulf,10491.0,1834.pdf,Acropora,downingi,y,S_16_E0609_212_EH-16S_18S_16S_amplicon_S508-A_N707-A-1834.pdf
S_16_E0797_482_EH-16S_18S_16S_amplicon_S520-C_N707-C,C3/C3c-C3gulf,14199.0,1834.pdf,Acropora,downingi,y,S_16_E0797_482_EH-16S_18S_16S_amplicon_S520-C_N707-C-1834.pdf
S_16_E0761_485_EH-16S_18S_16S_amplicon_S516-C_N707-C,C3/C3c-C3gulf,9215.0,1834.pdf,Acropora,downingi,y,S_16_E0761_485_EH-16S_18S_16S_amplicon_S516-C_N707-C-1834.pdf
S_16_E0822_488_EH-16S_18S_16S_amplicon_S522-C_N710-C,C3/C3c-C3gulf,12671.0,1834.pdf,Acropora,downingi,y,S_16_E0822_488_EH-16S_18S_16S_amplicon_S522-C_N710-C-1834.pdf
S_16_E0897_635_EH-16S_18S_16S_amplicon_S521-D_N720-D,C3/C3c-C3gulf,20295.0,1834.pdf,Cyphastrea,microphthalma,y,S_16_E0897_635_EH-16S_18S_16S_amplicon_S521-D_N720-D-1834.pdf
S_16_E0555_265_EH-16S_18S_16S_amplicon_S502-A_N714-A,C3/C3c-C3gulf,12504.0,1834.pdf,Acropora,downingi,y,S_16_E0555_265_EH-16S_18S_16S_amplicon_S502-A_N714-A-1834.pdf
S_16_E0773_484_EH-16S_18S_16S_amplicon_S517-C_N707-C,C3/C3c-C3gulf,8518.0,1834.pdf,Acropora,downingi,y,S_16_E0773_484_EH-16S_18S_16S_amplicon_S517-C_N707-C-1834.pdf
S_16_E0864_659_EH-16S_18S_16S_amplicon_S517-D_N721-D,C3/C3c-C3gulf,9644.0,1834.pdf,Cyphastrea,microphthalma,y,S_16_E0864_659_EH-16S_18S_16S_amplicon_S517-D_N721-D-1834.pdf
S_16_E0674_289_EH-16S_18S_16S_amplicon_S506-B_N718-B,C3/C3c-C3gulf,15494.0,1834.pdf,Cyphastrea,microphthalma,y,S_16_E0674_289_EH-16S_18S_16S_amplicon_S506-B_N718-B-1834.pdf
S_16_E0763_509_EH-16S_18S_16S_amplicon_S516-C_N711-C,C3/C3c-C3gulf-C3m-C3l-C3r,10471.0,1834.pdf,Cyphastrea,microphthalma,y,S_16_E0763_509_EH-16S_18S_16S_amplicon_S516-C_N711-C-1834.pdf
S_16_E0645_342_EH-16S_18S_16S_amplicon_S502-B_N723-B,C3/C3c-C3gulf-C3m-C3l-C3r,12030.0,1834.pdf,Cyphastrea,microphthalma,y,S_16_E0645_342_EH-16S_18S_16S_amplicon_S502-B_N723-B-1834.pdf
S_16_E0728_343_EH-16S_18S_16S_amplicon_S511-B_N724-B,C3/C3c-C3gulf-C3m-C3l-C3r,15831.0,1834.pdf,Cyphastrea,microphthalma,y,S_16_E0728_343_EH-16S_18S_16S_amplicon_S511-B_N724-B-1834.pdf
S_16_E0581_167_EH-16S_18S_16S_amplicon_S506-A_N703-A,C3/C3c-C3gulf-C3m-C3l-C3r,12618.0,1834.pdf,Cyphastrea,microphthalma,y,S_16_E0581_167_EH-16S_18S_16S_amplicon_S506-A_N703-A-1834.pdf
S_16_E0581_167_EH-16S_18S_16S_amplicon_S506-A_N703-A,D5-D4-D5a-D4a,384.0,1834.pdf,Cyphastrea,microphthalma,y,S_16_E0581_167_EH-16S_18S_16S_amplicon_S506-A_N703-A-1834.pdf
S_16_E0716_344_EH-16S_18S_16S_amplicon_S510-B_N724-B,C3/C3c-C3gulf-C3m-C3l-C3r,15751.0,1834.pdf,Cyphastrea,microphthalma,y,S_16_E0716_344_EH-16S_18S_16S_amplicon_S510-B_N724-B-1834.pdf
S_16_E0580_157_EH-16S_18S_16S_amplicon_S506-A_N702-A,C3/C3c-C3gulf-C3m-C3l-C3r,11647.0,1834.pdf,Cyphastrea,microphthalma,y,S_16_E0580_157_EH-16S_18S_16S_amplicon_S506-A_N702-A-1834.pdf
S_16_E0890_704_EH-16S_18S_16S_amplicon_S520-D_N726-D,C3/C3c-C3gulf-C3m-C3l-C3r,8995.0,1834.pdf,Cyphastrea,microphthalma,y,S_16_E0890_704_EH-16S_18S_16S_amplicon_S520-D_N726-D-1834.pdf
S_16_E0890_704_EH-16S_18S_16S_amplicon_S520-D_N726-D,D5/D1-D5a-D4,141.0,1834.pdf,Cyphastrea,microphthalma,y,S_16_E0890_704_EH-16S_18S_16S_amplicon_S520-D_N726-D-1834.pdf
S_16_E0564_243_EH-16S_18S_16S_amplicon_S503-A_N711-A,C3/C3c-C3gulf-C3m-C3l-C3r,6405.0,1834.pdf,Cyphastrea,microphthalma,y,S_16_E0564_243_EH-16S_18S_16S_amplicon_S503-A_N711-A-1834.pdf
S_16_E0562_222_EH-16S_18S_16S_amplicon_S503-A_N707-A,C3/C3c-C3gulf-C3m-C3l-C3r,7393.0,1834.pdf,Cyphastrea,microphthalma,y,S_16_E0562_222_EH-16S_18S_16S_amplicon_S503-A_N707-A-1834.pdf
S_16_E0914_702_EH-16S_18S_16S_amplicon_S522-D_N726-D,C3/C3c-C3gulf-C3m-C3l-C3r,8383.0,1834.pdf,Cyphastrea,microphthalma,y,S_16_E0914_702_EH-16S_18S_16S_amplicon_S522-D_N726-D-1834.pdf
S_16_E0776_517_EH-16S_18S_16S_amplicon_S517-C_N712-C,C3/C3c-C3gulf-C3m-C3l-C3r,9608.0,1834.pdf,Cyphastrea,microphthalma,y,S_16_E0776_517_EH-16S_18S_16S_amplicon_S517-C_N712-C-1834.pdf
S_16_E0584_204_EH-16S_18S_16S_amplicon_S506-A_N706-A,C3/C3c-C3gulf-C3m-C3l-C3r,9833.0,1834.pdf,Cyphastrea,microphthalma,y,S_16_E0584_204_EH-16S_18S_16S_amplicon_S506-A_N706-A-1834.pdf
S_16_E0569_168_EH-16S_18S_16S_amplicon_S505-A_N703-A,C3/C3c-C3gulf-C3m-C3l-C3r,12466.0,1834.pdf,Cyphastrea,microphthalma,y,S_16_E0569_168_EH-16S_18S_16S_amplicon_S505-A_N703-A-1834.pdf
S_16_E0878_697_EH-16S_18S_16S_amplicon_S518-D_N724-D,C3/C3c-C3gulf-C3m-C3l-C3r,6769.0,1834.pdf,Cyphastrea,microphthalma,y,S_16_E0878_697_EH-16S_18S_16S_amplicon_S518-D_N724-D-1834.pdf
S_16_E0824_513_EH-16S_18S_16S_amplicon_S522-C_N712-C,A1,497.0,1834.pdf,Cyphastrea,microphthalma,y,S_16_E0824_513_EH-16S_18S_16S_amplicon_S522-C_N712-C-1834.pdf
S_16_E0824_513_EH-16S_18S_16S_amplicon_S522-C_N712-C,C3/C3c-C3gulf-C3m-C3l-C3r,7284.0,1834.pdf,Cyphastrea,microphthalma,y,S_16_E0824_513_EH-16S_18S_16S_amplicon_S522-C_N712-C-1834.pdf
S_16_E0680_348_EH-16S_18S_16S_amplicon_S506-B_N724-B,A1,208.0,1834.pdf,Cyphastrea,microphthalma,y,S_16_E0680_348_EH-16S_18S_16S_amplicon_S506-B_N724-B-1834.pdf
S_16_E0680_348_EH-16S_18S_16S_amplicon_S506-B_N724-B,C3/C3c-C3gulf-C3m-C3l-C3r,13378.0,1834.pdf,Cyphastrea,microphthalma,y,S_16_E0680_348_EH-16S_18S_16S_amplicon_S506-B_N724-B-1834.pdf
S_16_E0667_340_EH-16S_18S_16S_amplicon_S505-B_N723-B,A1,941.0,1834.pdf,Cyphastrea,microphthalma,y,S_16_E0667_340_EH-16S_18S_16S_amplicon_S505-B_N723-B-1834.pdf
S_16_E0667_340_EH-16S_18S_16S_amplicon_S505-B_N723-B,C3/C3c-C3gulf-C3m-C3l-C3r,16626.0,1834.pdf,Cyphastrea,microphthalma,y,S_16_E0667_340_EH-16S_18S_16S_amplicon_S505-B_N723-B-1834.pdf
S_16_E0592_155_EH-16S_18S_16S_amplicon_S507-A_N702-A,C3/C3c-C3gulf-C3m-C3l-C3r,8155.0,1834.pdf,Cyphastrea,microphthalma,y,S_16_E0592_155_EH-16S_18S_16S_amplicon_S507-A_N702-A-1834.pdf
S_16_E0703_336_EH-16S_18S_16S_amplicon_S508-B_N723-B,A1-A1bw-A1bf-A1bx-A1eb,1097.0,1834.pdf,Cyphastrea,microphthalma,y,S_16_E0703_336_EH-16S_18S_16S_amplicon_S508-B_N723-B-1834.pdf
S_16_E0703_336_EH-16S_18S_16S_amplicon_S508-B_N723-B,C3/C3c-C3gulf-C3m-C3l-C3r,17181.0,1834.pdf,Cyphastrea,microphthalma,y,S_16_E0703_336_EH-16S_18S_16S_amplicon_S508-B_N723-B-1834.pdf
S_16_E0644_333_EH-16S_18S_16S_amplicon_S502-B_N722-B,A1,858.0,1834.pdf,Cyphastrea,microphthalma,y,S_16_E0644_333_EH-16S_18S_16S_amplicon_S502-B_N722-B-1834.pdf
S_16_E0644_333_EH-16S_18S_16S_amplicon_S502-B_N722-B,C3/C3c-C3gulf-C3m-C3l-C3r,8643.0,1834.pdf,Cyphastrea,microphthalma,y,S_16_E0644_333_EH-16S_18S_16S_amplicon_S502-B_N722-B-1834.pdf
S_16_E0810_495_EH-16S_18S_16S_amplicon_S521-C_N710-C,A1,2782.0,1834.pdf,Cyphastrea,microphthalma,y,S_16_E0810_495_EH-16S_18S_16S_amplicon_S521-C_N710-C-1834.pdf
S_16_E0810_495_EH-16S_18S_16S_amplicon_S521-C_N710-C,C3/C3c-C3gulf-C3m-C3l-C3r,12517.0,1834.pdf,Cyphastrea,microphthalma,y,S_16_E0810_495_EH-16S_18S_16S_amplicon_S521-C_N710-C-1834.pdf
S_16_E0568_158_EH-16S_18S_16S_amplicon_S505-A_N702-A,A1,2124.0,1834.pdf,Cyphastrea,microphthalma,y,S_16_E0568_158_EH-16S_18S_16S_amplicon_S505-A_N702-A-1834.pdf
S_16_E0568_158_EH-16S_18S_16S_amplicon_S505-A_N702-A,C3/C3c-C3gulf-C3m-C3l-C3r,10289.0,1834.pdf,Cyphastrea,microphthalma,y,S_16_E0568_158_EH-16S_18S_16S_amplicon_S505-A_N702-A-1834.pdf
S_16_E0800_515_EH-16S_18S_16S_amplicon_S520-C_N712-C,A1,4206.0,1834.pdf,Cyphastrea,microphthalma,y,S_16_E0800_515_EH-16S_18S_16S_amplicon_S520-C_N712-C-1834.pdf
S_16_E0800_515_EH-16S_18S_16S_amplicon_S520-C_N712-C,C3/C3c-C3gulf-C3m-C3l-C3r,14857.0,1834.pdf,Cyphastrea,microphthalma,y,S_16_E0800_515_EH-16S_18S_16S_amplicon_S520-C_N712-C-1834.pdf
S_16_E0811_505_EH-16S_18S_16S_amplicon_S521-C_N711-C,C3-C3gulf-C3d-C115b-C3o-C18a-C3w-C3ai,14064.0,1834.pdf,Platygyra,daedalea,y,S_16_E0811_505_EH-16S_18S_16S_amplicon_S521-C_N711-C-1834.pdf
S_16_E0654_321_EH-16S_18S_16S_amplicon_S503-B_N721-B,C3-C3gulf-C3d-C115b-C3o-C18a-C3w-C3ai,14453.0,1834.pdf,Platygyra,daedalea,y,S_16_E0654_321_EH-16S_18S_16S_amplicon_S503-B_N721-B-1834.pdf
S_16_E0553_244_EH-16S_18S_16S_amplicon_S502-A_N711-A,C3-C3gulf-C3d-C115b-C3o-C18a-C3w-C3ai,5898.0,1834.pdf,Platygyra,daedalea,y,S_16_E0553_244_EH-16S_18S_16S_amplicon_S502-A_N711-A-1834.pdf
S_16_E0666_329_EH-16S_18S_16S_amplicon_S505-B_N722-B,C3-C3gulf-C3d-C115b-C3o-C18a-C3w-C3ai,13967.0,1834.pdf,Platygyra,daedalea,y,S_16_E0666_329_EH-16S_18S_16S_amplicon_S505-B_N722-B-1834.pdf
S_16_E0833_693_EH-16S_18S_16S_amplicon_S513-D_N723-D,C3-C3gulf-C3d-C115b-C3o-C18a-C3w-C3ai,7898.0,1834.pdf,Platygyra,daedalea,y,S_16_E0833_693_EH-16S_18S_16S_amplicon_S513-D_N723-D-1834.pdf
S_16_E0665_320_EH-16S_18S_16S_amplicon_S505-B_N721-B,C3-C3gulf-C3d-C115b-C3o-C18a-C3w-C3ai,13686.0,1834.pdf,Platygyra,daedalea,y,S_16_E0665_320_EH-16S_18S_16S_amplicon_S505-B_N721-B-1834.pdf
S_16_E0868_707_EH-16S_18S_16S_amplicon_S517-D_N726-D,C3-C3gulf-C3d-C115b-C3o-C18a-C3w-C3ai,7361.0,1834.pdf,Platygyra,daedalea,y,S_16_E0868_707_EH-16S_18S_16S_amplicon_S517-D_N726-D-1834.pdf
S_16_E0753_520_EH-16S_18S_16S_amplicon_S515-C_N712-C,C3-C3gulf-C3d-C115b-C3o-C18a-C3w-C3ai,11098.0,1834.pdf,Platygyra,daedalea,y,S_16_E0753_520_EH-16S_18S_16S_amplicon_S515-C_N712-C-1834.pdf
S_16_E0901_695_EH-16S_18S_16S_amplicon_S521-D_N724-D,C3-C3gulf-C3d-C115b-C3o-C18a-C3w-C3ai,13202.0,1834.pdf,Platygyra,daedalea,y,S_16_E0901_695_EH-16S_18S_16S_amplicon_S521-D_N724-D-1834.pdf
S_16_E0606_173_EH-16S_18S_16S_amplicon_S508-A_N704-A,C3-C3gulf-C3d-C115b-C3o-C18a-C3w-C3ai,15770.0,1834.pdf,Platygyra,daedalea,y,S_16_E0606_173_EH-16S_18S_16S_amplicon_S508-A_N704-A-1834.pdf
S_16_E0606_173_EH-16S_18S_16S_amplicon_S508-A_N704-A,D5-D5a-D4-D5f-D4a,879.0,1834.pdf,Platygyra,daedalea,y,S_16_E0606_173_EH-16S_18S_16S_amplicon_S508-A_N704-A-1834.pdf
S_16_E0823_503_EH-16S_18S_16S_amplicon_S522-C_N711-C,A1,1038.0,1834.pdf,Platygyra,daedalea,y,S_16_E0823_503_EH-16S_18S_16S_amplicon_S522-C_N711-C-1834.pdf
S_16_E0823_503_EH-16S_18S_16S_amplicon_S522-C_N711-C,C3-C3gulf-C3d-C115b-C3o-C18a-C3w-C3ai,9223.0,1834.pdf,Platygyra,daedalea,y,S_16_E0823_503_EH-16S_18S_16S_amplicon_S522-C_N711-C-1834.pdf
S_16_E0787_507_EH-16S_18S_16S_amplicon_S518-C_N711-C,C3-C3gulf-C3d-C115b-C3o-C18a-C3w-C3ai,12460.0,1834.pdf,Platygyra,daedalea,y,S_16_E0787_507_EH-16S_18S_16S_amplicon_S518-C_N711-C-1834.pdf
S_16_E0787_507_EH-16S_18S_16S_amplicon_S518-C_N711-C,D17a/D1-D4-D17-D1g,1554.0,1834.pdf,Platygyra,daedalea,y,S_16_E0787_507_EH-16S_18S_16S_amplicon_S518-C_N711-C-1834.pdf
S_16_E0844_691_EH-16S_18S_16S_amplicon_S515-D_N723-D,A1,1083.0,1834.pdf,Platygyra,daedalea,y,S_16_E0844_691_EH-16S_18S_16S_amplicon_S515-D_N723-D-1834.pdf
S_16_E0844_691_EH-16S_18S_16S_amplicon_S515-D_N723-D,C3-C3gulf-C3d-C115b-C3o-C18a-C3w-C3ai,7150.0,1834.pdf,Platygyra,daedalea,y,S_16_E0844_691_EH-16S_18S_16S_amplicon_S515-D_N723-D-1834.pdf
S_16_E0621_211_EH-16S_18S_16S_amplicon_S510-A_N707-A,A1,1633.0,1834.pdf,Platygyra,daedalea,y,S_16_E0621_211_EH-16S_18S_16S_amplicon_S510-A_N707-A-1834.pdf
S_16_E0621_211_EH-16S_18S_16S_amplicon_S510-A_N707-A,C3-C3gulf-C3d-C115b-C3o-C18a-C3w-C3ai,9517.0,1834.pdf,Platygyra,daedalea,y,S_16_E0621_211_EH-16S_18S_16S_amplicon_S510-A_N707-A-1834.pdf
S_16_E0643_322_EH-16S_18S_16S_amplicon_S502-B_N721-B,A1,2382.0,1834.pdf,Platygyra,daedalea,y,S_16_E0643_322_EH-16S_18S_16S_amplicon_S502-B_N721-B-1834.pdf
S_16_E0643_322_EH-16S_18S_16S_amplicon_S502-B_N721-B,C3-C3gulf-C3d-C115b-C3o-C18a-C3w-C3ai,14893.0,1834.pdf,Platygyra,daedalea,y,S_16_E0643_322_EH-16S_18S_16S_amplicon_S502-B_N721-B-1834.pdf
S_16_E0561_208_EH-16S_18S_16S_amplicon_S503-A_N706-A,C3-C3gulf-C3d-C115b-C3o-C18a-C3w-C3ai,4099.0,1834.pdf,Platygyra,daedalea,y,S_16_E0561_208_EH-16S_18S_16S_amplicon_S503-A_N706-A-1834.pdf
S_16_E0561_208_EH-16S_18S_16S_amplicon_S503-A_N706-A,D5/D1-D5a-D4,462.0,1834.pdf,Platygyra,daedalea,y,S_16_E0561_208_EH-16S_18S_16S_amplicon_S503-A_N706-A-1834.pdf
S_16_E0801_526_EH-16S_18S_16S_amplicon_S520-C_N714-C,A1,393.0,1834.pdf,Platygyra,daedalea,y,S_16_E0801_526_EH-16S_18S_16S_amplicon_S520-C_N714-C-1834.pdf
S_16_E0801_526_EH-16S_18S_16S_amplicon_S520-C_N714-C,C3-C3gulf-C3d-C115b-C3o-C18a-C3w-C3ai,10512.0,1834.pdf,Platygyra,daedalea,y,S_16_E0801_526_EH-16S_18S_16S_amplicon_S520-C_N714-C-1834.pdf
S_16_E0597_214_EH-16S_18S_16S_amplicon_S507-A_N707-A,A1,2422.0,1834.pdf,Platygyra,daedalea,y,S_16_E0597_214_EH-16S_18S_16S_amplicon_S507-A_N707-A-1834.pdf
S_16_E0597_214_EH-16S_18S_16S_amplicon_S507-A_N707-A,C3-C3gulf-C3d-C115b-C3o-C18a-C3w-C3ai,4225.0,1834.pdf,Platygyra,daedalea,y,S_16_E0597_214_EH-16S_18S_16S_amplicon_S507-A_N707-A-1834.pdf
S_16_E0597_214_EH-16S_18S_16S_amplicon_S507-A_N707-A,D5/D1/D17a-D4,670.0,1834.pdf,Platygyra,daedalea,y,S_16_E0597_214_EH-16S_18S_16S_amplicon_S507-A_N707-A-1834.pdf
S_16_E0895_615_EH-16S_18S_16S_amplicon_S521-D_N718-D,C3-C3gulf-C3c-C3am,16002.0,1834.pdf,Cyphastrea,microphthalma,y,S_16_E0895_615_EH-16S_18S_16S_amplicon_S521-D_N718-D-1834.pdf
S_16_E0886_656_EH-16S_18S_16S_amplicon_S520-D_N721-D,C3-C3gulf-C3c-C3am,11668.0,1834.pdf,Cyphastrea,microphthalma,y,S_16_E0886_656_EH-16S_18S_16S_amplicon_S520-D_N721-D-1834.pdf
S_16_E0813_525_EH-16S_18S_16S_amplicon_S521-C_N714-C,C3-C3gulf-C3c-C3am,7989.0,1834.pdf,Cyphastrea,microphthalma,y,S_16_E0813_525_EH-16S_18S_16S_amplicon_S521-C_N714-C-1834.pdf
S_16_E0887_669_EH-16S_18S_16S_amplicon_S520-D_N722-D,C3-C3gulf-C3c-C3am,10080.0,1834.pdf,Cyphastrea,microphthalma,y,S_16_E0887_669_EH-16S_18S_16S_amplicon_S520-D_N722-D-1834.pdf
S_16_E0825_523_EH-16S_18S_16S_amplicon_S522-C_N714-C,C3-C3gulf-C3c-C3am,8183.0,1834.pdf,Cyphastrea,microphthalma,y,S_16_E0825_523_EH-16S_18S_16S_amplicon_S522-C_N714-C-1834.pdf
S_16_E0695_378_EH-16S_18S_16S_amplicon_S507-B_N728-B,C3-C3gulf-C3c-C3am,12754.0,1834.pdf,Cyphastrea,microphthalma,y,S_16_E0695_378_EH-16S_18S_16S_amplicon_S507-B_N728-B-1834.pdf
S_16_E0910_653_EH-16S_18S_16S_amplicon_S522-D_N721-D,C3-C3gulf-C3c-C3am,15947.0,1834.pdf,Cyphastrea,microphthalma,y,S_16_E0910_653_EH-16S_18S_16S_amplicon_S522-D_N721-D-1834.pdf
S_16_E0898_655_EH-16S_18S_16S_amplicon_S521-D_N721-D,C3-C3gulf-C3c-C3am,14733.0,1834.pdf,Cyphastrea,microphthalma,y,S_16_E0898_655_EH-16S_18S_16S_amplicon_S521-D_N721-D-1834.pdf
S_16_E0707_376_EH-16S_18S_16S_amplicon_S508-B_N728-B,C3-C3gulf-C3c-C3am,13845.0,1834.pdf,Cyphastrea,microphthalma,y,S_16_E0707_376_EH-16S_18S_16S_amplicon_S508-B_N728-B-1834.pdf
S_16_E0587_241_EH-16S_18S_16S_amplicon_S506-A_N711-A,A1,850.0,1834.pdf,Cyphastrea,microphthalma,y,S_16_E0587_241_EH-16S_18S_16S_amplicon_S506-A_N711-A-1834.pdf
S_16_E0587_241_EH-16S_18S_16S_amplicon_S506-A_N711-A,C3-C3gulf-C3c-C3am,8503.0,1834.pdf,Cyphastrea,microphthalma,y,S_16_E0587_241_EH-16S_18S_16S_amplicon_S506-A_N711-A-1834.pdf
S_16_E0663_300_EH-16S_18S_16S_amplicon_S505-B_N719-B,C3-C3gulf-C3c-C3am,11587.0,1834.pdf,Cyphastrea,microphthalma,y,S_16_E0663_300_EH-16S_18S_16S_amplicon_S505-B_N719-B-1834.pdf
S_16_E0663_300_EH-16S_18S_16S_amplicon_S505-B_N719-B,D5-D5a-D4-D5f-D4a,626.0,1834.pdf,Cyphastrea,microphthalma,y,S_16_E0663_300_EH-16S_18S_16S_amplicon_S505-B_N719-B-1834.pdf
S_16_E0575_242_EH-16S_18S_16S_amplicon_S505-A_N711-A,A1,1069.0,1834.pdf,Cyphastrea,microphthalma,y,S_16_E0575_242_EH-16S_18S_16S_amplicon_S505-A_N711-A-1834.pdf
S_16_E0575_242_EH-16S_18S_16S_amplicon_S505-A_N711-A,C3-C3gulf-C3c-C3am,5039.0,1834.pdf,Cyphastrea,microphthalma,y,S_16_E0575_242_EH-16S_18S_16S_amplicon_S505-A_N711-A-1834.pdf
S_16_E0626_267_EH-16S_18S_16S_amplicon_S510-A_N715-A,A1,3010.0,1834.pdf,Cyphastrea,microphthalma,y,S_16_E0626_267_EH-16S_18S_16S_amplicon_S510-A_N715-A-1834.pdf
S_16_E0626_267_EH-16S_18S_16S_amplicon_S510-A_N715-A,C3-C3gulf-C3c-C3am,13727.0,1834.pdf,Cyphastrea,microphthalma,y,S_16_E0626_267_EH-16S_18S_16S_amplicon_S510-A_N715-A-1834.pdf
S_16_E0626_267_EH-16S_18S_16S_amplicon_S510-A_N715-A,D5-D5a-D4-D5f-D4a,646.0,1834.pdf,Cyphastrea,microphthalma,y,S_16_E0626_267_EH-16S_18S_16S_amplicon_S510-A_N715-A-1834.pdf
S_16_E0634_226_EH-16S_18S_16S_amplicon_S511-A_N710-A,A1,1931.0,1834.pdf,Cyphastrea,microphthalma,y,S_16_E0634_226_EH-16S_18S_16S_amplicon_S511-A_N710-A-1834.pdf
S_16_E0634_226_EH-16S_18S_16S_amplicon_S511-A_N710-A,C3-C3gulf-C3c-C3am,9060.0,1834.pdf,Cyphastrea,microphthalma,y,S_16_E0634_226_EH-16S_18S_16S_amplicon_S511-A_N710-A-1834.pdf
S_16_E0634_226_EH-16S_18S_16S_amplicon_S511-A_N710-A,D5/D4,589.0,1834.pdf,Cyphastrea,microphthalma,y,S_16_E0634_226_EH-16S_18S_16S_amplicon_S511-A_N710-A-1834.pdf
S_16_E0856_699_EH-16S_18S_16S_amplicon_S516-D_N724-D,A1,1186.0,1834.pdf,Cyphastrea,microphthalma,y,S_16_E0856_699_EH-16S_18S_16S_amplicon_S516-D_N724-D-1834.pdf
S_16_E0856_699_EH-16S_18S_16S_amplicon_S516-D_N724-D,C3-C3gulf-C3c-C3am,3825.0,1834.pdf,Cyphastrea,microphthalma,y,S_16_E0856_699_EH-16S_18S_16S_amplicon_S516-D_N724-D-1834.pdf
S_16_E0588_251_EH-16S_18S_16S_amplicon_S506-A_N712-A,C3-C3an-C3t-C3gulf,14494.0,1834.pdf,Cyphastrea,microphthalma,y,S_16_E0588_251_EH-16S_18S_16S_amplicon_S506-A_N712-A-1834.pdf
S_16_E0565_253_EH-16S_18S_16S_amplicon_S503-A_N712-A,C3-C3an-C3t-C3gulf,14822.0,1834.pdf,Cyphastrea,microphthalma,y,S_16_E0565_253_EH-16S_18S_16S_amplicon_S503-A_N712-A-1834.pdf
S_16_E0737_471_EH-16S_18S_16S_amplicon_S513-C_N705-C,C3-C3an-C3t-C3gulf,7966.0,1834.pdf,Cyphastrea,microphthalma,y,S_16_E0737_471_EH-16S_18S_16S_amplicon_S513-C_N705-C-1834.pdf
S_16_E0738_479_EH-16S_18S_16S_amplicon_S513-C_N706-C,C3-C3an-C3t-C3gulf,8387.0,1834.pdf,Cyphastrea,microphthalma,y,S_16_E0738_479_EH-16S_18S_16S_amplicon_S513-C_N706-C-1834.pdf
S_16_E0574_233_EH-16S_18S_16S_amplicon_S505-A_N710-A,C3-C3an-C3t-C3gulf,12075.0,1834.pdf,Cyphastrea,microphthalma,y,S_16_E0574_233_EH-16S_18S_16S_amplicon_S505-A_N710-A-1834.pdf
S_16_E0771_468_EH-16S_18S_16S_amplicon_S517-C_N705-C,C3-C3an-C3t-C3gulf,6161.0,1834.pdf,Cyphastrea,microphthalma,y,S_16_E0771_468_EH-16S_18S_16S_amplicon_S517-C_N705-C-1834.pdf
S_16_E0784_475_EH-16S_18S_16S_amplicon_S518-C_N706-C,C3-C3an-C3t-C3gulf,10884.0,1834.pdf,Cyphastrea,microphthalma,y,S_16_E0784_475_EH-16S_18S_16S_amplicon_S518-C_N706-C-1834.pdf
S_16_E0712_304_EH-16S_18S_16S_amplicon_S510-B_N720-B,C3-C3an-C3t-C3gulf,9491.0,1834.pdf,Cyphastrea,microphthalma,y,S_16_E0712_304_EH-16S_18S_16S_amplicon_S510-B_N720-B-1834.pdf
S_16_E0586_232_EH-16S_18S_16S_amplicon_S506-A_N710-A,A1,393.0,1834.pdf,Cyphastrea,microphthalma,y,S_16_E0586_232_EH-16S_18S_16S_amplicon_S506-A_N710-A-1834.pdf
S_16_E0586_232_EH-16S_18S_16S_amplicon_S506-A_N710-A,C3-C3an-C3t-C3gulf,11576.0,1834.pdf,Cyphastrea,microphthalma,y,S_16_E0586_232_EH-16S_18S_16S_amplicon_S506-A_N710-A-1834.pdf
S_16_E0759_469_EH-16S_18S_16S_amplicon_S516-C_N705-C,C3-C3an-C3t-C3gulf,8389.0,1834.pdf,Cyphastrea,microphthalma,y,S_16_E0759_469_EH-16S_18S_16S_amplicon_S516-C_N705-C-1834.pdf
S_16_E0808_473_EH-16S_18S_16S_amplicon_S521-C_N706-C,C3-C3an-C3t-C3gulf,11404.0,1834.pdf,Cyphastrea,microphthalma,y,S_16_E0808_473_EH-16S_18S_16S_amplicon_S521-C_N706-C-1834.pdf
S_16_E0612_249_EH-16S_18S_16S_amplicon_S508-A_N712-A,A1,1007.0,1834.pdf,Cyphastrea,microphthalma,y,S_16_E0612_249_EH-16S_18S_16S_amplicon_S508-A_N712-A-1834.pdf
S_16_E0612_249_EH-16S_18S_16S_amplicon_S508-A_N712-A,C3-C3an-C3t-C3gulf,12366.0,1834.pdf,Cyphastrea,microphthalma,y,S_16_E0612_249_EH-16S_18S_16S_amplicon_S508-A_N712-A-1834.pdf
S_16_E0577_263_EH-16S_18S_16S_amplicon_S505-A_N714-A,C3-C3an-C3t-C3gulf,14095.0,1834.pdf,Cyphastrea,microphthalma,y,S_16_E0577_263_EH-16S_18S_16S_amplicon_S505-A_N714-A-1834.pdf
S_16_E0749_478_EH-16S_18S_16S_amplicon_S515-C_N706-C,C3-C3an-C3t-C3gulf,6210.0,1834.pdf,Cyphastrea,microphthalma,y,S_16_E0749_478_EH-16S_18S_16S_amplicon_S515-C_N706-C-1834.pdf
S_16_E0679_339_EH-16S_18S_16S_amplicon_S506-B_N723-B,C3-C3gulf-C3c-C3m-C3l-C3r-C3ao-C3aj,17883.0,1834.pdf,Cyphastrea,microphthalma,y,S_16_E0679_339_EH-16S_18S_16S_amplicon_S506-B_N723-B-1834.pdf
S_16_E0572_205_EH-16S_18S_16S_amplicon_S505-A_N706-A,C3-C3gulf-C3c-C3m-C3l-C3r-C3ao-C3aj,9436.0,1834.pdf,Cyphastrea,microphthalma,y,S_16_E0572_205_EH-16S_18S_16S_amplicon_S505-A_N706-A-1834.pdf
S_16_E0551_223_EH-16S_18S_16S_amplicon_S502-A_N707-A,C3-C3gulf-C3c-C3m-C3l-C3r-C3ao-C3aj,12018.0,1834.pdf,Cyphastrea,microphthalma,y,S_16_E0551_223_EH-16S_18S_16S_amplicon_S502-A_N707-A-1834.pdf
S_16_E0799_506_EH-16S_18S_16S_amplicon_S520-C_N711-C,C3-C3gulf-C3c-C3m-C3l-C3r-C3ao-C3aj,9849.0,1834.pdf,Cyphastrea,microphthalma,y,S_16_E0799_506_EH-16S_18S_16S_amplicon_S520-C_N711-C-1834.pdf
S_16_E0799_506_EH-16S_18S_16S_amplicon_S520-C_N711-C,D5/D1-D5a-D4,190.0,1834.pdf,Cyphastrea,microphthalma,y,S_16_E0799_506_EH-16S_18S_16S_amplicon_S520-C_N711-C-1834.pdf
S_16_E0751_501_EH-16S_18S_16S_amplicon_S515-C_N710-C,C3-C3gulf-C3c-C3m-C3l-C3r-C3ao-C3aj,15294.0,1834.pdf,Cyphastrea,microphthalma,y,S_16_E0751_501_EH-16S_18S_16S_amplicon_S515-C_N710-C-1834.pdf
S_16_E0629_162_EH-16S_18S_16S_amplicon_S511-A_N703-A,C3-C3gulf-C3c-C3m-C3l-C3r-C3ao-C3aj,15905.0,1834.pdf,Cyphastrea,microphthalma,y,S_16_E0629_162_EH-16S_18S_16S_amplicon_S511-A_N703-A-1834.pdf
S_16_E0866_689_EH-16S_18S_16S_amplicon_S517-D_N723-D,C3-C3gulf-C3c-C3m-C3l-C3r-C3ao-C3aj,5282.0,1834.pdf,Cyphastrea,microphthalma,y,S_16_E0866_689_EH-16S_18S_16S_amplicon_S517-D_N723-D-1834.pdf
S_16_E0691_337_EH-16S_18S_16S_amplicon_S507-B_N723-B,C3-C3gulf-C3c-C3m-C3l-C3r-C3ao-C3aj,15374.0,1834.pdf,Cyphastrea,microphthalma,y,S_16_E0691_337_EH-16S_18S_16S_amplicon_S507-B_N723-B-1834.pdf
S_16_E0668_349_EH-16S_18S_16S_amplicon_S505-B_N724-B,C3-C3gulf-C3c-C3m-C3l-C3r-C3ao-C3aj,15143.0,1834.pdf,Cyphastrea,microphthalma,y,S_16_E0668_349_EH-16S_18S_16S_amplicon_S505-B_N724-B-1834.pdf
S_16_E0913_694_EH-16S_18S_16S_amplicon_S522-D_N724-D,A1,494.0,1834.pdf,Cyphastrea,microphthalma,y,S_16_E0913_694_EH-16S_18S_16S_amplicon_S522-D_N724-D-1834.pdf
S_16_E0913_694_EH-16S_18S_16S_amplicon_S522-D_N724-D,C3-C3gulf-C3c-C3m-C3l-C3r-C3ao-C3aj,6695.0,1834.pdf,Cyphastrea,microphthalma,y,S_16_E0913_694_EH-16S_18S_16S_amplicon_S522-D_N724-D-1834.pdf
S_16_E0913_694_EH-16S_18S_16S_amplicon_S522-D_N724-D,D5,86.0,1834.pdf,Cyphastrea,microphthalma,y,S_16_E0913_694_EH-16S_18S_16S_amplicon_S522-D_N724-D-1834.pdf
S_16_E0616_153_EH-16S_18S_16S_amplicon_S510-A_N702-A,A1,1968.0,1834.pdf,Cyphastrea,microphthalma,y,S_16_E0616_153_EH-16S_18S_16S_amplicon_S510-A_N702-A-1834.pdf
S_16_E0616_153_EH-16S_18S_16S_amplicon_S510-A_N702-A,C3-C3gulf-C3c-C3m-C3l-C3r-C3ao-C3aj,16630.0,1834.pdf,Cyphastrea,microphthalma,y,S_16_E0616_153_EH-16S_18S_16S_amplicon_S510-A_N702-A-1834.pdf
S_16_E0616_153_EH-16S_18S_16S_amplicon_S510-A_N702-A,D5-D5a-D4-D5f-D4a,653.0,1834.pdf,Cyphastrea,microphthalma,y,S_16_E0616_153_EH-16S_18S_16S_amplicon_S510-A_N702-A-1834.pdf
S_16_E0558_169_EH-16S_18S_16S_amplicon_S503-A_N703-A,A1-A1cu,986.0,1834.pdf,Cyphastrea,microphthalma,y,S_16_E0558_169_EH-16S_18S_16S_amplicon_S503-A_N703-A-1834.pdf
S_16_E0558_169_EH-16S_18S_16S_amplicon_S503-A_N703-A,C3-C3gulf-C3c-C3m-C3l-C3r-C3ao-C3aj,3705.0,1834.pdf,Cyphastrea,microphthalma,y,S_16_E0558_169_EH-16S_18S_16S_amplicon_S503-A_N703-A-1834.pdf
S_16_E0845_700_EH-16S_18S_16S_amplicon_S515-D_N724-D,A1,676.0,1834.pdf,Cyphastrea,microphthalma,y,S_16_E0845_700_EH-16S_18S_16S_amplicon_S515-D_N724-D-1834.pdf
S_16_E0845_700_EH-16S_18S_16S_amplicon_S515-D_N724-D,C3-C3gulf-C3c-C3m-C3l-C3r-C3ao-C3aj,4508.0,1834.pdf,Cyphastrea,microphthalma,y,S_16_E0845_700_EH-16S_18S_16S_amplicon_S515-D_N724-D-1834.pdf
S_16_E0845_700_EH-16S_18S_16S_amplicon_S515-D_N724-D,D5/D1/D17a-D4,734.0,1834.pdf,Cyphastrea,microphthalma,y,S_16_E0845_700_EH-16S_18S_16S_amplicon_S515-D_N724-D-1834.pdf
S_16_E0817_437_EH-16S_18S_16S_amplicon_S522-C_N703-C,D5-D4-D4a-D2-D5d-D5g-D5h,17548.0,1834.pdf,Acropora,downingi,y,S_16_E0817_437_EH-16S_18S_16S_amplicon_S522-C_N703-C-1834.pdf
S_16_E0573_220_EH-16S_18S_16S_amplicon_S505-A_N707-A,D5-D4-D4a-D2-D5d-D5g-D5h,16351.0,1834.pdf,Acropora,downingi,y,S_16_E0573_220_EH-16S_18S_16S_amplicon_S505-A_N707-A-1834.pdf
S_16_E0769_442_EH-16S_18S_16S_amplicon_S517-C_N703-C,D5-D4-D4a-D2-D5d-D5g-D5h,8975.0,1834.pdf,Acropora,downingi,y,S_16_E0769_442_EH-16S_18S_16S_amplicon_S517-C_N703-C-1834.pdf
S_16_E0793_440_EH-16S_18S_16S_amplicon_S520-C_N703-C,D5-D4-D4a-D2-D5d-D5g-D5h,21608.0,1834.pdf,Acropora,downingi,y,S_16_E0793_440_EH-16S_18S_16S_amplicon_S520-C_N703-C-1834.pdf
S_16_E0734_432_EH-16S_18S_16S_amplicon_S513-C_N702-C,D5-D4-D4a-D2-D5d-D5g-D5h,12063.0,1834.pdf,Acropora,downingi,y,S_16_E0734_432_EH-16S_18S_16S_amplicon_S513-C_N702-C-1834.pdf
S_16_E0596_202_EH-16S_18S_16S_amplicon_S507-A_N706-A,D5-D4-D4a-D2-D5d-D5g-D5h,9172.0,1834.pdf,Acropora,downingi,y,S_16_E0596_202_EH-16S_18S_16S_amplicon_S507-A_N706-A-1834.pdf
S_16_E0745_431_EH-16S_18S_16S_amplicon_S515-C_N702-C,D5-D4-D4a-D2-D5d-D5g-D5h,14858.0,1834.pdf,Acropora,downingi,y,S_16_E0745_431_EH-16S_18S_16S_amplicon_S515-C_N702-C-1834.pdf
S_16_E0632_197_EH-16S_18S_16S_amplicon_S511-A_N706-A,D5-D4-D4a-D2-D5d-D5g-D5h,18212.0,1834.pdf,Acropora,downingi,y,S_16_E0632_197_EH-16S_18S_16S_amplicon_S511-A_N706-A-1834.pdf
S_16_E0781_441_EH-16S_18S_16S_amplicon_S518-C_N703-C,D5-D4-D4a-D2-D5d-D5g-D5h,22700.0,1834.pdf,Acropora,downingi,y,S_16_E0781_441_EH-16S_18S_16S_amplicon_S518-C_N703-C-1834.pdf
S_16_E0620_199_EH-16S_18S_16S_amplicon_S510-A_N706-A,D5-D4-D4a-D2-D5d-D5g-D5h,12990.0,1834.pdf,Acropora,downingi,y,S_16_E0620_199_EH-16S_18S_16S_amplicon_S510-A_N706-A-1834.pdf
S_16_E0559_179_EH-16S_18S_16S_amplicon_S503-A_N704-A,D5-D4-D4a-D2-D5d-D5g-D5h,13377.0,1834.pdf,Acropora,downingi,y,S_16_E0559_179_EH-16S_18S_16S_amplicon_S503-A_N704-A-1834.pdf
S_16_E0805_438_EH-16S_18S_16S_amplicon_S521-C_N703-C,D5-D4-D4a-D2-D5d-D5g-D5h,16427.0,1834.pdf,Acropora,downingi,y,S_16_E0805_438_EH-16S_18S_16S_amplicon_S521-C_N703-C-1834.pdf
S_16_E0752_510_EH-16S_18S_16S_amplicon_S515-C_N711-C,C3-C3gulf-C3ap-C115b-C3ai,13175.0,1834.pdf,Platygyra,daedalea,y,S_16_E0752_510_EH-16S_18S_16S_amplicon_S515-C_N711-C-1834.pdf
S_16_E0879_705_EH-16S_18S_16S_amplicon_S518-D_N726-D,C3-C3gulf-C3ap-C115b-C3ai,9726.0,1834.pdf,Platygyra,daedalea,y,S_16_E0879_705_EH-16S_18S_16S_amplicon_S518-D_N726-D-1834.pdf
S_16_E0812_514_EH-16S_18S_16S_amplicon_S521-C_N712-C,C3-C3gulf-C3ap-C115b-C3ai,13351.0,1834.pdf,Platygyra,daedalea,y,S_16_E0812_514_EH-16S_18S_16S_amplicon_S521-C_N712-C-1834.pdf
S_16_E0764_518_EH-16S_18S_16S_amplicon_S516-C_N712-C,C3-C3gulf-C3ap-C115b-C3ai,8453.0,1834.pdf,Platygyra,daedalea,y,S_16_E0764_518_EH-16S_18S_16S_amplicon_S516-C_N712-C-1834.pdf
S_16_E0655_332_EH-16S_18S_16S_amplicon_S503-B_N722-B,C3-C3gulf-C3ap-C115b-C3ai,12126.0,1834.pdf,Platygyra,daedalea,y,S_16_E0655_332_EH-16S_18S_16S_amplicon_S503-B_N722-B-1834.pdf
S_16_E0702_326_EH-16S_18S_16S_amplicon_S508-B_N722-B,C3-C3gulf-C3ap-C115b-C3ai,9751.0,1834.pdf,Platygyra,daedalea,y,S_16_E0702_326_EH-16S_18S_16S_amplicon_S508-B_N722-B-1834.pdf
S_16_E0834_701_EH-16S_18S_16S_amplicon_S513-D_N724-D,C3-C3gulf-C3ap-C115b-C3ai,6022.0,1834.pdf,Platygyra,daedalea,y,S_16_E0834_701_EH-16S_18S_16S_amplicon_S513-D_N724-D-1834.pdf
S_16_E0835_712_EH-16S_18S_16S_amplicon_S513-D_N726-D,C3-C3gulf-C3ap-C115b-C3ai,6926.0,1834.pdf,Platygyra,daedalea,y,S_16_E0835_712_EH-16S_18S_16S_amplicon_S513-D_N726-D-1834.pdf
S_16_E0550_209_EH-16S_18S_16S_amplicon_S502-A_N706-A,C3-C3gulf-C3ap-C115b-C3ai,7046.0,1834.pdf,Platygyra,daedalea,y,S_16_E0550_209_EH-16S_18S_16S_amplicon_S502-A_N706-A-1834.pdf
S_16_E0550_209_EH-16S_18S_16S_amplicon_S502-A_N706-A,D5-D5a-D4-D5f-D4a,180.0,1834.pdf,Platygyra,daedalea,y,S_16_E0550_209_EH-16S_18S_16S_amplicon_S502-A_N706-A-1834.pdf
S_16_E0630_171_EH-16S_18S_16S_amplicon_S511-A_N704-A,A1,3853.0,1834.pdf,Platygyra,daedalea,y,S_16_E0630_171_EH-16S_18S_16S_amplicon_S511-A_N704-A-1834.pdf
S_16_E0630_171_EH-16S_18S_16S_amplicon_S511-A_N704-A,C3-C3gulf-C3ap-C115b-C3ai,4083.0,1834.pdf,Platygyra,daedalea,y,S_16_E0630_171_EH-16S_18S_16S_amplicon_S511-A_N704-A-1834.pdf
S_16_E0546_161_EH-16S_18S_16S_amplicon_S502-A_N702-A,A1,7887.0,1834.pdf,Platygyra,daedalea,y,S_16_E0546_161_EH-16S_18S_16S_amplicon_S502-A_N702-A-1834.pdf
S_16_E0546_161_EH-16S_18S_16S_amplicon_S502-A_N702-A,C3-C3gulf-C3ap-C115b-C3ai,6391.0,1834.pdf,Platygyra,daedalea,y,S_16_E0546_161_EH-16S_18S_16S_amplicon_S502-A_N702-A-1834.pdf
S_16_E0757_443_EH-16S_18S_16S_amplicon_S516-C_N703-C,D5-D4-D5a-D4a,15266.0,1834.pdf,Acropora,downingi,y,S_16_E0757_443_EH-16S_18S_16S_amplicon_S516-C_N703-C-1834.pdf
S_16_E0608_201_EH-16S_18S_16S_amplicon_S508-A_N706-A,D5-D4-D5a-D4a,7418.0,1834.pdf,Acropora,downingi,y,S_16_E0608_201_EH-16S_18S_16S_amplicon_S508-A_N706-A-1834.pdf
S_16_E0585_219_EH-16S_18S_16S_amplicon_S506-A_N707-A,D5-D4-D5a-D4a,13198.0,1834.pdf,Acropora,downingi,y,S_16_E0585_219_EH-16S_18S_16S_amplicon_S506-A_N707-A-1834.pdf
S_16_E0548_180_EH-16S_18S_16S_amplicon_S502-A_N704-A,D5-D4-D5a-D4a,16441.0,1834.pdf,Acropora,downingi,y,S_16_E0548_180_EH-16S_18S_16S_amplicon_S502-A_N704-A-1834.pdf
S_16_E0593_165_EH-16S_18S_16S_amplicon_S507-A_N703-A,D5-D4-D5a-D4a,17484.0,1834.pdf,Acropora,downingi,y,S_16_E0593_165_EH-16S_18S_16S_amplicon_S507-A_N703-A-1834.pdf
S_16_E0549_194_EH-16S_18S_16S_amplicon_S502-A_N705-A,D5-D4-D5a-D4a,11705.0,1834.pdf,Acropora,downingi,y,S_16_E0549_194_EH-16S_18S_16S_amplicon_S502-A_N705-A-1834.pdf
S_16_E0756_427_EH-16S_18S_16S_amplicon_S516-C_N702-C,D5-D4-D5a-D4a,11365.0,1834.pdf,Acropora,downingi,y,S_16_E0756_427_EH-16S_18S_16S_amplicon_S516-C_N702-C-1834.pdf
S_16_E0867_698_EH-16S_18S_16S_amplicon_S517-D_N724-D,C3-C3gulf-C3ai,5608.0,1834.pdf,Platygyra,daedalea,y,S_16_E0867_698_EH-16S_18S_16S_amplicon_S517-D_N724-D-1834.pdf
S_16_E0714_324_EH-16S_18S_16S_amplicon_S510-B_N722-B,C3-C3gulf-C3ai,14051.0,1834.pdf,Platygyra,daedalea,y,S_16_E0714_324_EH-16S_18S_16S_amplicon_S510-B_N722-B-1834.pdf
S_16_E0775_508_EH-16S_18S_16S_amplicon_S517-C_N711-C,C3-C3gulf-C3ai,9342.0,1834.pdf,Platygyra,daedalea,y,S_16_E0775_508_EH-16S_18S_16S_amplicon_S517-C_N711-C-1834.pdf
S_16_E0726_323_EH-16S_18S_16S_amplicon_S511-B_N722-B,C3-C3gulf-C3ai,14797.0,1834.pdf,Platygyra,daedalea,y,S_16_E0726_323_EH-16S_18S_16S_amplicon_S511-B_N722-B-1834.pdf
S_16_E0611_239_EH-16S_18S_16S_amplicon_S508-A_N711-A,C3-C3gulf-C3ai,5841.0,1834.pdf,Platygyra,daedalea,y,S_16_E0611_239_EH-16S_18S_16S_amplicon_S508-A_N711-A-1834.pdf
S_16_E0889_696_EH-16S_18S_16S_amplicon_S520-D_N724-D,A1,336.0,1834.pdf,Platygyra,daedalea,y,S_16_E0889_696_EH-16S_18S_16S_amplicon_S520-D_N724-D-1834.pdf
S_16_E0889_696_EH-16S_18S_16S_amplicon_S520-D_N724-D,C3-C3gulf-C3ai,10152.0,1834.pdf,Platygyra,daedalea,y,S_16_E0889_696_EH-16S_18S_16S_amplicon_S520-D_N724-D-1834.pdf
S_16_E0798_496_EH-16S_18S_16S_amplicon_S520-C_N710-C,C3-C3gulf-C3ai,15401.0,1834.pdf,Platygyra,daedalea,y,S_16_E0798_496_EH-16S_18S_16S_amplicon_S520-C_N710-C-1834.pdf
S_16_E0689_317_EH-16S_18S_16S_amplicon_S507-B_N721-B,C3-C3gulf-C3ai,11963.0,1834.pdf,Platygyra,daedalea,y,S_16_E0689_317_EH-16S_18S_16S_amplicon_S507-B_N721-B-1834.pdf
S_16_E0633_210_EH-16S_18S_16S_amplicon_S511-A_N707-A,A1,3870.0,1834.pdf,Platygyra,daedalea,y,S_16_E0633_210_EH-16S_18S_16S_amplicon_S511-A_N707-A-1834.pdf
S_16_E0633_210_EH-16S_18S_16S_amplicon_S511-A_N707-A,C3-C3gulf-C3ai,13523.0,1834.pdf,Platygyra,daedalea,y,S_16_E0633_210_EH-16S_18S_16S_amplicon_S511-A_N707-A-1834.pdf
S_16_E0690_327_EH-16S_18S_16S_amplicon_S507-B_N722-B,C3-C115b-C3gulf-C3d-C3ai-C18a,11013.0,1834.pdf,Platygyra,daedalea,y,S_16_E0690_327_EH-16S_18S_16S_amplicon_S507-B_N722-B-1834.pdf
S_16_E0636_245_EH-16S_18S_16S_amplicon_S511-A_N712-A,C3-C115b-C3gulf-C3d-C3ai-C18a,4193.0,1834.pdf,Platygyra,daedalea,y,S_16_E0636_245_EH-16S_18S_16S_amplicon_S511-A_N712-A-1834.pdf
S_16_E0855_690_EH-16S_18S_16S_amplicon_S516-D_N723-D,C3-C115b-C3gulf-C3d-C3ai-C18a,8494.0,1834.pdf,Platygyra,daedalea,y,S_16_E0855_690_EH-16S_18S_16S_amplicon_S516-D_N723-D-1834.pdf
S_16_E0677_319_EH-16S_18S_16S_amplicon_S506-B_N721-B,A1,1846.0,1834.pdf,Platygyra,daedalea,y,S_16_E0677_319_EH-16S_18S_16S_amplicon_S506-B_N721-B-1834.pdf
S_16_E0677_319_EH-16S_18S_16S_amplicon_S506-B_N721-B,C3-C115b-C3gulf-C3d-C3ai-C18a,15942.0,1834.pdf,Platygyra,daedalea,y,S_16_E0677_319_EH-16S_18S_16S_amplicon_S506-B_N721-B-1834.pdf
S_16_E0788_516_EH-16S_18S_16S_amplicon_S518-C_N712-C,C3-C115b-C3gulf-C3d-C3ai-C18a,16758.0,1834.pdf,Platygyra,daedalea,y,S_16_E0788_516_EH-16S_18S_16S_amplicon_S518-C_N712-C-1834.pdf
S_16_E0902_703_EH-16S_18S_16S_amplicon_S521-D_N726-D,C3-C115b-C3gulf-C3d-C3ai-C18a,11669.0,1834.pdf,Platygyra,daedalea,y,S_16_E0902_703_EH-16S_18S_16S_amplicon_S521-D_N726-D-1834.pdf
S_16_E0902_703_EH-16S_18S_16S_amplicon_S521-D_N726-D,D5/D1/D17a-D4,231.0,1834.pdf,Platygyra,daedalea,y,S_16_E0902_703_EH-16S_18S_16S_amplicon_S521-D_N726-D-1834.pdf
S_16_E0740_502_EH-16S_18S_16S_amplicon_S513-C_N710-C,A1,2053.0,1834.pdf,Platygyra,daedalea,y,S_16_E0740_502_EH-16S_18S_16S_amplicon_S513-C_N710-C-1834.pdf
S_16_E0740_502_EH-16S_18S_16S_amplicon_S513-C_N710-C,C3-C115b-C3gulf-C3d-C3ai-C18a,8520.0,1834.pdf,Platygyra,daedalea,y,S_16_E0740_502_EH-16S_18S_16S_amplicon_S513-C_N710-C-1834.pdf
S_16_E0685_277_EH-16S_18S_16S_amplicon_S507-B_N716-B,C3/C3c-C3gulf,351.0,1834.pdf,Acropora,downingi,y,S_16_E0685_277_EH-16S_18S_16S_amplicon_S507-B_N716-B-1834.pdf
S_16_E0685_277_EH-16S_18S_16S_amplicon_S507-B_N716-B,D5/D1/D17a-D4,9409.0,1834.pdf,Acropora,downingi,y,S_16_E0685_277_EH-16S_18S_16S_amplicon_S507-B_N716-B-1834.pdf
S_16_E0704_346_EH-16S_18S_16S_amplicon_S508-B_N724-B,C3-C3gulf-C3c-C3l-C83-C3am,8718.0,1834.pdf,Cyphastrea,microphthalma,y,S_16_E0704_346_EH-16S_18S_16S_amplicon_S508-B_N724-B-1834.pdf
S_16_E0692_347_EH-16S_18S_16S_amplicon_S507-B_N724-B,C3-C3gulf-C3c-C3l-C83-C3am,11915.0,1834.pdf,Cyphastrea,microphthalma,y,S_16_E0692_347_EH-16S_18S_16S_amplicon_S507-B_N724-B-1834.pdf
S_16_E0617_163_EH-16S_18S_16S_amplicon_S510-A_N703-A,C3-C3gulf-C3c-C3l-C83-C3am,15229.0,1834.pdf,Cyphastrea,microphthalma,y,S_16_E0617_163_EH-16S_18S_16S_amplicon_S510-A_N703-A-1834.pdf
S_16_E0715_335_EH-16S_18S_16S_amplicon_S510-B_N723-B,C3-C3gulf-C3c-C3l-C83-C3am,12553.0,1834.pdf,Cyphastrea,microphthalma,y,S_16_E0715_335_EH-16S_18S_16S_amplicon_S510-B_N723-B-1834.pdf
S_16_E0774_498_EH-16S_18S_16S_amplicon_S517-C_N710-C,C3-C3gulf-C3c-C3l-C83-C3am,9550.0,1834.pdf,Cyphastrea,microphthalma,y,S_16_E0774_498_EH-16S_18S_16S_amplicon_S517-C_N710-C-1834.pdf
S_16_E0786_497_EH-16S_18S_16S_amplicon_S518-C_N710-C,A1,989.0,1834.pdf,Cyphastrea,microphthalma,y,S_16_E0786_497_EH-16S_18S_16S_amplicon_S518-C_N710-C-1834.pdf
S_16_E0786_497_EH-16S_18S_16S_amplicon_S518-C_N710-C,C3-C3gulf-C3c-C3l-C83-C3am,11475.0,1834.pdf,Cyphastrea,microphthalma,y,S_16_E0786_497_EH-16S_18S_16S_amplicon_S518-C_N710-C-1834.pdf
S_16_E0557_160_EH-16S_18S_16S_amplicon_S503-A_N702-A,A1,1264.0,1834.pdf,Cyphastrea,microphthalma,y,S_16_E0557_160_EH-16S_18S_16S_amplicon_S503-A_N702-A-1834.pdf
S_16_E0557_160_EH-16S_18S_16S_amplicon_S503-A_N702-A,C3-C3gulf-C3c-C3l-C83-C3am,7443.0,1834.pdf,Cyphastrea,microphthalma,y,S_16_E0557_160_EH-16S_18S_16S_amplicon_S503-A_N702-A-1834.pdf
S_16_E0742_521_EH-16S_18S_16S_amplicon_S513-C_N712-C,A1,1311.0,1834.pdf,Cyphastrea,microphthalma,y,S_16_E0742_521_EH-16S_18S_16S_amplicon_S513-C_N712-C-1834.pdf
S_16_E0742_521_EH-16S_18S_16S_amplicon_S513-C_N712-C,C3-C3gulf-C3c-C3l-C83-C3am,7475.0,1834.pdf,Cyphastrea,microphthalma,y,S_16_E0742_521_EH-16S_18S_16S_amplicon_S513-C_N712-C-1834.pdf
S_16_E0742_521_EH-16S_18S_16S_amplicon_S513-C_N712-C,D5/D1/D17a-D4,884.0,1834.pdf,Cyphastrea,microphthalma,y,S_16_E0742_521_EH-16S_18S_16S_amplicon_S513-C_N712-C-1834.pdf
S_16_E0905_746_EH-16S_18S_16S_amplicon_S521-D_N729-D,D5-D5c-D4a-D5b-D4-D5i,23177.0,1834.pdf,Platygyra,daedalea,y,S_16_E0905_746_EH-16S_18S_16S_amplicon_S521-D_N729-D-1834.pdf
S_16_E0838_557_EH-16S_18S_16S_amplicon_S515-D_N716-D,D5-D5c-D4a-D5b-D4-D5i,22275.0,1834.pdf,Platygyra,daedalea,y,S_16_E0838_557_EH-16S_18S_16S_amplicon_S515-D_N716-D-1834.pdf
S_16_E0583_189_EH-16S_18S_16S_amplicon_S506-A_N705-A,D5-D5c-D4a-D5b-D4-D5i,14568.0,1834.pdf,Platygyra,daedalea,y,S_16_E0583_189_EH-16S_18S_16S_amplicon_S506-A_N705-A-1834.pdf
S_16_E0802_538_EH-16S_18S_16S_amplicon_S520-C_N715-C,D5-D5c-D4a-D5b-D4-D5i,14198.0,1834.pdf,Platygyra,daedalea,y,S_16_E0802_538_EH-16S_18S_16S_amplicon_S520-C_N715-C-1834.pdf
S_16_E0791_405_EH-16S_18S_16S_amplicon_S520-C_N701-C,D5-D5c-D4a-D5b-D4-D5i,29307.0,1834.pdf,Platygyra,daedalea,y,S_16_E0791_405_EH-16S_18S_16S_amplicon_S520-C_N701-C-1834.pdf
S_16_E0720_397_EH-16S_18S_16S_amplicon_S510-B_N729-B,D5-D5c-D4a-D5b-D4-D5i,19310.0,1834.pdf,Platygyra,daedalea,y,S_16_E0720_397_EH-16S_18S_16S_amplicon_S510-B_N729-B-1834.pdf
S_16_E0599_240_EH-16S_18S_16S_amplicon_S507-A_N711-A,C3c/C3-C3gulf-C3dd,9820.0,1834.pdf,Acropora,downingi,y,S_16_E0599_240_EH-16S_18S_16S_amplicon_S507-A_N711-A-1834.pdf
S_16_E0789_527_EH-16S_18S_16S_amplicon_S518-C_N714-C,C3c/C3-C3gulf-C3dd,16762.0,1834.pdf,Acropora,downingi,y,S_16_E0789_527_EH-16S_18S_16S_amplicon_S518-C_N714-C-1834.pdf
S_16_E0673_278_EH-16S_18S_16S_amplicon_S506-B_N716-B,C3c/C3-C3gulf-C3dd,13374.0,1834.pdf,Acropora,downingi,y,S_16_E0673_278_EH-16S_18S_16S_amplicon_S506-B_N716-B-1834.pdf
S_16_E0646_351_EH-16S_18S_16S_amplicon_S502-B_N724-B,C3c/C3-C3gulf-C3dd,16426.0,1834.pdf,Acropora,downingi,y,S_16_E0646_351_EH-16S_18S_16S_amplicon_S502-B_N724-B-1834.pdf
S_16_E0570_177_EH-16S_18S_16S_amplicon_S505-A_N704-A,C3c/C3-C3gulf-C3dd,11767.0,1834.pdf,Acropora,downingi,y,S_16_E0570_177_EH-16S_18S_16S_amplicon_S505-A_N704-A-1834.pdf
S_16_E0678_328_EH-16S_18S_16S_amplicon_S506-B_N722-B,C3/C3gulf,6261.0,1834.pdf,Platygyra,daedalea,y,S_16_E0678_328_EH-16S_18S_16S_amplicon_S506-B_N722-B-1834.pdf
S_16_E0660_390_EH-16S_18S_16S_amplicon_S503-B_N728-B,C3-C3gulf-C3c-C3aq,20212.0,1834.pdf,Acropora,downingi,y,S_16_E0660_390_EH-16S_18S_16S_amplicon_S503-B_N728-B-1834.pdf
S_16_E0664_310_EH-16S_18S_16S_amplicon_S505-B_N720-B,C3-C3gulf-C3c-C3aq,9935.0,1834.pdf,Acropora,downingi,y,S_16_E0664_310_EH-16S_18S_16S_amplicon_S505-B_N720-B-1834.pdf
S_16_E0829_631_EH-16S_18S_16S_amplicon_S513-D_N719-D,C3-C3gulf-C3c-C3aq,11389.0,1834.pdf,Acropora,downingi,y,S_16_E0829_631_EH-16S_18S_16S_amplicon_S513-D_N719-D-1834.pdf
S_16_E0837_744_EH-16S_18S_16S_amplicon_S513-D_N728-D,D1-D17a-D4,12195.0,1834.pdf,Cyphastrea,microphthalma,y,S_16_E0837_744_EH-16S_18S_16S_amplicon_S513-D_N728-D-1834.pdf
S_16_E0858_733_EH-16S_18S_16S_amplicon_S516-D_N727-D,C15h-C15o-C15k-C15q-C15p,2242.0,1834.pdf,Cyphastrea,microphthalma,y,S_16_E0858_733_EH-16S_18S_16S_amplicon_S516-D_N727-D-1834.pdf
S_16_E0858_733_EH-16S_18S_16S_amplicon_S516-D_N727-D,D1-D17a-D4,4413.0,1834.pdf,Cyphastrea,microphthalma,y,S_16_E0858_733_EH-16S_18S_16S_amplicon_S516-D_N727-D-1834.pdf
S_16_E0915_714_EH-16S_18S_16S_amplicon_S522-D_N727-D,C3-C3gulf-C3d-C3i,12378.0,1834.pdf,Platygyra,daedalea,y,S_16_E0915_714_EH-16S_18S_16S_amplicon_S522-D_N727-D-1834.pdf
S_16_E0860_549_EH-16S_18S_16S_amplicon_S517-D_N716-D,D5/D1-D4-D5a-D6,11898.0,1834.pdf,Cyphastrea,microphthalma,y,S_16_E0860_549_EH-16S_18S_16S_amplicon_S517-D_N716-D-1834.pdf
Heron_2016_Coral_(Montipora)_site_2_b,C15-C15dq-C15dr-C15ch,40598.0,1858.pdf,NA,NA,y,Heron_2016_Coral_(Montipora)_site_2_b-1858.pdf
Heron_2016_Coral_(Montipora)_site_2_d,C15-C15dq-C15dr-C15ch,49718.0,1858.pdf,NA,NA,y,Heron_2016_Coral_(Montipora)_site_2_d-1858.pdf
Heron_2015_Coral_(Montipora)_site_2_c,C15-C15dq-C15dr-C15ch,38964.0,1858.pdf,NA,NA,y,Heron_2015_Coral_(Montipora)_site_2_c-1858.pdf
Heron_2015_Coral_(Montipora)_site_2_d,C15-C15dq-C15dr-C15ch,46949.0,1858.pdf,NA,NA,y,Heron_2015_Coral_(Montipora)_site_2_d-1858.pdf
Heron_2015_Coral_(Montipora)_site_2_b,C15-C15dq-C15dr-C15ch,38090.0,1858.pdf,NA,NA,y,Heron_2015_Coral_(Montipora)_site_2_b-1858.pdf
Heron_2016_Coral_(Montipora)_site_2_a,C15-C15dq-C15dr-C15ch,55150.0,1858.pdf,NA,NA,y,Heron_2016_Coral_(Montipora)_site_2_a-1858.pdf
Heron_2016_Coral_(Montipora)_site_2_c,C15-C15dq-C15dr-C15ch,52323.0,1858.pdf,NA,NA,y,Heron_2016_Coral_(Montipora)_site_2_c-1858.pdf
Heron_2015_Coral_(Montipora)_site_2_a,C15-C15dq-C15dr-C15ch,122785.0,1858.pdf,NA,NA,y,Heron_2015_Coral_(Montipora)_site_2_a-1858.pdf
Heron_2015_Coral_(Pocillopora)_site_3_b,C42a/C1-C42.2-C1b-C1j-C1au,21168.0,1858.pdf,NA,NA,y,Heron_2015_Coral_(Pocillopora)_site_3_b-1858.pdf
Heron_2016_Coral_(Pocillopora)_site_3_a,C42a/C1-C42.2-C1b-C1j-C1au,40127.0,1858.pdf,NA,NA,y,Heron_2016_Coral_(Pocillopora)_site_3_a-1858.pdf
Heron_2015_Coral_(Pocillopora)_site_3_d,C42a/C1-C42.2-C1b-C1j-C1au,29576.0,1858.pdf,NA,NA,y,Heron_2015_Coral_(Pocillopora)_site_3_d-1858.pdf
Heron_2016_Coral_(Pocillopora)_site_3_b,C42a/C1-C42.2-C1b-C1j-C1au,39746.0,1858.pdf,NA,NA,y,Heron_2016_Coral_(Pocillopora)_site_3_b-1858.pdf
Heron_2015_Coral_(Pocillopora)_site_3_a,C42a/C1-C42.2-C1b-C1j-C1au,27109.0,1858.pdf,NA,NA,y,Heron_2015_Coral_(Pocillopora)_site_3_a-1858.pdf
Heron_2016_Coral_(Pocillopora)_site_3_c,C42a/C1-C42.2-C1b-C1j-C1au,33609.0,1858.pdf,NA,NA,y,Heron_2016_Coral_(Pocillopora)_site_3_c-1858.pdf
Heron_2015_Coral_(Pocillopora)_site_3_c,C42a/C1-C42.2-C1b-C1j-C1au,28823.0,1858.pdf,NA,NA,y,Heron_2015_Coral_(Pocillopora)_site_3_c-1858.pdf
Heron_2016_Coral_(Acropora)_site_1_a,C50b/C50p-C3-C50f-C3bm-C3dt,26434.0,1858.pdf,NA,NA,y,Heron_2016_Coral_(Acropora)_site_1_a-1858.pdf
Heron_2016_Coral_(Acropora)_site_1_d,C50b/C50p-C3-C50f-C3bm-C3dt,32124.0,1858.pdf,NA,NA,y,Heron_2016_Coral_(Acropora)_site_1_d-1858.pdf
Heron_2016_Coral_(Acropora)_site_1_c,C50b/C50p-C3-C50f-C3bm-C3dt,31234.0,1858.pdf,NA,NA,y,Heron_2016_Coral_(Acropora)_site_1_c-1858.pdf
Heron_2016_Coral_(Acropora)_site_1_b,C50b/C50p-C3-C50f-C3bm-C3dt,31503.0,1858.pdf,NA,NA,y,Heron_2016_Coral_(Acropora)_site_1_b-1858.pdf
Heron_2015_Coral_(Acropora)_site_1_d,C50b/C50p-C3-C50f-C3bm-C3dt,25827.0,1858.pdf,NA,NA,y,Heron_2015_Coral_(Acropora)_site_1_d-1858.pdf
Heron_2015_Coral_(Acropora)_site_1_c,C50b/C50p-C3-C50f-C3bm-C3dt,22270.0,1858.pdf,NA,NA,y,Heron_2015_Coral_(Acropora)_site_1_c-1858.pdf
Heron_2015_Coral_(Acropora)_site_1_b,C50b-C50p-C3,22226.0,1858.pdf,NA,NA,y,Heron_2015_Coral_(Acropora)_site_1_b-1858.pdf
Heron_2015_Coral_(Acropora)_site_1_a,C50b-C50p-C3,20164.0,1858.pdf,NA,NA,y,Heron_2015_Coral_(Acropora)_site_1_a-1858.pdf
Heron_2016_Coral_(Pocillopora)_site_3_d,C42.2/C1-C1b-C1au,21166.0,1858.pdf,NA,NA,y,Heron_2016_Coral_(Pocillopora)_site_3_d-1858.pdf
42-NCITS2,C1-C1b-C1c-C42.2-C1br-C1bh-C1cb-C72k,37997.0,1907.pdf,NA,NA,y,42-NCITS2-1907.pdf
41-NCITS2,C1-C1b-C1c-C42.2-C1br-C1bh-C1cb-C72k,22039.0,1907.pdf,NA,NA,y,41-NCITS2-1907.pdf
43-NCITS2,C1-C1b-C1c-C42.2-C1br-C1bh-C1cb-C72k,22666.0,1907.pdf,NA,NA,y,43-NCITS2-1907.pdf
44-NCITS2,C1-C1b-C1c-C42.2-C1br-C1bh-C1cb-C72k,36401.0,1907.pdf,NA,NA,y,44-NCITS2-1907.pdf
46-NCITS2,C1-C1b-C1c-C42.2-C1br-C1bh-C1cb-C72k,35242.0,1907.pdf,NA,NA,y,46-NCITS2-1907.pdf
39-NCITS2,C1-C1b-C1c-C42.2-C1br-C1bh-C1cb-C72k,33020.0,1907.pdf,NA,NA,y,39-NCITS2-1907.pdf
40-NCITS2,C1-C1b-C1c-C42.2-C1br-C1bh-C1cb-C72k,19748.0,1907.pdf,NA,NA,y,40-NCITS2-1907.pdf
40-NCITS2,D1-D2.2-D4-D1m-D1c,702.0,1907.pdf,NA,NA,y,40-NCITS2-1907.pdf
02-NCITS2,A1-A1v,44106.0,1907.pdf,NA,NA,y,02-NCITS2-1907.pdf
02-NCITS2,C50b/C3z-C3-C3.10,594.0,1907.pdf,NA,NA,y,02-NCITS2-1907.pdf
05-NCITS2,A1-A1v,55222.0,1907.pdf,NA,NA,y,05-NCITS2-1907.pdf
05-NCITS2,C50b-C3-C50p-C3bm-C50f,1856.0,1907.pdf,NA,NA,y,05-NCITS2-1907.pdf
01-NCITS2,A1-A1v,47142.0,1907.pdf,NA,NA,y,01-NCITS2-1907.pdf
01-NCITS2,C1-C1b-C1c-C42.2-C1br-C1bh-C1cb-C72k,2137.0,1907.pdf,NA,NA,y,01-NCITS2-1907.pdf
01-NCITS2,C50b/C3z-C3-C3.10,618.0,1907.pdf,NA,NA,y,01-NCITS2-1907.pdf
04-NCITS2,A1-A1v,42878.0,1907.pdf,NA,NA,y,04-NCITS2-1907.pdf
04-NCITS2,C50b/C3z-C3-C3.10,2518.0,1907.pdf,NA,NA,y,04-NCITS2-1907.pdf
03-NCITS2,A1-A1v,7075.0,1907.pdf,NA,NA,y,03-NCITS2-1907.pdf
03-NCITS2,C50b/C3z-C3-C3.10,5827.0,1907.pdf,NA,NA,y,03-NCITS2-1907.pdf
03-NCITS2,C15/C1b,1267.0,1907.pdf,NA,NA,y,03-NCITS2-1907.pdf
03-NCITS2,D1-D2.2-D4-D1m-D1c,438.0,1907.pdf,NA,NA,y,03-NCITS2-1907.pdf
19-NCITS2,C3bo/C3k-C3bp,31178.0,1907.pdf,NA,NA,y,19-NCITS2-1907.pdf
18-NCITS2,C3bo/C3k-C3bp,22589.0,1907.pdf,NA,NA,y,18-NCITS2-1907.pdf
18-NCITS2,C3,1786.0,1907.pdf,NA,NA,y,18-NCITS2-1907.pdf
17-NCITS2,C3bo/C3k-C3bp,20168.0,1907.pdf,NA,NA,y,17-NCITS2-1907.pdf
17-NCITS2,C3/C3b,3199.0,1907.pdf,NA,NA,y,17-NCITS2-1907.pdf
16-NCITS2,C3bo/C3k-C3bp,16545.0,1907.pdf,NA,NA,y,16-NCITS2-1907.pdf
16-NCITS2,C3/C3b,3156.0,1907.pdf,NA,NA,y,16-NCITS2-1907.pdf
16-NCITS2,D1-D1r,740.0,1907.pdf,NA,NA,y,16-NCITS2-1907.pdf
26-NCITS2,C15-C15ce-C15cc-C15n-C15cf-C15l-C15.8,33368.0,1907.pdf,NA,NA,y,26-NCITS2-1907.pdf
25-NCITS2,C15-C15ce-C15cc-C15n-C15cf-C15l-C15.8,36781.0,1907.pdf,NA,NA,y,25-NCITS2-1907.pdf
27-NCITS2,C15-C15ce-C15cc-C15n-C15cf-C15l-C15.8,30122.0,1907.pdf,NA,NA,y,27-NCITS2-1907.pdf
45-NCITS2,C50b-C3-C50p-C3bm-C50f,29891.0,1907.pdf,NA,NA,y,45-NCITS2-1907.pdf
14-NCITS2,C15-C15az-C15ai,27899.0,1907.pdf,NA,NA,y,14-NCITS2-1907.pdf
11-NCITS2,C15-C15az-C15ai,23775.0,1907.pdf,NA,NA,y,11-NCITS2-1907.pdf
13-NCITS2,C15-C15dt,32871.0,1907.pdf,NA,NA,y,13-NCITS2-1907.pdf
15-NCITS2,C15-C15cn,34607.0,1907.pdf,NA,NA,y,15-NCITS2-1907.pdf
SEM_O15,C3u/C3/C115/C27-C3bn,19973.0,1933.pdf,NA,NA,y,SEM_O15-1933.pdf
SEM_O11,C3u/C3/C115/C27-C3bn,9054.0,1933.pdf,NA,NA,y,SEM_O11-1933.pdf
SEM_D04,C3u/C3/C115/C27-C3bn,20847.0,1933.pdf,NA,NA,y,SEM_D04-1933.pdf
KUS_O01,C3u/C3/C115/C27-C3bn,12926.0,1933.pdf,NA,NA,y,KUS_O01-1933.pdf
KUS_M03,C3u/C3/C115/C27-C3bn,23254.0,1933.pdf,NA,NA,y,KUS_M03-1933.pdf
KUS_M02,C3u/C3/C115/C27-C3bn,14214.0,1933.pdf,NA,NA,y,KUS_M02-1933.pdf
RAF_D15,C3u/C3/C115/C27-C3bn,23592.0,1933.pdf,NA,NA,y,RAF_D15-1933.pdf
KUS_M15,C3u/C3/C115/C27-C3bn,15332.0,1933.pdf,NA,NA,y,KUS_M15-1933.pdf
KUS_M04,C3u/C3/C115/C27-C3bn,13486.0,1933.pdf,NA,NA,y,KUS_M04-1933.pdf
SEM_O13,C3u/C3/C115/C27-C3bn,8295.0,1933.pdf,NA,NA,y,SEM_O13-1933.pdf
PJO_O11,C3u/C3/C115/C27-C3bn,12038.0,1933.pdf,NA,NA,y,PJO_O11-1933.pdf
SEM_D05,C3u/C3/C115/C27-C3bn,19107.0,1933.pdf,NA,NA,y,SEM_D05-1933.pdf
PHA_M13,C3u/C3/C115/C27-C3bn,18260.0,1933.pdf,NA,NA,y,PHA_M13-1933.pdf
PHA_M13,D1/D4-D4c-D1c-D17d,309.0,1933.pdf,NA,NA,y,PHA_M13-1933.pdf
SEM_D10,C3u/C3/C115/C27-C3bn,8358.0,1933.pdf,NA,NA,y,SEM_D10-1933.pdf
KUS_M12,C3u/C3/C115/C27-C3bn,16411.0,1933.pdf,NA,NA,y,KUS_M12-1933.pdf
KUS_M09,C3u/C3/C115/C27-C3bn,22326.0,1933.pdf,NA,NA,y,KUS_M09-1933.pdf
SEM_D11,C3u/C3/C115/C27-C3bn,5890.0,1933.pdf,NA,NA,y,SEM_D11-1933.pdf
KUS_M14,C3u/C3/C115/C27-C3bn,18247.0,1933.pdf,NA,NA,y,KUS_M14-1933.pdf
SEM_O06,C3u/C3/C115/C27-C3bn,8917.0,1933.pdf,NA,NA,y,SEM_O06-1933.pdf
KUS_M10,C3u/C3/C115/C27-C3bn,8879.0,1933.pdf,NA,NA,y,KUS_M10-1933.pdf
KUS_M11,C3u/C3/C115/C27-C3bn,17393.0,1933.pdf,NA,NA,y,KUS_M11-1933.pdf
KUS_D13,C3u/C3/C115/C27-C3bn,22975.0,1933.pdf,NA,NA,y,KUS_D13-1933.pdf
KUS_M05,C3u/C3/C115/C27-C3bn,21813.0,1933.pdf,NA,NA,y,KUS_M05-1933.pdf
KUS_O08,C3u/C3/C115/C27-C3bn,11085.0,1933.pdf,NA,NA,y,KUS_O08-1933.pdf
KUS_M08,C3u/C3/C115/C27-C3bn,16684.0,1933.pdf,NA,NA,y,KUS_M08-1933.pdf
KUS_M06,C3u/C3/C115/C27-C3bn,20445.0,1933.pdf,NA,NA,y,KUS_M06-1933.pdf
KUS_M13,C3u/C3/C115/C27-C3bn,30110.0,1933.pdf,NA,NA,y,KUS_M13-1933.pdf
RAF_D07,C3u/C3/C115/C27-C3bn,27607.0,1933.pdf,NA,NA,y,RAF_D07-1933.pdf
SEM_D15,C3u/C3/C115/C27-C3bn,24818.0,1933.pdf,NA,NA,y,SEM_D15-1933.pdf
KUS_D07,C3u/C3/C115/C27-C3bn,18706.0,1933.pdf,NA,NA,y,KUS_D07-1933.pdf
KUS_D11,C3u/C3/C115/C27-C3bn,23283.0,1933.pdf,NA,NA,y,KUS_D11-1933.pdf
KUS_D09,C3u/C3/C115/C27-C3bn,12413.0,1933.pdf,NA,NA,y,KUS_D09-1933.pdf
SEM_A03,C3u/C3/C115/C27-C3bn,24341.0,1933.pdf,NA,NA,y,SEM_A03-1933.pdf
SEM_A03,D1-D4-D4c-D4f-D1c,462.0,1933.pdf,NA,NA,y,SEM_A03-1933.pdf
SEM_A13,C3u/C3/C115/C27-C3bn,23348.0,1933.pdf,NA,NA,y,SEM_A13-1933.pdf
RAF_M01,C3u/C3/C115/C27-C3bn,24676.0,1933.pdf,NA,NA,y,RAF_M01-1933.pdf
KUS_D08,C3u/C3/C115/C27-C3bn,17884.0,1933.pdf,NA,NA,y,KUS_D08-1933.pdf
KUS_M07,C3u/C3/C115/C27-C3bn,16682.0,1933.pdf,NA,NA,y,KUS_M07-1933.pdf
SEM_D08,C3u/C3/C115/C27-C3bn,23313.0,1933.pdf,NA,NA,y,SEM_D08-1933.pdf
KUS_D14,C3u/C3/C115/C27-C3bn,30322.0,1933.pdf,NA,NA,y,KUS_D14-1933.pdf
RAF_M06,C3u/C3/C115/C27-C3bn,14414.0,1933.pdf,NA,NA,y,RAF_M06-1933.pdf
SEM_D14,C3u/C3/C115/C27-C3bn,7847.0,1933.pdf,NA,NA,y,SEM_D14-1933.pdf
SEM_D02,C3u/C3/C115/C27-C3bn,11537.0,1933.pdf,NA,NA,y,SEM_D02-1933.pdf
KUS_D04,C3u/C3/C115/C27-C3bn,16454.0,1933.pdf,NA,NA,y,KUS_D04-1933.pdf
KUS_D03,C3u/C3/C115/C27-C3bn,13349.0,1933.pdf,NA,NA,y,KUS_D03-1933.pdf
KUS_D15,C3u/C3/C115/C27-C3bn,24474.0,1933.pdf,NA,NA,y,KUS_D15-1933.pdf
KUS_M01,C3u/C3/C115/C27-C3bn,22826.0,1933.pdf,NA,NA,y,KUS_M01-1933.pdf
KUS_D05,C3u/C3/C115/C27-C3bn,17248.0,1933.pdf,NA,NA,y,KUS_D05-1933.pdf
RAF_M14,C3u/C3/C115/C27-C3bn,13353.0,1933.pdf,NA,NA,y,RAF_M14-1933.pdf
SEM_D03,C3u/C3/C115/C27-C3bn,18358.0,1933.pdf,NA,NA,y,SEM_D03-1933.pdf
RAF_M05,C3u/C3/C115/C27-C3bn,22317.0,1933.pdf,NA,NA,y,RAF_M05-1933.pdf
RAF_M05,D1/D4/D17f-D9a,242.0,1933.pdf,NA,NA,y,RAF_M05-1933.pdf
RAF_M12,C3u/C3/C115/C27-C3bn,12574.0,1933.pdf,NA,NA,y,RAF_M12-1933.pdf
KUS_D12,C3u/C3/C115/C27-C3bn,21653.0,1933.pdf,NA,NA,y,KUS_D12-1933.pdf
SEM_D13,C3u/C3/C115/C27-C3bn,13665.0,1933.pdf,NA,NA,y,SEM_D13-1933.pdf
RAF_O15,C3u/C3/C115/C27-C3bn,7833.0,1933.pdf,NA,NA,y,RAF_O15-1933.pdf
PJO_D12,C3u/C3/C115/C27-C3bn,11554.0,1933.pdf,NA,NA,y,PJO_D12-1933.pdf
PJO_D12,D1/D4/D4c,209.0,1933.pdf,NA,NA,y,PJO_D12-1933.pdf
SIS_A14,C3u/C3/C115/C27-C3bn,61449.0,1933.pdf,NA,NA,y,SIS_A14-1933.pdf
SIS_A14,D1-D4-D4c-D4f-D1l-D1c,1108.0,1933.pdf,NA,NA,y,SIS_A14-1933.pdf
SEM_P02,C3u/C3/C115/C27-C3bn,33441.0,1933.pdf,NA,NA,y,SEM_P02-1933.pdf
RAF_A06,C3u/C3/C115/C27-C3bn,8823.0,1933.pdf,NA,NA,y,RAF_A06-1933.pdf
RAF_A06,D1/D4-D4c-D1c-D17d,202.0,1933.pdf,NA,NA,y,RAF_A06-1933.pdf
PJO_O04,C3u/C3/C115/C27-C3bn,23805.0,1933.pdf,NA,NA,y,PJO_O04-1933.pdf
SEM_A12,C3u/C3/C115/C27-C3bn,15163.0,1933.pdf,NA,NA,y,SEM_A12-1933.pdf
SEM_D09,C3u/C3/C115/C27-C3bn,18962.0,1933.pdf,NA,NA,y,SEM_D09-1933.pdf
PHA_M05,C3u/C3/C115/C27-C3bn,18457.0,1933.pdf,NA,NA,y,PHA_M05-1933.pdf
PHA_M05,D1/D4-D4c-D1c-D17d,523.0,1933.pdf,NA,NA,y,PHA_M05-1933.pdf
PHA_M03,C3u/C3/C115/C27-C3bn,15334.0,1933.pdf,NA,NA,y,PHA_M03-1933.pdf
PHA_M03,D1/D4-D4c-D1c-D17d,435.0,1933.pdf,NA,NA,y,PHA_M03-1933.pdf
KUS_D01,C3u/C3/C115/C27-C3bn,17096.0,1933.pdf,NA,NA,y,KUS_D01-1933.pdf
SEM_D06,C3u/C3/C115/C27-C3bn,20629.0,1933.pdf,NA,NA,y,SEM_D06-1933.pdf
PHA_D07,C3u/C3/C115/C27-C3bn,16226.0,1933.pdf,NA,NA,y,PHA_D07-1933.pdf
PHA_D07,D1/D4-D4c-D1c-D17d,332.0,1933.pdf,NA,NA,y,PHA_D07-1933.pdf
RAF_D02,C3u/C3/C115/C27-C3bn,7869.0,1933.pdf,NA,NA,y,RAF_D02-1933.pdf
PHA_M04,C3u/C3/C115/C27-C3bn,11063.0,1933.pdf,NA,NA,y,PHA_M04-1933.pdf
PHA_M04,D1-D4-D4c-D4f-D1l-D1c,302.0,1933.pdf,NA,NA,y,PHA_M04-1933.pdf
KUS_D10,C3u/C3/C115/C27-C3bn,13226.0,1933.pdf,NA,NA,y,KUS_D10-1933.pdf
SEM_P05,C3u/C3/C115/C27-C3bn,9409.0,1933.pdf,NA,NA,y,SEM_P05-1933.pdf
SEM_A08,C3u/C3/C115/C27-C3bn,11697.0,1933.pdf,NA,NA,y,SEM_A08-1933.pdf
RAF_A07,C3u/C3/C115/C27-C3bn,10703.0,1933.pdf,NA,NA,y,RAF_A07-1933.pdf
RAF_A07,D1-D4-D4c-D4f-D1c,312.0,1933.pdf,NA,NA,y,RAF_A07-1933.pdf
RAF_M08,C3u/C3/C115/C27-C3bn,10654.0,1933.pdf,NA,NA,y,RAF_M08-1933.pdf
SEM_O03,C3u/C3/C115/C27-C3bn,21238.0,1933.pdf,NA,NA,y,SEM_O03-1933.pdf
PJO_D10,C3u/C3/C115/C27-C3bn,24505.0,1933.pdf,NA,NA,y,PJO_D10-1933.pdf
PJO_D10,D1/D4-D4c-D4f,520.0,1933.pdf,NA,NA,y,PJO_D10-1933.pdf
SIS_M05,C3u/C3/C115/C27-C3bn,20275.0,1933.pdf,NA,NA,y,SIS_M05-1933.pdf
RAF_D01,C3u/C3/C115/C27-C3bn,12927.0,1933.pdf,NA,NA,y,RAF_D01-1933.pdf
SIS_D06,C3u/C3/C115/C27-C3bn,13505.0,1933.pdf,NA,NA,y,SIS_D06-1933.pdf
SIS_M02,C3u/C3/C115/C27-C3bn,17127.0,1933.pdf,NA,NA,y,SIS_M02-1933.pdf
RAF_M09,C3u/C3/C115/C27-C3bn,14252.0,1933.pdf,NA,NA,y,RAF_M09-1933.pdf
KUS_D06,C3u/C3/C115/C27-C3bn,10719.0,1933.pdf,NA,NA,y,KUS_D06-1933.pdf
SIS_O03,C3u/C3/C115/C27-C3bn,11444.0,1933.pdf,NA,NA,y,SIS_O03-1933.pdf
RAF_M13,C3u/C3/C115/C27-C3bn,6879.0,1933.pdf,NA,NA,y,RAF_M13-1933.pdf
KUS_A12,C3u/C3/C115/C27-C3bn,16679.0,1933.pdf,NA,NA,y,KUS_A12-1933.pdf
KUS_A12,D1-D4-D4c-D4f-D1l,487.0,1933.pdf,NA,NA,y,KUS_A12-1933.pdf
RAF_D06,C3u/C3/C115/C27-C3bn,21685.0,1933.pdf,NA,NA,y,RAF_D06-1933.pdf
PHA_M08,C3u/C3/C115/C27-C3bn,12449.0,1933.pdf,NA,NA,y,PHA_M08-1933.pdf
PHA_M08,D1/D4-D4c-D1c-D17d,428.0,1933.pdf,NA,NA,y,PHA_M08-1933.pdf
RAF_D10,C3u/C3/C115/C27-C3bn,14047.0,1933.pdf,NA,NA,y,RAF_D10-1933.pdf
PHA_M15,C3u/C3/C115/C27-C3bn,14288.0,1933.pdf,NA,NA,y,PHA_M15-1933.pdf
PHA_M15,D1-D4-D4c-D4f-D1l-D1c,655.0,1933.pdf,NA,NA,y,PHA_M15-1933.pdf
SEM_A01,C3u/C3/C115/C27-C3bn,14762.0,1933.pdf,NA,NA,y,SEM_A01-1933.pdf
RAF_D03,C3u/C3/C115/C27-C3bn,20179.0,1933.pdf,NA,NA,y,RAF_D03-1933.pdf
RAF_D14,C3u/C3/C115/C27-C3bn,13649.0,1933.pdf,NA,NA,y,RAF_D14-1933.pdf
PHA_O03,C3u/C3/C115/C27-C3bn,15757.0,1933.pdf,NA,NA,y,PHA_O03-1933.pdf
PHA_O03,D1/D4-D4c-D1c-D17d,470.0,1933.pdf,NA,NA,y,PHA_O03-1933.pdf
KUS_D02,C3u/C3/C115/C27-C3bn,6809.0,1933.pdf,NA,NA,y,KUS_D02-1933.pdf
SEM_M02,C3u/C3/C115/C27-C3bn,7067.0,1933.pdf,NA,NA,y,SEM_M02-1933.pdf
SEM_M02,D1-D4-D4c-D1c,345.0,1933.pdf,NA,NA,y,SEM_M02-1933.pdf
SIS_A12,C3u/C3/C115/C27-C3bn,13738.0,1933.pdf,NA,NA,y,SIS_A12-1933.pdf
SIS_A12,D1-D4-D4c-D4f-D1l,354.0,1933.pdf,NA,NA,y,SIS_A12-1933.pdf
SEM_A04,C3u/C3/C115/C27-C3bn,10893.0,1933.pdf,NA,NA,y,SEM_A04-1933.pdf
PHA_D02,C3u/C3/C115/C27-C3bn,21276.0,1933.pdf,NA,NA,y,PHA_D02-1933.pdf
PHA_D02,D1-D4-D4c-D6-D2-D1c-D4f,483.0,1933.pdf,NA,NA,y,PHA_D02-1933.pdf
SEM_M10,C3u/C3/C115/C27-C3bn,10794.0,1933.pdf,NA,NA,y,SEM_M10-1933.pdf
SEM_M10,D1-D4-D4c-D4f-D1c,480.0,1933.pdf,NA,NA,y,SEM_M10-1933.pdf
PJO_O14,C3u/C3/C115/C27-C3bn,17806.0,1933.pdf,NA,NA,y,PJO_O14-1933.pdf
PJO_O14,D1/D4-D1c,308.0,1933.pdf,NA,NA,y,PJO_O14-1933.pdf
SEM_A02,C3u/C3/C115/C27-C3bn,13928.0,1933.pdf,NA,NA,y,SEM_A02-1933.pdf
PJO_A11,C3u/C3/C115/C27-C3bn,15979.0,1933.pdf,NA,NA,y,PJO_A11-1933.pdf
PJO_A11,D1-D4-D4c-D4f-D1c,327.0,1933.pdf,NA,NA,y,PJO_A11-1933.pdf
RAF_D11,C3u/C3/C115/C27-C3bn,9286.0,1933.pdf,NA,NA,y,RAF_D11-1933.pdf
PHA_D06,C3u/C3/C115/C27-C3bn,11401.0,1933.pdf,NA,NA,y,PHA_D06-1933.pdf
PHA_D06,D1/D4/D4c,208.0,1933.pdf,NA,NA,y,PHA_D06-1933.pdf
PJO_M05,C3u/C3/C115/C27-C3bn,16080.0,1933.pdf,NA,NA,y,PJO_M05-1933.pdf
PJO_M05,D1-D4-D4c-D4f-D1l-D1c,559.0,1933.pdf,NA,NA,y,PJO_M05-1933.pdf
SEM_D07,C3u/C3/C115/C27-C3bn,24084.0,1933.pdf,NA,NA,y,SEM_D07-1933.pdf
SEM_M09,C3u/C3/C115/C27-C3bn,10041.0,1933.pdf,NA,NA,y,SEM_M09-1933.pdf
SEM_M09,D1-D4-D4c-D1c,555.0,1933.pdf,NA,NA,y,SEM_M09-1933.pdf
SEM_A09,C3u/C3/C115/C27-C3bn,22208.0,1933.pdf,NA,NA,y,SEM_A09-1933.pdf
SEM_A09,D1-D4-D4c-D4f-D1c,351.0,1933.pdf,NA,NA,y,SEM_A09-1933.pdf
RAF_M11,C3u/C3/C115/C27-C3bn,5719.0,1933.pdf,NA,NA,y,RAF_M11-1933.pdf
PHA_M14,C3u/C3/C115/C27-C3bn,14615.0,1933.pdf,NA,NA,y,PHA_M14-1933.pdf
PHA_M14,D1/D4-D4c-D1c-D17d,348.0,1933.pdf,NA,NA,y,PHA_M14-1933.pdf
SIS_P05,C3u/C3/C115/C27-C3bn,16467.0,1933.pdf,NA,NA,y,SIS_P05-1933.pdf
SIS_P05,D1-D4-D4c-D4f-D1l-D1c,514.0,1933.pdf,NA,NA,y,SIS_P05-1933.pdf
SEM_A15,C3u/C3/C115/C27-C3bn,10630.0,1933.pdf,NA,NA,y,SEM_A15-1933.pdf
SEM_A15,D1-D4-D4c-D1c,354.0,1933.pdf,NA,NA,y,SEM_A15-1933.pdf
PJO_D11,C3u/C3/C115/C27-C3bn,16915.0,1933.pdf,NA,NA,y,PJO_D11-1933.pdf
PJO_D11,D1-D4-D4c-D4f-D1c,403.0,1933.pdf,NA,NA,y,PJO_D11-1933.pdf
PJO_D09,C3u/C3/C115/C27-C3bn,13017.0,1933.pdf,NA,NA,y,PJO_D09-1933.pdf
PJO_D09,D1-D4-D4c-D4f-D1c,325.0,1933.pdf,NA,NA,y,PJO_D09-1933.pdf
SEM_A11,C3u/C3/C115/C27-C3bn,24347.0,1933.pdf,NA,NA,y,SEM_A11-1933.pdf
RAF_D13,C3u/C3/C115/C27-C3bn,4536.0,1933.pdf,NA,NA,y,RAF_D13-1933.pdf
SEM_A06,C3u/C3/C115/C27-C3bn,19996.0,1933.pdf,NA,NA,y,SEM_A06-1933.pdf
SIS_A09,C3u/C3/C115/C27-C3bn,39841.0,1933.pdf,NA,NA,y,SIS_A09-1933.pdf
SIS_A09,D1-D4-D4c-D4f-D1l-D1c,1388.0,1933.pdf,NA,NA,y,SIS_A09-1933.pdf
RAF_A04,C3u/C3/C115/C27-C3bn,12102.0,1933.pdf,NA,NA,y,RAF_A04-1933.pdf
RAF_A04,D1/D4-D4c-D1c-D17d,420.0,1933.pdf,NA,NA,y,RAF_A04-1933.pdf
SIS_A01,C3u/C3/C115/C27-C3bn,11858.0,1933.pdf,NA,NA,y,SIS_A01-1933.pdf
SIS_A01,D1-D4-D4c-D4f-D1l,366.0,1933.pdf,NA,NA,y,SIS_A01-1933.pdf
SEM_O09,C3u/C3/C115/C27-C3bn,1157.0,1933.pdf,NA,NA,y,SEM_O09-1933.pdf
PJO_A09,C3u/C3/C115/C27-C3bn,15679.0,1933.pdf,NA,NA,y,PJO_A09-1933.pdf
PJO_A09,D1-D4-D4c-D4f-D1l,379.0,1933.pdf,NA,NA,y,PJO_A09-1933.pdf
RAF_O04,C3u/C3/C115/C27-C3bn,6839.0,1933.pdf,NA,NA,y,RAF_O04-1933.pdf
PHA_D01,C3u/C3/C115/C27-C3bn,9239.0,1933.pdf,NA,NA,y,PHA_D01-1933.pdf
RAF_D12,C3u/C3/C115/C27-C3bn,20833.0,1933.pdf,NA,NA,y,RAF_D12-1933.pdf
RAF_D12,D1/D4/D4c,157.0,1933.pdf,NA,NA,y,RAF_D12-1933.pdf
RAF_D12,D17f,16.0,1933.pdf,NA,NA,y,RAF_D12-1933.pdf
PHA_D04,C3u/C3/C115/C27-C3bn,22784.0,1933.pdf,NA,NA,y,PHA_D04-1933.pdf
PHA_D04,C15h,1476.0,1933.pdf,NA,NA,y,PHA_D04-1933.pdf
PHA_D04,D1/D4-D4c-D4f,376.0,1933.pdf,NA,NA,y,PHA_D04-1933.pdf
PJO_A12,C3u/C3/C115/C27-C3bn,12301.0,1933.pdf,NA,NA,y,PJO_A12-1933.pdf
PJO_A12,D1-D4-D4c-D4f-D1c,316.0,1933.pdf,NA,NA,y,PJO_A12-1933.pdf
PHA_M02,C3u/C3/C115/C27-C3bn,8918.0,1933.pdf,NA,NA,y,PHA_M02-1933.pdf
PHA_M02,D1/D4-D4c-D1c-D17d,231.0,1933.pdf,NA,NA,y,PHA_M02-1933.pdf
PHA_D15,C3u/C3/C115/C27-C3bn,19524.0,1933.pdf,NA,NA,y,PHA_D15-1933.pdf
PHA_D15,D1-D4-D4c-D4f-D1l-D1c,667.0,1933.pdf,NA,NA,y,PHA_D15-1933.pdf
PJO_D03,C3u/C3/C115/C27-C3bn,11360.0,1933.pdf,NA,NA,y,PJO_D03-1933.pdf
PJO_D03,D1/D4-D4c-D4f,292.0,1933.pdf,NA,NA,y,PJO_D03-1933.pdf
PJO_O13,C3u/C3/C115/C27-C3bn,18205.0,1933.pdf,NA,NA,y,PJO_O13-1933.pdf
PJO_O13,D1/D4-D1c,516.0,1933.pdf,NA,NA,y,PJO_O13-1933.pdf
RAF_D05,C3u/C3/C115/C27-C3bn,8167.0,1933.pdf,NA,NA,y,RAF_D05-1933.pdf
SIS_A15,C3u/C3/C115/C27-C3bn,20307.0,1933.pdf,NA,NA,y,SIS_A15-1933.pdf
SIS_A15,D1-D4-D4c-D4f-D1l-D1c,886.0,1933.pdf,NA,NA,y,SIS_A15-1933.pdf
PHA_M01,C3u/C3/C115/C27-C3bn,6750.0,1933.pdf,NA,NA,y,PHA_M01-1933.pdf
PHA_M01,D1/D4-D4c-D1c-D17d,216.0,1933.pdf,NA,NA,y,PHA_M01-1933.pdf
PHA_A03,C3u/C3/C115/C27-C3bn,7830.0,1933.pdf,NA,NA,y,PHA_A03-1933.pdf
PJO_M09,C3u/C3/C115/C27-C3bn,18478.0,1933.pdf,NA,NA,y,PJO_M09-1933.pdf
PJO_M09,D1-D4-D4c-D4f-D1l-D1c,565.0,1933.pdf,NA,NA,y,PJO_M09-1933.pdf
SIS_A13,C3u/C3/C115/C27-C3bn,19921.0,1933.pdf,NA,NA,y,SIS_A13-1933.pdf
SIS_A13,D1-D4-D4c-D4f-D1l-D1c,681.0,1933.pdf,NA,NA,y,SIS_A13-1933.pdf
RAF_A02,C3u/C3/C115/C27-C3bn,13510.0,1933.pdf,NA,NA,y,RAF_A02-1933.pdf
RAF_A02,D1/D4-D4c-D4f,439.0,1933.pdf,NA,NA,y,RAF_A02-1933.pdf
PHA_O10,C3u/C3/C115/C27-C3bn,11321.0,1933.pdf,NA,NA,y,PHA_O10-1933.pdf
PHA_O10,D1-D4-D6-D4c-D4f,437.0,1933.pdf,NA,NA,y,PHA_O10-1933.pdf
SEM_O04,C3u/C3/C115/C27-C3bn,15723.0,1933.pdf,NA,NA,y,SEM_O04-1933.pdf
SEM_O04,D1/D4-D1c,1995.0,1933.pdf,NA,NA,y,SEM_O04-1933.pdf
RAF_D08,C3u/C3/C115/C27-C3bn,5004.0,1933.pdf,NA,NA,y,RAF_D08-1933.pdf
SEM_M08,C3u/C3/C115/C27-C3bn,7256.0,1933.pdf,NA,NA,y,SEM_M08-1933.pdf
SEM_M08,D1-D4-D4c-D4f-D1l-D1c,659.0,1933.pdf,NA,NA,y,SEM_M08-1933.pdf
PHA_M12,C3u/C3/C115/C27-C3bn,16593.0,1933.pdf,NA,NA,y,PHA_M12-1933.pdf
PHA_M12,D1-D4-D4c-D4f-D1l-D1c,1095.0,1933.pdf,NA,NA,y,PHA_M12-1933.pdf
PHA_M10,C3u/C3/C115/C27-C3bn,8219.0,1933.pdf,NA,NA,y,PHA_M10-1933.pdf
PHA_M10,D1/D4-D4c-D1c-D17d,330.0,1933.pdf,NA,NA,y,PHA_M10-1933.pdf
PHA_D10,C3u/C3/C115/C27-C3bn,9818.0,1933.pdf,NA,NA,y,PHA_D10-1933.pdf
PHA_D10,D1/D4-D4c-D1c-D17d,481.0,1933.pdf,NA,NA,y,PHA_D10-1933.pdf
PJO_D02,C3u/C3/C115/C27-C3bn,8731.0,1933.pdf,NA,NA,y,PJO_D02-1933.pdf
PJO_D02,D1-D4-D4c-D4f-D1c,249.0,1933.pdf,NA,NA,y,PJO_D02-1933.pdf
PHA_O05,C3u/C3/C115/C27-C3bn,14598.0,1933.pdf,NA,NA,y,PHA_O05-1933.pdf
PHA_O05,D1-D4-D4c-D6-D2-D1c-D4f,513.0,1933.pdf,NA,NA,y,PHA_O05-1933.pdf
KUS_A02,C3u/C3/C115/C27-C3bn,14870.0,1933.pdf,NA,NA,y,KUS_A02-1933.pdf
KUS_A02,D1-D4-D4c-D4f-D1l-D1c,594.0,1933.pdf,NA,NA,y,KUS_A02-1933.pdf
RAF_A01,C3u/C3/C115/C27-C3bn,7781.0,1933.pdf,NA,NA,y,RAF_A01-1933.pdf
RAF_A01,D1/D4-D4c-D1c-D17d,440.0,1933.pdf,NA,NA,y,RAF_A01-1933.pdf
PJO_M10,C3u/C3/C115/C27-C3bn,12573.0,1933.pdf,NA,NA,y,PJO_M10-1933.pdf
PJO_M10,D1-D4-D4c-D4f-D1c,385.0,1933.pdf,NA,NA,y,PJO_M10-1933.pdf
PJO_A10,C3u/C3/C115/C27-C3bn,9110.0,1933.pdf,NA,NA,y,PJO_A10-1933.pdf
PJO_A10,D1-D4-D4c-D1c,207.0,1933.pdf,NA,NA,y,PJO_A10-1933.pdf
RAF_O09,C3u/C3/C115/C27-C3bn,13340.0,1933.pdf,NA,NA,y,RAF_O09-1933.pdf
RAF_O09,D1-D4-D1c-D17d-D1r-D17e-D17c,1474.0,1933.pdf,NA,NA,y,RAF_O09-1933.pdf
RAF_M03,C3u/C3/C115/C27-C3bn,25802.0,1933.pdf,NA,NA,y,RAF_M03-1933.pdf
RAF_M03,D1-D4-D17d-D17c-D17e-D1r-D4c-D1c-D17j-D17l-D17k,2127.0,1933.pdf,NA,NA,y,RAF_M03-1933.pdf
PJO_A01,C3u/C3/C115/C27-C3bn,9993.0,1933.pdf,NA,NA,y,PJO_A01-1933.pdf
PJO_A01,D1/D4-D4c-D1c-D17d,358.0,1933.pdf,NA,NA,y,PJO_A01-1933.pdf
PHA_D13,C3u/C3/C115/C27-C3bn,15778.0,1933.pdf,NA,NA,y,PHA_D13-1933.pdf
PHA_D13,D1-D4-D4c-D4f-D1l-D1c,823.0,1933.pdf,NA,NA,y,PHA_D13-1933.pdf
KUS_A01,C3u/C3/C115/C27-C3bn,15424.0,1933.pdf,NA,NA,y,KUS_A01-1933.pdf
KUS_A01,D1/D4-D4c-D1h-D1c-D2,1143.0,1933.pdf,NA,NA,y,KUS_A01-1933.pdf
PHA_P02,C3u/C3/C115/C27-C3bn,9839.0,1933.pdf,NA,NA,y,PHA_P02-1933.pdf
PHA_P02,D1-D4-D6-D4c-D2,213.0,1933.pdf,NA,NA,y,PHA_P02-1933.pdf
RAF_A08,C3u/C3/C115/C27-C3bn,10899.0,1933.pdf,NA,NA,y,RAF_A08-1933.pdf
RAF_A08,D1/D4-D4c-D1c-D17d,387.0,1933.pdf,NA,NA,y,RAF_A08-1933.pdf
SEM_M01,C3u/C3/C115/C27-C3bn,8163.0,1933.pdf,NA,NA,y,SEM_M01-1933.pdf
SEM_M01,D1-D4-D4c-D4f-D1c,322.0,1933.pdf,NA,NA,y,SEM_M01-1933.pdf
PHA_A06,C3u/C3/C115/C27-C3bn,10173.0,1933.pdf,NA,NA,y,PHA_A06-1933.pdf
PHA_A06,D1-D4-D6-D4c-D4f,270.0,1933.pdf,NA,NA,y,PHA_A06-1933.pdf
RAF_D09,C3u/C3/C115/C27-C3bn,13342.0,1933.pdf,NA,NA,y,RAF_D09-1933.pdf
RAF_A15,C3u/C3/C115/C27-C3bn,10866.0,1933.pdf,NA,NA,y,RAF_A15-1933.pdf
RAF_A15,D1/D4-D4c-D1c-D17d,528.0,1933.pdf,NA,NA,y,RAF_A15-1933.pdf
KUS_A07,C3u/C3/C115/C27-C3bn,10578.0,1933.pdf,NA,NA,y,KUS_A07-1933.pdf
KUS_A07,D1-D4-D4c-D4f-D1c,543.0,1933.pdf,NA,NA,y,KUS_A07-1933.pdf
RAF_A12,C3u/C3/C115/C27-C3bn,14502.0,1933.pdf,NA,NA,y,RAF_A12-1933.pdf
RAF_A12,D1/D4-D4c-D1c-D17d,768.0,1933.pdf,NA,NA,y,RAF_A12-1933.pdf
PHA_O02,C3u/C3/C115/C27-C3bn,10765.0,1933.pdf,NA,NA,y,PHA_O02-1933.pdf
PHA_O02,D1/D4-D4c-D1c-D17d,779.0,1933.pdf,NA,NA,y,PHA_O02-1933.pdf
PHA_A09,C3u/C3/C115/C27-C3bn,10313.0,1933.pdf,NA,NA,y,PHA_A09-1933.pdf
PHA_A09,D1/D4-D4c-D1c-D17d,403.0,1933.pdf,NA,NA,y,PHA_A09-1933.pdf
RAF_D04,C3u/C3/C115/C27-C3bn,6858.0,1933.pdf,NA,NA,y,RAF_D04-1933.pdf
RAF_D04,D1/D4/D17f-D9a,177.0,1933.pdf,NA,NA,y,RAF_D04-1933.pdf
SEM_A14,C3u/C3/C115/C27-C3bn,11021.0,1933.pdf,NA,NA,y,SEM_A14-1933.pdf
PJO_A08,C3u/C3/C115/C27-C3bn,7879.0,1933.pdf,NA,NA,y,PJO_A08-1933.pdf
PJO_A08,D1-D4-D4c-D4f-D1c,365.0,1933.pdf,NA,NA,y,PJO_A08-1933.pdf
PJO_D14,C3u/C3/C115/C27-C3bn,11975.0,1933.pdf,NA,NA,y,PJO_D14-1933.pdf
PJO_D14,D1-D4-D4c-D4f-D1c,657.0,1933.pdf,NA,NA,y,PJO_D14-1933.pdf
PJO_M04,C3u/C3/C115/C27-C3bn,17886.0,1933.pdf,NA,NA,y,PJO_M04-1933.pdf
PJO_M04,D1-D4-D4c-D4f-D1l-D1c,720.0,1933.pdf,NA,NA,y,PJO_M04-1933.pdf
KUS_A06,C3u/C3/C115/C27-C3bn,28270.0,1933.pdf,NA,NA,y,KUS_A06-1933.pdf
KUS_A06,D1-D4-D4c-D4f-D1l-D1c,1762.0,1933.pdf,NA,NA,y,KUS_A06-1933.pdf
PJO_D06,C3u/C3/C115/C27-C3bn,13034.0,1933.pdf,NA,NA,y,PJO_D06-1933.pdf
PJO_D06,D1-D4-D4c-D4f-D1l,535.0,1933.pdf,NA,NA,y,PJO_D06-1933.pdf
PHA_A04,C3u/C3/C115/C27-C3bn,11097.0,1933.pdf,NA,NA,y,PHA_A04-1933.pdf
PHA_A04,D1/D4-D4c-D1c-D17d,363.0,1933.pdf,NA,NA,y,PHA_A04-1933.pdf
RAF_M02,C3u/C3/C115/C27-C3bn,6425.0,1933.pdf,NA,NA,y,RAF_M02-1933.pdf
RAF_M02,D1/D4/D17f-D9a,514.0,1933.pdf,NA,NA,y,RAF_M02-1933.pdf
KUS_A05,C3u/C3/C115/C27-C3bn,6735.0,1933.pdf,NA,NA,y,KUS_A05-1933.pdf
KUS_A05,D1/D4-D4c-D4f,256.0,1933.pdf,NA,NA,y,KUS_A05-1933.pdf
SIS_D13,C3u/C3/C115/C27-C3bn,16850.0,1933.pdf,NA,NA,y,SIS_D13-1933.pdf
SIS_D13,D1-D4-D4c-D4f-D1l-D1c,636.0,1933.pdf,NA,NA,y,SIS_D13-1933.pdf
SEM_M05,C3u/C3/C115/C27-C3bn,6684.0,1933.pdf,NA,NA,y,SEM_M05-1933.pdf
SEM_M05,D1-D4-D4c-D4f-D1c,624.0,1933.pdf,NA,NA,y,SEM_M05-1933.pdf
KUS_A09,C3u/C3/C115/C27-C3bn,22298.0,1933.pdf,NA,NA,y,KUS_A09-1933.pdf
KUS_A09,D1/D4/D17f-D9a,1918.0,1933.pdf,NA,NA,y,KUS_A09-1933.pdf
SEM_A07,C3u/C3/C115/C27-C3bn,14146.0,1933.pdf,NA,NA,y,SEM_A07-1933.pdf
PHA_A14,C3u/C3/C115/C27-C3bn,12293.0,1933.pdf,NA,NA,y,PHA_A14-1933.pdf
PHA_A14,D1-D4-D4c-D6-D2-D1c-D4f,518.0,1933.pdf,NA,NA,y,PHA_A14-1933.pdf
PHA_A15,C3u/C3/C115/C27-C3bn,11591.0,1933.pdf,NA,NA,y,PHA_A15-1933.pdf
PHA_A15,D1-D4-D4c-D6-D2-D1c-D4f,509.0,1933.pdf,NA,NA,y,PHA_A15-1933.pdf
PHA_A10,C3u/C3/C115/C27-C3bn,18239.0,1933.pdf,NA,NA,y,PHA_A10-1933.pdf
PHA_A10,D1-D4-D6-D4c-D2,555.0,1933.pdf,NA,NA,y,PHA_A10-1933.pdf
PHA_A08,C3u/C3/C115/C27-C3bn,10067.0,1933.pdf,NA,NA,y,PHA_A08-1933.pdf
PHA_A08,D1-D4-D4c-D6-D2-D1c-D4f,370.0,1933.pdf,NA,NA,y,PHA_A08-1933.pdf
PJO_D07,C3u/C3/C115/C27-C3bn,8142.0,1933.pdf,NA,NA,y,PJO_D07-1933.pdf
PJO_D07,D1-D4-D4c-D4f-D1l,497.0,1933.pdf,NA,NA,y,PJO_D07-1933.pdf
PHA_M09,C3u/C3/C115/C27-C3bn,13745.0,1933.pdf,NA,NA,y,PHA_M09-1933.pdf
PHA_M09,D1/D4-D4c-D1c-D17d,1091.0,1933.pdf,NA,NA,y,PHA_M09-1933.pdf
SEM_M04,C3u/C3/C115/C27-C3bn,3585.0,1933.pdf,NA,NA,y,SEM_M04-1933.pdf
SEM_M04,D1-D4-D4c-D4f-D1c,340.0,1933.pdf,NA,NA,y,SEM_M04-1933.pdf
PHA_D05,C3u/C3/C115/C27-C3bn,11883.0,1933.pdf,NA,NA,y,PHA_D05-1933.pdf
PHA_D05,D1-D4-D4c-D4f-D1l-D1c,535.0,1933.pdf,NA,NA,y,PHA_D05-1933.pdf
SEM_M11,C3u/C3/C115/C27-C3bn,5057.0,1933.pdf,NA,NA,y,SEM_M11-1933.pdf
SEM_M11,D1-D4-D4c-D4f-D1c,654.0,1933.pdf,NA,NA,y,SEM_M11-1933.pdf
PHA_A07,C3u/C3/C115/C27-C3bn,10584.0,1933.pdf,NA,NA,y,PHA_A07-1933.pdf
PHA_A07,D1-D4-D4c-D6-D2-D1c-D4f,457.0,1933.pdf,NA,NA,y,PHA_A07-1933.pdf
RAF_A10,C3u/C3/C115/C27-C3bn,6618.0,1933.pdf,NA,NA,y,RAF_A10-1933.pdf
RAF_A10,D1-D4-D4c-D4f-D1l-D1c,495.0,1933.pdf,NA,NA,y,RAF_A10-1933.pdf
PHA_A02,C3u/C3/C115/C27-C3bn,11524.0,1933.pdf,NA,NA,y,PHA_A02-1933.pdf
PHA_A02,D1-D4-D17d-D17c-D17e-D1r-D4c-D1c-D17j-D17l-D17k,664.0,1933.pdf,NA,NA,y,PHA_A02-1933.pdf
RAF_P04,C3u/C3/C115/C27-C3bn,18185.0,1933.pdf,NA,NA,y,RAF_P04-1933.pdf
RAF_P04,D1/D4-D1c,1358.0,1933.pdf,NA,NA,y,RAF_P04-1933.pdf
PJO_D01,C3u/C3/C115/C27-C3bn,7490.0,1933.pdf,NA,NA,y,PJO_D01-1933.pdf
PJO_D01,D1-D4-D4c-D4f-D1l,333.0,1933.pdf,NA,NA,y,PJO_D01-1933.pdf
PHA_A05,C3u/C3/C115/C27-C3bn,6799.0,1933.pdf,NA,NA,y,PHA_A05-1933.pdf
PHA_A05,D1/D4-D4c-D1c-D17d,394.0,1933.pdf,NA,NA,y,PHA_A05-1933.pdf
RAF_M07,C3u/C3/C115/C27-C3bn,11411.0,1933.pdf,NA,NA,y,RAF_M07-1933.pdf
RAF_M07,D1-D4-D17d-D17c-D17e-D1r-D4c-D1c-D17j-D17l-D17k,1119.0,1933.pdf,NA,NA,y,RAF_M07-1933.pdf
KUS_A08,C3u/C3/C115/C27-C3bn,12212.0,1933.pdf,NA,NA,y,KUS_A08-1933.pdf
KUS_A08,D1-D4-D4c-D4f-D1c,815.0,1933.pdf,NA,NA,y,KUS_A08-1933.pdf
SEM_D12,C3u/C3/C115/C27-C3bn,4906.0,1933.pdf,NA,NA,y,SEM_D12-1933.pdf
SEM_D12,D1/D4/D17f-D9a,522.0,1933.pdf,NA,NA,y,SEM_D12-1933.pdf
PHA_D09,C3u/C3/C115/C27-C3bn,11323.0,1933.pdf,NA,NA,y,PHA_D09-1933.pdf
PHA_D09,D1/D4/D17f-D9a,850.0,1933.pdf,NA,NA,y,PHA_D09-1933.pdf
PHA_D14,C3u/C3/C115/C27-C3bn,14886.0,1933.pdf,NA,NA,y,PHA_D14-1933.pdf
PHA_D14,D1/D4-D4c-D1c-D17d,1155.0,1933.pdf,NA,NA,y,PHA_D14-1933.pdf
KUS_A10,C3u/C3/C115/C27-C3bn,15463.0,1933.pdf,NA,NA,y,KUS_A10-1933.pdf
KUS_A10,D1-D4-D4c-D4f-D1l-D1c,1184.0,1933.pdf,NA,NA,y,KUS_A10-1933.pdf
PJO_A06,C3u/C3/C115/C27-C3bn,7659.0,1933.pdf,NA,NA,y,PJO_A06-1933.pdf
PJO_A06,D1-D4-D4c-D4f-D1l-D1c,658.0,1933.pdf,NA,NA,y,PJO_A06-1933.pdf
SEM_M07,C3u/C3/C115/C27-C3bn,3672.0,1933.pdf,NA,NA,y,SEM_M07-1933.pdf
SEM_M07,D1/D4-D4c-D1c-D17d,372.0,1933.pdf,NA,NA,y,SEM_M07-1933.pdf
SIS_O13,C3u/C3/C115/C27-C3bn,14687.0,1933.pdf,NA,NA,y,SIS_O13-1933.pdf
SIS_O13,D1-D4-D4c-D4f-D1l-D1c,981.0,1933.pdf,NA,NA,y,SIS_O13-1933.pdf
PJO_D04,C3u/C3/C115/C27-C3bn,17374.0,1933.pdf,NA,NA,y,PJO_D04-1933.pdf
PJO_D04,D1-D4-D4c-D4f-D1l-D1c,1102.0,1933.pdf,NA,NA,y,PJO_D04-1933.pdf
PJO_M03,C3u/C3/C115/C27-C3bn,13079.0,1933.pdf,NA,NA,y,PJO_M03-1933.pdf
PJO_M03,D1-D4-D4c-D4f-D1l-D1c,982.0,1933.pdf,NA,NA,y,PJO_M03-1933.pdf
PJO_M02,C3u/C3/C115/C27-C3bn,7536.0,1933.pdf,NA,NA,y,PJO_M02-1933.pdf
PJO_M02,D1-D4-D4c-D4f-D1c,440.0,1933.pdf,NA,NA,y,PJO_M02-1933.pdf
PJO_A15,C3u/C3/C115/C27-C3bn,9779.0,1933.pdf,NA,NA,y,PJO_A15-1933.pdf
PJO_A15,D1-D4-D4c-D4f-D1l-D1c,645.0,1933.pdf,NA,NA,y,PJO_A15-1933.pdf
PHA_D08,C3u/C3/C115/C27-C3bn,14015.0,1933.pdf,NA,NA,y,PHA_D08-1933.pdf
PHA_D08,D1/D4-D4c-D1c-D17d,1073.0,1933.pdf,NA,NA,y,PHA_D08-1933.pdf
PHA_D08,D17f,92.0,1933.pdf,NA,NA,y,PHA_D08-1933.pdf
RAF_A03,C3u/C3/C115/C27-C3bn,8369.0,1933.pdf,NA,NA,y,RAF_A03-1933.pdf
RAF_A03,D1/D4-D4c-D1c-D17d,489.0,1933.pdf,NA,NA,y,RAF_A03-1933.pdf
RAF_O05,C3u/C3/C115/C27-C3bn,9591.0,1933.pdf,NA,NA,y,RAF_O05-1933.pdf
RAF_O05,D1-D4-D17d-D17c-D17e-D1r-D4c-D1c-D17j-D17l-D17k,1650.0,1933.pdf,NA,NA,y,RAF_O05-1933.pdf
KUS_A04,C3u/C3/C115/C27-C3bn,10540.0,1933.pdf,NA,NA,y,KUS_A04-1933.pdf
KUS_A04,D1-D4-D4c-D4f-D1l-D1c,1412.0,1933.pdf,NA,NA,y,KUS_A04-1933.pdf
PJO_D08,C3u/C3/C115/C27-C3bn,8748.0,1933.pdf,NA,NA,y,PJO_D08-1933.pdf
PJO_D08,D1-D4-D4c-D4f-D1l-D1c,1054.0,1933.pdf,NA,NA,y,PJO_D08-1933.pdf
PJO_O03,C3u/C3/C115/C27-C3bn,14718.0,1933.pdf,NA,NA,y,PJO_O03-1933.pdf
PJO_O03,D1/D4-D4c-D1c-D17d,2521.0,1933.pdf,NA,NA,y,PJO_O03-1933.pdf
SEM_M15,C3u/C3/C115/C27-C3bn,9562.0,1933.pdf,NA,NA,y,SEM_M15-1933.pdf
SEM_M15,D1-D4-D4c-D1c,1706.0,1933.pdf,NA,NA,y,SEM_M15-1933.pdf
SEM_M12,C3u/C3/C115/C27-C3bn,2921.0,1933.pdf,NA,NA,y,SEM_M12-1933.pdf
SEM_M12,D1-D4-D4c-D1c,533.0,1933.pdf,NA,NA,y,SEM_M12-1933.pdf
PHA_M11,C3u/C3/C115/C27-C3bn,11152.0,1933.pdf,NA,NA,y,PHA_M11-1933.pdf
PHA_M11,D1-D4-D17d-D17c-D17e-D1r-D4c-D1c-D17j-D17l-D17k,1836.0,1933.pdf,NA,NA,y,PHA_M11-1933.pdf
KUS_A15,C3u/C3/C115/C27-C3bn,11567.0,1933.pdf,NA,NA,y,KUS_A15-1933.pdf
KUS_A15,D1/D4-D4c-D1c-D17d,1490.0,1933.pdf,NA,NA,y,KUS_A15-1933.pdf
PHA_O08,C3u/C3/C115/C27-C3bn,13340.0,1933.pdf,NA,NA,y,PHA_O08-1933.pdf
PHA_O08,D1/D4-D4c-D1c-D17d,2614.0,1933.pdf,NA,NA,y,PHA_O08-1933.pdf
PHA_A01,C3u/C3/C115/C27-C3bn,8555.0,1933.pdf,NA,NA,y,PHA_A01-1933.pdf
PHA_A01,C15h,1365.0,1933.pdf,NA,NA,y,PHA_A01-1933.pdf
PHA_A01,D1-D4-D6-D4c-D2,250.0,1933.pdf,NA,NA,y,PHA_A01-1933.pdf
KUS_A11,C3u/C3/C115/C27-C3bn,18102.0,1933.pdf,NA,NA,y,KUS_A11-1933.pdf
KUS_A11,D1-D4-D4c-D4f-D1l-D1c,3862.0,1933.pdf,NA,NA,y,KUS_A11-1933.pdf
PHA_M07,C3u/C3/C115/C27-C3bn,17370.0,1933.pdf,NA,NA,y,PHA_M07-1933.pdf
PHA_M07,D1-D4-D4c-D4f-D1l-D1c,3978.0,1933.pdf,NA,NA,y,PHA_M07-1933.pdf
SEM_M13,C3u/C3/C115/C27-C3bn,5137.0,1933.pdf,NA,NA,y,SEM_M13-1933.pdf
SEM_M13,D1-D4-D4c-D4f-D1c,1133.0,1933.pdf,NA,NA,y,SEM_M13-1933.pdf
PHA_O04,C3u/C3/C115/C27-C3bn,9624.0,1933.pdf,NA,NA,y,PHA_O04-1933.pdf
PHA_O04,D1/D4-D4c-D1c-D17d,2387.0,1933.pdf,NA,NA,y,PHA_O04-1933.pdf
PJO_A04,C3u/C3/C115/C27-C3bn,2040.0,1933.pdf,NA,NA,y,PJO_A04-1933.pdf
PJO_A04,D1/D4-D4c-D1c-D17d,560.0,1933.pdf,NA,NA,y,PJO_A04-1933.pdf
PHA_D03,C3u/C3/C115/C27-C3bn,7552.0,1933.pdf,NA,NA,y,PHA_D03-1933.pdf
PHA_D03,D17f,228.0,1933.pdf,NA,NA,y,PHA_D03-1933.pdf
PHA_D03,D1/D4,1097.0,1933.pdf,NA,NA,y,PHA_D03-1933.pdf
SEM_O07,C3u/C3/C115/C27-C3bn,14899.0,1933.pdf,NA,NA,y,SEM_O07-1933.pdf
SEM_O07,D1/D4-D4c-D4f,6024.0,1933.pdf,NA,NA,y,SEM_O07-1933.pdf
KUS_P15,C3u/C3/C115/C27-C3bn,5315.0,1933.pdf,NA,NA,y,KUS_P15-1933.pdf
KUS_P15,D1/D4/D17f-D9a,1750.0,1933.pdf,NA,NA,y,KUS_P15-1933.pdf
RAF_O01,C3u/C3/C115/C27-C3bn,6706.0,1933.pdf,NA,NA,y,RAF_O01-1933.pdf
RAF_O01,D1-D4-D1c-D17d-D1r-D17e-D17c,2667.0,1933.pdf,NA,NA,y,RAF_O01-1933.pdf
PJO_O15,C3u/C3/C115/C27-C3bn,7847.0,1933.pdf,NA,NA,y,PJO_O15-1933.pdf
PJO_O15,D1/D4-D1c,3319.0,1933.pdf,NA,NA,y,PJO_O15-1933.pdf
KUS_O04,C3u/C3/C115/C27-C3bn,7522.0,1933.pdf,NA,NA,y,KUS_O04-1933.pdf
KUS_O04,D1/D4-D1c,2915.0,1933.pdf,NA,NA,y,KUS_O04-1933.pdf
RAF_A11,C3u/C3/C115/C27-C3bn,3923.0,1933.pdf,NA,NA,y,RAF_A11-1933.pdf
RAF_A11,D1-D4-D4c-D4f-D1l-D1c,1649.0,1933.pdf,NA,NA,y,RAF_A11-1933.pdf
RAF_M04,C3u/C3/C115/C27-C3bn,15435.0,1933.pdf,NA,NA,y,RAF_M04-1933.pdf
RAF_M04,D1-D4-D1c-D17d-D1r-D17e-D17c,6646.0,1933.pdf,NA,NA,y,RAF_M04-1933.pdf
RAF_O03,C3u/C3/C115/C27-C3bn,14581.0,1933.pdf,NA,NA,y,RAF_O03-1933.pdf
RAF_O03,D1-D4-D1c-D17d-D1r-D17e-D17c,8363.0,1933.pdf,NA,NA,y,RAF_O03-1933.pdf
RAF_O02,C3u/C3/C115/C27-C3bn,4984.0,1933.pdf,NA,NA,y,RAF_O02-1933.pdf
RAF_O02,D1-D4-D1c-D17d-D1r-D17e-D17c,3144.0,1933.pdf,NA,NA,y,RAF_O02-1933.pdf
RAF_M10,C3u/C3/C115/C27-C3bn,7060.0,1933.pdf,NA,NA,y,RAF_M10-1933.pdf
RAF_M10,D1-D4-D4c-D4f-D1l-D1c,3897.0,1933.pdf,NA,NA,y,RAF_M10-1933.pdf
RAF_O11,C3u/C3/C115/C27-C3bn,12484.0,1933.pdf,NA,NA,y,RAF_O11-1933.pdf
RAF_O11,D1-D4-D1c-D17d-D1r-D17e-D17c,8661.0,1933.pdf,NA,NA,y,RAF_O11-1933.pdf
RAF_O12,C3u/C3/C115/C27-C3bn,12053.0,1933.pdf,NA,NA,y,RAF_O12-1933.pdf
RAF_O12,D1-D4-D1c-D17d-D1r-D17e-D17c,9277.0,1933.pdf,NA,NA,y,RAF_O12-1933.pdf
RAF_M15,C3u/C3/C115/C27-C3bn,6171.0,1933.pdf,NA,NA,y,RAF_M15-1933.pdf
RAF_M15,D1-D4-D1c-D17d-D1r-D17e-D17c,4017.0,1933.pdf,NA,NA,y,RAF_M15-1933.pdf
RAF_O14,C3u/C3/C115/C27-C3bn,16436.0,1933.pdf,NA,NA,y,RAF_O14-1933.pdf
RAF_O14,D1-D4-D4c-D4f-D1l-D1c,12970.0,1933.pdf,NA,NA,y,RAF_O14-1933.pdf
PJO_M08,C3u/C3/C115/C27-C3bn,11300.0,1933.pdf,NA,NA,y,PJO_M08-1933.pdf
PJO_M08,D1-D4-D4c-D4f-D1l-D1c,8961.0,1933.pdf,NA,NA,y,PJO_M08-1933.pdf
PHA_O15,C3u/C3/C115/C27-C3bn,9203.0,1933.pdf,NA,NA,y,PHA_O15-1933.pdf
PHA_O15,D1-D4-D1c-D17d-D1r-D17e-D17c,8216.0,1933.pdf,NA,NA,y,PHA_O15-1933.pdf
SIS_A10,C3u/C3/C115/C27-C3bn,8106.0,1933.pdf,NA,NA,y,SIS_A10-1933.pdf
SIS_A10,D1-D4-D4c-D4f-D1l-D1c,7855.0,1933.pdf,NA,NA,y,SIS_A10-1933.pdf
SEM_O12,C27/C3/C3u-C115,11557.0,1933.pdf,NA,NA,y,SEM_O12-1933.pdf
SEM_P13,C27/C3/C3u-C115,12574.0,1933.pdf,NA,NA,y,SEM_P13-1933.pdf
SEM_P12,C27/C3/C3u-C115,13893.0,1933.pdf,NA,NA,y,SEM_P12-1933.pdf
SEM_P10,C27/C3/C3u-C115,10092.0,1933.pdf,NA,NA,y,SEM_P10-1933.pdf
SEM_O10,C27/C3/C3u-C115,4542.0,1933.pdf,NA,NA,y,SEM_O10-1933.pdf
SEM_P07,C27/C3/C3u-C115,2945.0,1933.pdf,NA,NA,y,SEM_P07-1933.pdf
PJO_P07,C27/C3/C3u-C115,9236.0,1933.pdf,NA,NA,y,PJO_P07-1933.pdf
PJO_P07,D1/D4/D4c,203.0,1933.pdf,NA,NA,y,PJO_P07-1933.pdf
SEM_P03,C27/C3/C3u-C115,16258.0,1933.pdf,NA,NA,y,SEM_P03-1933.pdf
SEM_P04,C27/C3/C3u-C115,6647.0,1933.pdf,NA,NA,y,SEM_P04-1933.pdf
RAF_P12,C27/C3/C3u-C115,5031.0,1933.pdf,NA,NA,y,RAF_P12-1933.pdf
SEM_P09,C27/C3/C3u-C115,11901.0,1933.pdf,NA,NA,y,SEM_P09-1933.pdf
PJO_O05,C27/C3/C3u-C115,22427.0,1933.pdf,NA,NA,y,PJO_O05-1933.pdf
KUS_O10,C27/C3/C3u-C115,8220.0,1933.pdf,NA,NA,y,KUS_O10-1933.pdf
KUS_O12,C27/C3/C3u-C115,18105.0,1933.pdf,NA,NA,y,KUS_O12-1933.pdf
PJO_P06,C27/C3/C3u-C115,7062.0,1933.pdf,NA,NA,y,PJO_P06-1933.pdf
RAF_P01,C27/C3/C3u-C115,6434.0,1933.pdf,NA,NA,y,RAF_P01-1933.pdf
PJO_M12,C27/C3/C3u-C115,22804.0,1933.pdf,NA,NA,y,PJO_M12-1933.pdf
PJO_M12,D1-D4-D2-D4c-D4f,310.0,1933.pdf,NA,NA,y,PJO_M12-1933.pdf
KUS_O02,C27/C3/C3u-C115,14130.0,1933.pdf,NA,NA,y,KUS_O02-1933.pdf
PJO_P08,C27/C3/C3u-C115,10967.0,1933.pdf,NA,NA,y,PJO_P08-1933.pdf
PJO_P08,D1-D4-D4c-D1h-D1c,431.0,1933.pdf,NA,NA,y,PJO_P08-1933.pdf
KUS_P07,C27/C3/C3u-C115,12979.0,1933.pdf,NA,NA,y,KUS_P07-1933.pdf
KUS_P07,D1-D4-D4c-D4f-D1l-D1c,354.0,1933.pdf,NA,NA,y,KUS_P07-1933.pdf
SEM_M06,C27/C3/C3u-C115,8511.0,1933.pdf,NA,NA,y,SEM_M06-1933.pdf
SIS_M12,C27/C3/C3u-C115,13383.0,1933.pdf,NA,NA,y,SIS_M12-1933.pdf
KUS_O06,C27/C3/C3u-C115,24789.0,1933.pdf,NA,NA,y,KUS_O06-1933.pdf
KUS_O06,D1/D4-D1c,242.0,1933.pdf,NA,NA,y,KUS_O06-1933.pdf
KUS_P03,C27/C3/C3u-C115,9631.0,1933.pdf,NA,NA,y,KUS_P03-1933.pdf
KUS_P03,D1-D4-D4c-D1c,183.0,1933.pdf,NA,NA,y,KUS_P03-1933.pdf
RAF_P10,C27/C3/C3u-C115,17544.0,1933.pdf,NA,NA,y,RAF_P10-1933.pdf
KUS_O15,C27/C3/C3u-C115,18013.0,1933.pdf,NA,NA,y,KUS_O15-1933.pdf
PJO_P02,C27/C3/C3u-C115,16057.0,1933.pdf,NA,NA,y,PJO_P02-1933.pdf
PJO_P02,D1-D4-D4c-D4f-D1c,334.0,1933.pdf,NA,NA,y,PJO_P02-1933.pdf
PHA_P01,C27/C3/C3u-C115,16081.0,1933.pdf,NA,NA,y,PHA_P01-1933.pdf
PHA_P01,D1/D4-D4c-D1c-D17d,347.0,1933.pdf,NA,NA,y,PHA_P01-1933.pdf
RAF_P14,C27/C3/C3u-C115,14402.0,1933.pdf,NA,NA,y,RAF_P14-1933.pdf
PJO_O06,C27/C3/C3u-C115,26735.0,1933.pdf,NA,NA,y,PJO_O06-1933.pdf
PJO_O06,D1-D4-D4c-D4f-D1l-D1c,881.0,1933.pdf,NA,NA,y,PJO_O06-1933.pdf
PJO_P09,C27/C3/C3u-C115,23911.0,1933.pdf,NA,NA,y,PJO_P09-1933.pdf
PJO_P09,D1-D4-D4c-D4f-D1c,264.0,1933.pdf,NA,NA,y,PJO_P09-1933.pdf
KUS_O07,C27/C3/C3u-C115,8957.0,1933.pdf,NA,NA,y,KUS_O07-1933.pdf
SIS_P01,C27/C3/C3u-C115,28018.0,1933.pdf,NA,NA,y,SIS_P01-1933.pdf
SIS_P01,D1-D4-D4c-D4f-D1l-D1c,421.0,1933.pdf,NA,NA,y,SIS_P01-1933.pdf
SEM_D01,C27/C3/C3u-C115,3310.0,1933.pdf,NA,NA,y,SEM_D01-1933.pdf
PJO_P11,C27/C3/C3u-C115,37510.0,1933.pdf,NA,NA,y,PJO_P11-1933.pdf
PJO_P11,D1-D4-D4c-D4f-D1c,488.0,1933.pdf,NA,NA,y,PJO_P11-1933.pdf
RAF_P09,C27/C3/C3u-C115,25829.0,1933.pdf,NA,NA,y,RAF_P09-1933.pdf
PJO_P01,C27/C3/C3u-C115,22891.0,1933.pdf,NA,NA,y,PJO_P01-1933.pdf
PJO_P01,D1-D4-D4c-D4f-D1c,353.0,1933.pdf,NA,NA,y,PJO_P01-1933.pdf
PHA_P03,C27/C3/C3u-C115,22841.0,1933.pdf,NA,NA,y,PHA_P03-1933.pdf
PHA_P03,D1-D4-D4c-D2-D4f-D1h,414.0,1933.pdf,NA,NA,y,PHA_P03-1933.pdf
PJO_P10,C27/C3/C3u-C115,12704.0,1933.pdf,NA,NA,y,PJO_P10-1933.pdf
PJO_P10,D1-D4-D4c-D1h-D1c,238.0,1933.pdf,NA,NA,y,PJO_P10-1933.pdf
RAF_P08,C27/C3/C3u-C115,14452.0,1933.pdf,NA,NA,y,RAF_P08-1933.pdf
RAF_P08,D1/D4/D17f-D9a,185.0,1933.pdf,NA,NA,y,RAF_P08-1933.pdf
RAF_P07,C27/C3/C3u-C115,10641.0,1933.pdf,NA,NA,y,RAF_P07-1933.pdf
KUS_O13,C27/C3/C3u-C115,18483.0,1933.pdf,NA,NA,y,KUS_O13-1933.pdf
KUS_O13,D1/D4-D1c,407.0,1933.pdf,NA,NA,y,KUS_O13-1933.pdf
RAF_P15,C27/C3/C3u-C115,9369.0,1933.pdf,NA,NA,y,RAF_P15-1933.pdf
PHA_P04,C27/C3/C3u-C115,14552.0,1933.pdf,NA,NA,y,PHA_P04-1933.pdf
PHA_P04,D1-D4-D6-D4c-D2,420.0,1933.pdf,NA,NA,y,PHA_P04-1933.pdf
PJO_P13,C27/C3/C3u-C115,24190.0,1933.pdf,NA,NA,y,PJO_P13-1933.pdf
PJO_P13,D1-D4-D4c-D4f-D1c,375.0,1933.pdf,NA,NA,y,PJO_P13-1933.pdf
RAF_O10,C27/C3/C3u-C115,8700.0,1933.pdf,NA,NA,y,RAF_O10-1933.pdf
KUS_O09,C27/C3/C3u-C115,15067.0,1933.pdf,NA,NA,y,KUS_O09-1933.pdf
KUS_O09,D1/D4-D4c-D1c-D17d,263.0,1933.pdf,NA,NA,y,KUS_O09-1933.pdf
RAF_P11,C27/C3/C3u-C115,8327.0,1933.pdf,NA,NA,y,RAF_P11-1933.pdf
RAF_P03,C27/C3/C3u-C115,19702.0,1933.pdf,NA,NA,y,RAF_P03-1933.pdf
PHA_P08,C27/C3/C3u-C115,12845.0,1933.pdf,NA,NA,y,PHA_P08-1933.pdf
PHA_P08,D1-D4-D1c-D17d-D1r-D17e-D17c,387.0,1933.pdf,NA,NA,y,PHA_P08-1933.pdf
KUS_O03,C27/C3/C3u-C115,13451.0,1933.pdf,NA,NA,y,KUS_O03-1933.pdf
PHA_P14,C27/C3/C3u-C115,15345.0,1933.pdf,NA,NA,y,PHA_P14-1933.pdf
PHA_P14,D1-D4-D4c-D4f-D1l-D1c,324.0,1933.pdf,NA,NA,y,PHA_P14-1933.pdf
PHA_O12,C27/C3/C3u-C115,15840.0,1933.pdf,NA,NA,y,PHA_O12-1933.pdf
PHA_O12,D1-D4-D6-D4c-D2,415.0,1933.pdf,NA,NA,y,PHA_O12-1933.pdf
SIS_P06,C27/C3/C3u-C115,16884.0,1933.pdf,NA,NA,y,SIS_P06-1933.pdf
SIS_P06,D1/D4-D4c-D4f,270.0,1933.pdf,NA,NA,y,SIS_P06-1933.pdf
KUS_P11,C27/C3/C3u-C115,8841.0,1933.pdf,NA,NA,y,KUS_P11-1933.pdf
KUS_P11,D1/D4-D4c-D1c-D17d,451.0,1933.pdf,NA,NA,y,KUS_P11-1933.pdf
SIS_P08,C27/C3/C3u-C115,26479.0,1933.pdf,NA,NA,y,SIS_P08-1933.pdf
SIS_P08,D1-D4-D4c-D4f-D1c,493.0,1933.pdf,NA,NA,y,SIS_P08-1933.pdf
KUS_P12,C27/C3/C3u-C115,14893.0,1933.pdf,NA,NA,y,KUS_P12-1933.pdf
KUS_P12,D1-D4-D4c-D4f-D1l-D1c,753.0,1933.pdf,NA,NA,y,KUS_P12-1933.pdf
RAF_P06,C27/C3/C3u-C115,10541.0,1933.pdf,NA,NA,y,RAF_P06-1933.pdf
SIS_P04,C27/C3/C3u-C115,15204.0,1933.pdf,NA,NA,y,SIS_P04-1933.pdf
SIS_P04,D1/D4-D4c-D4f,408.0,1933.pdf,NA,NA,y,SIS_P04-1933.pdf
KUS_O05,C27/C3/C3u-C115,13507.0,1933.pdf,NA,NA,y,KUS_O05-1933.pdf
PJO_P14,C27/C3/C3u-C115,33568.0,1933.pdf,NA,NA,y,PJO_P14-1933.pdf
PJO_P14,D1/D4-D4c-D1c-D17d,602.0,1933.pdf,NA,NA,y,PJO_P14-1933.pdf
SEM_P01,C27/C3/C3u-C115,9512.0,1933.pdf,NA,NA,y,SEM_P01-1933.pdf
KUS_P09,C27/C3/C3u-C115,11390.0,1933.pdf,NA,NA,y,KUS_P09-1933.pdf
KUS_P09,D1-D4-D4c-D4f-D1l-D1c,614.0,1933.pdf,NA,NA,y,KUS_P09-1933.pdf
KUS_P13,C27/C3/C3u-C115,28371.0,1933.pdf,NA,NA,y,KUS_P13-1933.pdf
KUS_P13,D1-D4-D4c-D6-D2-D1c-D4f,867.0,1933.pdf,NA,NA,y,KUS_P13-1933.pdf
PJO_P15,C27/C3/C3u-C115,21930.0,1933.pdf,NA,NA,y,PJO_P15-1933.pdf
PJO_P15,D1/D4-D4c-D1c-D17d,515.0,1933.pdf,NA,NA,y,PJO_P15-1933.pdf
PJO_P12,C27/C3/C3u-C115,13670.0,1933.pdf,NA,NA,y,PJO_P12-1933.pdf
PJO_P12,D1/D4-D4c-D1c-D17d,209.0,1933.pdf,NA,NA,y,PJO_P12-1933.pdf
PHA_P05,C27/C3/C3u-C115,147991.0,1933.pdf,NA,NA,y,PHA_P05-1933.pdf
PHA_P05,D1-D4-D17d-D17c-D17e-D1r-D4c-D1c-D17j-D17l-D17k,3647.0,1933.pdf,NA,NA,y,PHA_P05-1933.pdf
KUS_P06,C27/C3/C3u-C115,12552.0,1933.pdf,NA,NA,y,KUS_P06-1933.pdf
KUS_P06,D1/D4-D4c-D1c-D17d,515.0,1933.pdf,NA,NA,y,KUS_P06-1933.pdf
RAF_P13,C27/C3/C3u-C115,9248.0,1933.pdf,NA,NA,y,RAF_P13-1933.pdf
RAF_P13,D1/D4/D17f-D9a,322.0,1933.pdf,NA,NA,y,RAF_P13-1933.pdf
SIS_P09,C27/C3/C3u-C115,14487.0,1933.pdf,NA,NA,y,SIS_P09-1933.pdf
SIS_P09,D1-D4-D4c-D4f-D1l,227.0,1933.pdf,NA,NA,y,SIS_P09-1933.pdf
PHA_O09,C27/C3/C3u-C115,12726.0,1933.pdf,NA,NA,y,PHA_O09-1933.pdf
PHA_O09,D1-D4-D4c-D6-D2-D1c-D4f,309.0,1933.pdf,NA,NA,y,PHA_O09-1933.pdf
PHA_P06,C27/C3/C3u-C115,23963.0,1933.pdf,NA,NA,y,PHA_P06-1933.pdf
PHA_P06,D1-D4-D6-D4c-D2,614.0,1933.pdf,NA,NA,y,PHA_P06-1933.pdf
RAF_O06,C27/C3/C3u-C115,24017.0,1933.pdf,NA,NA,y,RAF_O06-1933.pdf
RAF_O06,D1-D4-D17d-D17c-D17e-D1r-D4c-D1c-D17j-D17l-D17k,978.0,1933.pdf,NA,NA,y,RAF_O06-1933.pdf
PJO_P04,C27/C3/C3u-C115,15172.0,1933.pdf,NA,NA,y,PJO_P04-1933.pdf
PJO_P04,D1-D4-D4c-D4f-D1l-D1c,389.0,1933.pdf,NA,NA,y,PJO_P04-1933.pdf
SIS_P14,C27/C3/C3u-C115,12796.0,1933.pdf,NA,NA,y,SIS_P14-1933.pdf
SIS_P14,D1-D4-D4c-D4f-D1c,280.0,1933.pdf,NA,NA,y,SIS_P14-1933.pdf
SIS_P15,C27/C3/C3u-C115,13741.0,1933.pdf,NA,NA,y,SIS_P15-1933.pdf
SIS_P15,D1-D4-D4c-D4f-D1c,416.0,1933.pdf,NA,NA,y,SIS_P15-1933.pdf
PHA_P10,C27/C3/C3u-C115,11737.0,1933.pdf,NA,NA,y,PHA_P10-1933.pdf
PHA_P10,D1/D4-D4c-D1c-D17d,263.0,1933.pdf,NA,NA,y,PHA_P10-1933.pdf
PHA_P13,C27/C3/C3u-C115,17854.0,1933.pdf,NA,NA,y,PHA_P13-1933.pdf
PHA_P13,D1-D4-D6-D4c-D2,322.0,1933.pdf,NA,NA,y,PHA_P13-1933.pdf
PHA_O01,C27/C3/C3u-C115,11540.0,1933.pdf,NA,NA,y,PHA_O01-1933.pdf
PHA_O01,D1/D4-D6-D4c,296.0,1933.pdf,NA,NA,y,PHA_O01-1933.pdf
PHA_O11,C27/C3/C3u-C115,15318.0,1933.pdf,NA,NA,y,PHA_O11-1933.pdf
PHA_O11,D1-D4-D4c-D6-D2-D1c-D4f,373.0,1933.pdf,NA,NA,y,PHA_O11-1933.pdf
SIS_P03,C27/C3/C3u-C115,24355.0,1933.pdf,NA,NA,y,SIS_P03-1933.pdf
SIS_P03,D1/D4-D4c-D4f,357.0,1933.pdf,NA,NA,y,SIS_P03-1933.pdf
KUS_O14,C27/C3/C3u-C115,24131.0,1933.pdf,NA,NA,y,KUS_O14-1933.pdf
KUS_O14,D1/D4/D17f-D9a,392.0,1933.pdf,NA,NA,y,KUS_O14-1933.pdf
SIS_P10,C27/C3/C3u-C115,41185.0,1933.pdf,NA,NA,y,SIS_P10-1933.pdf
SIS_P10,D1/D4/D17f-D9a,1348.0,1933.pdf,NA,NA,y,SIS_P10-1933.pdf
PHA_P12,C27/C3/C3u-C115,12806.0,1933.pdf,NA,NA,y,PHA_P12-1933.pdf
PHA_P12,D1/D4-D4c-D1c-D17d,395.0,1933.pdf,NA,NA,y,PHA_P12-1933.pdf
SIS_P13,C27/C3/C3u-C115,11129.0,1933.pdf,NA,NA,y,SIS_P13-1933.pdf
SIS_P13,D1/D4-D4c-D4f,303.0,1933.pdf,NA,NA,y,SIS_P13-1933.pdf
RAF_P02,C27/C3/C3u-C115,7638.0,1933.pdf,NA,NA,y,RAF_P02-1933.pdf
RAF_P02,D1-D4-D17d-D17c-D17e-D1r-D4c-D1c-D17j-D17l-D17k,451.0,1933.pdf,NA,NA,y,RAF_P02-1933.pdf
RAF_P02,D17f,41.0,1933.pdf,NA,NA,y,RAF_P02-1933.pdf
KUS_P05,C27/C3/C3u-C115,14833.0,1933.pdf,NA,NA,y,KUS_P05-1933.pdf
KUS_P05,D1-D4-D4c-D4f-D1l-D1c,584.0,1933.pdf,NA,NA,y,KUS_P05-1933.pdf
PHA_O14,C27/C3/C3u-C115,10444.0,1933.pdf,NA,NA,y,PHA_O14-1933.pdf
PHA_O14,D1-D4-D4c-D6-D2-D1c-D4f,371.0,1933.pdf,NA,NA,y,PHA_O14-1933.pdf
SIS_P11,C27/C3/C3u-C115,14320.0,1933.pdf,NA,NA,y,SIS_P11-1933.pdf
SIS_P11,D1-D4-D4c-D4f-D1c,372.0,1933.pdf,NA,NA,y,SIS_P11-1933.pdf
SIS_P12,C27/C3/C3u-C115,13729.0,1933.pdf,NA,NA,y,SIS_P12-1933.pdf
SIS_P12,D1-D4-D4c-D4f-D1c,744.0,1933.pdf,NA,NA,y,SIS_P12-1933.pdf
KUS_P04,C27/C3/C3u-C115,12893.0,1933.pdf,NA,NA,y,KUS_P04-1933.pdf
KUS_P04,D1/D4-D4c-D1c-D17d,407.0,1933.pdf,NA,NA,y,KUS_P04-1933.pdf
PHA_P09,C27/C3/C3u-C115,13093.0,1933.pdf,NA,NA,y,PHA_P09-1933.pdf
PHA_P09,D1-D4-D4c-D6-D2-D1c-D4f,333.0,1933.pdf,NA,NA,y,PHA_P09-1933.pdf
PJO_P05,C27/C3/C3u-C115,14398.0,1933.pdf,NA,NA,y,PJO_P05-1933.pdf
PJO_P05,D1-D4-D4c-D4f-D1c,955.0,1933.pdf,NA,NA,y,PJO_P05-1933.pdf
KUS_P01,C27/C3/C3u-C115,14362.0,1933.pdf,NA,NA,y,KUS_P01-1933.pdf
KUS_P01,D1/D4/D17f-D9a,456.0,1933.pdf,NA,NA,y,KUS_P01-1933.pdf
SIS_P02,C27/C3/C3u-C115,32291.0,1933.pdf,NA,NA,y,SIS_P02-1933.pdf
SIS_P02,D1-D4-D4c-D4f-D1c,732.0,1933.pdf,NA,NA,y,SIS_P02-1933.pdf
KUS_P08,C27/C3/C3u-C115,16957.0,1933.pdf,NA,NA,y,KUS_P08-1933.pdf
KUS_P08,D1-D4-D4c-D4f-D1l-D1c,1681.0,1933.pdf,NA,NA,y,KUS_P08-1933.pdf
KUS_A14,C27/C3/C3u-C115,20745.0,1933.pdf,NA,NA,y,KUS_A14-1933.pdf
KUS_A14,D1-D4-D4c-D4f-D1c,2024.0,1933.pdf,NA,NA,y,KUS_A14-1933.pdf
KUS_P14,C27/C3/C3u-C115,44265.0,1933.pdf,NA,NA,y,KUS_P14-1933.pdf
KUS_P14,D1/D4-D4c-D1c-D17d,3653.0,1933.pdf,NA,NA,y,KUS_P14-1933.pdf
KUS_P02,C27/C3/C3u-C115,14469.0,1933.pdf,NA,NA,y,KUS_P02-1933.pdf
KUS_P02,D1-D4-D4c-D4f-D1c,634.0,1933.pdf,NA,NA,y,KUS_P02-1933.pdf
KUS_P02,D17f,76.0,1933.pdf,NA,NA,y,KUS_P02-1933.pdf
SIS_P07,C27/C3/C3u-C115,13319.0,1933.pdf,NA,NA,y,SIS_P07-1933.pdf
SIS_P07,D1-D4-D4c-D4f-D1l-D1c,637.0,1933.pdf,NA,NA,y,SIS_P07-1933.pdf
KUS_O11,C27/C3/C3u-C115,12465.0,1933.pdf,NA,NA,y,KUS_O11-1933.pdf
KUS_O11,D1/D4-D1c,1409.0,1933.pdf,NA,NA,y,KUS_O11-1933.pdf
SEM_O05,C27/C3/C3u-C115,10609.0,1933.pdf,NA,NA,y,SEM_O05-1933.pdf
SEM_O05,D1-D4-D4c-D4f-D1c,2465.0,1933.pdf,NA,NA,y,SEM_O05-1933.pdf
PJO_O10,C27/C3/C3u-C115,16618.0,1933.pdf,NA,NA,y,PJO_O10-1933.pdf
PJO_O10,D1-D4-D1c-D17d-D1r-D17e-D17c,7465.0,1933.pdf,NA,NA,y,PJO_O10-1933.pdf
RAF_P05,C27/C3/C3u-C115,21961.0,1933.pdf,NA,NA,y,RAF_P05-1933.pdf
RAF_P05,D1/D4/D17f-D9a,7070.0,1933.pdf,NA,NA,y,RAF_P05-1933.pdf
RAF_A09,C3u/C3/C115/C27-C3bn,382.0,1933.pdf,NA,NA,y,RAF_A09-1933.pdf
RAF_A09,D1-D4-D4c-D4f-D1l-D1c,33506.0,1933.pdf,NA,NA,y,RAF_A09-1933.pdf
SIS_A03,C3u/C3/C115/C27-C3bn,611.0,1933.pdf,NA,NA,y,SIS_A03-1933.pdf
SIS_A03,D1-D4-D4c-D4f-D1l-D1c,36808.0,1933.pdf,NA,NA,y,SIS_A03-1933.pdf
SEM_A10,C3u/C3/C115/C27-C3bn,783.0,1933.pdf,NA,NA,y,SEM_A10-1933.pdf
SEM_A10,D1-D4-D4c-D4f-D1l-D1c,21374.0,1933.pdf,NA,NA,y,SEM_A10-1933.pdf
SIS_M06,C27/C3/C3u-C115,982.0,1933.pdf,NA,NA,y,SIS_M06-1933.pdf
SIS_M06,D1-D4-D4c-D4f-D1l-D1c,29207.0,1933.pdf,NA,NA,y,SIS_M06-1933.pdf
PJO_A07,C3u/C3/C115/C27-C3bn,689.0,1933.pdf,NA,NA,y,PJO_A07-1933.pdf
PJO_A07,D1-D4-D4c-D4f-D1l-D1c,22986.0,1933.pdf,NA,NA,y,PJO_A07-1933.pdf
PHA_A11,C3u/C3/C115/C27-C3bn,757.0,1933.pdf,NA,NA,y,PHA_A11-1933.pdf
PHA_A11,D1-D4-D4c-D4f-D1l-D1c,26902.0,1933.pdf,NA,NA,y,PHA_A11-1933.pdf
SIS_A11,C3u/C3/C115/C27-C3bn,1838.0,1933.pdf,NA,NA,y,SIS_A11-1933.pdf
SIS_A11,D1-D4-D4c-D4f-D1l-D1c,23834.0,1933.pdf,NA,NA,y,SIS_A11-1933.pdf
PHA_P11,C27/C3/C3u-C115,535.0,1933.pdf,NA,NA,y,PHA_P11-1933.pdf
PHA_P11,D1-D4-D4c-D4f-D1l-D1c,17437.0,1933.pdf,NA,NA,y,PHA_P11-1933.pdf
SEM_M14,C3u/C3/C115/C27-C3bn,971.0,1933.pdf,NA,NA,y,SEM_M14-1933.pdf
SEM_M14,D1-D4-D4c-D4f-D1l-D1c,11302.0,1933.pdf,NA,NA,y,SEM_M14-1933.pdf
PJO_A02,C3u/C3/C115/C27-C3bn,1533.0,1933.pdf,NA,NA,y,PJO_A02-1933.pdf
PJO_A02,D1-D4-D4c-D4f-D1l-D1c,16328.0,1933.pdf,NA,NA,y,PJO_A02-1933.pdf
PJO_A14,C3u/C3/C115/C27-C3bn,2862.0,1933.pdf,NA,NA,y,PJO_A14-1933.pdf
PJO_A14,D1-D4-D4c-D4f-D1l-D1c,18694.0,1933.pdf,NA,NA,y,PJO_A14-1933.pdf
PJO_M06,C3/C3u/C115-C27-C3b,3230.0,1933.pdf,NA,NA,y,PJO_M06-1933.pdf
PJO_M06,D1-D4-D4c-D4f-D1l-D1c,19695.0,1933.pdf,NA,NA,y,PJO_M06-1933.pdf
SIS_M07,C3u/C3/C115/C27-C3bn,4064.0,1933.pdf,NA,NA,y,SIS_M07-1933.pdf
SIS_M07,D1-D4-D4c-D4f-D1l-D1c,24317.0,1933.pdf,NA,NA,y,SIS_M07-1933.pdf
SEM_M03,C27/C3/C3u-C115,2021.0,1933.pdf,NA,NA,y,SEM_M03-1933.pdf
SEM_M03,D1-D4-D4c-D4f-D1l-D1c,9520.0,1933.pdf,NA,NA,y,SEM_M03-1933.pdf
RAF_A05,C3u/C3/C115/C27-C3bn,5654.0,1933.pdf,NA,NA,y,RAF_A05-1933.pdf
RAF_A05,D1-D4-D4c-D4f-D1l-D1c,27633.0,1933.pdf,NA,NA,y,RAF_A05-1933.pdf
SEM_A05,C3u/C3/C115/C27-C3bn,3877.0,1933.pdf,NA,NA,y,SEM_A05-1933.pdf
SEM_A05,D1-D4-D4c-D4f-D1l-D1c,13350.0,1933.pdf,NA,NA,y,SEM_A05-1933.pdf
SIS_A04,C3u/C3/C115/C27-C3bn,2525.0,1933.pdf,NA,NA,y,SIS_A04-1933.pdf
SIS_A04,D1-D4-D4c-D4f-D1l-D1c,9311.0,1933.pdf,NA,NA,y,SIS_A04-1933.pdf
PJO_M01,C3u/C3/C115/C27-C3bn,7472.0,1933.pdf,NA,NA,y,PJO_M01-1933.pdf
PJO_M01,D1-D4-D4c-D4f-D1l-D1c,27072.0,1933.pdf,NA,NA,y,PJO_M01-1933.pdf
PJO_A05,C3u/C3/C115/C27-C3bn,6570.0,1933.pdf,NA,NA,y,PJO_A05-1933.pdf
PJO_A05,D1-D4-D4c-D4f-D1l-D1c,13109.0,1933.pdf,NA,NA,y,PJO_A05-1933.pdf
PHA_O13,C27/C3/C3u-C115,6578.0,1933.pdf,NA,NA,y,PHA_O13-1933.pdf
PHA_O13,D1-D4-D4c-D4f-D1l-D1c,13391.0,1933.pdf,NA,NA,y,PHA_O13-1933.pdf
PJO_D15,C3u/C3/C115/C27-C3bn,781.0,1933.pdf,NA,NA,y,PJO_D15-1933.pdf
PJO_D15,D1/D4-D4c-D1c-D17d,25335.0,1933.pdf,NA,NA,y,PJO_D15-1933.pdf
PJO_P03,C27/C3/C3u-C115,5927.0,1933.pdf,NA,NA,y,PJO_P03-1933.pdf
PJO_P03,D1/D4-D4c-D1c-D17d,26030.0,1933.pdf,NA,NA,y,PJO_P03-1933.pdf
PJO_M07,C3u/C3/C115/C27-C3bn,3600.0,1933.pdf,NA,NA,y,PJO_M07-1933.pdf
PJO_M07,D1-D4-D4c-D4f-D1c,4181.0,1933.pdf,NA,NA,y,PJO_M07-1933.pdf
SIS_M14,C3/C3u-C115-C3ed,25943.0,1933.pdf,NA,NA,y,SIS_M14-1933.pdf
SIS_D01,C3/C3u-C115-C3ed,34664.0,1933.pdf,NA,NA,y,SIS_D01-1933.pdf
SIS_D01,D1/D4-D4c-D4f,225.0,1933.pdf,NA,NA,y,SIS_D01-1933.pdf
SIS_M04,C3/C3u-C115-C3ed,12980.0,1933.pdf,NA,NA,y,SIS_M04-1933.pdf
SIS_M13,C3/C3u-C115-C3ed,20126.0,1933.pdf,NA,NA,y,SIS_M13-1933.pdf
SIS_D07,C3/C3u-C115-C3ed,23774.0,1933.pdf,NA,NA,y,SIS_D07-1933.pdf
SIS_D02,C3/C3u-C115-C3ed,15896.0,1933.pdf,NA,NA,y,SIS_D02-1933.pdf
SIS_D02,D1/D4-D4c-D4f,219.0,1933.pdf,NA,NA,y,SIS_D02-1933.pdf
SIS_O06,C3/C3u-C115-C3ed,19089.0,1933.pdf,NA,NA,y,SIS_O06-1933.pdf
SIS_M15,C3/C3u-C115-C3ed,11209.0,1933.pdf,NA,NA,y,SIS_M15-1933.pdf
SIS_D12,C3/C3u-C115-C3ed,17889.0,1933.pdf,NA,NA,y,SIS_D12-1933.pdf
SIS_D12,D1-D4-D4c-D4f-D1l-D1c,257.0,1933.pdf,NA,NA,y,SIS_D12-1933.pdf
SIS_D04,C3/C3u-C115-C3ed,19013.0,1933.pdf,NA,NA,y,SIS_D04-1933.pdf
SIS_O09,C3/C3u-C115-C3ed,22339.0,1933.pdf,NA,NA,y,SIS_O09-1933.pdf
SIS_D03,C3/C3u-C115-C3ed,16452.0,1933.pdf,NA,NA,y,SIS_D03-1933.pdf
SIS_M01,C3/C3u-C115-C3ed,10304.0,1933.pdf,NA,NA,y,SIS_M01-1933.pdf
SIS_D08,C3/C3u-C115-C3ed,22487.0,1933.pdf,NA,NA,y,SIS_D08-1933.pdf
SIS_O12,C3/C3u-C115-C3ed,19414.0,1933.pdf,NA,NA,y,SIS_O12-1933.pdf
SIS_O12,D1/D4-D4c-D4f,218.0,1933.pdf,NA,NA,y,SIS_O12-1933.pdf
SIS_O01,C3/C3u-C115-C3ed,5395.0,1933.pdf,NA,NA,y,SIS_O01-1933.pdf
SIS_D10,C3/C3u-C115-C3ed,10299.0,1933.pdf,NA,NA,y,SIS_D10-1933.pdf
SIS_D09,C3/C3u-C115-C3ed,19469.0,1933.pdf,NA,NA,y,SIS_D09-1933.pdf
SIS_D09,D1-D4-D4c-D4f-D1c,221.0,1933.pdf,NA,NA,y,SIS_D09-1933.pdf
SIS_O10,C3/C3u-C115-C3ed,5815.0,1933.pdf,NA,NA,y,SIS_O10-1933.pdf
SIS_M09,C3/C3u-C115-C3ed,18754.0,1933.pdf,NA,NA,y,SIS_M09-1933.pdf
SIS_O04,C3/C3u-C115-C3ed,17715.0,1933.pdf,NA,NA,y,SIS_O04-1933.pdf
SIS_O04,D1-D4-D4c-D4f-D1c,204.0,1933.pdf,NA,NA,y,SIS_O04-1933.pdf
SIS_O02,C3/C3u-C115-C3ed,7939.0,1933.pdf,NA,NA,y,SIS_O02-1933.pdf
SIS_D11,C3/C3u-C115-C3ed,13746.0,1933.pdf,NA,NA,y,SIS_D11-1933.pdf
SIS_D11,D1/D4-D4c-D4f,272.0,1933.pdf,NA,NA,y,SIS_D11-1933.pdf
SIS_M10,C3/C3u-C115-C3ed,9907.0,1933.pdf,NA,NA,y,SIS_M10-1933.pdf
SIS_O14,C3/C3u-C115-C3ed,6816.0,1933.pdf,NA,NA,y,SIS_O14-1933.pdf
SIS_D14,C3/C3u-C115-C3ed,14746.0,1933.pdf,NA,NA,y,SIS_D14-1933.pdf
SIS_D14,D1/D4-D4c-D4f,268.0,1933.pdf,NA,NA,y,SIS_D14-1933.pdf
SIS_O05,C3/C3u-C115-C3ed,17899.0,1933.pdf,NA,NA,y,SIS_O05-1933.pdf
SIS_O05,D1/D4-D4c-D4f,213.0,1933.pdf,NA,NA,y,SIS_O05-1933.pdf
SIS_M11,C3/C3u-C115-C3ed,11699.0,1933.pdf,NA,NA,y,SIS_M11-1933.pdf
SIS_O08,C3/C3u-C115-C3ed,9950.0,1933.pdf,NA,NA,y,SIS_O08-1933.pdf
SIS_O08,D1/D4-D4c-D4f,241.0,1933.pdf,NA,NA,y,SIS_O08-1933.pdf
SIS_D05,C3/C3u-C115-C3ed,12922.0,1933.pdf,NA,NA,y,SIS_D05-1933.pdf
SIS_D05,D1-D4-D4c-D4f-D1l,197.0,1933.pdf,NA,NA,y,SIS_D05-1933.pdf
SIS_D15,C3/C3u-C115-C3ed,15163.0,1933.pdf,NA,NA,y,SIS_D15-1933.pdf
SIS_D15,D1/D4/D4c,309.0,1933.pdf,NA,NA,y,SIS_D15-1933.pdf
SIS_O07,C3/C3u-C115-C3ed,7848.0,1933.pdf,NA,NA,y,SIS_O07-1933.pdf
SIS_O11,C3/C3u-C115-C3ed,7532.0,1933.pdf,NA,NA,y,SIS_O11-1933.pdf
SIS_O15,C3/C3u-C115-C3ed,10721.0,1933.pdf,NA,NA,y,SIS_O15-1933.pdf
SIS_O15,D1-D4-D4c-D4f-D1c,320.0,1933.pdf,NA,NA,y,SIS_O15-1933.pdf
SIS_M08,C3/C3u-C115-C3ed,14408.0,1933.pdf,NA,NA,y,SIS_M08-1933.pdf
SIS_M08,D1-D4-D4c-D4f-D1l-D1c,516.0,1933.pdf,NA,NA,y,SIS_M08-1933.pdf
PHA_P15,C3u/C3/C115/C27-C3bn,1391.0,1933.pdf,NA,NA,y,PHA_P15-1933.pdf
PHA_P15,D1-D4-D1c-D17d-D1r-D17e-D17c,40989.0,1933.pdf,NA,NA,y,PHA_P15-1933.pdf
PHA_P07,C3u/C3/C115/C27-C3bn,1653.0,1933.pdf,NA,NA,y,PHA_P07-1933.pdf
PHA_P07,D1-D4-D1c-D17d-D1r-D17e-D17c,30920.0,1933.pdf,NA,NA,y,PHA_P07-1933.pdf
KUS_P10,C3u/C3/C115/C27-C3bn,2629.0,1933.pdf,NA,NA,y,KUS_P10-1933.pdf
KUS_P10,D1-D4-D1c-D17d-D1r-D17e-D17c,16659.0,1933.pdf,NA,NA,y,KUS_P10-1933.pdf
RAF_O07,C3u/C3/C115/C27-C3bn,5136.0,1933.pdf,NA,NA,y,RAF_O07-1933.pdf
RAF_O07,D1-D4-D1c-D17d-D1r-D17e-D17c,11646.0,1933.pdf,NA,NA,y,RAF_O07-1933.pdf
RAF_O13,C3u/C3/C115/C27-C3bn,6734.0,1933.pdf,NA,NA,y,RAF_O13-1933.pdf
RAF_O13,D1-D4-D1c-D17d-D1r-D17e-D17c,14074.0,1933.pdf,NA,NA,y,RAF_O13-1933.pdf
RAF_O08,C3u/C3/C115/C27-C3bn,12102.0,1933.pdf,NA,NA,y,RAF_O08-1933.pdf
RAF_O08,D1-D4-D1c-D17d-D1r-D17e-D17c,12849.0,1933.pdf,NA,NA,y,RAF_O08-1933.pdf
SIS_M03,C3u/C3/C115/C27-C3bn,292.0,1933.pdf,NA,NA,y,SIS_M03-1933.pdf
SIS_M03,D1-D4-D4c-D4f-D1l,27112.0,1933.pdf,NA,NA,y,SIS_M03-1933.pdf
SIS_A08,C27/C3/C3u-C115,732.0,1933.pdf,NA,NA,y,SIS_A08-1933.pdf
SIS_A08,D1-D4-D4c-D4f-D1l,36673.0,1933.pdf,NA,NA,y,SIS_A08-1933.pdf
SIS_A02,C3u/C3/C115/C27-C3bn,2268.0,1933.pdf,NA,NA,y,SIS_A02-1933.pdf
SIS_A02,D1-D4-D4c-D4f-D1l,28643.0,1933.pdf,NA,NA,y,SIS_A02-1933.pdf
SIS_A05,C3u/C3/C115/C27-C3bn,6304.0,1933.pdf,NA,NA,y,SIS_A05-1933.pdf
SIS_A05,D1-D4-D4c-D4f-D1l,41793.0,1933.pdf,NA,NA,y,SIS_A05-1933.pdf
KUS_A13,C3u/C3/C115/C27-C3bn,8296.0,1933.pdf,NA,NA,y,KUS_A13-1933.pdf
KUS_A13,D1-D4-D4c-D4f-D1l,12153.0,1933.pdf,NA,NA,y,KUS_A13-1933.pdf
SEM_O02,C3u/C3/C115/C27-C3bn,8622.0,1933.pdf,NA,NA,y,SEM_O02-1933.pdf
SEM_O02,D1/D4-D1c,11433.0,1933.pdf,NA,NA,y,SEM_O02-1933.pdf
SEM_P11,C27-C3,22216.0,1933.pdf,NA,NA,y,SEM_P11-1933.pdf
SEM_O14,C27-C3,23533.0,1933.pdf,NA,NA,y,SEM_O14-1933.pdf
SEM_P08,C27-C3,22091.0,1933.pdf,NA,NA,y,SEM_P08-1933.pdf
PJO_O12,C27-C3,16501.0,1933.pdf,NA,NA,y,PJO_O12-1933.pdf
SEM_O08,C27-C3,14923.0,1933.pdf,NA,NA,y,SEM_O08-1933.pdf
PJO_O02,C27-C3,22738.0,1933.pdf,NA,NA,y,PJO_O02-1933.pdf
PJO_O07,C27-C3,48295.0,1933.pdf,NA,NA,y,PJO_O07-1933.pdf
PJO_O09,C27-C3,26917.0,1933.pdf,NA,NA,y,PJO_O09-1933.pdf
PJO_O08,C27-C3,19623.0,1933.pdf,NA,NA,y,PJO_O08-1933.pdf
PJO_M11,C3/C3u/C115-C27-C3b,13912.0,1933.pdf,NA,NA,y,PJO_M11-1933.pdf
PJO_M11,D1/D4/D4c,216.0,1933.pdf,NA,NA,y,PJO_M11-1933.pdf
PJO_M14,C3/C3u/C115-C27-C3b,22818.0,1933.pdf,NA,NA,y,PJO_M14-1933.pdf
PJO_M14,D1/D4-D4c-D1c-D17d,1058.0,1933.pdf,NA,NA,y,PJO_M14-1933.pdf
PJO_M15,C3/C3u/C115-C27-C3b,14271.0,1933.pdf,NA,NA,y,PJO_M15-1933.pdf
PJO_M15,D1/D4-D4c-D1c-D17d,522.0,1933.pdf,NA,NA,y,PJO_M15-1933.pdf
PJO_M13,C3/C3u/C115-C27-C3b,20481.0,1933.pdf,NA,NA,y,PJO_M13-1933.pdf
PJO_M13,D1-D4-D4c-D4f-D1l-D1c,676.0,1933.pdf,NA,NA,y,PJO_M13-1933.pdf
PHA_D11,C3/C3u/C115-C27-C3b,9319.0,1933.pdf,NA,NA,y,PHA_D11-1933.pdf
PHA_D11,D1/D4-D4c-D1c-D17d,605.0,1933.pdf,NA,NA,y,PHA_D11-1933.pdf
PHA_D12,C3/C3u/C115-C27-C3b,6553.0,1933.pdf,NA,NA,y,PHA_D12-1933.pdf
PHA_D12,C15h,451.0,1933.pdf,NA,NA,y,PHA_D12-1933.pdf
PHA_D12,D1-D4-D6-D4c-D4f,403.0,1933.pdf,NA,NA,y,PHA_D12-1933.pdf
SEM_P15,C27-C21-C27a,10748.0,1933.pdf,NA,NA,y,SEM_P15-1933.pdf
SEM_O01,C27-C21-C27a,32161.0,1933.pdf,NA,NA,y,SEM_O01-1933.pdf
SEM_P06,C27-C21-C27a,29880.0,1933.pdf,NA,NA,y,SEM_P06-1933.pdf
SEM_P14,C27-C21-C27a,26842.0,1933.pdf,NA,NA,y,SEM_P14-1933.pdf
PHA_O07,C27/C3/C3u-C115,1627.0,1933.pdf,NA,NA,y,PHA_O07-1933.pdf
PHA_O07,D1/D4/D6,15420.0,1933.pdf,NA,NA,y,PHA_O07-1933.pdf
PHA_O06,C27/C3/C3u-C115,3362.0,1933.pdf,NA,NA,y,PHA_O06-1933.pdf
PHA_O06,D1/D4/D6,10316.0,1933.pdf,NA,NA,y,PHA_O06-1933.pdf
PJO_O01,C3u/C3/C115/C27-C3bn,262.0,1933.pdf,NA,NA,y,PJO_O01-1933.pdf
PJO_O01,D1-D4-D4c-D1c-D2,25483.0,1933.pdf,NA,NA,y,PJO_O01-1933.pdf
e4234,C1-C21ak-C3ew-C1cu-C89c-C89b,56422.0,2004.pdf,NA,NA,y,e4234-2004.pdf
e4235,C1-C21ak-C3ew-C1cu-C89c-C89b,45632.0,2004.pdf,NA,NA,y,e4235-2004.pdf
e4244,C1-C21ak-C3ew-C1cu-C89c-C89b,64599.0,2004.pdf,NA,NA,y,e4244-2004.pdf
e4243,C1-C21ak-C3ew-C1cu-C89c-C89b,79869.0,2004.pdf,NA,NA,y,e4243-2004.pdf
e4233b,C1/C1c-C1b,18726.0,2004.pdf,NA,NA,y,e4233b-2004.pdf
e4233,C1/C1c-C1b,19726.0,2004.pdf,NA,NA,y,e4233-2004.pdf
T0_15,D1bt-D6-D1-D4-D1bs,29520.0,2058.pdf,NA,NA,y,T0_15-2058.pdf
T0_14,D1bt-D6-D1-D4-D1bs,85999.0,2058.pdf,NA,NA,y,T0_14-2058.pdf
T0_20,D1bt-D6-D1-D4-D1bs,141806.0,2058.pdf,NA,NA,y,T0_20-2058.pdf
T0_17,D1bt-D6-D1-D4-D1bs,79194.0,2058.pdf,NA,NA,y,T0_17-2058.pdf
T0_12,D1bt-D6-D1-D4-D1bs,163393.0,2058.pdf,NA,NA,y,T0_12-2058.pdf
T5_19,D1bt-D6-D1-D4-D1bs,77374.0,2058.pdf,NA,NA,y,T5_19-2058.pdf
T0_11,C1d/C42.2/C1,99.0,2058.pdf,NA,NA,y,T0_11-2058.pdf
T0_11,C15h-C116s-C15dp,2002.0,2058.pdf,NA,NA,y,T0_11-2058.pdf
T0_11,D1bt-D6-D1-D4-D1bs,175633.0,2058.pdf,NA,NA,y,T0_11-2058.pdf
T0_19,D1bt-D6-D1-D4-D1bs,116990.0,2058.pdf,NA,NA,y,T0_19-2058.pdf
T5_15,D1bt-D6-D1-D4-D1bs,128480.0,2058.pdf,NA,NA,y,T5_15-2058.pdf
T0_13,D1bt-D6-D1-D4-D1bs,89817.0,2058.pdf,NA,NA,y,T0_13-2058.pdf
T5_13,D1bt-D6-D1-D4-D1bs,46368.0,2058.pdf,NA,NA,y,T5_13-2058.pdf
T5_16,D1bt-D6-D1-D4-D1bs,153189.0,2058.pdf,NA,NA,y,T5_16-2058.pdf
T5_20,C1d/C42.2/C1,180.0,2058.pdf,NA,NA,y,T5_20-2058.pdf
T5_20,D1bt-D6-D1-D4-D1bs,84129.0,2058.pdf,NA,NA,y,T5_20-2058.pdf
T0_16,D1bt-D6-D1-D4-D1bs,100796.0,2058.pdf,NA,NA,y,T0_16-2058.pdf
T5_11,C15h-C116s-C15dp,8922.0,2058.pdf,NA,NA,y,T5_11-2058.pdf
T5_11,D1bt-D6-D1-D4-D1bs,105524.0,2058.pdf,NA,NA,y,T5_11-2058.pdf
T0_7,C1d/C42.2/C1,107800.0,2058.pdf,NA,NA,y,T0_7-2058.pdf
T5_8,C1d/C42.2/C1,71896.0,2058.pdf,NA,NA,y,T5_8-2058.pdf
T0_3,C1d/C42.2/C1,158519.0,2058.pdf,NA,NA,y,T0_3-2058.pdf
T0_8,C1d/C42.2/C1,143619.0,2058.pdf,NA,NA,y,T0_8-2058.pdf
T5_3,C1d/C42.2/C1,59534.0,2058.pdf,NA,NA,y,T5_3-2058.pdf
T5_3,D4-D1-D6-D1bu-D2.2-D1h,10854.0,2058.pdf,NA,NA,y,T5_3-2058.pdf
T0_4,C1d/C42.2-C1bl-C1-C3cg-C1b,111099.0,2058.pdf,NA,NA,y,T0_4-2058.pdf
T5_10,C1d/C42.2-C1bl-C1-C3cg-C1b,141478.0,2058.pdf,NA,NA,y,T5_10-2058.pdf
T5_1,C1d/C42.2-C1bl-C1-C3cg-C1b,101385.0,2058.pdf,NA,NA,y,T5_1-2058.pdf
T5_1,D1bt-D6-D1-D4-D1bs,7226.0,2058.pdf,NA,NA,y,T5_1-2058.pdf
T0_10,C1d/C42.2-C1bl-C1-C3cg-C1b,835.0,2058.pdf,NA,NA,y,T0_10-2058.pdf
T0_2,D4-D1-D6-D1bu-D2.2-D1h,120067.0,2058.pdf,NA,NA,y,T0_2-2058.pdf
T0_18,D4-D1-D6-D1bu-D2.2-D1h,115747.0,2058.pdf,NA,NA,y,T0_18-2058.pdf
T5_18,D4-D1-D6-D1bu-D2.2-D1h,77299.0,2058.pdf,NA,NA,y,T5_18-2058.pdf
T0_5,C1d/C1-C42.2-C3cg-C1b-C3,187189.0,2058.pdf,NA,NA,y,T0_5-2058.pdf
T5_5,C1d/C1-C42.2-C3cg-C1b-C3,300953.0,2058.pdf,NA,NA,y,T5_5-2058.pdf
T0_6,C1d/C1/C42.2/C3cg-C1b-C3cw-C45c-C115k-C1au,52042.0,2058.pdf,NA,NA,y,T0_6-2058.pdf
T0_9,C1d/C1/C42.2/C3cg-C1b-C3cw-C45c-C115k-C1au,76416.0,2058.pdf,NA,NA,y,T0_9-2058.pdf
T5_6,C1d-C42.2-C1-C1k-C1b,42166.0,2058.pdf,NA,NA,y,T5_6-2058.pdf
T0_1,C1d/C1/C42.2-C1b-C3cg-C45c-C115k-C1au-C3-C41p,114163.0,2058.pdf,NA,NA,y,T0_1-2058.pdf
E112,D1-D4-D6-D1b-D1d-D6c-D4d,5849.0,2060.pdf,NA,NA,NA,E112-2060.pdf
E110,D1-D4-D6-D1b-D1d-D6c-D4d,5264.0,2060.pdf,NA,NA,NA,E110-2060.pdf
E104,D1-D4-D6-D1b-D1d-D6c-D4d,12742.0,2060.pdf,NA,NA,NA,E104-2060.pdf
C109,D1-D4-D6-D1b-D1d-D6c-D4d,11923.0,2060.pdf,NA,NA,NA,C109-2060.pdf
C108,D1-D4-D6-D1b-D1d-D6c-D4d,14998.0,2060.pdf,NA,NA,NA,C108-2060.pdf
C24,D1-D4-D6-D1b-D1d-D6c-D4d,32105.0,2060.pdf,Hydnophora,cf. microconos,y,C24-2060.pdf
C107,D1-D4-D6-D1b-D1d-D6c-D4d,18986.0,2060.pdf,NA,NA,NA,C107-2060.pdf
C112,D1-D4-D6-D1b-D1d-D6c-D4d,10786.0,2060.pdf,NA,NA,NA,C112-2060.pdf
C103,D1-D4-D6-D1b-D1d-D6c-D4d,24859.0,2060.pdf,NA,NA,NA,C103-2060.pdf
C120,D1-D4-D6-D1b-D1d-D6c-D4d,9696.0,2060.pdf,NA,NA,NA,C120-2060.pdf
C106,D1-D4-D6-D1b-D1d-D6c-D4d,27277.0,2060.pdf,NA,NA,NA,C106-2060.pdf
C113,D1-D4-D6-D1b-D1d-D6c-D4d,13880.0,2060.pdf,NA,NA,NA,C113-2060.pdf
E105,D1-D4-D6-D1b-D1d-D6c-D4d,16795.0,2060.pdf,NA,NA,NA,E105-2060.pdf
E107,D1-D4-D6-D1b-D1d-D6c-D4d,20315.0,2060.pdf,NA,NA,NA,E107-2060.pdf
C25,D1-D4-D6-D1b-D1d-D6c-D4d,29980.0,2060.pdf,Hydnophora,cf. microconos,y,C25-2060.pdf
C105,D1-D4-D6-D1b-D1d-D6c-D4d,21279.0,2060.pdf,NA,NA,NA,C105-2060.pdf
C119,D1-D4-D6-D1b-D1d-D6c-D4d,20640.0,2060.pdf,NA,NA,NA,C119-2060.pdf
E114,D1-D4-D6-D1b-D1d-D6c-D4d,15616.0,2060.pdf,NA,NA,NA,E114-2060.pdf
C101,D1-D4-D6-D1b-D1d-D6c-D4d,39726.0,2060.pdf,NA,NA,NA,C101-2060.pdf
E111,D1-D4-D6-D1b-D1d-D6c-D4d,19027.0,2060.pdf,NA,NA,NA,E111-2060.pdf
E117,D1-D4-D6-D1b-D1d-D6c-D4d,12731.0,2060.pdf,NA,NA,NA,E117-2060.pdf
E106,D1-D4-D6-D1b-D1d-D6c-D4d,5372.0,2060.pdf,NA,NA,NA,E106-2060.pdf
C118,D1-D4-D6-D1b-D1d-D6c-D4d,11480.0,2060.pdf,NA,NA,NA,C118-2060.pdf
C114,D1-D4-D6-D1b-D1d-D6c-D4d,14792.0,2060.pdf,NA,NA,NA,C114-2060.pdf
E124,D1-D4-D6-D1b-D1d-D6c-D4d,10064.0,2060.pdf,NA,NA,NA,E124-2060.pdf
E103,D1-D4-D6-D1b-D1d-D6c-D4d,7736.0,2060.pdf,NA,NA,NA,E103-2060.pdf
E113,D1-D4-D6-D1b-D1d-D6c-D4d,15551.0,2060.pdf,NA,NA,NA,E113-2060.pdf
C104,D1-D4-D6-D1b-D1d-D6c-D4d,25831.0,2060.pdf,NA,NA,NA,C104-2060.pdf
E108,D1-D4-D6-D1b-D1d-D6c-D4d,19268.0,2060.pdf,NA,NA,NA,E108-2060.pdf
E119,D1-D4-D6-D1b-D1d-D6c-D4d,15769.0,2060.pdf,NA,NA,NA,E119-2060.pdf
C102,D1-D4-D6-D1b-D1d-D6c-D4d,27871.0,2060.pdf,NA,NA,NA,C102-2060.pdf
C121,D1-D4-D6-D1b-D1d-D6c-D4d,29381.0,2060.pdf,NA,NA,NA,C121-2060.pdf
C117,D1-D4-D6-D1b-D1d-D6c-D4d,10057.0,2060.pdf,NA,NA,NA,C117-2060.pdf
C115,D1-D4-D6-D1b-D1d-D6c-D4d,12873.0,2060.pdf,NA,NA,NA,C115-2060.pdf
E102,D1-D4-D6-D1b-D1d-D6c-D4d,43680.0,2060.pdf,NA,NA,NA,E102-2060.pdf
E101,D1-D4-D6-D1b-D1d-D6c-D4d,35097.0,2060.pdf,NA,NA,NA,E101-2060.pdf
E122,D1-D4-D6-D1b-D1d-D6c-D4d,13828.0,2060.pdf,NA,NA,NA,E122-2060.pdf
C111,D1-D4-D6-D1b-D1d-D6c-D4d,14003.0,2060.pdf,NA,NA,NA,C111-2060.pdf
E100,D1-D4-D6-D1b-D1d-D6c-D4d,8622.0,2060.pdf,Echinopora,sp.,y,E100-2060.pdf
E123,D1-D4-D6-D1b-D1d-D6c-D4d,39719.0,2060.pdf,NA,NA,NA,E123-2060.pdf
E25,D1-D4-D6-D1b-D1d-D6c-D4d,38688.0,2060.pdf,Hydnophora,cf. microconos,y,E25-2060.pdf
E116,D1-D4-D6-D1b-D1d-D6c-D4d,7095.0,2060.pdf,NA,NA,NA,E116-2060.pdf
E120,D1-D4-D6-D1b-D1d-D6c-D4d,13332.0,2060.pdf,NA,NA,NA,E120-2060.pdf
E121,D1-D4-D6-D1b-D1d-D6c-D4d,7106.0,2060.pdf,NA,NA,NA,E121-2060.pdf
E118,D1-D4-D6-D1b-D1d-D6c-D4d,4641.0,2060.pdf,NA,NA,NA,E118-2060.pdf
C124,D1-D4-D6-D1b-D1d-D6c-D4d,28621.0,2060.pdf,NA,NA,NA,C124-2060.pdf
E115,D1-D4-D6-D1b-D1d-D6c-D4d,5057.0,2060.pdf,NA,NA,NA,E115-2060.pdf
C123,D1-D4-D6-D1b-D1d-D6c-D4d,20032.0,2060.pdf,NA,NA,NA,C123-2060.pdf
C110,D1-D4-D6-D1b-D1d-D6c-D4d,17925.0,2060.pdf,NA,NA,NA,C110-2060.pdf
C116,D1-D4-D6-D1b-D1d-D6c-D4d,20207.0,2060.pdf,NA,NA,NA,C116-2060.pdf
C122,D1-D4-D6-D1b-D1d-D6c-D4d,31060.0,2060.pdf,NA,NA,NA,C122-2060.pdf
C21,C3f/C3-C50a-C3fl-C3ae-C3fm-C50q-C3b,1652.0,2060.pdf,Hydnophora,cf. microconos,y,C21-2060.pdf
C21,D1-D4-D6-D1b-D1d-D6c-D4d,37253.0,2060.pdf,Hydnophora,cf. microconos,y,C21-2060.pdf
E24,C3f-C3fl-C50a-C3-C3ae-C3fm-C3h-C3bj,4218.0,2060.pdf,Hydnophora,cf. microconos,y,E24-2060.pdf
E24,D1-D4-D6-D1b-D1d-D6c-D4d,49984.0,2060.pdf,Hydnophora,cf. microconos,y,E24-2060.pdf
C97,C3f-C3fl-C3-C50a-C3ae-C3fm-C3h-C50q,2377.0,2060.pdf,Echinopora,sp.,y,C97-2060.pdf
C97,D1-D4-D6-D1b-D1d-D6c-D4d,14901.0,2060.pdf,Echinopora,sp.,y,C97-2060.pdf
C96,C3/C1,4313.0,2060.pdf,NA,NA,NA,C96-2060.pdf
C96,C3fn,6226.0,2060.pdf,NA,NA,NA,C96-2060.pdf
C96,D1-D4-D6-D1b-D1d-D6c-D4d,19214.0,2060.pdf,NA,NA,NA,C96-2060.pdf
C22,C3f-C3fl-C50a-C3-C3ae-C3fm-C3h-C3bj,7986.0,2060.pdf,Hydnophora,cf. microconos,y,C22-2060.pdf
C22,D1-D4-D6-D1b-D1d-D6c-D4d,10238.0,2060.pdf,Hydnophora,cf. microconos,y,C22-2060.pdf
C1,C3f-C3fl-C3-C50a-C3ae-C3fm-C3h-C50q,22340.0,2060.pdf,Acropora,verweyi,y,C1-2060.pdf
C90,C3f-C3fl-C3-C50a-C3ae-C3fm-C3h-C50q,33156.0,2060.pdf,Acropora,hyacinthus,y,C90-2060.pdf
E1,C3f-C3fl-C3-C50a-C3ae-C3fm-C3h-C50q,49072.0,2060.pdf,Acropora,verweyi,y,E1-2060.pdf
E81,C3f-C3fl-C3-C50a-C3ae-C3fm-C3h-C50q,44290.0,2060.pdf,Acropora,sp. 2,y,E81-2060.pdf
C3,C3f-C3fl-C3-C50a-C3ae-C3fm-C3h-C50q,20595.0,2060.pdf,Acropora,verweyi,y,C3-2060.pdf
E90,C3f-C3fl-C3-C50a-C3ae-C3fm-C3h-C50q,56490.0,2060.pdf,Acropora,hyacinthus,y,E90-2060.pdf
C81,C3f-C3fl-C3-C50a-C3ae-C3fm-C3h-C50q,21334.0,2060.pdf,Acropora,sp. 2,y,C81-2060.pdf
E87,C3f-C3fl-C3-C50a-C3ae-C3fm-C3h-C50q,42327.0,2060.pdf,Acropora,hyacinthus,y,E87-2060.pdf
C5,C3f-C3fl-C3-C50a-C3ae-C3fm-C3h-C50q,33503.0,2060.pdf,Acropora,verweyi,y,C5-2060.pdf
C79,C3f-C3fl-C3-C50a-C3ae-C3fm-C3h-C50q,43090.0,2060.pdf,Astrea,curta,y,C79-2060.pdf
C53,C3f-C3fl-C3-C50a-C3ae-C3fm-C3h-C50q,44823.0,2060.pdf,Acropora,sp. 1,y,C53-2060.pdf
C39,C3f-C3fl-C3-C50a-C3ae-C3fm-C3h-C50q,29974.0,2060.pdf,Acropora,aff. valida,y,C39-2060.pdf
E43,C3f-C3fl-C3-C50a-C3ae-C3fm-C3h-C50q,17563.0,2060.pdf,Leptoria,phrygia,y,E43-2060.pdf
E37,C3f-C3fl-C3-C50a-C3ae-C3fm-C3h-C50q,36560.0,2060.pdf,Acropora,aff. valida,y,E37-2060.pdf
E5,C3f-C3fl-C3-C50a-C3ae-C3fm-C3h-C50q,40165.0,2060.pdf,Acropora,verweyi,y,E5-2060.pdf
C86,C3f-C3fl-C3-C50a-C3ae-C3fm-C3h-C50q,37814.0,2060.pdf,Acropora,hyacinthus,y,C86-2060.pdf
E40,A1-A1ee,1276.0,2060.pdf,Acropora,aff. valida,y,E40-2060.pdf
E40,C3f-C3fl-C3-C50a-C3ae-C3fm-C3h-C50q,30518.0,2060.pdf,Acropora,aff. valida,y,E40-2060.pdf
C8,C3f-C3fl-C3-C50a-C3ae-C3fm-C3h-C50q,41264.0,2060.pdf,Acropora,cf. nasuta,y,C8-2060.pdf
C83,C3f-C3fl-C3-C50a-C3ae-C3fm-C3h-C50q,36835.0,2060.pdf,Acropora,sp. 2,y,C83-2060.pdf
E10,C3f-C3fl-C3-C50a-C3ae-C3fm-C3h-C50q,24526.0,2060.pdf,Acropora,cf. nasuta,y,E10-2060.pdf
E38,C3f-C3fl-C3-C50a-C3ae-C3fm-C3h-C50q,38309.0,2060.pdf,Acropora,aff. valida,y,E38-2060.pdf
C37,C3f-C3fl-C3-C50a-C3ae-C3fm-C3h-C50q,36551.0,2060.pdf,Acropora,aff. valida,y,C37-2060.pdf
E83,C3f-C3fl-C3-C50a-C3ae-C3fm-C3h-C50q,42264.0,2060.pdf,Acropora,sp. 2,y,E83-2060.pdf
C29,C3f-C3fl-C3-C50a-C3ae-C3fm-C3h-C50q,34329.0,2060.pdf,Acropora,cf. globiceps,y,C29-2060.pdf
E36,C3f-C3fl-C3-C50a-C3ae-C3fm-C3h-C50q,28066.0,2060.pdf,Acropora,aff. valida,y,E36-2060.pdf
C36,C3f-C3fl-C3-C50a-C3ae-C3fm-C3h-C50q,28955.0,2060.pdf,Acropora,aff. valida,y,C36-2060.pdf
C38,C3f-C3fl-C3-C50a-C3ae-C3fm-C3h-C50q,48434.0,2060.pdf,Acropora,aff. valida,y,C38-2060.pdf
E84,C3f-C3fl-C3-C50a-C3ae-C3fm-C3h-C50q,59160.0,2060.pdf,Acropora,sp. 2,y,E84-2060.pdf
E54,C3f-C3fl-C3-C50a-C3ae-C3fm-C3h-C50q,62973.0,2060.pdf,Acropora,sp. 1,y,E54-2060.pdf
C77,C3f-C3fl-C3-C50a-C3ae-C3fm-C3h-C50q,36974.0,2060.pdf,Astrea,curta,y,C77-2060.pdf
E7,C3f-C3fl-C3-C50a-C3ae-C3fm-C3h-C50q,31955.0,2060.pdf,Acropora,cf. nasuta,y,E7-2060.pdf
C27,C3f-C3fl-C3-C50a-C3ae-C3fm-C3h-C50q,37876.0,2060.pdf,Acropora,cf. globiceps,y,C27-2060.pdf
C84,C3f-C3fl-C3-C50a-C3ae-C3fm-C3h-C50q,30859.0,2060.pdf,Acropora,sp. 2,y,C84-2060.pdf
E27,C3f-C3fl-C3-C50a-C3ae-C3fm-C3h-C50q,40157.0,2060.pdf,Acropora,cf. globiceps,y,E27-2060.pdf
C6,C3f-C3fl-C3-C50a-C3ae-C3fm-C3h-C50q,28964.0,2060.pdf,Acropora,cf. nasuta,y,C6-2060.pdf
E88,C3f-C3fl-C3-C50a-C3ae-C3fm-C3h-C50q,28035.0,2060.pdf,Acropora,hyacinthus,y,E88-2060.pdf
C45,C3f-C3fl-C3-C50a-C3ae-C3fm-C3h-C50q,32043.0,2060.pdf,Leptoria,phrygia,y,C45-2060.pdf
C10,C3f-C3fl-C3-C50a-C3ae-C3fm-C3h-C50q,32959.0,2060.pdf,Acropora,cf. nasuta,y,C10-2060.pdf
C42,C3f-C3fl-C3-C50a-C3ae-C3fm-C3h-C50q,25680.0,2060.pdf,Leptoria,phrygia,y,C42-2060.pdf
E8,C3f-C3fl-C3-C50a-C3ae-C3fm-C3h-C50q,36447.0,2060.pdf,Acropora,cf. nasuta,y,E8-2060.pdf
C88,C3f-C3fl-C3-C50a-C3ae-C3fm-C3h-C50q,36672.0,2060.pdf,Acropora,hyacinthus,y,C88-2060.pdf
C87,C3f-C3fl-C3-C50a-C3ae-C3fm-C3h-C50q,22376.0,2060.pdf,Acropora,hyacinthus,y,C87-2060.pdf
E9,C3f-C3fl-C3-C50a-C3ae-C3fm-C3h-C50q,27232.0,2060.pdf,Acropora,cf. nasuta,y,E9-2060.pdf
E52,C3f-C3fl-C3-C50a-C3ae-C3fm-C3h-C50q,25659.0,2060.pdf,Acropora,sp. 1,y,E52-2060.pdf
C43,C3f-C3fl-C3-C50a-C3ae-C3fm-C3h-C50q,33916.0,2060.pdf,Leptoria,phrygia,y,C43-2060.pdf
C9,C3f-C3fl-C3-C50a-C3ae-C3fm-C3h-C50q,23847.0,2060.pdf,Acropora,cf. nasuta,y,C9-2060.pdf
C51,C3f-C3fl-C3-C50a-C3ae-C3fm-C3h-C50q,20366.0,2060.pdf,Acropora,sp. 1,y,C51-2060.pdf
C51,C1/C1c-C1b,3390.0,2060.pdf,Acropora,sp. 1,y,C51-2060.pdf
E42,C3f-C3fl-C3-C50a-C3ae-C3fm-C3h-C50q,32545.0,2060.pdf,Leptoria,phrygia,y,E42-2060.pdf
E42,D1/D4/D1d-D6,4661.0,2060.pdf,Leptoria,phrygia,y,E42-2060.pdf
C26,C3f-C3fl-C3-C50a-C3ae-C3fm-C3h-C50q,41987.0,2060.pdf,Acropora,cf. globiceps,y,C26-2060.pdf
C26,C3k,5045.0,2060.pdf,Acropora,cf. globiceps,y,C26-2060.pdf
E55,C3f-C3fl-C50a-C3-C3ae-C3fm-C3h-C3bj,17728.0,2060.pdf,Acropora,sp. 1,y,E55-2060.pdf
C40,C3f-C3fl-C50a-C3-C3ae-C3fm-C3h-C3bj,44866.0,2060.pdf,Acropora,aff. valida,y,C40-2060.pdf
E39,C3f-C3fl-C50a-C3-C3ae-C3fm-C3h-C3bj,49599.0,2060.pdf,Acropora,aff. valida,y,E39-2060.pdf
E82,C3f-C3fl-C50a-C3-C3ae-C3fm-C3h-C3bj,23117.0,2060.pdf,Acropora,sp. 2,y,E82-2060.pdf
C89,C3f-C3fl-C50a-C3-C3ae-C3fm-C3h-C3bj,38736.0,2060.pdf,Acropora,hyacinthus,y,C89-2060.pdf
C85,C3f-C3fl-C50a-C3-C3ae-C3fm-C3h-C3bj,47285.0,2060.pdf,Acropora,sp. 2,y,C85-2060.pdf
E41,C3f-C3fl-C50a-C3-C3ae-C3fm-C3h-C3bj,42234.0,2060.pdf,Leptoria,phrygia,y,E41-2060.pdf
E89,C3f-C3fl-C50a-C3-C3ae-C3fm-C3h-C3bj,45386.0,2060.pdf,Acropora,hyacinthus,y,E89-2060.pdf
C54,C3f-C3fl-C50a-C3-C3ae-C3fm-C3h-C3bj,37135.0,2060.pdf,Acropora,sp. 1,y,C54-2060.pdf
E79,C3f-C3fl-C50a-C3-C3ae-C3fm-C3h-C3bj,15688.0,2060.pdf,Astrea,curta,y,E79-2060.pdf
C7,C3f-C3fl-C50a-C3-C3ae-C3fm-C3h-C3bj,33987.0,2060.pdf,Acropora,cf. nasuta,y,C7-2060.pdf
C55,C3f-C3fl-C50a-C3-C3ae-C3fm-C3h-C3bj,53095.0,2060.pdf,Acropora,sp. 1,y,C55-2060.pdf
E2,C3f-C3fl-C50a-C3-C3ae-C3fm-C3h-C3bj,39754.0,2060.pdf,Acropora,verweyi,y,E2-2060.pdf
C52,C3f-C3fl-C50a-C3-C3ae-C3fm-C3h-C3bj,37519.0,2060.pdf,Acropora,sp. 1,y,C52-2060.pdf
C80,C3f-C3fl-C50a-C3-C3ae-C3fm-C3h-C3bj,43394.0,2060.pdf,Astrea,curta,y,C80-2060.pdf
E77,C3f-C3fl-C50a-C3-C3ae-C3fm-C3h-C3bj,38414.0,2060.pdf,Astrea,curta,y,E77-2060.pdf
E77,D4/D1/D1ab-D6,659.0,2060.pdf,Astrea,curta,y,E77-2060.pdf
E86,C3f-C3fl-C50a-C3-C3ae-C3fm-C3h-C3bj,24768.0,2060.pdf,Acropora,hyacinthus,y,E86-2060.pdf
E44,C3f-C3fl-C50a-C3-C3ae-C3fm-C3h-C3bj,36542.0,2060.pdf,Leptoria,phrygia,y,E44-2060.pdf
C82,C3f-C3fl-C50a-C3-C3ae-C3fm-C3h-C3bj,31950.0,2060.pdf,Acropora,sp. 2,y,C82-2060.pdf
E45,C3f-C3fl-C50a-C3-C3ae-C3fm-C3h-C3bj,37958.0,2060.pdf,Leptoria,phrygia,y,E45-2060.pdf
E97,C3f-C3fl-C50a-C3-C3ae-C3fm-C3h-C3bj,9874.0,2060.pdf,Echinopora,sp.,y,E97-2060.pdf
E97,D4/D1/D1ab-D6,246.0,2060.pdf,Echinopora,sp.,y,E97-2060.pdf
E51,C3f-C3fl-C50a-C3-C3ae-C3fm-C3h-C3bj,44824.0,2060.pdf,Acropora,sp. 1,y,E51-2060.pdf
E53,C3f-C3fl-C50a-C3-C3ae-C3fm-C3h-C3bj,38287.0,2060.pdf,Acropora,sp. 1,y,E53-2060.pdf
C44,C3f-C3fl-C50a-C3-C3ae-C3fm-C3h-C3bj,38744.0,2060.pdf,Leptoria,phrygia,y,C44-2060.pdf
C41,C3f-C3fl-C50a-C3-C3ae-C3fm-C3h-C3bj,33109.0,2060.pdf,Leptoria,phrygia,y,C41-2060.pdf
C41,D1/D4/D1d-D6,7530.0,2060.pdf,Leptoria,phrygia,y,C41-2060.pdf
E22,C3f-C3fl-C50a-C3-C3ae-C3fm-C3h-C3bj,22088.0,2060.pdf,Hydnophora,cf. microconos,y,E22-2060.pdf
E22,D1-D4-D6-D1b-D1d-D6c-D4d,10691.0,2060.pdf,Hydnophora,cf. microconos,y,E22-2060.pdf
E11,C1-C1b-C1c-C42.2-C1br-C1bh-C1cb-C72k,37822.0,2060.pdf,Psammocora,contigua,y,E11-2060.pdf
C11,C1-C1b-C1c-C42.2-C1br-C1bh-C1cb-C72k,41998.0,2060.pdf,Psammocora,contigua,y,C11-2060.pdf
E92,C1-C1b-C1c-C42.2-C1br-C1bh-C1cb-C72k,26802.0,2060.pdf,Pavona,cf. duerdeni,y,E92-2060.pdf
C68,C1-C1b-C1c-C42.2-C1br-C1bh-C1cb-C72k,41685.0,2060.pdf,Psammocora,sp. 2,y,C68-2060.pdf
C15,C1-C1b-C1c-C42.2-C1br-C1bh-C1cb-C72k,36813.0,2060.pdf,Psammocora,contigua,y,C15-2060.pdf
C12,C1-C1b-C1c-C42.2-C1br-C1bh-C1cb-C72k,33038.0,2060.pdf,Psammocora,contigua,y,C12-2060.pdf
E12,C1-C1b-C1c-C42.2-C1br-C1bh-C1cb-C72k,42765.0,2060.pdf,Psammocora,contigua,y,E12-2060.pdf
C70,C1-C1b-C1c-C42.2-C1br-C1bh-C1cb-C72k,90577.0,2060.pdf,Psammocora,sp. 2,y,C70-2060.pdf
C14,C1-C1b-C1c-C42.2-C1br-C1bh-C1cb-C72k,54432.0,2060.pdf,Psammocora,contigua,y,C14-2060.pdf
E69,C1-C1b-C1c-C42.2-C1br-C1bh-C1cb-C72k,67712.0,2060.pdf,Psammocora,sp. 2,y,E69-2060.pdf
E15,C1-C1b-C1c-C42.2-C1br-C1bh-C1cb-C72k,58189.0,2060.pdf,Psammocora,contigua,y,E15-2060.pdf
E14,C1-C1b-C1c-C42.2-C1br-C1bh-C1cb-C72k,23714.0,2060.pdf,Psammocora,contigua,y,E14-2060.pdf
E67,C1-C1b-C1c-C42.2-C1br-C1bh-C1cb-C72k,20957.0,2060.pdf,Psammocora,sp. 2,y,E67-2060.pdf
C59,C1-C1b-C1c-C42.2-C1br-C1bh-C1cb-C72k,55050.0,2060.pdf,Leptastrea,purpurea,y,C59-2060.pdf
C13,C1-C1b-C1c-C42.2-C1br-C1bh-C1cb-C72k,44323.0,2060.pdf,Psammocora,contigua,y,C13-2060.pdf
E13,C1-C1b-C1c-C42.2-C1br-C1bh-C1cb-C72k,35475.0,2060.pdf,Psammocora,contigua,y,E13-2060.pdf
C23,C1-C1b-C1c-C42.2-C1br-C1bh-C1cb-C72k,21130.0,2060.pdf,Hydnophora,cf. microconos,y,C23-2060.pdf
C23,D1-D4-D6-D1b-D1d-D6c-D4d,18881.0,2060.pdf,Hydnophora,cf. microconos,y,C23-2060.pdf
C67,C1/C3-C1c-C1b-C72k-C1w,50968.0,2060.pdf,Psammocora,sp. 2,y,C67-2060.pdf
C56,C1/C3-C1c-C1b-C72k-C1w,50682.0,2060.pdf,Leptastrea,purpurea,y,C56-2060.pdf
E60,C1/C3-C1c-C1b-C72k-C1w,79757.0,2060.pdf,Leptastrea,purpurea,y,E60-2060.pdf
E68,C1/C3-C1c-C1b-C72k-C1w,34746.0,2060.pdf,Psammocora,sp. 2,y,E68-2060.pdf
C69,C1/C3-C1c-C1b-C72k-C1w,42116.0,2060.pdf,Psammocora,sp. 2,y,C69-2060.pdf
E57,C1/C3-C1c-C1b-C72k-C1w,60740.0,2060.pdf,Leptastrea,purpurea,y,E57-2060.pdf
E70,C1/C3-C1c-C1b-C72k-C1w,29377.0,2060.pdf,Psammocora,sp. 2,y,E70-2060.pdf
E56,C1/C3-C1c-C1b-C72k-C1w,32228.0,2060.pdf,Leptastrea,purpurea,y,E56-2060.pdf
C58,C1/C3-C1c-C1b-C72k-C1w,52770.0,2060.pdf,Leptastrea,purpurea,y,C58-2060.pdf
E58,C1/C3-C1c-C1b-C72k-C1w,35706.0,2060.pdf,Leptastrea,purpurea,y,E58-2060.pdf
C57,C1/C3-C1c-C1b-C72k-C1w,23664.0,2060.pdf,Leptastrea,purpurea,y,C57-2060.pdf
C60,C1/C3-C1c-C1b-C72k-C1w,44524.0,2060.pdf,Leptastrea,purpurea,y,C60-2060.pdf
C66,C1/C3-C1c-C1b-C72k-C1w,44733.0,2060.pdf,Psammocora,sp. 2,y,C66-2060.pdf
E66,C1/C3-C1c-C1b-C72k-C1w,72496.0,2060.pdf,Psammocora,sp. 2,y,E66-2060.pdf
C4,C3f/C3-C50a-C3fl-C3ae-C3fm-C50q-C3b,43619.0,2060.pdf,Acropora,verweyi,y,C4-2060.pdf
C2,C3f/C3-C50a-C3fl-C3ae-C3fm-C50q-C3b,41406.0,2060.pdf,Acropora,verweyi,y,C2-2060.pdf
E80,C3f/C3-C50a-C3fl-C3ae-C3fm-C50q-C3b,22875.0,2060.pdf,Astrea,curta,y,E80-2060.pdf
E85,C3f/C3-C50a-C3fl-C3ae-C3fm-C50q-C3b,12795.0,2060.pdf,Acropora,sp. 2,y,E85-2060.pdf
E3,C3f/C3-C50a-C3fl-C3ae-C3fm-C50q-C3b,39789.0,2060.pdf,Acropora,verweyi,y,E3-2060.pdf
E6,C3f/C3-C50a-C3fl-C3ae-C3fm-C50q-C3b,37541.0,2060.pdf,Acropora,cf. nasuta,y,E6-2060.pdf
E4,C3f/C3-C50a-C3fl-C3ae-C3fm-C50q-C3b,28654.0,2060.pdf,Acropora,verweyi,y,E4-2060.pdf
E21,C3f/C3-C50a-C3fl-C3ae-C3fm-C50q-C3b,38331.0,2060.pdf,Hydnophora,cf. microconos,y,E21-2060.pdf
E21,D1/D4/D1d-D6,242.0,2060.pdf,Hydnophora,cf. microconos,y,E21-2060.pdf
E26,C3f/C3-C50a-C3fl-C3ae-C3fm-C50q-C3b,2892.0,2060.pdf,Acropora,cf. globiceps,y,E26-2060.pdf
E30,C3f/C3-C50a-C3fl-C3ae-C3fm-C50q-C3b,35146.0,2060.pdf,Acropora,cf. globiceps,y,E30-2060.pdf
E29,C3f/C3-C50a-C3fl-C3ae-C3fm-C50q-C3b,31113.0,2060.pdf,Acropora,cf. globiceps,y,E29-2060.pdf
C30,C3f/C3-C50a-C3fl-C3ae-C3fm-C50q-C3b,28218.0,2060.pdf,Acropora,cf. globiceps,y,C30-2060.pdf
E64,D1-D4-D4c-D6-D1d-D2,29044.0,2060.pdf,Hydnophora,cf. exesa,y,E64-2060.pdf
C64,D1-D4-D4c-D6-D1d-D2,44561.0,2060.pdf,Hydnophora,cf. exesa,y,C64-2060.pdf
C65,D1-D4-D4c-D6-D1d-D2,46296.0,2060.pdf,Hydnophora,cf. exesa,y,C65-2060.pdf
E62,D1-D4-D4c-D6-D1d-D2,32244.0,2060.pdf,Hydnophora,cf. exesa,y,E62-2060.pdf
E63,D1-D4-D4c-D6-D1d-D2,96523.0,2060.pdf,Hydnophora,cf. exesa,y,E63-2060.pdf
C63,D1-D4-D4c-D6-D1d-D2,35705.0,2060.pdf,Hydnophora,cf. exesa,y,C63-2060.pdf
E61,D1-D4-D4c-D6-D1d-D2,18361.0,2060.pdf,Hydnophora,cf. exesa,y,E61-2060.pdf
C62,D1-D4-D4c-D6-D1d-D2,50014.0,2060.pdf,Hydnophora,cf. exesa,y,C62-2060.pdf
E65,D1-D4-D4c-D6-D1d-D2,45931.0,2060.pdf,Hydnophora,cf. exesa,y,E65-2060.pdf
C61,D1-D4-D4c-D6-D1d-D2,46174.0,2060.pdf,Hydnophora,cf. exesa,y,C61-2060.pdf
C72,D1-D4-D4c-D1c-D2,18346.0,2060.pdf,Galaxea,cf. fascicularis,y,C72-2060.pdf
E72,D1-D4-D4c-D1c-D2,62521.0,2060.pdf,Galaxea,cf. fascicularis,y,E72-2060.pdf
E71,D1-D4-D4c-D1c-D2,38375.0,2060.pdf,Galaxea,cf. fascicularis,y,E71-2060.pdf
C71,D1-D4-D4c-D1c-D2,44988.0,2060.pdf,Galaxea,cf. fascicularis,y,C71-2060.pdf
E74,D1-D4-D4c-D1c-D2,25216.0,2060.pdf,Galaxea,cf. fascicularis,y,E74-2060.pdf
C73,D1-D4-D4c-D1c-D2,36389.0,2060.pdf,Galaxea,cf. fascicularis,y,C73-2060.pdf
E73,D1-D4-D4c-D1c-D2,17227.0,2060.pdf,Galaxea,cf. fascicularis,y,E73-2060.pdf
C74,D1-D4-D4c-D1c-D2,42777.0,2060.pdf,Galaxea,cf. fascicularis,y,C74-2060.pdf
E75,D1-D4-D4c-D1c-D2,35708.0,2060.pdf,Galaxea,cf. fascicularis,y,E75-2060.pdf
C75,C91,1815.0,2060.pdf,Galaxea,cf. fascicularis,y,C75-2060.pdf
C75,D1-D4-D4c-D1c-D2,14728.0,2060.pdf,Galaxea,cf. fascicularis,y,C75-2060.pdf
E20,C15-C15ek-C15gy-C15gk-C15el,50173.0,2060.pdf,Porites,cf. lutea,y,E20-2060.pdf
C17,C15-C15ek-C15gy-C15gk-C15el,53688.0,2060.pdf,Porites,cf. lutea,y,C17-2060.pdf
C20,C15-C15ek-C15gy-C15gk-C15el,55567.0,2060.pdf,Porites,cf. lutea,y,C20-2060.pdf
C16,B1-B1a-B1b-B1g,225.0,2060.pdf,Porites,cf. lutea,y,C16-2060.pdf
C16,C15-C15ek-C15gy-C15gk-C15el,49249.0,2060.pdf,Porites,cf. lutea,y,C16-2060.pdf
E18,C15-C15ek-C15gy-C15gk-C15el,52754.0,2060.pdf,Porites,cf. lutea,y,E18-2060.pdf
E19,C15-C15ek-C15gy-C15gk-C15el,42133.0,2060.pdf,Porites,cf. lutea,y,E19-2060.pdf
E17,C15-C15ek-C15gy-C15gk-C15el,57027.0,2060.pdf,Porites,cf. lutea,y,E17-2060.pdf
E16,B1-B1a-B1b-B1g,274.0,2060.pdf,Porites,cf. lutea,y,E16-2060.pdf
E16,C15-C15ek-C15gy-C15gk-C15el,37463.0,2060.pdf,Porites,cf. lutea,y,E16-2060.pdf
C18,C15-C15ek-C15gy-C15gk-C15el,51049.0,2060.pdf,Porites,cf. lutea,y,C18-2060.pdf
E76,C3f/C3fl-C3ae-C3-C3bj-C50a-C3h,24978.0,2060.pdf,Astrea,curta,y,E76-2060.pdf
E78,C3f/C3fl-C3ae-C3-C3bj-C50a-C3h,44730.0,2060.pdf,Astrea,curta,y,E78-2060.pdf
C78,C3f/C3fl-C3ae-C3-C3bj-C50a-C3h,29062.0,2060.pdf,Astrea,curta,y,C78-2060.pdf
C76,C3f/C3fl-C3ae-C3-C3bj-C50a-C3h,30809.0,2060.pdf,Astrea,curta,y,C76-2060.pdf
E28,C3f/C3fl-C3ae-C3-C3bj-C50a-C3h,35343.0,2060.pdf,Acropora,cf. globiceps,y,E28-2060.pdf
C28,C3f/C3fl-C3ae-C3-C3bj-C50a-C3h,31697.0,2060.pdf,Acropora,cf. globiceps,y,C28-2060.pdf
E23,C3f/C3fl-C3ae-C3-C3bj-C50a-C3h,44033.0,2060.pdf,Hydnophora,cf. microconos,y,E23-2060.pdf
C48,C42a-C1-C42.2-C1j-C1b-C42as-C42aa,29296.0,2060.pdf,Pocillopora,cf. damicornis,y,C48-2060.pdf
E48,C42a-C1-C42.2-C1j-C1b-C42as-C42aa,41065.0,2060.pdf,Pocillopora,cf. damicornis,y,E48-2060.pdf
C46,C42a-C1-C42.2-C1j-C1b-C42as-C42aa,39970.0,2060.pdf,Pocillopora,cf. damicornis,y,C46-2060.pdf
E46,C42a-C1-C42.2-C1j-C1b-C42as-C42aa,31135.0,2060.pdf,Pocillopora,cf. damicornis,y,E46-2060.pdf
E47,C42a-C1-C42.2-C1j-C1b-C42as-C42aa,33599.0,2060.pdf,Pocillopora,cf. damicornis,y,E47-2060.pdf
C47,C42a-C1-C42.2-C1j-C1b-C42as-C42aa,46702.0,2060.pdf,Pocillopora,cf. damicornis,y,C47-2060.pdf
E49,C42a-C1-C42.2-C1j-C1b-C42as-C42aa,17714.0,2060.pdf,NA,NA,NA,E49-2060.pdf
C94,C1/C1b/C3-C1u-C1bo,51258.0,2060.pdf,Pavona,cf. duerdeni,y,C94-2060.pdf
E94,C1/C1b/C3-C1u-C1bo,27921.0,2060.pdf,Pavona,cf. duerdeni,y,E94-2060.pdf
E95,C1/C1b/C3-C1u-C1bo,137652.0,2060.pdf,Pavona,cf. duerdeni,y,E95-2060.pdf
C95,C1/C1b/C3-C1u-C1bo,40115.0,2060.pdf,Pavona,cf. duerdeni,y,C95-2060.pdf
C93,C1/C1b/C3-C1u-C1bo,23085.0,2060.pdf,Pavona,cf. duerdeni,y,C93-2060.pdf
E93,C1/C1b/C3-C1u-C1bo,48057.0,2060.pdf,Pavona,cf. duerdeni,y,E93-2060.pdf
E98,C3-C3fo-C3a,23069.0,2060.pdf,Echinopora,sp.,y,E98-2060.pdf
C99,C3-C3fo-C3a,22061.0,2060.pdf,Echinopora,sp.,y,C99-2060.pdf
C100,C3-C3fo-C3a,31668.0,2060.pdf,Echinopora,sp.,y,C100-2060.pdf
C98,C3-C3fo-C3a,50006.0,2060.pdf,Echinopora,sp.,y,C98-2060.pdf
E99,C3-C3fo-C3a,41867.0,2060.pdf,Echinopora,sp.,y,E99-2060.pdf
E32,C42.2-C42aq-C1-C42ar,50581.0,2060.pdf,Pocillopora,cf. meandrina,y,E32-2060.pdf
C33,C42.2-C42aq-C1-C42ar,52595.0,2060.pdf,Pocillopora,cf. meandrina,y,C33-2060.pdf
E33,C42.2-C42aq-C1-C42ar,45248.0,2060.pdf,Pocillopora,cf. meandrina,y,E33-2060.pdf
C32,C42.2-C42aq-C1-C42ar,55799.0,2060.pdf,Pocillopora,cf. meandrina,y,C32-2060.pdf
C92,C21/C3,20853.0,2060.pdf,Pavona,cf. duerdeni,y,C92-2060.pdf
C91,C21/C3,20720.0,2060.pdf,Pavona,cf. duerdeni,y,C91-2060.pdf
E50,C42a-C42.2-C1-C1b-C42b-C1au,32240.0,2060.pdf,Pocillopora,cf. damicornis,y,E50-2060.pdf
C50,C42a-C42.2-C1-C1b-C42b-C1au,51610.0,2060.pdf,Pocillopora,cf. damicornis,y,C50-2060.pdf
E34,C42a/C1b/C1-C42.2-C42b,33359.0,2060.pdf,Pocillopora,cf. meandrina,y,E34-2060.pdf
C34,C42a/C1b/C1-C42.2-C42b,37691.0,2060.pdf,Pocillopora,cf. meandrina,y,C34-2060.pdf
E31,C42g/C42a/C1/C42.2-C42h-C42b-C1b,36624.0,2060.pdf,Pocillopora,cf. meandrina,y,E31-2060.pdf
C31,C42g/C42a/C1/C42.2-C42h-C42b-C1b,27157.0,2060.pdf,Pocillopora,cf. meandrina,y,C31-2060.pdf
E59,C3/C1,18802.0,2060.pdf,Leptastrea,purpurea,y,E59-2060.pdf
E59,C1y,21851.0,2060.pdf,Leptastrea,purpurea,y,E59-2060.pdf
C35,C42.2/C1-C42i-C3-C1b-C1au,42880.0,2060.pdf,Pocillopora,cf. meandrina,y,C35-2060.pdf
E35,A1-A1bw-A1bf-A1bx,919.0,2060.pdf,Pocillopora,cf. meandrina,y,E35-2060.pdf
E35,C42.2/C1-C42i-C3-C1b-C1au,46196.0,2060.pdf,Pocillopora,cf. meandrina,y,E35-2060.pdf
C19,C15-C15by,39451.0,2060.pdf,Porites,cf. lutea,y,C19-2060.pdf
E91,C1y,2768.0,2060.pdf,Pavona,cf. duerdeni,y,E91-2060.pdf
E91,C1/C42.2/C3-C1b,3310.0,2060.pdf,Pavona,cf. duerdeni,y,E91-2060.pdf
Q15GX1,C1/C39/C41-C1b-C1w-C39a,31991.0,2537.pdf,NA,NA,y,Q15GX1-2537.pdf
Q30GX5,C1/C39/C41-C1b-C1w-C39a,74988.0,2537.pdf,NA,NA,y,Q30GX5-2537.pdf
Q15GX4,C1/C39/C41-C1b-C1w-C39a,36554.0,2537.pdf,NA,NA,y,Q15GX4-2537.pdf
Q15GX8,C1/C39/C41-C1b-C1w-C39a,31328.0,2537.pdf,NA,NA,y,Q15GX8-2537.pdf
Q15GX2,C1/C39/C41-C1b-C1w-C39a,39017.0,2537.pdf,NA,NA,y,Q15GX2-2537.pdf
SN1GX7,C1/C39/C41-C1b-C1w-C39a,34799.0,2537.pdf,NA,NA,y,SN1GX7-2537.pdf
SN1GX8,C1/C39/C41-C1b-C1w-C39a,36529.0,2537.pdf,NA,NA,y,SN1GX8-2537.pdf
SN1GX9,C1/C39/C41-C1b-C1w-C39a,28923.0,2537.pdf,NA,NA,y,SN1GX9-2537.pdf
Q15GX7,C1/C39/C41-C1b-C1w-C39a,58027.0,2537.pdf,NA,NA,y,Q15GX7-2537.pdf
Q1GX1,C1/C39/C41-C1b-C1w-C39a,36729.0,2537.pdf,NA,NA,y,Q1GX1-2537.pdf
Q1GX7,C1/C39/C41-C1b-C1w-C39a,73359.0,2537.pdf,NA,NA,y,Q1GX7-2537.pdf
Q1GX10,C1/C39/C41-C1b-C1w-C39a,52190.0,2537.pdf,NA,NA,y,Q1GX10-2537.pdf
Q15GX3,C1/C39/C41-C1b-C1w-C39a,55180.0,2537.pdf,NA,NA,y,Q15GX3-2537.pdf
Q1GX6,C1/C39/C41-C1b-C1w-C39a,63825.0,2537.pdf,NA,NA,y,Q1GX6-2537.pdf
SN30GX2,C1/C39/C41-C1b-C1w-C39a,37607.0,2537.pdf,NA,NA,y,SN30GX2-2537.pdf
Q15GX5,C1/C39/C41-C1b-C1w-C39a,29636.0,2537.pdf,NA,NA,y,Q15GX5-2537.pdf
Q1GX9,C1/C39/C41-C1b-C1w-C39a,39986.0,2537.pdf,NA,NA,y,Q1GX9-2537.pdf
AM30GX5,A1-A1k-A1c-A1h,286.0,2537.pdf,NA,NA,y,AM30GX5-2537.pdf
AM30GX5,C1/C39/C41-C1b-C1w-C39a,98190.0,2537.pdf,NA,NA,y,AM30GX5-2537.pdf
AM30GX4,A1-A1k-A1c-A1h,218.0,2537.pdf,NA,NA,y,AM30GX4-2537.pdf
AM30GX4,C1/C39/C41-C1b-C1w-C39a,128904.0,2537.pdf,NA,NA,y,AM30GX4-2537.pdf
Q1GX3,C1/C39/C41-C1b-C1w-C39a,35944.0,2537.pdf,NA,NA,y,Q1GX3-2537.pdf
AM15GX4,C1/C39/C41-C1b-C1w-C39a,64322.0,2537.pdf,NA,NA,y,AM15GX4-2537.pdf
Q1GX8,C1/C39/C41-C1b-C1w-C39a,56217.0,2537.pdf,NA,NA,y,Q1GX8-2537.pdf
Q30GX1,C1/C39/C41-C1b-C1w-C39a,70315.0,2537.pdf,NA,NA,y,Q30GX1-2537.pdf
Q30GX7,C1/C39/C41-C1b-C1w-C39a,67557.0,2537.pdf,NA,NA,y,Q30GX7-2537.pdf
AM15GX2,C1/C39/C41-C1b-C1w-C39a,38824.0,2537.pdf,NA,NA,y,AM15GX2-2537.pdf
Q30GX6,C1/C39/C41-C1b-C1w-C39a,79493.0,2537.pdf,NA,NA,y,Q30GX6-2537.pdf
Q1GX2,C1/C39/C41-C1b-C1w-C39a,29381.0,2537.pdf,NA,NA,y,Q1GX2-2537.pdf
AM15GX1,C1/C39/C41-C1b-C1w-C39a,87020.0,2537.pdf,NA,NA,y,AM15GX1-2537.pdf
Q1GX5,C1/C39/C41-C1b-C1w-C39a,30901.0,2537.pdf,NA,NA,y,Q1GX5-2537.pdf
SN15GX2,C1/C39/C41-C1b-C1w-C39a,42976.0,2537.pdf,NA,NA,y,SN15GX2-2537.pdf
Q30GX8,C1/C39/C41-C1b-C1w-C39a,67818.0,2537.pdf,NA,NA,y,Q30GX8-2537.pdf
AF15G3,A1/A1t-A1k-A1c-A1h,2699.0,2537.pdf,NA,NA,y,AF15G3-2537.pdf
AF15G3,C1/C39/C41-C1b-C1w-C39a,112811.0,2537.pdf,NA,NA,y,AF15G3-2537.pdf
AF15G3,D1-D4-D6-D4c-D10,1305.0,2537.pdf,NA,NA,y,AF15G3-2537.pdf
Q1GX4,C1/C39/C41-C1b-C1w-C39a,32574.0,2537.pdf,NA,NA,y,Q1GX4-2537.pdf
Q1GX4,C15h-C15k,896.0,2537.pdf,NA,NA,y,Q1GX4-2537.pdf
Q30GX9,C1/C39/C41-C1b-C1w-C39a,49496.0,2537.pdf,NA,NA,y,Q30GX9-2537.pdf
AF15GX9,A1-A1k-A1c-A1h-A1bf-A1bw-A1bx,281.0,2537.pdf,NA,NA,y,AF15GX9-2537.pdf
AF15GX9,C1/C39/C41-C1b-C1w-C39a,86000.0,2537.pdf,NA,NA,y,AF15GX9-2537.pdf
Q30GX4,C1/C39/C41-C1b-C1w-C39a,56376.0,2537.pdf,NA,NA,y,Q30GX4-2537.pdf
AF15GX3,C1/C39/C41-C1b-C1w-C39a,91503.0,2537.pdf,NA,NA,y,AF15GX3-2537.pdf
AF15GX10,C1/C39/C41-C1b-C1w-C39a,58554.0,2537.pdf,NA,NA,y,AF15GX10-2537.pdf
AF15GX7,A1-A1k-A1c-A1h-A1dl,678.0,2537.pdf,NA,NA,y,AF15GX7-2537.pdf
AF15GX7,C1/C39/C41-C1b-C1w-C39a,54013.0,2537.pdf,NA,NA,y,AF15GX7-2537.pdf
AF1GX7,A1/A1k-A1c-A1h-A1b,214.0,2537.pdf,NA,NA,y,AF1GX7-2537.pdf
AF1GX7,C1/C39/C41-C1b-C1w-C39a,39332.0,2537.pdf,NA,NA,y,AF1GX7-2537.pdf
AF1GX7,C3/C1n/C3v,2127.0,2537.pdf,NA,NA,y,AF1GX7-2537.pdf
SN15GX1,C1/C39/C41-C1b-C1w-C39a,52330.0,2537.pdf,NA,NA,y,SN15GX1-2537.pdf
SN15GX3,C1/C39/C41-C1b-C1w-C39a,47818.0,2537.pdf,NA,NA,y,SN15GX3-2537.pdf
Q15G6,C1/C39/C41-C1b-C1w-C39a,54979.0,2537.pdf,NA,NA,y,Q15G6-2537.pdf
AF15G9,A1-A1k-A1c-A1h-A1bf-A1bw-A1bx,510.0,2537.pdf,NA,NA,y,AF15G9-2537.pdf
AF15G9,C1/C39/C41-C1b-C1w-C39a,57478.0,2537.pdf,NA,NA,y,AF15G9-2537.pdf
AF15GX5,A1/A1k-A1c-A1h-A1b,1869.0,2537.pdf,NA,NA,y,AF15GX5-2537.pdf
AF15GX5,C1/C39/C41-C1b-C1w-C39a,87944.0,2537.pdf,NA,NA,y,AF15GX5-2537.pdf
AF15GX5,C3/C1n/C3v,4055.0,2537.pdf,NA,NA,y,AF15GX5-2537.pdf
AF15GX5,D1-D4-D6-D4c-D4f,915.0,2537.pdf,NA,NA,y,AF15GX5-2537.pdf
SN30G4,C1/C39/C41-C1b-C1w-C39a,31361.0,2537.pdf,NA,NA,y,SN30G4-2537.pdf
AM30GX2,A1-A1k-A1c-A1h-A1bf-A1bw-A1bx,829.0,2537.pdf,NA,NA,y,AM30GX2-2537.pdf
AM30GX2,C1/C39/C41-C1b-C1w-C39a,93090.0,2537.pdf,NA,NA,y,AM30GX2-2537.pdf
AM30GX2,C3/C1n/C3v,6795.0,2537.pdf,NA,NA,y,AM30GX2-2537.pdf
AM30GX2,D1/D4-D6-D4c,214.0,2537.pdf,NA,NA,y,AM30GX2-2537.pdf
AF1G6,A1/A1k-A1c-A1h-A1b,2277.0,2537.pdf,NA,NA,y,AF1G6-2537.pdf
AF1G6,C1/C39/C41-C1b-C1w-C39a,39404.0,2537.pdf,NA,NA,y,AF1G6-2537.pdf
AF1G6,C15/C116,7384.0,2537.pdf,NA,NA,y,AF1G6-2537.pdf
AF1G6,D1-D4-D6-D2-D1c-D4c-D10,855.0,2537.pdf,NA,NA,y,AF1G6-2537.pdf
Q30SE6,A1-A1k-A1c-A1h,5571.0,2537.pdf,NA,NA,y,Q30SE6-2537.pdf
Q30SE6,C1/C39/C41-C1b-C1w-C39a,27527.0,2537.pdf,NA,NA,y,Q30SE6-2537.pdf
Q30SE6,C15h/C15,830.0,2537.pdf,NA,NA,y,Q30SE6-2537.pdf
Q30SE6,D1-D4-D4c-D4f-D3b-D1c,3139.0,2537.pdf,NA,NA,y,Q30SE6-2537.pdf
Q1PC8,A1/A1j-A1bv-A1cb-A1c-A1cg,18804.0,2537.pdf,NA,NA,y,Q1PC8-2537.pdf
Q1PC8,C1/C39/C41-C1b-C1w-C39a,32551.0,2537.pdf,NA,NA,y,Q1PC8-2537.pdf
Q1ST6,A1-A1bw-A1bf-A1bx-A1eb,22831.0,2537.pdf,NA,NA,y,Q1ST6-2537.pdf
Q1ST6,C1/C39/C41-C1b-C1w-C39a,43431.0,2537.pdf,NA,NA,y,Q1ST6-2537.pdf
AF1GX6,C1/C39/C41-C1b-C1w-C39a,17927.0,2537.pdf,NA,NA,y,AF1GX6-2537.pdf
AF1GX6,D1-D4-D4c-D4f-D3b-D1c,15377.0,2537.pdf,NA,NA,y,AF1GX6-2537.pdf
SN15PC2,A1-A1c-A1h-A1q-A1i,70170.0,2537.pdf,NA,NA,y,SN15PC2-2537.pdf
AM15PC5,A1-A1c-A1h-A1q-A1i,101044.0,2537.pdf,NA,NA,y,AM15PC5-2537.pdf
AM15PC5,C1/C39/C41-C1b-C1w-C39a,465.0,2537.pdf,NA,NA,y,AM15PC5-2537.pdf
AM15PC5,C15,44.0,2537.pdf,NA,NA,y,AM15PC5-2537.pdf
AM15PC4,A1-A1c-A1h-A1q-A1i,100269.0,2537.pdf,NA,NA,y,AM15PC4-2537.pdf
SN1PC3,A1-A1c-A1h-A1q-A1i,114836.0,2537.pdf,NA,NA,y,SN1PC3-2537.pdf
SN1PC3,D1-D4-D6-D6b,196.0,2537.pdf,NA,NA,y,SN1PC3-2537.pdf
AM1PC5,A1-A1c-A1h-A1q-A1i,87498.0,2537.pdf,NA,NA,y,AM1PC5-2537.pdf
AM15PC2,A1-A1c-A1h-A1q-A1i,87619.0,2537.pdf,NA,NA,y,AM15PC2-2537.pdf
AM15PC2,C1/C39/C41/C116-C1b-C72,294.0,2537.pdf,NA,NA,y,AM15PC2-2537.pdf
AM15PC2,D1/D6-D4-D10-D6b,430.0,2537.pdf,NA,NA,y,AM15PC2-2537.pdf
Q15PC4,A1-A1c-A1h-A1q-A1i,58028.0,2537.pdf,NA,NA,y,Q15PC4-2537.pdf
Q15PC4,C1/C39/C41-C1b-C1w-C39a,1405.0,2537.pdf,NA,NA,y,Q15PC4-2537.pdf
Q15PC4,D1-D4-D6-D4c-D4f,249.0,2537.pdf,NA,NA,y,Q15PC4-2537.pdf
Q30PC3,A1-A1c-A1h-A1q-A1i,142213.0,2537.pdf,NA,NA,y,Q30PC3-2537.pdf
Q30PC3,C15/C116,72.0,2537.pdf,NA,NA,y,Q30PC3-2537.pdf
Q30PC3,C1-C1b-C41-C1h-C39,836.0,2537.pdf,NA,NA,y,Q30PC3-2537.pdf
AM15PC9,A1-A1c-A1h-A1q-A1i,87825.0,2537.pdf,NA,NA,y,AM15PC9-2537.pdf
AM15PC9,C15/C1b/C72/C39/C116,761.0,2537.pdf,NA,NA,y,AM15PC9-2537.pdf
AM15PC9,C3-C3au-C29,156.0,2537.pdf,NA,NA,y,AM15PC9-2537.pdf
Q30PC1,A1-A1c-A1h-A1q-A1i,180580.0,2537.pdf,NA,NA,y,Q30PC1-2537.pdf
Q30PC1,C15/C116/C15h,83.0,2537.pdf,NA,NA,y,Q30PC1-2537.pdf
Q30PC1,C1-C1b-C41-C1h-C39,1355.0,2537.pdf,NA,NA,y,Q30PC1-2537.pdf
Q15PC5,A1-A1c-A1h-A1q-A1i,13653.0,2537.pdf,NA,NA,y,Q15PC5-2537.pdf
Q15PC5,D1-D4-D4c-D2-D4f-D1h,499.0,2537.pdf,NA,NA,y,Q15PC5-2537.pdf
AM1PC1,A1-A1c-A1h-A1q-A1i,92548.0,2537.pdf,NA,NA,y,AM1PC1-2537.pdf
AM1PC1,C1/C39/C41/C116-C1b-C72,234.0,2537.pdf,NA,NA,y,AM1PC1-2537.pdf
AM1PC1,D3a/D1/D3/D4,1091.0,2537.pdf,NA,NA,y,AM1PC1-2537.pdf
Q30PC2,A1-A1c-A1h-A1q-A1i,170555.0,2537.pdf,NA,NA,y,Q30PC2-2537.pdf
Q30PC2,C1-C1b-C41-C1h-C39,4267.0,2537.pdf,NA,NA,y,Q30PC2-2537.pdf
SN30PC2,A1-A1c-A1h-A1q-A1i,50301.0,2537.pdf,NA,NA,y,SN30PC2-2537.pdf
SN30PC2,D1-D4-D6-D4c-D4f,283.0,2537.pdf,NA,NA,y,SN30PC2-2537.pdf
FS15PC5,A1-A1c-A1h-A1q-A1i,86348.0,2537.pdf,NA,NA,y,FS15PC5-2537.pdf
FS15PC5,C15/C15r,59.0,2537.pdf,NA,NA,y,FS15PC5-2537.pdf
FS15PC5,C1/C39-C1b,269.0,2537.pdf,NA,NA,y,FS15PC5-2537.pdf
FS15PC5,C3-C3au-C29-C3bk,2908.0,2537.pdf,NA,NA,y,FS15PC5-2537.pdf
AM30PC9,A1-A1c-A1h-A1q-A1i,43556.0,2537.pdf,NA,NA,y,AM30PC9-2537.pdf
AM30PC9,C72/C1-C72a-C1b-C72b-C72c-C72d,965.0,2537.pdf,NA,NA,y,AM30PC9-2537.pdf
FS15PC2,A1-A1c-A1h-A1q-A1i,118668.0,2537.pdf,NA,NA,y,FS15PC2-2537.pdf
FS15PC2,C1/C39/C41-C1b-C1w-C39a,545.0,2537.pdf,NA,NA,y,FS15PC2-2537.pdf
FS15PC2,C15r/C15h/C15,63.0,2537.pdf,NA,NA,y,FS15PC2-2537.pdf
FS15PC2,D1-D4-D2-D4c-D4f,280.0,2537.pdf,NA,NA,y,FS15PC2-2537.pdf
FS15PC1,A1-A1c-A1h-A1q-A1i,120655.0,2537.pdf,NA,NA,y,FS15PC1-2537.pdf
FS15PC1,C1/C39/C41-C1b-C1w-C39a,163.0,2537.pdf,NA,NA,y,FS15PC1-2537.pdf
FS15PC1,C3,31.0,2537.pdf,NA,NA,y,FS15PC1-2537.pdf
FS15PC1,D1-D4-D6-D4c-D4f,253.0,2537.pdf,NA,NA,y,FS15PC1-2537.pdf
FS1PC3,A1-A1c-A1h-A1q-A1i,98017.0,2537.pdf,NA,NA,y,FS1PC3-2537.pdf
SN1PC1,A1-A1c-A1h-A1q-A1i,106968.0,2537.pdf,NA,NA,y,SN1PC1-2537.pdf
SN1PC1,C15/C91f,95.0,2537.pdf,NA,NA,y,SN1PC1-2537.pdf
SN1PC1,C3,43.0,2537.pdf,NA,NA,y,SN1PC1-2537.pdf
SN1PC1,C1/C72/C41-C1b,310.0,2537.pdf,NA,NA,y,SN1PC1-2537.pdf
SN15PC5,A1-A1c-A1h-A1q-A1i,24602.0,2537.pdf,NA,NA,y,SN15PC5-2537.pdf
SN15PC5,C1/C39/C41/C116-C1b-C72,182.0,2537.pdf,NA,NA,y,SN15PC5-2537.pdf
SN15PC5,C7,45.0,2537.pdf,NA,NA,y,SN15PC5-2537.pdf
SN15PC5,D1/D4/D6,271.0,2537.pdf,NA,NA,y,SN15PC5-2537.pdf
Q15PC10,A1-A1c-A1h-A1q-A1i,77295.0,2537.pdf,NA,NA,y,Q15PC10-2537.pdf
Q15PC10,C72/C1-C72a-C1b-C72b-C72c-C72d,2533.0,2537.pdf,NA,NA,y,Q15PC10-2537.pdf
Q15PC10,C15/C22b/C15h,424.0,2537.pdf,NA,NA,y,Q15PC10-2537.pdf
Q15PC10,D1-D4-D4c-D4f-D3b-D1c,1195.0,2537.pdf,NA,NA,y,Q15PC10-2537.pdf
FS1PC2,A1-A1c-A1h-A1q-A1i,61833.0,2537.pdf,NA,NA,y,FS1PC2-2537.pdf
FS1PC2,C15r/C15h/C15,372.0,2537.pdf,NA,NA,y,FS1PC2-2537.pdf
AM30PC10,A1-A1c-A1h-A1q-A1i,31442.0,2537.pdf,NA,NA,y,AM30PC10-2537.pdf
AM30PC10,C72/C1-C72a-C1b-C72b-C72c-C72d,1496.0,2537.pdf,NA,NA,y,AM30PC10-2537.pdf
AM30PC10,C3,153.0,2537.pdf,NA,NA,y,AM30PC10-2537.pdf
AM1PC7,A1-A1c-A1h-A1q-A1i,67140.0,2537.pdf,NA,NA,y,AM1PC7-2537.pdf
AM1PC7,C1/C39-C72-C1b-C116,1267.0,2537.pdf,NA,NA,y,AM1PC7-2537.pdf
AM1PC7,D1-D4-D4c-D1c-D2,1850.0,2537.pdf,NA,NA,y,AM1PC7-2537.pdf
SN15PC4,A1-A1c-A1h-A1q-A1i,52401.0,2537.pdf,NA,NA,y,SN15PC4-2537.pdf
SN15PC4,C1/C39/C41/C116-C1b-C72,170.0,2537.pdf,NA,NA,y,SN15PC4-2537.pdf
SN15PC4,C15/C15r,33.0,2537.pdf,NA,NA,y,SN15PC4-2537.pdf
SN15PC4,C7,14.0,2537.pdf,NA,NA,y,SN15PC4-2537.pdf
SN15PC4,C163b,14.0,2537.pdf,NA,NA,y,SN15PC4-2537.pdf
SN15PC4,D1/D6-D4-D2.2-D17,3334.0,2537.pdf,NA,NA,y,SN15PC4-2537.pdf
Q15PC3,A1-A1c-A1h-A1q-A1i,13960.0,2537.pdf,NA,NA,y,Q15PC3-2537.pdf
Q15PC3,C1/C39/C41-C1b-C1w-C39a,697.0,2537.pdf,NA,NA,y,Q15PC3-2537.pdf
AF1PC7,A1-A1c-A1h-A1q-A1i,65263.0,2537.pdf,NA,NA,y,AF1PC7-2537.pdf
AF1PC7,C1/C39/C41/C116-C1b-C72,2775.0,2537.pdf,NA,NA,y,AF1PC7-2537.pdf
SN15PC8,A1-A1c-A1h-A1q-A1i,64625.0,2537.pdf,NA,NA,y,SN15PC8-2537.pdf
SN15PC8,C72/C1-C72a-C1b-C72b-C72c-C72d,2717.0,2537.pdf,NA,NA,y,SN15PC8-2537.pdf
SN15PC8,C15/C41,335.0,2537.pdf,NA,NA,y,SN15PC8-2537.pdf
SN15PC8,D1-D4-D6b-D6-D1d-D1q-D1j,684.0,2537.pdf,NA,NA,y,SN15PC8-2537.pdf
AM1PC3,A1-A1c-A1h-A1q-A1i,69160.0,2537.pdf,NA,NA,y,AM1PC3-2537.pdf
AM1PC3,C1/C39/C41/C116-C1b-C72,1206.0,2537.pdf,NA,NA,y,AM1PC3-2537.pdf
AM1PC3,D1-D4-D1b-D4c-D4f,4631.0,2537.pdf,NA,NA,y,AM1PC3-2537.pdf
AM1PC2,A1-A1c-A1h-A1q-A1i,45624.0,2537.pdf,NA,NA,y,AM1PC2-2537.pdf
AM1PC2,C15/C116,127.0,2537.pdf,NA,NA,y,AM1PC2-2537.pdf
AM1PC2,C39-C1-C39b-C39e,2227.0,2537.pdf,NA,NA,y,AM1PC2-2537.pdf
AM1PC2,C3/C1b,144.0,2537.pdf,NA,NA,y,AM1PC2-2537.pdf
AM1PC2,D1-D4-D6-D4c-D4f,1241.0,2537.pdf,NA,NA,y,AM1PC2-2537.pdf
AM15PC3,A1-A1c-A1h-A1q-A1i,111110.0,2537.pdf,NA,NA,y,AM15PC3-2537.pdf
AM15PC3,D1/D6-D4-D2.2-D17,9474.0,2537.pdf,NA,NA,y,AM15PC3-2537.pdf
AM30PC6,A1-A1c-A1h-A1q-A1i,50826.0,2537.pdf,NA,NA,y,AM30PC6-2537.pdf
AM30PC6,C15-C72-C72a-C1b,2985.0,2537.pdf,NA,NA,y,AM30PC6-2537.pdf
Q1PC4,A1-A1c-A1h-A1q-A1i,27062.0,2537.pdf,NA,NA,y,Q1PC4-2537.pdf
Q1PC4,C1/C39/C41/C116-C1b-C72,330.0,2537.pdf,NA,NA,y,Q1PC4-2537.pdf
Q1PC4,D1-D4-D6-D4c-D4f,257.0,2537.pdf,NA,NA,y,Q1PC4-2537.pdf
AF15PC2,A1-A1c-A1h-A1q-A1i,116733.0,2537.pdf,NA,NA,y,AF15PC2-2537.pdf
AF15PC2,C15/C1b/C72/C39/C116,4922.0,2537.pdf,NA,NA,y,AF15PC2-2537.pdf
AF15PC2,D1-D4-D6-D4c-D4f,1057.0,2537.pdf,NA,NA,y,AF15PC2-2537.pdf
Q1PC5,A1-A1c-A1h-A1q-A1i,50514.0,2537.pdf,NA,NA,y,Q1PC5-2537.pdf
Q1PC5,C1/C39/C41/C116-C1b-C72,733.0,2537.pdf,NA,NA,y,Q1PC5-2537.pdf
Q1PC5,D1-D4-D1b-D4c-D4f,454.0,2537.pdf,NA,NA,y,Q1PC5-2537.pdf
Q1PC2,A1-A1c-A1h-A1q-A1i,44341.0,2537.pdf,NA,NA,y,Q1PC2-2537.pdf
Q1PC2,C15/C41,925.0,2537.pdf,NA,NA,y,Q1PC2-2537.pdf
Q1PC2,C1/C39-C72-C1b-C116,276.0,2537.pdf,NA,NA,y,Q1PC2-2537.pdf
Q1PC2,D1-D4-D1b-D4c-D4f,547.0,2537.pdf,NA,NA,y,Q1PC2-2537.pdf
FS1PC6,A1-A1c-A1h-A1q-A1i,73147.0,2537.pdf,NA,NA,y,FS1PC6-2537.pdf
FS1PC6,C15-C15y-C15a-C15ab-C15w,1320.0,2537.pdf,NA,NA,y,FS1PC6-2537.pdf
FS1PC6,C1/C72/C39/C1b,2020.0,2537.pdf,NA,NA,y,FS1PC6-2537.pdf
FS1PC6,D1-D4-D1p-D6,2017.0,2537.pdf,NA,NA,y,FS1PC6-2537.pdf
Q15PC8,A1-A1c-A1h-A1q-A1i,64807.0,2537.pdf,NA,NA,y,Q15PC8-2537.pdf
Q15PC8,C72/C1-C72a-C1b-C72b-C72c-C72d,3504.0,2537.pdf,NA,NA,y,Q15PC8-2537.pdf
Q15PC8,C15/C22b/C15h,593.0,2537.pdf,NA,NA,y,Q15PC8-2537.pdf
Q15PC8,D1-D4-D4c-D4f-D3b-D1c,968.0,2537.pdf,NA,NA,y,Q15PC8-2537.pdf
T15PC7,A1-A1c-A1h-A1q-A1i,100487.0,2537.pdf,NA,NA,y,T15PC7-2537.pdf
T15PC7,C1-C1b-C39-C41-C1ae-C41f-C1af-C39a,3608.0,2537.pdf,NA,NA,y,T15PC7-2537.pdf
T15PC7,C15/C116,1090.0,2537.pdf,NA,NA,y,T15PC7-2537.pdf
T15PC7,D1/D4-D4c-D4f,342.0,2537.pdf,NA,NA,y,T15PC7-2537.pdf
AM15PC7,A1-A1c-A1h-A1q-A1i,66646.0,2537.pdf,NA,NA,y,AM15PC7-2537.pdf
AM15PC7,C15/C1b/C72/C39/C116,2574.0,2537.pdf,NA,NA,y,AM15PC7-2537.pdf
AM15PC7,D1/D6-D4-D2.2-D17,977.0,2537.pdf,NA,NA,y,AM15PC7-2537.pdf
Q15PC9,A1-A1c-A1h-A1q-A1i,67964.0,2537.pdf,NA,NA,y,Q15PC9-2537.pdf
Q15PC9,C72/C1-C72a-C1b-C72b-C72c-C72d,2587.0,2537.pdf,NA,NA,y,Q15PC9-2537.pdf
Q15PC9,D1-D4-D4c-D4f-D3b-D1c,1646.0,2537.pdf,NA,NA,y,Q15PC9-2537.pdf
AF15PC4,A1-A1c-A1h-A1q-A1i,138317.0,2537.pdf,NA,NA,y,AF15PC4-2537.pdf
AF15PC4,C1/C39/C41/C116-C1b-C72,7600.0,2537.pdf,NA,NA,y,AF15PC4-2537.pdf
AF15PC4,D1-D4-D4c-D6-D2-D1c-D4f,1199.0,2537.pdf,NA,NA,y,AF15PC4-2537.pdf
SN15PC7,A1-A1c-A1h-A1q-A1i,60461.0,2537.pdf,NA,NA,y,SN15PC7-2537.pdf
SN15PC7,C15,660.0,2537.pdf,NA,NA,y,SN15PC7-2537.pdf
SN15PC7,C1/C72/C39/C1b,4200.0,2537.pdf,NA,NA,y,SN15PC7-2537.pdf
SN15PC7,D1-D4-D6b-D6-D1d-D1q-D1j,968.0,2537.pdf,NA,NA,y,SN15PC7-2537.pdf
Q1PC9,A1-A1c-A1h-A1q-A1i,113387.0,2537.pdf,NA,NA,y,Q1PC9-2537.pdf
Q1PC9,C15/C1b/C72/C39/C116,4350.0,2537.pdf,NA,NA,y,Q1PC9-2537.pdf
AF15PC1,A1-A1c-A1h-A1q-A1i,94130.0,2537.pdf,NA,NA,y,AF15PC1-2537.pdf
AF15PC1,C1/C39/C41/C116-C1b-C72,978.0,2537.pdf,NA,NA,y,AF15PC1-2537.pdf
AF15PC1,C15-C15y-C15a-C15ab-C15w,490.0,2537.pdf,NA,NA,y,AF15PC1-2537.pdf
AF15PC1,D1-D4-D6-D4c-D4f,202.0,2537.pdf,NA,NA,y,AF15PC1-2537.pdf
Q15PC6,A1-A1c-A1h-A1q-A1i,6826.0,2537.pdf,NA,NA,y,Q15PC6-2537.pdf
Q15PC6,C1/C39/C41/C116-C1b-C72,663.0,2537.pdf,NA,NA,y,Q15PC6-2537.pdf
Q15PC6,C15/C22b/C15h,64.0,2537.pdf,NA,NA,y,Q15PC6-2537.pdf
AF15SE9,A1-A1c-A1h-A1q-A1i,95001.0,2537.pdf,NA,NA,y,AF15SE9-2537.pdf
AF15SE9,C1/C39/C41/C116-C1b-C72,10549.0,2537.pdf,NA,NA,y,AF15SE9-2537.pdf
AF15SE9,D1/D6-D4-D10-D6b,511.0,2537.pdf,NA,NA,y,AF15SE9-2537.pdf
AF15PC3,A1-A1c-A1h-A1q-A1i,97977.0,2537.pdf,NA,NA,y,AF15PC3-2537.pdf
AF15PC3,C1/C39/C41/C116-C1b-C72,2026.0,2537.pdf,NA,NA,y,AF15PC3-2537.pdf
AF15PC3,C15-C15y-C15a-C15ab-C15w,1189.0,2537.pdf,NA,NA,y,AF15PC3-2537.pdf
AF15PC3,D1/D4-D6-D4c,501.0,2537.pdf,NA,NA,y,AF15PC3-2537.pdf
Q15PC1,A1-A1c-A1h-A1q-A1i,12655.0,2537.pdf,NA,NA,y,Q15PC1-2537.pdf
Q15PC1,C1-C1b-C39-C41-C1ae-C41f-C1af-C39a,1208.0,2537.pdf,NA,NA,y,Q15PC1-2537.pdf
AM1PC6,A1-A1c-A1h-A1q-A1i,68697.0,2537.pdf,NA,NA,y,AM1PC6-2537.pdf
AM1PC6,C1/C39/C41/C116-C1b-C72,2575.0,2537.pdf,NA,NA,y,AM1PC6-2537.pdf
AM1PC6,D1-D4-D4c-D1c-D2,5689.0,2537.pdf,NA,NA,y,AM1PC6-2537.pdf
AF1PC9,A1-A1c-A1h-A1q-A1i,52962.0,2537.pdf,NA,NA,y,AF1PC9-2537.pdf
AF1PC9,C1/C39/C41/C116-C1b-C72,7787.0,2537.pdf,NA,NA,y,AF1PC9-2537.pdf
AF1PC9,D1-D4-D6-D4c-D10,539.0,2537.pdf,NA,NA,y,AF1PC9-2537.pdf
FS15PC6,A1-A1c-A1h-A1q-A1i,74611.0,2537.pdf,NA,NA,y,FS15PC6-2537.pdf
FS15PC6,C1/C39/C41/C116-C1b-C72,1865.0,2537.pdf,NA,NA,y,FS15PC6-2537.pdf
FS15PC6,C15-C15y-C15a-C15ab-C15w,863.0,2537.pdf,NA,NA,y,FS15PC6-2537.pdf
FS15PC6,D1/D6-D4-D10-D6b,11500.0,2537.pdf,NA,NA,y,FS15PC6-2537.pdf
AF1PC3,A1-A1c-A1h-A1q-A1i,76873.0,2537.pdf,NA,NA,y,AF1PC3-2537.pdf
AF1PC3,C15/C1b/C72/C39/C116,5750.0,2537.pdf,NA,NA,y,AF1PC3-2537.pdf
AF1PC3,D1-D4-D6-D4c-D4f,4160.0,2537.pdf,NA,NA,y,AF1PC3-2537.pdf
AF15PC5,A1-A1c-A1h-A1q-A1i,98343.0,2537.pdf,NA,NA,y,AF15PC5-2537.pdf
AF15PC5,C15-C1b-C39-C15y-C15a,6979.0,2537.pdf,NA,NA,y,AF15PC5-2537.pdf
AF15PC5,D1-D4-D6-D2-D1c-D4c-D10,1330.0,2537.pdf,NA,NA,y,AF15PC5-2537.pdf
AM30PC1,A1-A1c-A1h-A1q-A1i,96629.0,2537.pdf,NA,NA,y,AM30PC1-2537.pdf
AM30PC1,C15/C1b/C72/C39/C116,11639.0,2537.pdf,NA,NA,y,AM30PC1-2537.pdf
AM30PC1,D1-D4-D6-D4c-D4f,2664.0,2537.pdf,NA,NA,y,AM30PC1-2537.pdf
AM1PC10,A1-A1c-A1h-A1q-A1i,75117.0,2537.pdf,NA,NA,y,AM1PC10-2537.pdf
AM1PC10,C1/C39-C72-C1b-C116,13032.0,2537.pdf,NA,NA,y,AM1PC10-2537.pdf
AM1PC10,D1-D4-D4c-D1c-D2,3701.0,2537.pdf,NA,NA,y,AM1PC10-2537.pdf
T15PC2,A1-A1c-A1h-A1q-A1i,129800.0,2537.pdf,NA,NA,y,T15PC2-2537.pdf
T15PC2,C15/C1b/C72/C39/C116,12308.0,2537.pdf,NA,NA,y,T15PC2-2537.pdf
T15PC2,D1-D4-D6-D4c-D10,3374.0,2537.pdf,NA,NA,y,T15PC2-2537.pdf
AM15PC1,A1-A1c-A1h-A1q-A1i,101871.0,2537.pdf,NA,NA,y,AM15PC1-2537.pdf
AM15PC1,C1/C39/C41-C1b-C1w-C39a,416.0,2537.pdf,NA,NA,y,AM15PC1-2537.pdf
AM15PC1,C15/C116/C15h,41.0,2537.pdf,NA,NA,y,AM15PC1-2537.pdf
AM15PC1,D1/D4,1793.0,2537.pdf,NA,NA,y,AM15PC1-2537.pdf
SN1PC10,A1-A1c-A1h-A1q-A1i,49102.0,2537.pdf,NA,NA,y,SN1PC10-2537.pdf
SN1PC10,C72/C1-C72a-C1b-C72b-C72c-C72d,12046.0,2537.pdf,NA,NA,y,SN1PC10-2537.pdf
SN1PC10,D1-D4-D6-D6b,522.0,2537.pdf,NA,NA,y,SN1PC10-2537.pdf
Q1PC10,A1-A1c-A1h-A1q-A1i,80910.0,2537.pdf,NA,NA,y,Q1PC10-2537.pdf
Q1PC10,C1/C39/C41/C116-C1b-C72,13341.0,2537.pdf,NA,NA,y,Q1PC10-2537.pdf
Q1PC10,D1/D6-D4-D10-D6b,893.0,2537.pdf,NA,NA,y,Q1PC10-2537.pdf
T15PC6,A1-A1c-A1h-A1q-A1i,104954.0,2537.pdf,NA,NA,y,T15PC6-2537.pdf
T15PC6,C116/C1-C1b,21052.0,2537.pdf,NA,NA,y,T15PC6-2537.pdf
T15PC6,D1-D4-D6-D6b,510.0,2537.pdf,NA,NA,y,T15PC6-2537.pdf
AF1PC8,A1-A1c-A1h-A1q-A1i,58639.0,2537.pdf,NA,NA,y,AF1PC8-2537.pdf
AF1PC8,C1/C39/C41/C116-C1b-C72,12671.0,2537.pdf,NA,NA,y,AF1PC8-2537.pdf
AF1PC8,D1-D4-D6-D4c-D4f,797.0,2537.pdf,NA,NA,y,AF1PC8-2537.pdf
FS15P10,A1-A1c-A1h-A1q-A1i,38280.0,2537.pdf,NA,NA,y,FS15P10-2537.pdf
FS15P10,C1/C39/C41/C116-C1b-C72,2189.0,2537.pdf,NA,NA,y,FS15P10-2537.pdf
FS15P10,D1-D4-D6-D6b-D1d-D1i-D1j-D10,9650.0,2537.pdf,NA,NA,y,FS15P10-2537.pdf
Q1PC3,A1-A1c-A1h-A1q-A1i,37484.0,2537.pdf,NA,NA,y,Q1PC3-2537.pdf
Q1PC3,C1-C1b-C39-C41-C1ae-C41f-C1af-C39a,465.0,2537.pdf,NA,NA,y,Q1PC3-2537.pdf
Q1PC3,C15/C116,271.0,2537.pdf,NA,NA,y,Q1PC3-2537.pdf
Q1PC3,D1-D4-D1b-D4c-D4f,13494.0,2537.pdf,NA,NA,y,Q1PC3-2537.pdf
Q15PC7,A1-A1c-A1h-A1q-A1i,39416.0,2537.pdf,NA,NA,y,Q15PC7-2537.pdf
Q15PC7,C72/C15-C15h-C15j-C72a-C1b,10927.0,2537.pdf,NA,NA,y,Q15PC7-2537.pdf
Q15PC7,D1-D4-D6-D4c-D4f,2069.0,2537.pdf,NA,NA,y,Q15PC7-2537.pdf
AF15SE10,A1-A1c-A1h-A1q-A1i,44789.0,2537.pdf,NA,NA,y,AF15SE10-2537.pdf
AF15SE10,C1/C39/C41/C116-C1b-C72,16907.0,2537.pdf,NA,NA,y,AF15SE10-2537.pdf
AF15SE10,D1-D4-D6-D2b-D1d-D2a,875.0,2537.pdf,NA,NA,y,AF15SE10-2537.pdf
T15PC5,A1-A1c-A1h-A1q-A1i,73040.0,2537.pdf,NA,NA,y,T15PC5-2537.pdf
T15PC5,C15/C1b/C72/C39/C116,18741.0,2537.pdf,NA,NA,y,T15PC5-2537.pdf
T15PC5,D1-D4-D6-D4c-D10,5934.0,2537.pdf,NA,NA,y,T15PC5-2537.pdf
AM15PC8,A1-A1c-A1h-A1q-A1i,48532.0,2537.pdf,NA,NA,y,AM15PC8-2537.pdf
AM15PC8,C15-C15y-C15a-C15ab-C15w,19100.0,2537.pdf,NA,NA,y,AM15PC8-2537.pdf
AM15PC8,C72/C1-C1b,1162.0,2537.pdf,NA,NA,y,AM15PC8-2537.pdf
AM15PC8,D1/D6-D4-D2.2-D17,1111.0,2537.pdf,NA,NA,y,AM15PC8-2537.pdf
FS1P3,D1-D4-D6-D4c-D4f,45639.0,2537.pdf,NA,NA,y,FS1P3-2537.pdf
AF1PC5,A1-A1k-A1c-A1h,69627.0,2537.pdf,NA,NA,y,AF1PC5-2537.pdf
AF1PC5,C15/C1b/C72/C39/C116,9704.0,2537.pdf,NA,NA,y,AF1PC5-2537.pdf
AF1PC5,D1-D4-D6-D4c-D4f,4759.0,2537.pdf,NA,NA,y,AF1PC5-2537.pdf
T15PC1,A1-A1k-A1c-A1h,379.0,2537.pdf,NA,NA,y,T15PC1-2537.pdf
AF15SE8,A1-A1k-A1c-A1h,48126.0,2537.pdf,NA,NA,y,AF15SE8-2537.pdf
AF15SE8,C1/C39/C41/C116-C1b-C72,12992.0,2537.pdf,NA,NA,y,AF15SE8-2537.pdf
AF15SE8,D1-D4-D6-D4c-D10,831.0,2537.pdf,NA,NA,y,AF15SE8-2537.pdf
AF1PC10,A1-A1k-A1c-A1h,49205.0,2537.pdf,NA,NA,y,AF1PC10-2537.pdf
AF1PC10,C1/C39/C41/C116-C1b-C72,15686.0,2537.pdf,NA,NA,y,AF1PC10-2537.pdf
AF1PC10,D1-D4-D6-D4c-D10,982.0,2537.pdf,NA,NA,y,AF1PC10-2537.pdf
AM15ST2,A1-A1k-A1c-A1h,106171.0,2537.pdf,NA,NA,y,AM15ST2-2537.pdf
AM15ST2,C15/C1b/C72/C39/C116,29560.0,2537.pdf,NA,NA,y,AM15ST2-2537.pdf
AM15ST2,D1-D4-D6-D4c-D4f,6124.0,2537.pdf,NA,NA,y,AM15ST2-2537.pdf
T15PC8,A1-A1k-A1c-A1h,64448.0,2537.pdf,NA,NA,y,T15PC8-2537.pdf
T15PC8,C1-C1b-C39-C41-C1ae-C41f-C1af-C39a,23268.0,2537.pdf,NA,NA,y,T15PC8-2537.pdf
T15PC8,D1-D4-D6-D6b-D1d-D1i-D1j-D10,3145.0,2537.pdf,NA,NA,y,T15PC8-2537.pdf
SN15PC9,A1-A1k-A1c-A1h,56123.0,2537.pdf,NA,NA,y,SN15PC9-2537.pdf
SN15PC9,C72/C15-C15h-C15j-C72a-C1b,19024.0,2537.pdf,NA,NA,y,SN15PC9-2537.pdf
SN15PC9,D1-D4-D4c-D4f-D3b-D1c,5677.0,2537.pdf,NA,NA,y,SN15PC9-2537.pdf
T15SE1,A1-A1k-A1c-A1h,94201.0,2537.pdf,NA,NA,y,T15SE1-2537.pdf
T15SE1,C15/C1b/C72/C39/C116,29604.0,2537.pdf,NA,NA,y,T15SE1-2537.pdf
T15SE1,D1-D4-D6-D4c-D4f,6916.0,2537.pdf,NA,NA,y,T15SE1-2537.pdf
AF1PC4,A1-A1k-A1c-A1h,55491.0,2537.pdf,NA,NA,y,AF1PC4-2537.pdf
AF1PC4,C15/C1b/C72/C39/C116,21219.0,2537.pdf,NA,NA,y,AF1PC4-2537.pdf
AF1PC4,D1-D4-D6-D4c-D4f,7289.0,2537.pdf,NA,NA,y,AF1PC4-2537.pdf
AM30PC5,A1-A1k-A1c-A1h,53132.0,2537.pdf,NA,NA,y,AM30PC5-2537.pdf
AM30PC5,C15/C1b/C72/C39/C116,26884.0,2537.pdf,NA,NA,y,AM30PC5-2537.pdf
AM30PC5,D1-D4-D6-D4c-D4f,6683.0,2537.pdf,NA,NA,y,AM30PC5-2537.pdf
Q1P6,A1-A1k-A1c-A1h,8524.0,2537.pdf,NA,NA,y,Q1P6-2537.pdf
Q1P6,C1/C39/C41/C116-C1b-C72,19630.0,2537.pdf,NA,NA,y,Q1P6-2537.pdf
Q1P6,C15/C15r,17463.0,2537.pdf,NA,NA,y,Q1P6-2537.pdf
Q1P6,D1-D4-D6-D4c-D10,756.0,2537.pdf,NA,NA,y,Q1P6-2537.pdf
SN1GX6,C1-C1b-C39-C41-C1ae-C41f-C1af-C39a,33009.0,2537.pdf,NA,NA,y,SN1GX6-2537.pdf
T15GX4,C1-C1b-C39-C41-C1ae-C41f-C1af-C39a,84045.0,2537.pdf,NA,NA,y,T15GX4-2537.pdf
T15GX3,C1-C1b-C39-C41-C1ae-C41f-C1af-C39a,99028.0,2537.pdf,NA,NA,y,T15GX3-2537.pdf
FS1GX2,C1-C1b-C39-C41-C1ae-C41f-C1af-C39a,61424.0,2537.pdf,NA,NA,y,FS1GX2-2537.pdf
FS15GX2,C1-C1b-C39-C41-C1ae-C41f-C1af-C39a,45723.0,2537.pdf,NA,NA,y,FS15GX2-2537.pdf
FS15GX8,C1-C1b-C39-C41-C1ae-C41f-C1af-C39a,32471.0,2537.pdf,NA,NA,y,FS15GX8-2537.pdf
T15GX7,C1-C1b-C39-C41-C1ae-C41f-C1af-C39a,50368.0,2537.pdf,NA,NA,y,T15GX7-2537.pdf
FS1GX4,C1-C1b-C39-C41-C1ae-C41f-C1af-C39a,57274.0,2537.pdf,NA,NA,y,FS1GX4-2537.pdf
T15GX9,C1-C1b-C39-C41-C1ae-C41f-C1af-C39a,28550.0,2537.pdf,NA,NA,y,T15GX9-2537.pdf
T15GX10,C1-C1b-C39-C41-C1ae-C41f-C1af-C39a,26048.0,2537.pdf,NA,NA,y,T15GX10-2537.pdf
FS15GX1,C1-C1b-C39-C41-C1ae-C41f-C1af-C39a,64992.0,2537.pdf,NA,NA,y,FS15GX1-2537.pdf
Q15G7,C1-C1b-C39-C41-C1ae-C41f-C1af-C39a,69426.0,2537.pdf,NA,NA,y,Q15G7-2537.pdf
T15GX5,C1-C1b-C39-C41-C1ae-C41f-C1af-C39a,92409.0,2537.pdf,NA,NA,y,T15GX5-2537.pdf
FS15GX5,C1-C1b-C39-C41-C1ae-C41f-C1af-C39a,69085.0,2537.pdf,NA,NA,y,FS15GX5-2537.pdf
FS1GX6,C1-C1b-C39-C41-C1ae-C41f-C1af-C39a,46905.0,2537.pdf,NA,NA,y,FS1GX6-2537.pdf
SN30GX6,C1-C1b-C39-C41-C1ae-C41f-C1af-C39a,37087.0,2537.pdf,NA,NA,y,SN30GX6-2537.pdf
FS1G1,C1-C1b-C39-C41-C1ae-C41f-C1af-C39a,71146.0,2537.pdf,NA,NA,y,FS1G1-2537.pdf
SN15GX5,C1-C1b-C39-C41-C1ae-C41f-C1af-C39a,43395.0,2537.pdf,NA,NA,y,SN15GX5-2537.pdf
SN15GX4,C1-C1b-C39-C41-C1ae-C41f-C1af-C39a,32168.0,2537.pdf,NA,NA,y,SN15GX4-2537.pdf
FS15GX6,C1-C1b-C39-C41-C1ae-C41f-C1af-C39a,55308.0,2537.pdf,NA,NA,y,FS15GX6-2537.pdf
FS1GX9,C1-C1b-C39-C41-C1ae-C41f-C1af-C39a,49499.0,2537.pdf,NA,NA,y,FS1GX9-2537.pdf
FS1GX9,D1-D4-D2-D4c-D4f,749.0,2537.pdf,NA,NA,y,FS1GX9-2537.pdf
T1GX2,C1-C1b-C39-C41-C1ae-C41f-C1af-C39a,47815.0,2537.pdf,NA,NA,y,T1GX2-2537.pdf
T1GX2,D1-D4-D17d-D17e-D17c-D1r-D17j-D17l-D17k,2585.0,2537.pdf,NA,NA,y,T1GX2-2537.pdf
AM30GX3,A1-A1k-A1c-A1h,228.0,2537.pdf,NA,NA,y,AM30GX3-2537.pdf
AM30GX3,C1-C1b-C39-C41-C1ae-C41f-C1af-C39a,110908.0,2537.pdf,NA,NA,y,AM30GX3-2537.pdf
FS1GX1,C1-C1b-C39-C41-C1ae-C41f-C1af-C39a,42800.0,2537.pdf,NA,NA,y,FS1GX1-2537.pdf
FS1GX1,D1/D6-D4-D10,16548.0,2537.pdf,NA,NA,y,FS1GX1-2537.pdf
AM30P10,C15-C15y-C15a-C15ab-C15w,26012.0,2537.pdf,NA,NA,y,AM30P10-2537.pdf
AM30P4,A1-A1k-A1c-A1h,574.0,2537.pdf,NA,NA,y,AM30P4-2537.pdf
AM30P4,C15-C15y-C15a-C15ab-C15w,85466.0,2537.pdf,NA,NA,y,AM30P4-2537.pdf
Q15P5,C15-C15y-C15a-C15ab-C15w,14346.0,2537.pdf,NA,NA,y,Q15P5-2537.pdf
AM15P10,A1-A1k-A1c-A1g-A1h,230.0,2537.pdf,NA,NA,y,AM15P10-2537.pdf
AM15P10,C15-C15y-C15a-C15ab-C15w,32018.0,2537.pdf,NA,NA,y,AM15P10-2537.pdf
AM15P9,C15-C15y-C15a-C15ab-C15w,33479.0,2537.pdf,NA,NA,y,AM15P9-2537.pdf
AM15P9,F5b,375.0,2537.pdf,NA,NA,y,AM15P9-2537.pdf
AM30P3,A1-A1k-A1c-A1h,2996.0,2537.pdf,NA,NA,y,AM30P3-2537.pdf
AM30P3,C15-C15y-C15a-C15ab-C15w,68663.0,2537.pdf,NA,NA,y,AM30P3-2537.pdf
AM30P3,C1/C1b,3584.0,2537.pdf,NA,NA,y,AM30P3-2537.pdf
AM30P3,D1-D4-D6-D4c-D4f,1194.0,2537.pdf,NA,NA,y,AM30P3-2537.pdf
AF15P2,A1/A1t-A1k-A1c-A1h,473.0,2537.pdf,NA,NA,y,AF15P2-2537.pdf
AF15P2,C15-C15y-C15a-C15ab-C15w,71705.0,2537.pdf,NA,NA,y,AF15P2-2537.pdf
SN15P9,A1-A1k-A1c-A1h,162.0,2537.pdf,NA,NA,y,SN15P9-2537.pdf
SN15P9,C15-C15y-C15a-C15ab-C15w,34645.0,2537.pdf,NA,NA,y,SN15P9-2537.pdf
SN15P9,D1-D4-D6b-D6-D1d-D1q-D1j,753.0,2537.pdf,NA,NA,y,SN15P9-2537.pdf
SN15P4,C15-C15y-C15a-C15ab-C15w,13121.0,2537.pdf,NA,NA,y,SN15P4-2537.pdf
Q1P5,C15-C15y-C15a-C15ab-C15w,24718.0,2537.pdf,NA,NA,y,Q1P5-2537.pdf
Q1P5,C1/C1b,1515.0,2537.pdf,NA,NA,y,Q1P5-2537.pdf
Q1P5,D1-D4-D1b-D4c-D4f,242.0,2537.pdf,NA,NA,y,Q1P5-2537.pdf
AM15P8,C15-C15y-C15a-C15ab-C15w,38571.0,2537.pdf,NA,NA,y,AM15P8-2537.pdf
FS15P1,C15-C15y-C15a-C15ab-C15w,29184.0,2537.pdf,NA,NA,y,FS15P1-2537.pdf
T15P7,C15-C15y-C15a-C15ab-C15w,44429.0,2537.pdf,NA,NA,y,T15P7-2537.pdf
T15P8,C15-C15y-C15a-C15ab-C15w,29821.0,2537.pdf,NA,NA,y,T15P8-2537.pdf
AM30P2,A1-A1k-A1c-A1h,247.0,2537.pdf,NA,NA,y,AM30P2-2537.pdf
AM30P2,C15-C15y-C15a-C15ab-C15w,68358.0,2537.pdf,NA,NA,y,AM30P2-2537.pdf
AF15P7,A1-A1k-A1c-A1h,1891.0,2537.pdf,NA,NA,y,AF15P7-2537.pdf
AF15P7,C15-C15y-C15a-C15ab-C15w,37501.0,2537.pdf,NA,NA,y,AF15P7-2537.pdf
AF15P7,C1/C1b,1650.0,2537.pdf,NA,NA,y,AF15P7-2537.pdf
AF15P7,D1-D4-D6-D4c-D10,200.0,2537.pdf,NA,NA,y,AF15P7-2537.pdf
AM15P3,A1-A1k-A1c-A1h,5475.0,2537.pdf,NA,NA,y,AM15P3-2537.pdf
AM15P3,C15-C15y-C15a-C15ab-C15w,73048.0,2537.pdf,NA,NA,y,AM15P3-2537.pdf
AM15P3,D1-D4-D6-D4c-D10,1812.0,2537.pdf,NA,NA,y,AM15P3-2537.pdf
AM15P4,A1/A1k-A1c-A1h-A1b,2522.0,2537.pdf,NA,NA,y,AM15P4-2537.pdf
AM15P4,C15-C15y-C15a-C15ab-C15w,64500.0,2537.pdf,NA,NA,y,AM15P4-2537.pdf
AM15P4,C15h-C15k,5078.0,2537.pdf,NA,NA,y,AM15P4-2537.pdf
AM15P4,D1-D4-D6-D2-D1c-D4c-D10,1199.0,2537.pdf,NA,NA,y,AM15P4-2537.pdf
Q15P7,A1-A1k-A1c-A1h,393.0,2537.pdf,NA,NA,y,Q15P7-2537.pdf
Q15P7,C15-C15y-C15a-C15ab-C15w,61182.0,2537.pdf,NA,NA,y,Q15P7-2537.pdf
Q15P7,C1/C1b,10629.0,2537.pdf,NA,NA,y,Q15P7-2537.pdf
Q15P7,D1-D4-D6-D4c-D4f,315.0,2537.pdf,NA,NA,y,Q15P7-2537.pdf
AM15P5,A1-A1k-A1c-A1h,4344.0,2537.pdf,NA,NA,y,AM15P5-2537.pdf
AM15P5,C15-C15y-C15a-C15ab-C15w,68875.0,2537.pdf,NA,NA,y,AM15P5-2537.pdf
AM15P5,C1/C1b,4827.0,2537.pdf,NA,NA,y,AM15P5-2537.pdf
AM15P5,D1-D4-D4c-D6-D2-D1c-D4f,1035.0,2537.pdf,NA,NA,y,AM15P5-2537.pdf
SN1P8,A1-A1k-A1c-A1h,721.0,2537.pdf,NA,NA,y,SN1P8-2537.pdf
SN1P8,C15-C15y-C15a-C15ab-C15w,23141.0,2537.pdf,NA,NA,y,SN1P8-2537.pdf
SN1P8,D3a/D1/D3/D4,5163.0,2537.pdf,NA,NA,y,SN1P8-2537.pdf
Q15P6,A1/A1k-A1b-A1z,607.0,2537.pdf,NA,NA,y,Q15P6-2537.pdf
Q15P6,C15-C15y-C15a-C15ab-C15w,49691.0,2537.pdf,NA,NA,y,Q15P6-2537.pdf
Q15P6,C1/C39-C1b,9454.0,2537.pdf,NA,NA,y,Q15P6-2537.pdf
Q15P9,A1-A1k-A1c-A1h,159.0,2537.pdf,NA,NA,y,Q15P9-2537.pdf
Q15P9,C15-C15y-C15a-C15ab-C15w,32993.0,2537.pdf,NA,NA,y,Q15P9-2537.pdf
Q15P9,C116/C1-C1b,8703.0,2537.pdf,NA,NA,y,Q15P9-2537.pdf
Q15P9,C91f,7876.0,2537.pdf,NA,NA,y,Q15P9-2537.pdf
AM30ST10,C72/C1-C72a-C1b-C72b-C72c-C72d,35922.0,2537.pdf,NA,NA,y,AM30ST10-2537.pdf
AM30ST9,C72/C1-C72a-C1b-C72b-C72c-C72d,23880.0,2537.pdf,NA,NA,y,AM30ST9-2537.pdf
AM30ST2,A1-A1k-A1c-A1h,641.0,2537.pdf,NA,NA,y,AM30ST2-2537.pdf
AM30ST2,C72/C1-C72a-C1b-C72b-C72c-C72d,117613.0,2537.pdf,NA,NA,y,AM30ST2-2537.pdf
AM30ST2,D1-D4-D6-D4c-D4f,208.0,2537.pdf,NA,NA,y,AM30ST2-2537.pdf
AM30ST8,C72/C1-C72a-C1b-C72b-C72c-C72d,36476.0,2537.pdf,NA,NA,y,AM30ST8-2537.pdf
AM30ST6,C72/C1-C72a-C1b-C72b-C72c-C72d,31944.0,2537.pdf,NA,NA,y,AM30ST6-2537.pdf
AM30ST5,A1-A1k-A1c-A1h-A1bf-A1bw-A1bx,836.0,2537.pdf,NA,NA,y,AM30ST5-2537.pdf
AM30ST5,C72/C1-C72a-C1b-C72b-C72c-C72d,91566.0,2537.pdf,NA,NA,y,AM30ST5-2537.pdf
AM30ST5,D1-D4-D6-D4c-D4f,243.0,2537.pdf,NA,NA,y,AM30ST5-2537.pdf
AM30ST3,A1-A1k-A1c-A1h,232.0,2537.pdf,NA,NA,y,AM30ST3-2537.pdf
AM30ST3,C72/C1-C72a-C1b-C72b-C72c-C72d,92267.0,2537.pdf,NA,NA,y,AM30ST3-2537.pdf
AM30ST7,C72/C1-C72a-C1b-C72b-C72c-C72d,29049.0,2537.pdf,NA,NA,y,AM30ST7-2537.pdf
AM30ST1,A1/A1k-A1c-A1h-A1b,2664.0,2537.pdf,NA,NA,y,AM30ST1-2537.pdf
AM30ST1,C72/C1-C72a-C1b-C72b-C72c-C72d,118966.0,2537.pdf,NA,NA,y,AM30ST1-2537.pdf
AM30ST1,D1-D4-D6-D4c-D10,911.0,2537.pdf,NA,NA,y,AM30ST1-2537.pdf
AM30ST4,A1/A1t-A1k-A1c-A1h,1347.0,2537.pdf,NA,NA,y,AM30ST4-2537.pdf
AM30ST4,C72/C1-C72a-C1b-C72b-C72c-C72d,109557.0,2537.pdf,NA,NA,y,AM30ST4-2537.pdf
AM30ST4,D1-D4-D6-D4c-D4f,435.0,2537.pdf,NA,NA,y,AM30ST4-2537.pdf
T1GX8,D1-D4-D4c-D4f-D3b-D1c,25717.0,2537.pdf,NA,NA,y,T1GX8-2537.pdf
T1GX7,D1-D4-D4c-D4f-D3b-D1c,31791.0,2537.pdf,NA,NA,y,T1GX7-2537.pdf
T1GX6,D1-D4-D4c-D4f-D3b-D1c,30613.0,2537.pdf,NA,NA,y,T1GX6-2537.pdf
T15GX8,D1-D4-D4c-D4f-D3b-D1c,40316.0,2537.pdf,NA,NA,y,T15GX8-2537.pdf
AF1GX1,C15-C1b-C39-C15y-C15a,121.0,2537.pdf,NA,NA,y,AF1GX1-2537.pdf
AF1GX1,D1-D4-D4c-D4f-D3b-D1c,60645.0,2537.pdf,NA,NA,y,AF1GX1-2537.pdf
FS1GX5,D1-D4-D4c-D4f-D3b-D1c,59583.0,2537.pdf,NA,NA,y,FS1GX5-2537.pdf
AF1GX2,D1-D4-D4c-D4f-D3b-D1c,55353.0,2537.pdf,NA,NA,y,AF1GX2-2537.pdf
T15GX2,A1-A1k-A1c-A1h-A1dl,475.0,2537.pdf,NA,NA,y,T15GX2-2537.pdf
T15GX2,C15-C1b-C72-C39-C93a-C93b-C116-C15i,649.0,2537.pdf,NA,NA,y,T15GX2-2537.pdf
T15GX2,C91f,136.0,2537.pdf,NA,NA,y,T15GX2-2537.pdf
T15GX2,D1-D4-D4c-D4f-D3b-D1c,118697.0,2537.pdf,NA,NA,y,T15GX2-2537.pdf
FS15GX3,C1-C1b-C41f-C39-C41-C41a-C41e-C1ae-C1f-C1w,1535.0,2537.pdf,NA,NA,y,FS15GX3-2537.pdf
FS15GX3,D1-D4-D4c-D4f-D3b-D1c,71381.0,2537.pdf,NA,NA,y,FS15GX3-2537.pdf
AF15GX1,A1/A1t-A1k-A1c-A1h,733.0,2537.pdf,NA,NA,y,AF15GX1-2537.pdf
AF15GX1,C15-C1b-C72-C39-C93a-C93b-C116-C15i,886.0,2537.pdf,NA,NA,y,AF15GX1-2537.pdf
AF15GX1,D1-D4-D4c-D4f-D3b-D1c,129098.0,2537.pdf,NA,NA,y,AF15GX1-2537.pdf
AF15GX2,A1-A1k-A1c-A1h,346.0,2537.pdf,NA,NA,y,AF15GX2-2537.pdf
AF15GX2,C15-C1b-C72-C39-C93a-C93b-C116-C15i,509.0,2537.pdf,NA,NA,y,AF15GX2-2537.pdf
AF15GX2,C1-C1am-C1an-C1ao,232.0,2537.pdf,NA,NA,y,AF15GX2-2537.pdf
AF15GX2,D1-D4-D4c-D4f-D3b-D1c,97184.0,2537.pdf,NA,NA,y,AF15GX2-2537.pdf
AF1GX8,C15-C1b-C39-C15y-C15a,910.0,2537.pdf,NA,NA,y,AF1GX8-2537.pdf
AF1GX8,D1-D4-D4c-D4f-D3b-D1c,54146.0,2537.pdf,NA,NA,y,AF1GX8-2537.pdf
AF15P1,A1/A1k-A1c-A1h-A1b,1198.0,2537.pdf,NA,NA,y,AF15P1-2537.pdf
AF15P1,C15-C1b-C72-C39-C93a-C93b-C116-C15i,2234.0,2537.pdf,NA,NA,y,AF15P1-2537.pdf
AF15P1,D1-D4-D4c-D4f-D3b-D1c,98513.0,2537.pdf,NA,NA,y,AF15P1-2537.pdf
AM1M6,A1/A1k-A1b-A1z,75678.0,2537.pdf,NA,NA,y,AM1M6-2537.pdf
Q1M5,A1/A1k-A1b-A1z,16459.0,2537.pdf,NA,NA,y,Q1M5-2537.pdf
Q15M8,A1/A1k-A1b-A1z,66269.0,2537.pdf,NA,NA,y,Q15M8-2537.pdf
Q15M8,C1/C39-C1b-C1af-C39a,573.0,2537.pdf,NA,NA,y,Q15M8-2537.pdf
Q15M8,C15/C41,105.0,2537.pdf,NA,NA,y,Q15M8-2537.pdf
FS1M4,A1/A1k-A1b-A1z,67604.0,2537.pdf,NA,NA,y,FS1M4-2537.pdf
FS1M4,C1/C39/C41-C1b-C1w-C39a,176.0,2537.pdf,NA,NA,y,FS1M4-2537.pdf
FS1M4,C3/C3au,115.0,2537.pdf,NA,NA,y,FS1M4-2537.pdf
FS1M4,C15r/C15h/C15,63.0,2537.pdf,NA,NA,y,FS1M4-2537.pdf
FS1M4,D1-D4-D6-D4c-D4f,834.0,2537.pdf,NA,NA,y,FS1M4-2537.pdf
AM1M9,A1/A1k-A1b-A1z,77612.0,2537.pdf,NA,NA,y,AM1M9-2537.pdf
AM1M10,A1/A1k-A1b-A1z,51761.0,2537.pdf,NA,NA,y,AM1M10-2537.pdf
AM1M8,A1/A1k-A1b-A1z,51650.0,2537.pdf,NA,NA,y,AM1M8-2537.pdf
AM1M8,C15-C1b-C39-C15y-C15a,411.0,2537.pdf,NA,NA,y,AM1M8-2537.pdf
AM1M8,C72,41.0,2537.pdf,NA,NA,y,AM1M8-2537.pdf
SN1M2,A1/A1k-A1b-A1z,93052.0,2537.pdf,NA,NA,y,SN1M2-2537.pdf
SN1M2,C1/C39/C41/C116-C1b-C72,424.0,2537.pdf,NA,NA,y,SN1M2-2537.pdf
SN1M2,C7,123.0,2537.pdf,NA,NA,y,SN1M2-2537.pdf
Q15M9,A1/A1k-A1b-A1z,97565.0,2537.pdf,NA,NA,y,Q15M9-2537.pdf
Q15M9,C1/C39/C41-C1b-C1w-C39a,2670.0,2537.pdf,NA,NA,y,Q15M9-2537.pdf
FS1M9,A1/A1k-A1b-A1z,47827.0,2537.pdf,NA,NA,y,FS1M9-2537.pdf
FS1M9,C1/C39/C41-C1b-C1w-C39a,711.0,2537.pdf,NA,NA,y,FS1M9-2537.pdf
FS1M9,C15/C116/C15h,183.0,2537.pdf,NA,NA,y,FS1M9-2537.pdf
FS1M9,D1-D4-D1p-D6,1569.0,2537.pdf,NA,NA,y,FS1M9-2537.pdf
AF1M3,A1/A1k-A1b-A1z,66555.0,2537.pdf,NA,NA,y,AF1M3-2537.pdf
AF1M3,C1/C39/C41/C116-C1b-C72,995.0,2537.pdf,NA,NA,y,AF1M3-2537.pdf
AF1M3,C15-C15y-C15a-C15ab-C15w,590.0,2537.pdf,NA,NA,y,AF1M3-2537.pdf
AF1M3,D1-D4-D1b-D4c-D4f,3086.0,2537.pdf,NA,NA,y,AF1M3-2537.pdf
FS15M9,A1/A1k-A1b-A1z,60970.0,2537.pdf,NA,NA,y,FS15M9-2537.pdf
FS15M9,C15/C1b/C72/C39/C116,863.0,2537.pdf,NA,NA,y,FS15M9-2537.pdf
FS15M9,D1-D4-D6-D6b,917.0,2537.pdf,NA,NA,y,FS15M9-2537.pdf
Q15M3,A1/A1k-A1b-A1z,111225.0,2537.pdf,NA,NA,y,Q15M3-2537.pdf
Q15M3,C15,635.0,2537.pdf,NA,NA,y,Q15M3-2537.pdf
Q15M3,C1-C1b-C39-C41-C1ae-C1af,3433.0,2537.pdf,NA,NA,y,Q15M3-2537.pdf
Q15M3,D1-D4-D6-D6b,250.0,2537.pdf,NA,NA,y,Q15M3-2537.pdf
Q15M1,A1/A1k-A1b-A1z,22767.0,2537.pdf,NA,NA,y,Q15M1-2537.pdf
Q15M1,C1/C39/C41-C1b-C1w-C39a,1576.0,2537.pdf,NA,NA,y,Q15M1-2537.pdf
Q15M1,C15/C15r,49.0,2537.pdf,NA,NA,y,Q15M1-2537.pdf
AF1M8,A1/A1k-A1b-A1z,45043.0,2537.pdf,NA,NA,y,AF1M8-2537.pdf
AF1M8,C1/C39/C41/C116-C1b-C72,926.0,2537.pdf,NA,NA,y,AF1M8-2537.pdf
AF1M8,C22b/C15/C15r,310.0,2537.pdf,NA,NA,y,AF1M8-2537.pdf
AF1M8,D1-D4-D4c-D4f-D3b-D1c,559.0,2537.pdf,NA,NA,y,AF1M8-2537.pdf
AF1M2,A1/A1k-A1b-A1z,75325.0,2537.pdf,NA,NA,y,AF1M2-2537.pdf
AF1M2,C1/C39/C41/C116-C1b-C72,3774.0,2537.pdf,NA,NA,y,AF1M2-2537.pdf
AF1M2,C15-C15y-C15a-C15ab-C15w,2092.0,2537.pdf,NA,NA,y,AF1M2-2537.pdf
AF1M2,D1-D4-D6-D4c-D4f,1493.0,2537.pdf,NA,NA,y,AF1M2-2537.pdf
Q15M5,A1/A1k-A1b-A1z,72847.0,2537.pdf,NA,NA,y,Q15M5-2537.pdf
Q15M5,C1/C39/C41-C1b-C1w-C39a,3921.0,2537.pdf,NA,NA,y,Q15M5-2537.pdf
SN1M9,A1/A1k-A1b-A1z,36102.0,2537.pdf,NA,NA,y,SN1M9-2537.pdf
SN1M9,C15/C1b/C72/C39/C116,945.0,2537.pdf,NA,NA,y,SN1M9-2537.pdf
SN1M9,D1-D4-D6-D6b-D1d-D1i-D1j-D10,1104.0,2537.pdf,NA,NA,y,SN1M9-2537.pdf
FS15M4,A1/A1k-A1b-A1z,78233.0,2537.pdf,NA,NA,y,FS15M4-2537.pdf
FS15M4,C15/C15r,781.0,2537.pdf,NA,NA,y,FS15M4-2537.pdf
FS15M4,C3-C41-C3au-C1b,4816.0,2537.pdf,NA,NA,y,FS15M4-2537.pdf
FS15M4,D1-D4-D2-D4c-D4f,1620.0,2537.pdf,NA,NA,y,FS15M4-2537.pdf
T15M8,A1/A1k-A1b-A1z,39537.0,2537.pdf,NA,NA,y,T15M8-2537.pdf
T15M8,C15,610.0,2537.pdf,NA,NA,y,T15M8-2537.pdf
T15M8,C1-C1b-C39-C41-C1ae-C1af,1901.0,2537.pdf,NA,NA,y,T15M8-2537.pdf
T15M8,D1-D4-D6-D4c-D4f,209.0,2537.pdf,NA,NA,y,T15M8-2537.pdf
SN1M6,A1/A1k-A1b-A1z,29088.0,2537.pdf,NA,NA,y,SN1M6-2537.pdf
SN1M6,C15-C15y-C15a-C15ab-C15w,389.0,2537.pdf,NA,NA,y,SN1M6-2537.pdf
SN1M6,C72/C1-C1b,1145.0,2537.pdf,NA,NA,y,SN1M6-2537.pdf
SN1M6,D1-D4-D6-D6b-D1d-D1i-D1j-D10,358.0,2537.pdf,NA,NA,y,SN1M6-2537.pdf
AM1M7,A1/A1k-A1b-A1z,57894.0,2537.pdf,NA,NA,y,AM1M7-2537.pdf
AM1M7,C15-C1b-C39-C15y-C15a,3693.0,2537.pdf,NA,NA,y,AM1M7-2537.pdf
AM1M7,D3a/D1/D3/D4,1857.0,2537.pdf,NA,NA,y,AM1M7-2537.pdf
FS15M8,A1/A1k-A1b-A1z,40538.0,2537.pdf,NA,NA,y,FS15M8-2537.pdf
FS15M8,C15,327.0,2537.pdf,NA,NA,y,FS15M8-2537.pdf
FS15M8,C1-C1b-C41f-C41-C41e-C41a-C39-C1f-C1ae,4357.0,2537.pdf,NA,NA,y,FS15M8-2537.pdf
AF1M7,A1/A1k-A1b-A1z,40690.0,2537.pdf,NA,NA,y,AF1M7-2537.pdf
AF1M7,C1/C39/C41/C116-C1b-C72,1211.0,2537.pdf,NA,NA,y,AF1M7-2537.pdf
AF1M7,C22b/C15/C15r,676.0,2537.pdf,NA,NA,y,AF1M7-2537.pdf
AF1M7,D1/D4-D4c-D4f,1818.0,2537.pdf,NA,NA,y,AF1M7-2537.pdf
AF1M1,A1/A1k-A1b-A1z,81297.0,2537.pdf,NA,NA,y,AF1M1-2537.pdf
AF1M1,C15/C1b/C72/C39/C116,4948.0,2537.pdf,NA,NA,y,AF1M1-2537.pdf
AF1M1,D1-D4-D6-D4c-D4f,5075.0,2537.pdf,NA,NA,y,AF1M1-2537.pdf
Q15M6,A1/A1k-A1b-A1z,47703.0,2537.pdf,NA,NA,y,Q15M6-2537.pdf
Q15M6,C1/C39/C41-C1b-C1w-C39a,6061.0,2537.pdf,NA,NA,y,Q15M6-2537.pdf
FS15M2,A1/A1k-A1b-A1z,80431.0,2537.pdf,NA,NA,y,FS15M2-2537.pdf
FS15M2,C15/C15r,533.0,2537.pdf,NA,NA,y,FS15M2-2537.pdf
FS15M2,C1/C41/C1b-C39,1668.0,2537.pdf,NA,NA,y,FS15M2-2537.pdf
FS15M2,C3-C3au-C29-C3bk,13197.0,2537.pdf,NA,NA,y,FS15M2-2537.pdf
FS15M2,D1-D4-D4c-D6-D2-D1c-D4f,823.0,2537.pdf,NA,NA,y,FS15M2-2537.pdf
T1M6,A1/A1k-A1b-A1z,29250.0,2537.pdf,NA,NA,y,T1M6-2537.pdf
T1M6,C1-C1b-C39-C41-C1ae-C41f-C1af-C39a,2368.0,2537.pdf,NA,NA,y,T1M6-2537.pdf
T1M6,D1-D4-D6-D4c-D4f,3803.0,2537.pdf,NA,NA,y,T1M6-2537.pdf
T15M10,A1/A1k-A1b-A1z,81829.0,2537.pdf,NA,NA,y,T15M10-2537.pdf
T15M10,C1-C1b-C41f-C39-C41-C41a-C41e-C1ae-C1f-C1w,22851.0,2537.pdf,NA,NA,y,T15M10-2537.pdf
T15M10,D1-D4-D6-D4c-D4f,361.0,2537.pdf,NA,NA,y,T15M10-2537.pdf
Q15M10,A1/A1k-A1b-A1z,59359.0,2537.pdf,NA,NA,y,Q15M10-2537.pdf
Q15M10,C1/C39/C41-C1b-C1w-C39a,21735.0,2537.pdf,NA,NA,y,Q15M10-2537.pdf
Q15M10,D1-D4-D2-D4c-D4f,270.0,2537.pdf,NA,NA,y,Q15M10-2537.pdf
T15M6,A1/A1k-A1b-A1z,21197.0,2537.pdf,NA,NA,y,T15M6-2537.pdf
T15M6,C1-C1b-C39-C41-C1ae-C41f-C1af-C39a,5828.0,2537.pdf,NA,NA,y,T15M6-2537.pdf
T15M6,D1-D4-D4c-D4f-D3b-D1c,2347.0,2537.pdf,NA,NA,y,T15M6-2537.pdf
AM30PC3,A1-A1c-A1h-A1q-A1i,52253.0,2537.pdf,NA,NA,y,AM30PC3-2537.pdf
AM30PC3,C15/C1b/C72/C39/C116,68082.0,2537.pdf,NA,NA,y,AM30PC3-2537.pdf
AM30PC3,D1-D4-D6-D4c-D10,3657.0,2537.pdf,NA,NA,y,AM30PC3-2537.pdf
T15PC4,A1-A1k-A1c-A1h,30542.0,2537.pdf,NA,NA,y,T15PC4-2537.pdf
T15PC4,C15/C1b/C72/C39/C116,34827.0,2537.pdf,NA,NA,y,T15PC4-2537.pdf
T15PC4,D1-D4-D6-D4c-D4f,7129.0,2537.pdf,NA,NA,y,T15PC4-2537.pdf
SN15G3,D1-D4-D6-D6b-D1d-D1i-D1j-D10,64564.0,2537.pdf,NA,NA,y,SN15G3-2537.pdf
SN15G5,C1/C41/C1b-C39,223.0,2537.pdf,NA,NA,y,SN15G5-2537.pdf
SN15G5,C15h-C15k,1423.0,2537.pdf,NA,NA,y,SN15G5-2537.pdf
SN15G5,D1-D4-D6-D6b-D1d-D1i-D1j-D10,56002.0,2537.pdf,NA,NA,y,SN15G5-2537.pdf
SN30G2,C1-C1b-C41f-C39-C41-C41a-C41e-C1ae-C1f-C1w,317.0,2537.pdf,NA,NA,y,SN30G2-2537.pdf
SN30G2,C15/C116,27.0,2537.pdf,NA,NA,y,SN30G2-2537.pdf
SN30G2,D1-D4-D6-D6b-D1d-D1i-D1j-D10,37533.0,2537.pdf,NA,NA,y,SN30G2-2537.pdf
SN15G6,C72,172.0,2537.pdf,NA,NA,y,SN15G6-2537.pdf
SN15G6,C15-C15ah-C15x-C15v,162.0,2537.pdf,NA,NA,y,SN15G6-2537.pdf
SN15G6,C1-C1am-C1an-C1ao,52.0,2537.pdf,NA,NA,y,SN15G6-2537.pdf
SN15G6,D1-D4-D6-D6b-D1d-D1i-D1j-D10,33025.0,2537.pdf,NA,NA,y,SN15G6-2537.pdf
SN15G2,C116/C1-C1b,5144.0,2537.pdf,NA,NA,y,SN15G2-2537.pdf
SN15G2,D1-D4-D6-D6b-D1d-D1i-D1j-D10,79437.0,2537.pdf,NA,NA,y,SN15G2-2537.pdf
SN1G8,A1k/A1,384.0,2537.pdf,NA,NA,y,SN1G8-2537.pdf
SN1G8,C116-C116f-C116e-C116d,1399.0,2537.pdf,NA,NA,y,SN1G8-2537.pdf
SN1G8,D1-D4-D6-D6b-D1d-D1i-D1j-D10,60962.0,2537.pdf,NA,NA,y,SN1G8-2537.pdf
SN1G3,A1/A1j,197.0,2537.pdf,NA,NA,y,SN1G3-2537.pdf
SN1G3,C22b/C15/C15r,393.0,2537.pdf,NA,NA,y,SN1G3-2537.pdf
SN1G3,C1/C41/C1b-C39,78.0,2537.pdf,NA,NA,y,SN1G3-2537.pdf
SN1G3,C3-C3au-C29-C3bk,386.0,2537.pdf,NA,NA,y,SN1G3-2537.pdf
SN1G3,D1-D4-D6-D6b-D1d-D1i-D1j-D10,69283.0,2537.pdf,NA,NA,y,SN1G3-2537.pdf
SN1G9,C116-C116f-C116e-C116d,320.0,2537.pdf,NA,NA,y,SN1G9-2537.pdf
SN1G9,D1-D4-D6-D6b-D1d-D1i-D1j-D10,31467.0,2537.pdf,NA,NA,y,SN1G9-2537.pdf
SN1M10,A1-A1k-A1c-A1h,451.0,2537.pdf,NA,NA,y,SN1M10-2537.pdf
SN1M10,C15/C91f,3372.0,2537.pdf,NA,NA,y,SN1M10-2537.pdf
SN1M10,C91h,532.0,2537.pdf,NA,NA,y,SN1M10-2537.pdf
SN1M10,D1-D4-D6-D6b-D1d-D1i-D1j-D10,30482.0,2537.pdf,NA,NA,y,SN1M10-2537.pdf
SN1G6,C116-C116f-C116e-C116d,3147.0,2537.pdf,NA,NA,y,SN1G6-2537.pdf
SN1G6,D1-D4-D6-D6b-D1d-D1i-D1j-D10,20519.0,2537.pdf,NA,NA,y,SN1G6-2537.pdf
SN1G2,A1k/A1,725.0,2537.pdf,NA,NA,y,SN1G2-2537.pdf
SN1G2,C116-C116f-C116e-C116d,11965.0,2537.pdf,NA,NA,y,SN1G2-2537.pdf
SN1G2,D1-D4-D6-D6b-D1d-D1i-D1j-D10,46973.0,2537.pdf,NA,NA,y,SN1G2-2537.pdf
SN1G10,C116/C1-C1b,7810.0,2537.pdf,NA,NA,y,SN1G10-2537.pdf
SN1G10,D1-D4-D6-D6b-D1d-D1i-D1j-D10,42857.0,2537.pdf,NA,NA,y,SN1G10-2537.pdf
SN1G5,C116-C116f-C116e-C116d,15012.0,2537.pdf,NA,NA,y,SN1G5-2537.pdf
SN1G5,C15/C22b/C15h,1858.0,2537.pdf,NA,NA,y,SN1G5-2537.pdf
SN1G5,D1-D4-D6-D6b-D1d-D1i-D1j-D10,50099.0,2537.pdf,NA,NA,y,SN1G5-2537.pdf
SN1G1,A1k/A1,710.0,2537.pdf,NA,NA,y,SN1G1-2537.pdf
SN1G1,C116-C116f-C116e-C116d,25115.0,2537.pdf,NA,NA,y,SN1G1-2537.pdf
SN1G1,D1-D4-D6-D6b-D1d-D1i-D1j-D10,44035.0,2537.pdf,NA,NA,y,SN1G1-2537.pdf
SN1G4,C116-C116f-C116e-C116d,1656.0,2537.pdf,NA,NA,y,SN1G4-2537.pdf
SN1G4,D1-D4-D6-D6b-D1d-D1i-D1j-D10,2390.0,2537.pdf,NA,NA,y,SN1G4-2537.pdf
T15GX6,C1-C1b-C41f-C39-C41-C41a-C41e-C1ae-C1f-C1w,52646.0,2537.pdf,NA,NA,y,T15GX6-2537.pdf
SN30GX1,C1-C1b-C41f-C39-C41-C41a-C41e-C1ae-C1f-C1w,43616.0,2537.pdf,NA,NA,y,SN30GX1-2537.pdf
SN30GX3,C1-C1b-C41f-C39-C41-C41a-C41e-C1ae-C1f-C1w,45534.0,2537.pdf,NA,NA,y,SN30GX3-2537.pdf
SN30ST5,C1-C1b-C41f-C39-C41-C41a-C41e-C1ae-C1f-C1w,44421.0,2537.pdf,NA,NA,y,SN30ST5-2537.pdf
SN1G7,C1-C1b-C41f-C39-C41-C41a-C41e-C1ae-C1f-C1w,42295.0,2537.pdf,NA,NA,y,SN1G7-2537.pdf
T1GX1,A1-A1bw-A1du-A1bf-A1bx,1076.0,2537.pdf,NA,NA,y,T1GX1-2537.pdf
T1GX1,C1-C1b-C41f-C39-C41-C41a-C41e-C1ae-C1f-C1w,61900.0,2537.pdf,NA,NA,y,T1GX1-2537.pdf
T1GX1,D1-D4-D2-D4c-D4f,2101.0,2537.pdf,NA,NA,y,T1GX1-2537.pdf
SN30GX8,C1-C1b-C41f-C39-C41-C41a-C41e-C1ae-C1f-C1w,39449.0,2537.pdf,NA,NA,y,SN30GX8-2537.pdf
SN30GX4,C1-C1b-C41f-C39-C41-C41a-C41e-C1ae-C1f-C1w,40439.0,2537.pdf,NA,NA,y,SN30GX4-2537.pdf
AF1G1,A1/A1k-A1c-A1h-A1b,851.0,2537.pdf,NA,NA,y,AF1G1-2537.pdf
AF1G1,C1-C1b-C41f-C39-C41-C41a-C41e-C1ae-C1f-C1w,73770.0,2537.pdf,NA,NA,y,AF1G1-2537.pdf
AF1G1,D1-D4-D6-D4c-D2,1043.0,2537.pdf,NA,NA,y,AF1G1-2537.pdf
SN30G1,C1-C1b-C41f-C39-C41-C41a-C41e-C1ae-C1f-C1w,18182.0,2537.pdf,NA,NA,y,SN30G1-2537.pdf
SN30G1,D1-D4-D6-D6b-D1d-D1i-D1j-D10,18065.0,2537.pdf,NA,NA,y,SN30G1-2537.pdf
FS15SE7,A1-A1k-A1c-A1h-A1dl,7847.0,2537.pdf,NA,NA,y,FS15SE7-2537.pdf
FS15SE7,C1-C1b-C41f-C39-C41-C41a-C41e-C1ae-C1f-C1w,21582.0,2537.pdf,NA,NA,y,FS15SE7-2537.pdf
FS15SE7,C15/C116,2845.0,2537.pdf,NA,NA,y,FS15SE7-2537.pdf
FS15SE7,D1/D6-D4-D10-D6b,10990.0,2537.pdf,NA,NA,y,FS15SE7-2537.pdf
FS15SE7,F2c,130.0,2537.pdf,NA,NA,y,FS15SE7-2537.pdf
T15G7,A1-A1k-A1c-A1h,724.0,2537.pdf,NA,NA,y,T15G7-2537.pdf
T15G7,C1-C1b-C39-C41-C1ae-C41f-C1af-C39a,919.0,2537.pdf,NA,NA,y,T15G7-2537.pdf
T15G7,C15-C15by-C15ai,1658.0,2537.pdf,NA,NA,y,T15G7-2537.pdf
T15G7,D1-D4-D6-D4c-D10,51995.0,2537.pdf,NA,NA,y,T15G7-2537.pdf
T15G6,A1-A1c-A1h-A1q-A1i,1299.0,2537.pdf,NA,NA,y,T15G6-2537.pdf
T15G6,C1-C1b-C39-C41-C1ae-C41f-C1af-C39a,1806.0,2537.pdf,NA,NA,y,T15G6-2537.pdf
T15G6,D1-D4-D6-D4c-D10,41192.0,2537.pdf,NA,NA,y,T15G6-2537.pdf
Q15P8,C15-C15y-C15df-C15x-C15a-C15z-C15aa-C15w-C15ab,50078.0,2537.pdf,NA,NA,y,Q15P8-2537.pdf
SN15P3,C15-C15y-C15df-C15x-C15a-C15z-C15aa-C15w-C15ab,63622.0,2537.pdf,NA,NA,y,SN15P3-2537.pdf
Q15P3,A1/A1k-A1c-A1h-A1b,361.0,2537.pdf,NA,NA,y,Q15P3-2537.pdf
Q15P3,C15-C15y-C15df-C15x-C15a-C15z-C15aa-C15w-C15ab,30612.0,2537.pdf,NA,NA,y,Q15P3-2537.pdf
AM15P2,C15-C15y-C15df-C15x-C15a-C15z-C15aa-C15w-C15ab,70052.0,2537.pdf,NA,NA,y,AM15P2-2537.pdf
SN1P6,A1/A1c-A1h,189.0,2537.pdf,NA,NA,y,SN1P6-2537.pdf
SN1P6,C15-C15y-C15df-C15x-C15a-C15z-C15aa-C15w-C15ab,14285.0,2537.pdf,NA,NA,y,SN1P6-2537.pdf
SN1P6,D1/D4/D6,188.0,2537.pdf,NA,NA,y,SN1P6-2537.pdf
FS15P7,C15-C15y-C15df-C15x-C15a-C15z-C15aa-C15w-C15ab,35354.0,2537.pdf,NA,NA,y,FS15P7-2537.pdf
T15P6,A1-A1k-A1c-A1g-A1h,219.0,2537.pdf,NA,NA,y,T15P6-2537.pdf
T15P6,C15-C15y-C15df-C15x-C15a-C15z-C15aa-C15w-C15ab,36799.0,2537.pdf,NA,NA,y,T15P6-2537.pdf
T15P6,D1/D4-D4c-D4f,203.0,2537.pdf,NA,NA,y,T15P6-2537.pdf
FS15P6,C15-C15y-C15df-C15x-C15a-C15z-C15aa-C15w-C15ab,32326.0,2537.pdf,NA,NA,y,FS15P6-2537.pdf
SN15P8,C15-C15y-C15df-C15x-C15a-C15z-C15aa-C15w-C15ab,42160.0,2537.pdf,NA,NA,y,SN15P8-2537.pdf
SN15P8,D1-D4-D6b-D6-D1d-D1q-D1j,687.0,2537.pdf,NA,NA,y,SN15P8-2537.pdf
T15P10,A1-A1k-A1c-A1g-A1h,245.0,2537.pdf,NA,NA,y,T15P10-2537.pdf
T15P10,C15-C15y-C15df-C15x-C15a-C15z-C15aa-C15w-C15ab,69320.0,2537.pdf,NA,NA,y,T15P10-2537.pdf
AF15P9,A1-A1k-A1c-A1g-A1h,1008.0,2537.pdf,NA,NA,y,AF15P9-2537.pdf
AF15P9,C15-C15y-C15df-C15x-C15a-C15z-C15aa-C15w-C15ab,51483.0,2537.pdf,NA,NA,y,AF15P9-2537.pdf
AF15P9,C1/C39,2039.0,2537.pdf,NA,NA,y,AF15P9-2537.pdf
T15P9,C15-C15y-C15df-C15x-C15a-C15z-C15aa-C15w-C15ab,32805.0,2537.pdf,NA,NA,y,T15P9-2537.pdf
AF15P10,A1-A1k-A1c-A1g-A1h,1133.0,2537.pdf,NA,NA,y,AF15P10-2537.pdf
AF15P10,C15-C15y-C15df-C15x-C15a-C15z-C15aa-C15w-C15ab,82290.0,2537.pdf,NA,NA,y,AF15P10-2537.pdf
SN1P7,A1-A1k-A1c-A1h,194.0,2537.pdf,NA,NA,y,SN1P7-2537.pdf
SN1P7,C15-C15y-C15df-C15x-C15a-C15z-C15aa-C15w-C15ab,20771.0,2537.pdf,NA,NA,y,SN1P7-2537.pdf
SN1P7,C1/C1b,1011.0,2537.pdf,NA,NA,y,SN1P7-2537.pdf
SN30P3,C15-C15y-C15df-C15x-C15a-C15z-C15aa-C15w-C15ab,38882.0,2537.pdf,NA,NA,y,SN30P3-2537.pdf
Q15P10,A1k/A1,291.0,2537.pdf,NA,NA,y,Q15P10-2537.pdf
Q15P10,C15-C15y-C15df-C15x-C15a-C15z-C15aa-C15w-C15ab,59266.0,2537.pdf,NA,NA,y,Q15P10-2537.pdf
AM30P5,A1-A1k-A1c-A1h,643.0,2537.pdf,NA,NA,y,AM30P5-2537.pdf
AM30P5,C15-C15y-C15df-C15x-C15a-C15z-C15aa-C15w-C15ab,78550.0,2537.pdf,NA,NA,y,AM30P5-2537.pdf
AM30P5,C15h-C15k,8478.0,2537.pdf,NA,NA,y,AM30P5-2537.pdf
FS15GX10,C15-C15y-C15df-C15x-C15a-C15z-C15aa-C15w-C15ab,29771.0,2537.pdf,NA,NA,y,FS15GX10-2537.pdf
AM15P6,C15-C15y-C15df-C15x-C15a-C15z-C15aa-C15w-C15ab,28789.0,2537.pdf,NA,NA,y,AM15P6-2537.pdf
AM30P8,A1/A1c-A1h,475.0,2537.pdf,NA,NA,y,AM30P8-2537.pdf
AM30P8,C15-C15y-C15df-C15x-C15a-C15z-C15aa-C15w-C15ab,31114.0,2537.pdf,NA,NA,y,AM30P8-2537.pdf
AM30P8,D1/D4/D1d-D6,138.0,2537.pdf,NA,NA,y,AM30P8-2537.pdf
FS1P1,C15/C15r,58454.0,2537.pdf,NA,NA,y,FS1P1-2537.pdf
FS1P5,C15/C15r,63652.0,2537.pdf,NA,NA,y,FS1P5-2537.pdf
FS1P6,C15/C15r,49833.0,2537.pdf,NA,NA,y,FS1P6-2537.pdf
FS1P6,D1/D6-D4-D10,1063.0,2537.pdf,NA,NA,y,FS1P6-2537.pdf
FS15P2,C15/C15r,37921.0,2537.pdf,NA,NA,y,FS15P2-2537.pdf
FS1P2,C15/C15r,41918.0,2537.pdf,NA,NA,y,FS1P2-2537.pdf
FS1P2,D1/D4-D4c-D4f,6763.0,2537.pdf,NA,NA,y,FS1P2-2537.pdf
AF1P10,A1-A1k-A1c-A1h,433.0,2537.pdf,NA,NA,y,AF1P10-2537.pdf
AF1P10,C15/C15r,56208.0,2537.pdf,NA,NA,y,AF1P10-2537.pdf
SN1P2,A1-A1k-A1c-A1h-A1dl,1117.0,2537.pdf,NA,NA,y,SN1P2-2537.pdf
SN1P2,C15/C15r,47309.0,2537.pdf,NA,NA,y,SN1P2-2537.pdf
SN15P1,C15/C116,65204.0,2537.pdf,NA,NA,y,SN15P1-2537.pdf
AM15P7,A1/A1c-A1h,424.0,2537.pdf,NA,NA,y,AM15P7-2537.pdf
AM15P7,C15/C116,47459.0,2537.pdf,NA,NA,y,AM15P7-2537.pdf
SN15P5,C15/C116,43450.0,2537.pdf,NA,NA,y,SN15P5-2537.pdf
SN15P5,D1/D4/D1d-D6,187.0,2537.pdf,NA,NA,y,SN15P5-2537.pdf
AF1P9,A1/A1k-A1c-A1h-A1b,487.0,2537.pdf,NA,NA,y,AF1P9-2537.pdf
AF1P9,C15/C116,46317.0,2537.pdf,NA,NA,y,AF1P9-2537.pdf
SN30P9,C15/C116,21579.0,2537.pdf,NA,NA,y,SN30P9-2537.pdf
SN30P9,D1-D4-D6-D6b,264.0,2537.pdf,NA,NA,y,SN30P9-2537.pdf
SN1M1,A1k/A1,100787.0,2537.pdf,NA,NA,y,SN1M1-2537.pdf
SN1M1,C1/C39/C41/C116-C1b-C72,144.0,2537.pdf,NA,NA,y,SN1M1-2537.pdf
Q1M4,A1k/A1,29694.0,2537.pdf,NA,NA,y,Q1M4-2537.pdf
SN1M4,A1k/A1,42682.0,2537.pdf,NA,NA,y,SN1M4-2537.pdf
SN1M4,C15/C91f,25.0,2537.pdf,NA,NA,y,SN1M4-2537.pdf
SN1M4,C1/C41/C39/C22b-C1b,156.0,2537.pdf,NA,NA,y,SN1M4-2537.pdf
SN1M7,A1k/A1,55196.0,2537.pdf,NA,NA,y,SN1M7-2537.pdf
SN1M7,C15/C116,141.0,2537.pdf,NA,NA,y,SN1M7-2537.pdf
SN1M7,C72/C1-C1b,861.0,2537.pdf,NA,NA,y,SN1M7-2537.pdf
SN1M7,D1-D4-D6b-D6-D1d-D1q-D1j,554.0,2537.pdf,NA,NA,y,SN1M7-2537.pdf
FS15M6,A1k/A1,68046.0,2537.pdf,NA,NA,y,FS15M6-2537.pdf
FS15M6,C15-C1b-C39-C15y-C15a,1561.0,2537.pdf,NA,NA,y,FS15M6-2537.pdf
Q1M1,A1k/A1,28419.0,2537.pdf,NA,NA,y,Q1M1-2537.pdf
Q1M1,D1-D4-D1b-D4c-D4f,223.0,2537.pdf,NA,NA,y,Q1M1-2537.pdf
Q1M3,A1k/A1,41560.0,2537.pdf,NA,NA,y,Q1M3-2537.pdf
Q1M3,C15,94.0,2537.pdf,NA,NA,y,Q1M3-2537.pdf
Q1M3,C41/C1-C41b-C41g-C1b,522.0,2537.pdf,NA,NA,y,Q1M3-2537.pdf
Q1M10,A1k/A1,68658.0,2537.pdf,NA,NA,y,Q1M10-2537.pdf
Q1M10,C1/C39/C41/C116-C1b-C72,2209.0,2537.pdf,NA,NA,y,Q1M10-2537.pdf
FS15SE10,A1k/A1,55381.0,2537.pdf,NA,NA,y,FS15SE10-2537.pdf
FS15SE10,C72/C1-C72a-C1b-C72b-C72c-C72d,1913.0,2537.pdf,NA,NA,y,FS15SE10-2537.pdf
FS15SE10,C7,145.0,2537.pdf,NA,NA,y,FS15SE10-2537.pdf
FS15SE10,D1-D4-D6-D6b-D1d-D1i-D1j-D10,281.0,2537.pdf,NA,NA,y,FS15SE10-2537.pdf
SN1M8,A1k/A1,36191.0,2537.pdf,NA,NA,y,SN1M8-2537.pdf
SN1M8,C15-C15y-C15df-C15x-C15a-C15z-C15aa-C15w-C15ab,1797.0,2537.pdf,NA,NA,y,SN1M8-2537.pdf
SN1M8,C72,202.0,2537.pdf,NA,NA,y,SN1M8-2537.pdf
SN1M8,D1-D4-D6-D6b-D1d-D1i-D1j-D10,275.0,2537.pdf,NA,NA,y,SN1M8-2537.pdf
Q1M2,A1k/A1,25476.0,2537.pdf,NA,NA,y,Q1M2-2537.pdf
Q1M2,C15/C41,340.0,2537.pdf,NA,NA,y,Q1M2-2537.pdf
Q1M2,C1/C39,153.0,2537.pdf,NA,NA,y,Q1M2-2537.pdf
Q1M2,D1-D4-D1b-D4c-D4f,1619.0,2537.pdf,NA,NA,y,Q1M2-2537.pdf
Q1M6,A1k/A1,80891.0,2537.pdf,NA,NA,y,Q1M6-2537.pdf
Q1M6,C15/C1b/C72/C39/C116,5306.0,2537.pdf,NA,NA,y,Q1M6-2537.pdf
Q1M7,A1k/A1,58650.0,2537.pdf,NA,NA,y,Q1M7-2537.pdf
Q1M7,C1/C39/C41-C1b-C1w-C39a,6568.0,2537.pdf,NA,NA,y,Q1M7-2537.pdf
Q1M7,C22b/C15/C15r,1209.0,2537.pdf,NA,NA,y,Q1M7-2537.pdf
Q1M8,A1k/A1,74847.0,2537.pdf,NA,NA,y,Q1M8-2537.pdf
Q1M8,C1/C39/C41/C116-C1b-C72,8893.0,2537.pdf,NA,NA,y,Q1M8-2537.pdf
Q1M8,D1/D4/D1d-D6,308.0,2537.pdf,NA,NA,y,Q1M8-2537.pdf
Q15M7,A1k/A1,61474.0,2537.pdf,NA,NA,y,Q15M7-2537.pdf
Q15M7,C1/C39/C41-C1b-C1w-C39a,11290.0,2537.pdf,NA,NA,y,Q15M7-2537.pdf
T15M3,A1k/A1,144096.0,2537.pdf,NA,NA,y,T15M3-2537.pdf
T15M3,C1-C1b-C39-C41-C1ae-C41f-C1af-C39a,24937.0,2537.pdf,NA,NA,y,T15M3-2537.pdf
T15M3,C15/C116,11106.0,2537.pdf,NA,NA,y,T15M3-2537.pdf
T15M3,D1-D4-D4c-D6-D2-D1c-D4f,6776.0,2537.pdf,NA,NA,y,T15M3-2537.pdf
SN1GX1,C1/C39-C1b-C1af-C39a,41130.0,2537.pdf,NA,NA,y,SN1GX1-2537.pdf
Q15GX10,C1/C39-C1b-C1af-C39a,42915.0,2537.pdf,NA,NA,y,Q15GX10-2537.pdf
AF1GX9,C1/C39-C1b-C1af-C39a,46522.0,2537.pdf,NA,NA,y,AF1GX9-2537.pdf
Q15GX6,C1/C39-C1b-C1af-C39a,53977.0,2537.pdf,NA,NA,y,Q15GX6-2537.pdf
Q15GX9,C1/C39-C1b-C1af-C39a,61963.0,2537.pdf,NA,NA,y,Q15GX9-2537.pdf
AM15GX9,C1/C39-C1b-C1af-C39a,32754.0,2537.pdf,NA,NA,y,AM15GX9-2537.pdf
AF1GX10,C1/C39-C1b-C1af-C39a,92231.0,2537.pdf,NA,NA,y,AF1GX10-2537.pdf
AM15GX3,C1/C39-C1b-C1af-C39a,76873.0,2537.pdf,NA,NA,y,AM15GX3-2537.pdf
AM15GX5,C1/C39-C1b-C1af-C39a,92869.0,2537.pdf,NA,NA,y,AM15GX5-2537.pdf
AM1GX3,C1/C39-C1b-C1af-C39a,75179.0,2537.pdf,NA,NA,y,AM1GX3-2537.pdf
AM15GX6,C1/C39-C1b-C1af-C39a,29405.0,2537.pdf,NA,NA,y,AM15GX6-2537.pdf
AF15GX6,A1-A1k-A1c-A1h,363.0,2537.pdf,NA,NA,y,AF15GX6-2537.pdf
AF15GX6,C1/C39-C1b-C1af-C39a,57223.0,2537.pdf,NA,NA,y,AF15GX6-2537.pdf
AM15GX8,C1/C39-C1b-C1af-C39a,27011.0,2537.pdf,NA,NA,y,AM15GX8-2537.pdf
AM30GX1,C1/C39-C1b-C1af-C39a,71592.0,2537.pdf,NA,NA,y,AM30GX1-2537.pdf
AM15GX7,C1/C39-C1b-C1af-C39a,22782.0,2537.pdf,NA,NA,y,AM15GX7-2537.pdf
AF15GX8,A1-A1k-A1c-A1h-A1bf-A1bw-A1bx,288.0,2537.pdf,NA,NA,y,AF15GX8-2537.pdf
AF15GX8,C1/C39-C1b-C1af-C39a,96141.0,2537.pdf,NA,NA,y,AF15GX8-2537.pdf
Q1G5,C116-C116f-C116e-C116d,16245.0,2537.pdf,NA,NA,y,Q1G5-2537.pdf
Q1G5,D1-D4-D6-D2b-D1d-D2a,5324.0,2537.pdf,NA,NA,y,Q1G5-2537.pdf
T15SE7,A1-A1x-A1r-A1u-A1g,18563.0,2537.pdf,NA,NA,y,T15SE7-2537.pdf
T15SE7,C116-C116f-C116e-C116d,49416.0,2537.pdf,NA,NA,y,T15SE7-2537.pdf
T15SE10,A1-A1eo-A1dl,19381.0,2537.pdf,NA,NA,y,T15SE10-2537.pdf
T15SE10,C116-C116f-C116e-C116d,32891.0,2537.pdf,NA,NA,y,T15SE10-2537.pdf
SN15G4,C116-C116f-C116e-C116d,36790.0,2537.pdf,NA,NA,y,SN15G4-2537.pdf
SN15G4,D1-D4-D6-D6b-D1d-D1i-D1j-D10,35169.0,2537.pdf,NA,NA,y,SN15G4-2537.pdf
T15M5,A1/A1k-A1c-A1h-A1b,94391.0,2537.pdf,NA,NA,y,T15M5-2537.pdf
T15M5,C15/C1b/C72/C39/C116,20032.0,2537.pdf,NA,NA,y,T15M5-2537.pdf
T15M5,D1-D4-D6-D4c-D4f,5648.0,2537.pdf,NA,NA,y,T15M5-2537.pdf
Q1P7,A1-A1k-A1c-A1h,339.0,2537.pdf,NA,NA,y,Q1P7-2537.pdf
Q1P7,C22b/C15/C15r,29527.0,2537.pdf,NA,NA,y,Q1P7-2537.pdf
T1P8,A1-A1k-A1c-A1g-A1h,472.0,2537.pdf,NA,NA,y,T1P8-2537.pdf
T1P8,C22b/C15/C15r,44162.0,2537.pdf,NA,NA,y,T1P8-2537.pdf
T1P8,D1/D4-D4c-D4f,519.0,2537.pdf,NA,NA,y,T1P8-2537.pdf
Q15P1,C22b/C15/C15r,31170.0,2537.pdf,NA,NA,y,Q15P1-2537.pdf
Q15P2,C22b/C15/C15r,21422.0,2537.pdf,NA,NA,y,Q15P2-2537.pdf
AF1P7,C22b/C15/C15r,57976.0,2537.pdf,NA,NA,y,AF1P7-2537.pdf
AF1P8,A1-A1k-A1c-A1h,2023.0,2537.pdf,NA,NA,y,AF1P8-2537.pdf
AF1P8,C22b/C15/C15r,60119.0,2537.pdf,NA,NA,y,AF1P8-2537.pdf
AF1P8,C15an,4451.0,2537.pdf,NA,NA,y,AF1P8-2537.pdf
AF1P8,D1-D4-D6-D4c-D4f,632.0,2537.pdf,NA,NA,y,AF1P8-2537.pdf
FS1P8,A1-A1k-A1c-A1g-A1h,568.0,2537.pdf,NA,NA,y,FS1P8-2537.pdf
FS1P8,C22b/C15/C15r,31211.0,2537.pdf,NA,NA,y,FS1P8-2537.pdf
FS1P8,D1-D4-D6-D4c-D10,2089.0,2537.pdf,NA,NA,y,FS1P8-2537.pdf
SN15G1,D1-D4-D6-D6b,40722.0,2537.pdf,NA,NA,y,SN15G1-2537.pdf
FS1GX7,D1-D4-D1p-D6,46009.0,2537.pdf,NA,NA,y,FS1GX7-2537.pdf
FS1GX10,D1-D4-D1p-D6,73675.0,2537.pdf,NA,NA,y,FS1GX10-2537.pdf
FS1GX3,C15h/C15,208.0,2537.pdf,NA,NA,y,FS1GX3-2537.pdf
FS1GX3,C3/C3au,38.0,2537.pdf,NA,NA,y,FS1GX3-2537.pdf
FS1GX3,D1-D4-D1p-D6,73081.0,2537.pdf,NA,NA,y,FS1GX3-2537.pdf
Q1G3,D1-D4-D6-D2b-D1d-D2a,42573.0,2537.pdf,NA,NA,y,Q1G3-2537.pdf
Q1G4,A1-A1k-A1c-A1h-A1dl,747.0,2537.pdf,NA,NA,y,Q1G4-2537.pdf
Q1G4,C1/C39/C41/C116-C1b-C72,663.0,2537.pdf,NA,NA,y,Q1G4-2537.pdf
Q1G4,C15-C15y-C15a-C15ab-C15w,387.0,2537.pdf,NA,NA,y,Q1G4-2537.pdf
Q1G4,D1-D4-D6-D2b-D1d-D2a,38992.0,2537.pdf,NA,NA,y,Q1G4-2537.pdf
AF15G1,A1/A1t-A1k-A1c-A1h,1361.0,2537.pdf,NA,NA,y,AF15G1-2537.pdf
AF15G1,C1/C39/C41/C116-C1b-C72,2785.0,2537.pdf,NA,NA,y,AF15G1-2537.pdf
AF15G1,C15-C15y-C15a-C15ab-C15w,1564.0,2537.pdf,NA,NA,y,AF15G1-2537.pdf
AF15G1,D1-D4-D6-D2b-D1d-D2a,111465.0,2537.pdf,NA,NA,y,AF15G1-2537.pdf
AF15G2,A1/A1k-A1c-A1h-A1b,2080.0,2537.pdf,NA,NA,y,AF15G2-2537.pdf
AF15G2,C15/C1b/C72/C39/C116,3468.0,2537.pdf,NA,NA,y,AF15G2-2537.pdf
AF15G2,D1-D4-D6-D2b-D1d-D2a,139197.0,2537.pdf,NA,NA,y,AF15G2-2537.pdf
Q15G2,C116/C39-C1-C116l-C39k-C3cx,16653.0,2537.pdf,NA,NA,y,Q15G2-2537.pdf
Q15G2,D1-D4-D6-D2b-D1d-D2a,52638.0,2537.pdf,NA,NA,y,Q15G2-2537.pdf
Q1G2,C39/C1-C39c-C39d,13970.0,2537.pdf,NA,NA,y,Q1G2-2537.pdf
Q1G2,D1-D4-D6-D2b-D1d-D2a,19118.0,2537.pdf,NA,NA,y,Q1G2-2537.pdf
AF15GX4,A1/A1t-A1k-A1c-A1h,412.0,2537.pdf,NA,NA,y,AF15GX4-2537.pdf
AF15GX4,C15/C1b/C72/C39/C116,575.0,2537.pdf,NA,NA,y,AF15GX4-2537.pdf
AF15GX4,D1/D4-D4c-D4f,107674.0,2537.pdf,NA,NA,y,AF15GX4-2537.pdf
SN15G7,C1/C39/C41/C116-C1b-C72,1400.0,2537.pdf,NA,NA,y,SN15G7-2537.pdf
SN15G7,D1-D4-D6b-D6-D1d-D1q-D1j,49756.0,2537.pdf,NA,NA,y,SN15G7-2537.pdf
SN15G10,C116-C116f-C116e-C116d,934.0,2537.pdf,NA,NA,y,SN15G10-2537.pdf
SN15G10,C72/C1-C1b,15.0,2537.pdf,NA,NA,y,SN15G10-2537.pdf
SN15G10,D1-D4-D6b-D6-D1d-D1q-D1j,45037.0,2537.pdf,NA,NA,y,SN15G10-2537.pdf
SN15G9,C116-C116f-C116e-C116d,2576.0,2537.pdf,NA,NA,y,SN15G9-2537.pdf
SN15G9,D1-D4-D6b-D6-D1d-D1q-D1j,44655.0,2537.pdf,NA,NA,y,SN15G9-2537.pdf
SN15G8,C116-C116f-C116e-C116d,1466.0,2537.pdf,NA,NA,y,SN15G8-2537.pdf
SN15G8,C1/C39,26.0,2537.pdf,NA,NA,y,SN15G8-2537.pdf
SN15G8,D1-D4-D6b-D6-D1d-D1q-D1j,35110.0,2537.pdf,NA,NA,y,SN15G8-2537.pdf
Q30GX2,C1-C1b-C39-C41-C1ae-C1af,78703.0,2537.pdf,NA,NA,y,Q30GX2-2537.pdf
Q30GX3,C1-C1b-C39-C41-C1ae-C1af,51437.0,2537.pdf,NA,NA,y,Q30GX3-2537.pdf
FS15GX4,C1-C1b-C39-C41-C1ae-C1af,51464.0,2537.pdf,NA,NA,y,FS15GX4-2537.pdf
FS15GX9,C1-C1b-C39-C41-C1ae-C1af,34136.0,2537.pdf,NA,NA,y,FS15GX9-2537.pdf
FS15GX7,C1-C1b-C39-C41-C1ae-C1af,33612.0,2537.pdf,NA,NA,y,FS15GX7-2537.pdf
FS15GX7,D1-D4-D1c-D17d-D1r-D17e-D17c,9353.0,2537.pdf,NA,NA,y,FS15GX7-2537.pdf
SN1ST5,A1-A1dl-A1bh,115440.0,2537.pdf,NA,NA,y,SN1ST5-2537.pdf
SN1ST5,C15/C22b/C15h,17.0,2537.pdf,NA,NA,y,SN1ST5-2537.pdf
SN1ST5,C7,21.0,2537.pdf,NA,NA,y,SN1ST5-2537.pdf
SN1ST5,C1/C72/C41-C1b,127.0,2537.pdf,NA,NA,y,SN1ST5-2537.pdf
SN1ST3,A1-A1dl-A1bh,135724.0,2537.pdf,NA,NA,y,SN1ST3-2537.pdf
SN1ST3,C1-C1b-C39-C41-C1ae-C41f-C1af-C39a,400.0,2537.pdf,NA,NA,y,SN1ST3-2537.pdf
SN1ST3,C7,131.0,2537.pdf,NA,NA,y,SN1ST3-2537.pdf
SN1ST3,D1-D4-D6-D6b,229.0,2537.pdf,NA,NA,y,SN1ST3-2537.pdf
SN1ST6,A1-A1dl-A1bh,94296.0,2537.pdf,NA,NA,y,SN1ST6-2537.pdf
SN1ST6,D1/D6-D4-D2.2-D17,435.0,2537.pdf,NA,NA,y,SN1ST6-2537.pdf
SN1ST1,A1-A1dl-A1bh,126810.0,2537.pdf,NA,NA,y,SN1ST1-2537.pdf
SN1ST1,C7,54.0,2537.pdf,NA,NA,y,SN1ST1-2537.pdf
SN1ST1,C1/C41/C39/C22b-C1b,343.0,2537.pdf,NA,NA,y,SN1ST1-2537.pdf
SN1ST1,D1-D4-D6-D6b,292.0,2537.pdf,NA,NA,y,SN1ST1-2537.pdf
SN1ST2,A1-A1dl-A1bh,95641.0,2537.pdf,NA,NA,y,SN1ST2-2537.pdf
SN1ST2,C1/C39/C41/C116-C1b-C72,793.0,2537.pdf,NA,NA,y,SN1ST2-2537.pdf
SN1ST2,C7,236.0,2537.pdf,NA,NA,y,SN1ST2-2537.pdf
SN1ST2,D1-D4-D6-D6b-D1d-D1i-D1j-D10,556.0,2537.pdf,NA,NA,y,SN1ST2-2537.pdf
SN1ST8,A1-A1dl-A1bh,44853.0,2537.pdf,NA,NA,y,SN1ST8-2537.pdf
SN1ST8,C1/C39/C41/C116-C1b-C72,349.0,2537.pdf,NA,NA,y,SN1ST8-2537.pdf
SN1ST8,C15/C91f,133.0,2537.pdf,NA,NA,y,SN1ST8-2537.pdf
SN1ST8,D1-D4-D6-D6b-D1d-D1i-D1j-D10,502.0,2537.pdf,NA,NA,y,SN1ST8-2537.pdf
SN1ST7,A1-A1dl-A1bh,33358.0,2537.pdf,NA,NA,y,SN1ST7-2537.pdf
SN1ST7,C1/C39/C41/C116-C1b-C72,659.0,2537.pdf,NA,NA,y,SN1ST7-2537.pdf
SN1ST7,C15/C91f,389.0,2537.pdf,NA,NA,y,SN1ST7-2537.pdf
SN1ST7,D1/D6-D4-D2.2-D17,662.0,2537.pdf,NA,NA,y,SN1ST7-2537.pdf
SN15ST10,A1-A1dl-A1bh,57764.0,2537.pdf,NA,NA,y,SN15ST10-2537.pdf
SN15ST10,C15/C116,602.0,2537.pdf,NA,NA,y,SN15ST10-2537.pdf
SN15ST10,C72-C1-C72f-C72g,5845.0,2537.pdf,NA,NA,y,SN15ST10-2537.pdf
SN15ST10,D1-D4-D6b-D6-D1d-D1q-D1j,688.0,2537.pdf,NA,NA,y,SN15ST10-2537.pdf
Q1ST4,A1-A1dl-A1bh,30560.0,2537.pdf,NA,NA,y,Q1ST4-2537.pdf
Q1ST4,C15/C116,44.0,2537.pdf,NA,NA,y,Q1ST4-2537.pdf
Q1ST4,C41/C1-C41b-C41g-C1b,199.0,2537.pdf,NA,NA,y,Q1ST4-2537.pdf
Q1ST4,D1-D4-D1b-D4c-D4f,352.0,2537.pdf,NA,NA,y,Q1ST4-2537.pdf
SN1ST10,A1-A1dl-A1bh,42374.0,2537.pdf,NA,NA,y,SN1ST10-2537.pdf
SN1ST10,C1/C39-C1b,1463.0,2537.pdf,NA,NA,y,SN1ST10-2537.pdf
SN1ST10,C15/C116/C15h,11019.0,2537.pdf,NA,NA,y,SN1ST10-2537.pdf
SN1ST10,D1/D6-D4-D2.2-D17,462.0,2537.pdf,NA,NA,y,SN1ST10-2537.pdf
AM1ST2,A1-A1dl-A1bh,67577.0,2537.pdf,NA,NA,y,AM1ST2-2537.pdf
AM1ST2,C1/C39/C41-C1b-C1w-C39a,233.0,2537.pdf,NA,NA,y,AM1ST2-2537.pdf
AM1ST2,C15/C116/C15h,68.0,2537.pdf,NA,NA,y,AM1ST2-2537.pdf
AM1ST2,D1-D4-D1b-D4c-D4f,7277.0,2537.pdf,NA,NA,y,AM1ST2-2537.pdf
SN1ST9,A1-A1dl-A1bh,24915.0,2537.pdf,NA,NA,y,SN1ST9-2537.pdf
SN1ST9,C15h-C15as-C15t-C15at,16418.0,2537.pdf,NA,NA,y,SN1ST9-2537.pdf
SN30ST10,A1-A1k-A1c-A1h,455.0,2537.pdf,NA,NA,y,SN30ST10-2537.pdf
SN30ST10,C72/C1-C1b,56248.0,2537.pdf,NA,NA,y,SN30ST10-2537.pdf
SN30ST7,A1-A1k-A1c-A1h,511.0,2537.pdf,NA,NA,y,SN30ST7-2537.pdf
SN30ST7,C72/C1-C1b,61396.0,2537.pdf,NA,NA,y,SN30ST7-2537.pdf
SN30ST7,D1-D4-D6-D6b,189.0,2537.pdf,NA,NA,y,SN30ST7-2537.pdf
SN15ST9,C72/C1-C1b,39004.0,2537.pdf,NA,NA,y,SN15ST9-2537.pdf
SN15ST2,C72/C1-C1b,14107.0,2537.pdf,NA,NA,y,SN15ST2-2537.pdf
SN15ST2,D1/D6-D4-D10,217.0,2537.pdf,NA,NA,y,SN15ST2-2537.pdf
SN30ST2,A1-A1k-A1c-A1h,267.0,2537.pdf,NA,NA,y,SN30ST2-2537.pdf
SN30ST2,C72/C1-C1b,11109.0,2537.pdf,NA,NA,y,SN30ST2-2537.pdf
SN30ST2,D1-D4-D4c-D4f-D3b-D1c,438.0,2537.pdf,NA,NA,y,SN30ST2-2537.pdf
SN15ST7,A1-A1cp-A1g,7235.0,2537.pdf,NA,NA,y,SN15ST7-2537.pdf
SN15ST7,C72/C1-C1b,31508.0,2537.pdf,NA,NA,y,SN15ST7-2537.pdf
SN15ST3,C72/C1-C1b,23448.0,2537.pdf,NA,NA,y,SN15ST3-2537.pdf
SN15ST3,D1/D4-D4c-D4f,248.0,2537.pdf,NA,NA,y,SN15ST3-2537.pdf
SN15ST1,C72/C1-C1b,17464.0,2537.pdf,NA,NA,y,SN15ST1-2537.pdf
SN15P7,C15/C91f,10313.0,2537.pdf,NA,NA,y,SN15P7-2537.pdf
SN15P7,D1-D4-D6b-D6-D1d-D1q-D1j,349.0,2537.pdf,NA,NA,y,SN15P7-2537.pdf
T1P4,A1/A1l/A1g-A1o-A1p,922.0,2537.pdf,NA,NA,y,T1P4-2537.pdf
T1P4,C15/C22b/C15h,63172.0,2537.pdf,NA,NA,y,T1P4-2537.pdf
T1P4,C3/C3au,4986.0,2537.pdf,NA,NA,y,T1P4-2537.pdf
T1P4,D1-D4-D2-D4c-D4f,1039.0,2537.pdf,NA,NA,y,T1P4-2537.pdf
T1P9,A1-A1k-A1c-A1g-A1h,566.0,2537.pdf,NA,NA,y,T1P9-2537.pdf
T1P9,C15/C22b/C15h,21622.0,2537.pdf,NA,NA,y,T1P9-2537.pdf
T1P9,D1-D4-D6-D4c-D4f,420.0,2537.pdf,NA,NA,y,T1P9-2537.pdf
T1P6,A1/A1l/A1g-A1o-A1p,860.0,2537.pdf,NA,NA,y,T1P6-2537.pdf
T1P6,C15/C22b/C15h,49233.0,2537.pdf,NA,NA,y,T1P6-2537.pdf
T1P6,C15j,22740.0,2537.pdf,NA,NA,y,T1P6-2537.pdf
T1P6,D1/D4-D4c-D4f,607.0,2537.pdf,NA,NA,y,T1P6-2537.pdf
SN15PC3,A1/A1c-A1h,46699.0,2537.pdf,NA,NA,y,SN15PC3-2537.pdf
SN15PC3,C1/C39/C41/C116-C1b-C72,335.0,2537.pdf,NA,NA,y,SN15PC3-2537.pdf
SN15PC3,D1-D4-D6-D6b,284.0,2537.pdf,NA,NA,y,SN15PC3-2537.pdf
SN30PC1,A1/A1c-A1h,17659.0,2537.pdf,NA,NA,y,SN30PC1-2537.pdf
SN30PC1,D1-D4-D4c-D4f-D3b-D1c,459.0,2537.pdf,NA,NA,y,SN30PC1-2537.pdf
Q30PC4,A1/A1c-A1h,158242.0,2537.pdf,NA,NA,y,Q30PC4-2537.pdf
Q30PC4,C1-C1b-C41-C1h-C39,3640.0,2537.pdf,NA,NA,y,Q30PC4-2537.pdf
Q1PC1,A1/A1c-A1h,24870.0,2537.pdf,NA,NA,y,Q1PC1-2537.pdf
AM30PC7,A1/A1c-A1h,65165.0,2537.pdf,NA,NA,y,AM30PC7-2537.pdf
AM30PC7,C72/C1-C72a-C1b-C72b-C72c-C72d,2442.0,2537.pdf,NA,NA,y,AM30PC7-2537.pdf
AM30PC7,C15,291.0,2537.pdf,NA,NA,y,AM30PC7-2537.pdf
Q1PC6,A1/A1c-A1h,44342.0,2537.pdf,NA,NA,y,Q1PC6-2537.pdf
Q1PC6,C1/C39/C41/C116-C1b-C72,3976.0,2537.pdf,NA,NA,y,Q1PC6-2537.pdf
Q1PC6,D1-D4-D6-D4c-D10,326.0,2537.pdf,NA,NA,y,Q1PC6-2537.pdf
T1ST2,A1/A1l/A1g-A1o-A1p,104398.0,2537.pdf,NA,NA,y,T1ST2-2537.pdf
T1ST2,C3-C3au-C29-C3bk,1487.0,2537.pdf,NA,NA,y,T1ST2-2537.pdf
T1ST2,C15/C22b,38.0,2537.pdf,NA,NA,y,T1ST2-2537.pdf
T1ST2,D1/D4-D4c-D2,196.0,2537.pdf,NA,NA,y,T1ST2-2537.pdf
T1ST9,A1/A1l/A1g-A1o-A1p,57596.0,2537.pdf,NA,NA,y,T1ST9-2537.pdf
T1ST9,C1-C1b-C39-C41-C1ae-C41f-C1af-C39a,793.0,2537.pdf,NA,NA,y,T1ST9-2537.pdf
T1ST9,D1-D4-D6-D4c-D4f,1086.0,2537.pdf,NA,NA,y,T1ST9-2537.pdf
T1ST4,A1/A1l/A1g-A1o-A1p,92959.0,2537.pdf,NA,NA,y,T1ST4-2537.pdf
T1ST4,C3/C3au,2090.0,2537.pdf,NA,NA,y,T1ST4-2537.pdf
T1ST4,C15h/C15t,11981.0,2537.pdf,NA,NA,y,T1ST4-2537.pdf
T1ST4,D1-D4-D2-D4c-D4f,941.0,2537.pdf,NA,NA,y,T1ST4-2537.pdf
FS1PC9,A1/A1l/A1g-A1o-A1p,65742.0,2537.pdf,NA,NA,y,FS1PC9-2537.pdf
FS1PC9,C15h/C15,208.0,2537.pdf,NA,NA,y,FS1PC9-2537.pdf
FS1PC9,C1/C39-C72-C1b-C116,339.0,2537.pdf,NA,NA,y,FS1PC9-2537.pdf
FS1PC9,D1-D4-D1p-D6,858.0,2537.pdf,NA,NA,y,FS1PC9-2537.pdf
T1ST7,A1/A1l/A1g-A1o-A1p,44315.0,2537.pdf,NA,NA,y,T1ST7-2537.pdf
T1ST7,D1/D4-D4c-D4f,9378.0,2537.pdf,NA,NA,y,T1ST7-2537.pdf
T15ST6,A1/A1l/A1g-A1o-A1p,43912.0,2537.pdf,NA,NA,y,T15ST6-2537.pdf
T15ST6,C1-C1b-C41f-C39-C41-C41a-C41e-C1ae-C1f-C1w,13894.0,2537.pdf,NA,NA,y,T15ST6-2537.pdf
T15ST6,C15/C116,418.0,2537.pdf,NA,NA,y,T15ST6-2537.pdf
FS1PC7,A1/A1l/A1g-A1o-A1p,34054.0,2537.pdf,NA,NA,y,FS1PC7-2537.pdf
FS1PC7,C15/C22b/C15h,601.0,2537.pdf,NA,NA,y,FS1PC7-2537.pdf
FS1PC7,C1/C72/C41-C1b,1733.0,2537.pdf,NA,NA,y,FS1PC7-2537.pdf
FS1PC7,D1-D4-D1p-D6,1489.0,2537.pdf,NA,NA,y,FS1PC7-2537.pdf
T15ST7,A1/A1l/A1g-A1o-A1p,63518.0,2537.pdf,NA,NA,y,T15ST7-2537.pdf
T15ST7,C1-C1b-C39-C41-C1ae-C1af,23449.0,2537.pdf,NA,NA,y,T15ST7-2537.pdf
FS1ST3,A1/A1l/A1g-A1o-A1p,57105.0,2537.pdf,NA,NA,y,FS1ST3-2537.pdf
FS1ST3,C1-C1b-C39-C41-C1ae-C41f-C1af-C39a,1620.0,2537.pdf,NA,NA,y,FS1ST3-2537.pdf
FS1ST3,C15/C15r,791.0,2537.pdf,NA,NA,y,FS1ST3-2537.pdf
FS1ST3,D1-D4-D6-D4c-D10,14982.0,2537.pdf,NA,NA,y,FS1ST3-2537.pdf
AF15SE6,A1-A1x-A1r-A1u-A1g,97251.0,2537.pdf,NA,NA,y,AF15SE6-2537.pdf
AF15SE6,C1/C39/C41/C116-C1b-C72,1003.0,2537.pdf,NA,NA,y,AF15SE6-2537.pdf
AF15SE7,A1-A1x-A1r-A1u-A1g,122220.0,2537.pdf,NA,NA,y,AF15SE7-2537.pdf
AF15SE7,C1/C39-C1b-C1af-C39a,409.0,2537.pdf,NA,NA,y,AF15SE7-2537.pdf
AF15SE7,C15/C116/C15h,91.0,2537.pdf,NA,NA,y,AF15SE7-2537.pdf
Q30SE4,A1-A1x-A1r-A1u-A1g,99515.0,2537.pdf,NA,NA,y,Q30SE4-2537.pdf
Q30SE4,C1/C39/C41-C1b-C1w-C39a,392.0,2537.pdf,NA,NA,y,Q30SE4-2537.pdf
Q30SE4,C15/C116,19.0,2537.pdf,NA,NA,y,Q30SE4-2537.pdf
Q30SE2,A1-A1x-A1r-A1u-A1g,151032.0,2537.pdf,NA,NA,y,Q30SE2-2537.pdf
Q30SE2,C1/C39/C41/C116-C1b-C72,2466.0,2537.pdf,NA,NA,y,Q30SE2-2537.pdf
Q30SE2,D1-D4-D6-D2b-D1d-D2a,1883.0,2537.pdf,NA,NA,y,Q30SE2-2537.pdf
Q30SE7,A1-A1x-A1r-A1u-A1g,78344.0,2537.pdf,NA,NA,y,Q30SE7-2537.pdf
Q30SE7,C72/C1-C72a-C1b-C72b-C72c-C72d,1030.0,2537.pdf,NA,NA,y,Q30SE7-2537.pdf
Q30SE7,D1-D4-D4c-D4f-D3b-D1c,534.0,2537.pdf,NA,NA,y,Q30SE7-2537.pdf
FS15SE1,A1-A1x-A1r-A1u-A1g,80445.0,2537.pdf,NA,NA,y,FS15SE1-2537.pdf
FS15SE1,C1/C39/C41-C1b-C1w-C39a,4888.0,2537.pdf,NA,NA,y,FS15SE1-2537.pdf
Q30SE10,A1-A1x-A1r-A1u-A1g,76729.0,2537.pdf,NA,NA,y,Q30SE10-2537.pdf
Q30SE10,C72/C1-C72a-C1b-C72b-C72c-C72d,2947.0,2537.pdf,NA,NA,y,Q30SE10-2537.pdf
Q30SE10,D1-D4-D4c-D4f-D3b-D1c,1762.0,2537.pdf,NA,NA,y,Q30SE10-2537.pdf
T15SE9,A1-A1x-A1r-A1u-A1g,51068.0,2537.pdf,NA,NA,y,T15SE9-2537.pdf
T15SE9,C1-C1b-C39-C41-C1ae-C41f-C1af-C39a,7739.0,2537.pdf,NA,NA,y,T15SE9-2537.pdf
T15SE9,D1-D4-D4c-D4f-D3b-D1c,1043.0,2537.pdf,NA,NA,y,T15SE9-2537.pdf
Q30SE9,A1-A1x-A1r-A1u-A1g,94603.0,2537.pdf,NA,NA,y,Q30SE9-2537.pdf
Q30SE9,C72/C1-C72a-C1b-C72b-C72c-C72d,10794.0,2537.pdf,NA,NA,y,Q30SE9-2537.pdf
Q30SE9,D1-D4-D6-D4c-D4f,7259.0,2537.pdf,NA,NA,y,Q30SE9-2537.pdf
Q30SE8,A1-A1x-A1r-A1u-A1g,77108.0,2537.pdf,NA,NA,y,Q30SE8-2537.pdf
Q30SE8,C72/C1-C72a-C1b-C72b-C72c-C72d,10053.0,2537.pdf,NA,NA,y,Q30SE8-2537.pdf
Q30SE8,D1-D4-D4c-D4f-D3b-D1c,7056.0,2537.pdf,NA,NA,y,Q30SE8-2537.pdf
T15SE8,A1-A1x-A1r-A1u-A1g,5005.0,2537.pdf,NA,NA,y,T15SE8-2537.pdf
T15SE8,C116-C116f-C116e-C116d,4508.0,2537.pdf,NA,NA,y,T15SE8-2537.pdf
SN30P4,C15h/C15,27316.0,2537.pdf,NA,NA,y,SN30P4-2537.pdf
SN30P4,C1/C39,672.0,2537.pdf,NA,NA,y,SN30P4-2537.pdf
SN1PC7,A1-A1k-A1c-A1h,228.0,2537.pdf,NA,NA,y,SN1PC7-2537.pdf
SN1PC7,D1/D6-D4-D2.2-D17,42264.0,2537.pdf,NA,NA,y,SN1PC7-2537.pdf
SN15PC6,A1-A1c-A1h-A1q-A1i,17883.0,2537.pdf,NA,NA,y,SN15PC6-2537.pdf
SN15PC6,C15-C15y-C15a-C15ab-C15w,137.0,2537.pdf,NA,NA,y,SN15PC6-2537.pdf
SN15PC6,C1/C72/C39/C1b,312.0,2537.pdf,NA,NA,y,SN15PC6-2537.pdf
SN15PC6,D1/D6-D4-D2.2-D17,36454.0,2537.pdf,NA,NA,y,SN15PC6-2537.pdf
AM1G5,C1/C39-C1b,80225.0,2537.pdf,NA,NA,y,AM1G5-2537.pdf
AM30P6,A1/A1c-A1h,419.0,2537.pdf,NA,NA,y,AM30P6-2537.pdf
AM30P6,C3-C3au-C29-C3bk,59721.0,2537.pdf,NA,NA,y,AM30P6-2537.pdf
Q30M7,A1,99129.0,2537.pdf,NA,NA,y,Q30M7-2537.pdf
Q30M7,C72/C1-C72a-C1b-C72b-C72c-C72d,2436.0,2537.pdf,NA,NA,y,Q30M7-2537.pdf
Q30M7,D1-D4-D4c-D4f-D3b-D1c,1524.0,2537.pdf,NA,NA,y,Q30M7-2537.pdf
T1ST8,A1,44976.0,2537.pdf,NA,NA,y,T1ST8-2537.pdf
T1ST8,C1-C1b-C39-C41-C1ae-C1af,464.0,2537.pdf,NA,NA,y,T1ST8-2537.pdf
T1ST8,C15/C22b,112.0,2537.pdf,NA,NA,y,T1ST8-2537.pdf
T1ST8,D1-D4-D6-D4c-D4f,1044.0,2537.pdf,NA,NA,y,T1ST8-2537.pdf
FS1ST5,A1,70448.0,2537.pdf,NA,NA,y,FS1ST5-2537.pdf
FS1ST5,C15r/C15h/C15,7418.0,2537.pdf,NA,NA,y,FS1ST5-2537.pdf
FS1ST5,D1-D4-D6b-D6-D1d-D1q-D1j,530.0,2537.pdf,NA,NA,y,FS1ST5-2537.pdf
T15SE6,A1,69611.0,2537.pdf,NA,NA,y,T15SE6-2537.pdf
T15SE6,C15-C15y-C15a-C15ab-C15w,1087.0,2537.pdf,NA,NA,y,T15SE6-2537.pdf
T15SE6,C1-C1b-C41f-C39-C41-C41a-C41e-C1ae-C1f-C1w,1925.0,2537.pdf,NA,NA,y,T15SE6-2537.pdf
T15SE6,D1/D4/D4c,354.0,2537.pdf,NA,NA,y,T15SE6-2537.pdf
T15SE2,A1,114091.0,2537.pdf,NA,NA,y,T15SE2-2537.pdf
T15SE2,C15/C1b/C72/C39/C116,6433.0,2537.pdf,NA,NA,y,T15SE2-2537.pdf
T15SE2,D1-D4-D6-D4c-D10,1660.0,2537.pdf,NA,NA,y,T15SE2-2537.pdf
FS1ST10,A1,32515.0,2537.pdf,NA,NA,y,FS1ST10-2537.pdf
FS1ST10,C15h-C15as-C15at-C15au,8458.0,2537.pdf,NA,NA,y,FS1ST10-2537.pdf
FS1P10,A1,17711.0,2537.pdf,NA,NA,y,FS1P10-2537.pdf
FS1P10,A13,2140.0,2537.pdf,NA,NA,y,FS1P10-2537.pdf
FS1P10,C15-C15y-C15df-C15x-C15a-C15z-C15aa-C15w-C15ab,17254.0,2537.pdf,NA,NA,y,FS1P10-2537.pdf
FS1P10,C72/C1-C1b,1460.0,2537.pdf,NA,NA,y,FS1P10-2537.pdf
FS1P10,D1/D4/D3a/D3-D6-D9b,2899.0,2537.pdf,NA,NA,y,FS1P10-2537.pdf
T15P3,C15-C1b-C39-C15y-C15a,193.0,2537.pdf,NA,NA,y,T15P3-2537.pdf
T15P3,D1/D6-D4-D10,72669.0,2537.pdf,NA,NA,y,T15P3-2537.pdf
T15P5,C15-C1b-C39-C15y-C15a,619.0,2537.pdf,NA,NA,y,T15P5-2537.pdf
T15P5,D1/D6-D4-D10,75392.0,2537.pdf,NA,NA,y,T15P5-2537.pdf
FS1P7,C15/C15r,67.0,2537.pdf,NA,NA,y,FS1P7-2537.pdf
FS1P7,C1/C41/C1b-C39,388.0,2537.pdf,NA,NA,y,FS1P7-2537.pdf
FS1P7,D1/D6-D4-D10,46318.0,2537.pdf,NA,NA,y,FS1P7-2537.pdf
FS1P4,A1-A1c-A1h-A1q-A1i,7978.0,2537.pdf,NA,NA,y,FS1P4-2537.pdf
FS1P4,C3/C3au,238.0,2537.pdf,NA,NA,y,FS1P4-2537.pdf
FS1P4,C1/C39,24.0,2537.pdf,NA,NA,y,FS1P4-2537.pdf
FS1P4,D1/D6-D4-D10,60873.0,2537.pdf,NA,NA,y,FS1P4-2537.pdf
FS1M2,A1k/A1-A1ea,67391.0,2537.pdf,NA,NA,y,FS1M2-2537.pdf
FS1M2,C3/C1b,95.0,2537.pdf,NA,NA,y,FS1M2-2537.pdf
FS1M2,C91e/C91f-C91i-C91h,114.0,2537.pdf,NA,NA,y,FS1M2-2537.pdf
FS1M2,C15/C22b/C39-C41,714.0,2537.pdf,NA,NA,y,FS1M2-2537.pdf
FS1M2,D1-D4-D6-D4c-D4f,1017.0,2537.pdf,NA,NA,y,FS1M2-2537.pdf
FS15M7,A1k/A1-A1ea,37466.0,2537.pdf,NA,NA,y,FS15M7-2537.pdf
FS15M7,C1-C1b-C41f-C39-C41-C41a-C41e-C1ae-C1f-C1w,548.0,2537.pdf,NA,NA,y,FS15M7-2537.pdf
FS15M7,C15/C22b/C15h,108.0,2537.pdf,NA,NA,y,FS15M7-2537.pdf
FS15M3,A1k/A1-A1ea,102564.0,2537.pdf,NA,NA,y,FS15M3-2537.pdf
FS15M3,C15/C15r,118.0,2537.pdf,NA,NA,y,FS15M3-2537.pdf
FS15M3,C1/C41/C1b-C39,789.0,2537.pdf,NA,NA,y,FS15M3-2537.pdf
FS15M3,C3-C3au-C29-C3bk,5558.0,2537.pdf,NA,NA,y,FS15M3-2537.pdf
FS15M3,D1-D4-D6-D4c-D4f,724.0,2537.pdf,NA,NA,y,FS15M3-2537.pdf
FS15M5,A1k/A1-A1ea,103849.0,2537.pdf,NA,NA,y,FS15M5-2537.pdf
FS15M5,C1/C1b,785.0,2537.pdf,NA,NA,y,FS15M5-2537.pdf
FS15M5,C3-C3au-C29-C3bk,8613.0,2537.pdf,NA,NA,y,FS15M5-2537.pdf
FS15M5,D1-D4-D6-D4c-D4f,228.0,2537.pdf,NA,NA,y,FS15M5-2537.pdf
T15M7,A1k/A1-A1ea,51102.0,2537.pdf,NA,NA,y,T15M7-2537.pdf
T15M7,C1-C1b-C41f-C39-C41-C41a-C41e-C1ae-C1f-C1w,3807.0,2537.pdf,NA,NA,y,T15M7-2537.pdf
T15M7,C3/C1n/C3v,125.0,2537.pdf,NA,NA,y,T15M7-2537.pdf
T15M7,C15,274.0,2537.pdf,NA,NA,y,T15M7-2537.pdf
T15M7,D1-D4-D6-D4c-D4f,473.0,2537.pdf,NA,NA,y,T15M7-2537.pdf
FS1M5,A1k/A1-A1ea,49082.0,2537.pdf,NA,NA,y,FS1M5-2537.pdf
FS1M5,C15h-C15as-C15t-C15at,15536.0,2537.pdf,NA,NA,y,FS1M5-2537.pdf
AF1M6,A1k/A1-A1ea,32974.0,2537.pdf,NA,NA,y,AF1M6-2537.pdf
AF1M6,C15/C15r,1432.0,2537.pdf,NA,NA,y,AF1M6-2537.pdf
AF1M6,C1/C72/C39/C1b,8815.0,2537.pdf,NA,NA,y,AF1M6-2537.pdf
AF1M6,D1/D4-D4c-D4f,1791.0,2537.pdf,NA,NA,y,AF1M6-2537.pdf
Q1M9,A1k/A1-A1ea,45396.0,2537.pdf,NA,NA,y,Q1M9-2537.pdf
Q1M9,C1/C39/C41-C1b-C1w-C39a,18941.0,2537.pdf,NA,NA,y,Q1M9-2537.pdf
Q1M9,D1-D4-D6-D4c-D4f,228.0,2537.pdf,NA,NA,y,Q1M9-2537.pdf
FS1M3,A1k/A1-A1ea,45267.0,2537.pdf,NA,NA,y,FS1M3-2537.pdf
FS1M3,C1/C1b,727.0,2537.pdf,NA,NA,y,FS1M3-2537.pdf
FS1M3,C15h/C15,27900.0,2537.pdf,NA,NA,y,FS1M3-2537.pdf
FS1M3,D1-D4-D6-D4c-D4f,435.0,2537.pdf,NA,NA,y,FS1M3-2537.pdf
FS15SE3,A1-A1eo-A1dl,92388.0,2537.pdf,NA,NA,y,FS15SE3-2537.pdf
FS15SE3,C1-C1b-C39-C41-C1ae-C1af,312.0,2537.pdf,NA,NA,y,FS15SE3-2537.pdf
FS15SE3,C3/C3au,26.0,2537.pdf,NA,NA,y,FS15SE3-2537.pdf
FS15SE3,C15r/C15h/C15,24.0,2537.pdf,NA,NA,y,FS15SE3-2537.pdf
FS15SE5,A1-A1eo-A1dl,89052.0,2537.pdf,NA,NA,y,FS15SE5-2537.pdf
FS15SE5,C15/C91f,77.0,2537.pdf,NA,NA,y,FS15SE5-2537.pdf
FS15SE5,C1/C39-C1b,129.0,2537.pdf,NA,NA,y,FS15SE5-2537.pdf
FS15SE5,C3,26.0,2537.pdf,NA,NA,y,FS15SE5-2537.pdf
FS15SE5,C91h,36.0,2537.pdf,NA,NA,y,FS15SE5-2537.pdf
FS15SE4,A1-A1eo-A1dl,118571.0,2537.pdf,NA,NA,y,FS15SE4-2537.pdf
FS15SE4,C1/C41/C1b-C39,265.0,2537.pdf,NA,NA,y,FS15SE4-2537.pdf
FS15SE4,C3,124.0,2537.pdf,NA,NA,y,FS15SE4-2537.pdf
FS15SE4,C15h/C15t,23.0,2537.pdf,NA,NA,y,FS15SE4-2537.pdf
FS15SE2,A1-A1eo-A1dl,83218.0,2537.pdf,NA,NA,y,FS15SE2-2537.pdf
FS15SE2,C1/C41/C1b-C39,271.0,2537.pdf,NA,NA,y,FS15SE2-2537.pdf
FS15SE2,C91e/C91f-C91i-C91h,1383.0,2537.pdf,NA,NA,y,FS15SE2-2537.pdf
FS15SE8,A1-A1eo-A1dl,59868.0,2537.pdf,NA,NA,y,FS15SE8-2537.pdf
FS15SE8,C15/C1b/C72/C39/C116,137.0,2537.pdf,NA,NA,y,FS15SE8-2537.pdf
FS15SE6,A1-A1eo-A1dl,58248.0,2537.pdf,NA,NA,y,FS15SE6-2537.pdf
FS15SE6,C15-C1b-C39-C15y-C15a,218.0,2537.pdf,NA,NA,y,FS15SE6-2537.pdf
FS15SE6,D1/D6-D4-D10,723.0,2537.pdf,NA,NA,y,FS15SE6-2537.pdf
FS15PC7,A1-A1eo-A1dl,69633.0,2537.pdf,NA,NA,y,FS15PC7-2537.pdf
FS15PC7,C15-C15y-C15a-C15ab-C15w,150.0,2537.pdf,NA,NA,y,FS15PC7-2537.pdf
FS15PC7,C1/C72/C39/C1b,358.0,2537.pdf,NA,NA,y,FS15PC7-2537.pdf
FS15PC7,D1/D6-D4-D10,436.0,2537.pdf,NA,NA,y,FS15PC7-2537.pdf
T15SE3,A1-A1eo-A1dl,100466.0,2537.pdf,NA,NA,y,T15SE3-2537.pdf
T15SE3,C15/C1b/C72/C39/C116,18355.0,2537.pdf,NA,NA,y,T15SE3-2537.pdf
T15SE3,D1-D4-D6-D4c-D4f,4778.0,2537.pdf,NA,NA,y,T15SE3-2537.pdf
SN30G7,C1/C39-C72-C1b-C116,209.0,2537.pdf,NA,NA,y,SN30G7-2537.pdf
SN30G7,D1-D4-D4c-D2-D4f-D1h,49412.0,2537.pdf,NA,NA,y,SN30G7-2537.pdf
SN30G6,C1/C39/C41/C116-C1b-C72,256.0,2537.pdf,NA,NA,y,SN30G6-2537.pdf
SN30G6,C22b/C15/C15r,82.0,2537.pdf,NA,NA,y,SN30G6-2537.pdf
SN30G6,D1-D4-D4c-D2-D4f-D1h,40863.0,2537.pdf,NA,NA,y,SN30G6-2537.pdf
T15GX1,C15-C1b-C39-C15y-C15a,133.0,2537.pdf,NA,NA,y,T15GX1-2537.pdf
T15GX1,D1-D4-D4c-D2-D4f-D1h,75067.0,2537.pdf,NA,NA,y,T15GX1-2537.pdf
FS15P3,C1/C39-C1b,57.0,2537.pdf,NA,NA,y,FS15P3-2537.pdf
FS15P3,C15h-C15k,1804.0,2537.pdf,NA,NA,y,FS15P3-2537.pdf
FS15P3,D1-D4-D4c-D2-D4f-D1h,54782.0,2537.pdf,NA,NA,y,FS15P3-2537.pdf
FS15P9,A1/A1k-A1c-A1h-A1b,1618.0,2537.pdf,NA,NA,y,FS15P9-2537.pdf
FS15P9,C1/C39/C41/C116-C1b-C72,1614.0,2537.pdf,NA,NA,y,FS15P9-2537.pdf
FS15P9,D1-D4-D4c-D2-D4f-D1h,49602.0,2537.pdf,NA,NA,y,FS15P9-2537.pdf
FS15P5,C15/C15r,8422.0,2537.pdf,NA,NA,y,FS15P5-2537.pdf
FS15P5,D1-D4-D4c-D2-D4f-D1h,28599.0,2537.pdf,NA,NA,y,FS15P5-2537.pdf
FS15P4,C15h-C116s-C15dp,15214.0,2537.pdf,NA,NA,y,FS15P4-2537.pdf
FS15P4,D1-D4-D4c-D2-D4f-D1h,27094.0,2537.pdf,NA,NA,y,FS15P4-2537.pdf
AF1PC2,A1-A1k-A1c-A1h,38756.0,2537.pdf,NA,NA,y,AF1PC2-2537.pdf
AF1PC2,C15/C1b/C72/C39/C116,13917.0,2537.pdf,NA,NA,y,AF1PC2-2537.pdf
AF1PC2,D1-D4-D4c-D2-D4f-D1h,50278.0,2537.pdf,NA,NA,y,AF1PC2-2537.pdf
Q1P2,C15/C116/C15h,35709.0,2537.pdf,NA,NA,y,Q1P2-2537.pdf
Q30M3,A1-A1b,118100.0,2537.pdf,NA,NA,y,Q30M3-2537.pdf
Q30M3,C1/C39/C41/C116-C1b-C72,2126.0,2537.pdf,NA,NA,y,Q30M3-2537.pdf
Q30M3,C163b,272.0,2537.pdf,NA,NA,y,Q30M3-2537.pdf
SN30M1,A1-A1b,23006.0,2537.pdf,NA,NA,y,SN30M1-2537.pdf
SN30M1,C1-C1b-C41f-C39-C41-C41a-C41e-C1ae-C1f-C1w,1005.0,2537.pdf,NA,NA,y,SN30M1-2537.pdf
SN30M1,C7,131.0,2537.pdf,NA,NA,y,SN30M1-2537.pdf
SN30M1,C15-C15x-C15v-C15ab-C15u-C15c-C15d,274.0,2537.pdf,NA,NA,y,SN30M1-2537.pdf
AM15M3,A1-A1b,108282.0,2537.pdf,NA,NA,y,AM15M3-2537.pdf
AM15M3,C15/C1b/C72/C39/C116,372.0,2537.pdf,NA,NA,y,AM15M3-2537.pdf
AM15M3,C91f,46.0,2537.pdf,NA,NA,y,AM15M3-2537.pdf
AM15M3,D1-D4-D6-D2b-D1d-D2a,489.0,2537.pdf,NA,NA,y,AM15M3-2537.pdf
AM15M2,A1-A1b,119083.0,2537.pdf,NA,NA,y,AM15M2-2537.pdf
AM15M2,C1/C39/C41/C116-C1b-C72,2034.0,2537.pdf,NA,NA,y,AM15M2-2537.pdf
AM15M2,D1/D6-D4-D10-D6b,825.0,2537.pdf,NA,NA,y,AM15M2-2537.pdf
SN15M1,A1-A1b,39378.0,2537.pdf,NA,NA,y,SN15M1-2537.pdf
SN15M1,C1/C41/C1b-C39,205.0,2537.pdf,NA,NA,y,SN15M1-2537.pdf
SN15M1,C15h/C15,43.0,2537.pdf,NA,NA,y,SN15M1-2537.pdf
SN15M1,C7,35.0,2537.pdf,NA,NA,y,SN15M1-2537.pdf
SN15M1,C72,20.0,2537.pdf,NA,NA,y,SN15M1-2537.pdf
SN15M1,D1-D4-D6-D4c-D4f,279.0,2537.pdf,NA,NA,y,SN15M1-2537.pdf
AM15M4,A1-A1b,90274.0,2537.pdf,NA,NA,y,AM15M4-2537.pdf
AM15M4,C15/C116/C15h,912.0,2537.pdf,NA,NA,y,AM15M4-2537.pdf
Q30M5,A1-A1b,82716.0,2537.pdf,NA,NA,y,Q30M5-2537.pdf
Q30M5,C163b,1427.0,2537.pdf,NA,NA,y,Q30M5-2537.pdf
Q30M5,C1-C1b-C41-C1h-C39,20768.0,2537.pdf,NA,NA,y,Q30M5-2537.pdf
Q30M5,D1-D4-D6-D2b-D1d-D2a,1158.0,2537.pdf,NA,NA,y,Q30M5-2537.pdf
Q30M10,A1-A1b,40246.0,2537.pdf,NA,NA,y,Q30M10-2537.pdf
Q30M10,C72/C1-C72a-C1b-C72b-C72c-C72d,7457.0,2537.pdf,NA,NA,y,Q30M10-2537.pdf
Q30M10,D1-D4-D6-D4c-D4f,5254.0,2537.pdf,NA,NA,y,Q30M10-2537.pdf
FS15ST5,A1-A1m-A1n,80171.0,2537.pdf,NA,NA,y,FS15ST5-2537.pdf
FS15ST5,C1/C39-C1b,172.0,2537.pdf,NA,NA,y,FS15ST5-2537.pdf
FS15ST5,C3/C3au,36.0,2537.pdf,NA,NA,y,FS15ST5-2537.pdf
FS15ST5,C15r/C15h/C15,43.0,2537.pdf,NA,NA,y,FS15ST5-2537.pdf
FS15ST5,D1/D4-D4c-D2,271.0,2537.pdf,NA,NA,y,FS15ST5-2537.pdf
FS15ST5,D3a,18.0,2537.pdf,NA,NA,y,FS15ST5-2537.pdf
FS15ST4,A1-A1m-A1n,97377.0,2537.pdf,NA,NA,y,FS15ST4-2537.pdf
FS15ST4,C1-C1b-C41f-C39-C41-C41a-C41e-C1ae-C1f-C1w,1278.0,2537.pdf,NA,NA,y,FS15ST4-2537.pdf
FS15ST4,C15r/C15h/C15,92.0,2537.pdf,NA,NA,y,FS15ST4-2537.pdf
FS15ST4,D1-D4-D4f,266.0,2537.pdf,NA,NA,y,FS15ST4-2537.pdf
T15ST9,A1-A1m-A1n,67955.0,2537.pdf,NA,NA,y,T15ST9-2537.pdf
T15ST9,C15-C15y-C15a-C15ab-C15w,1103.0,2537.pdf,NA,NA,y,T15ST9-2537.pdf
T15ST9,C1-C1b-C39-C41-C1ae-C1af,1480.0,2537.pdf,NA,NA,y,T15ST9-2537.pdf
T15ST9,D1-D4-D6-D4c-D4f,202.0,2537.pdf,NA,NA,y,T15ST9-2537.pdf
FS1ST6,A1-A1m-A1n,50786.0,2537.pdf,NA,NA,y,FS1ST6-2537.pdf
FS1ST6,C1-C1b-C41f-C39-C41-C41a-C41e-C1ae-C1f-C1w,909.0,2537.pdf,NA,NA,y,FS1ST6-2537.pdf
FS1ST6,C15/C15r,116.0,2537.pdf,NA,NA,y,FS1ST6-2537.pdf
FS1ST6,D1-D4-D1p-D6,1478.0,2537.pdf,NA,NA,y,FS1ST6-2537.pdf
FS1ST2,A1-A1m-A1n,78478.0,2537.pdf,NA,NA,y,FS1ST2-2537.pdf
FS1ST2,C1-C1b-C39-C41-C1ae-C41f-C1af-C39a,876.0,2537.pdf,NA,NA,y,FS1ST2-2537.pdf
FS1ST2,C15r/C15h/C15,150.0,2537.pdf,NA,NA,y,FS1ST2-2537.pdf
FS1ST2,D1-D4-D4c-D6-D2-D1c-D4f,6514.0,2537.pdf,NA,NA,y,FS1ST2-2537.pdf
FS15ST3,A1-A1m-A1n,56933.0,2537.pdf,NA,NA,y,FS15ST3-2537.pdf
FS15ST3,C15r/C15h/C15,2255.0,2537.pdf,NA,NA,y,FS15ST3-2537.pdf
FS15ST3,C3-C41-C3au-C1b,2680.0,2537.pdf,NA,NA,y,FS15ST3-2537.pdf
T15ST8,A1-A1m-A1n,69320.0,2537.pdf,NA,NA,y,T15ST8-2537.pdf
T15ST8,C1-C1b-C39-C41-C1ae-C41f-C1af-C39a,5628.0,2537.pdf,NA,NA,y,T15ST8-2537.pdf
T15ST8,C15h/C15,3603.0,2537.pdf,NA,NA,y,T15ST8-2537.pdf
T15ST8,D1/D4-D6-D4c,608.0,2537.pdf,NA,NA,y,T15ST8-2537.pdf
FS1ST1,A1-A1m-A1n,74198.0,2537.pdf,NA,NA,y,FS1ST1-2537.pdf
FS1ST1,C1/C1b,767.0,2537.pdf,NA,NA,y,FS1ST1-2537.pdf
FS1ST1,C15h-C15as-C15t-C15at,16960.0,2537.pdf,NA,NA,y,FS1ST1-2537.pdf
FS15PC3,A1-A1c-A1h-A1cv,135462.0,2537.pdf,NA,NA,y,FS15PC3-2537.pdf
FS15PC3,C1-C1b-C39-C41-C1ae-C1af,356.0,2537.pdf,NA,NA,y,FS15PC3-2537.pdf
FS15PC3,C3-C3au-C29,45.0,2537.pdf,NA,NA,y,FS15PC3-2537.pdf
AM1PC4,A1-A1c-A1h-A1cv,95134.0,2537.pdf,NA,NA,y,AM1PC4-2537.pdf
AM1PC4,C1/C39/C41/C116-C1b-C72,1408.0,2537.pdf,NA,NA,y,AM1PC4-2537.pdf
AM1PC4,C15/C91f,828.0,2537.pdf,NA,NA,y,AM1PC4-2537.pdf
AM1PC4,D1-D4-D1b-D4c-D4f,2049.0,2537.pdf,NA,NA,y,AM1PC4-2537.pdf
SN1PC8,A1-A1c-A1h-A1cv,57062.0,2537.pdf,NA,NA,y,SN1PC8-2537.pdf
SN1PC8,C1/C39/C41/C116-C1b-C72,2204.0,2537.pdf,NA,NA,y,SN1PC8-2537.pdf
SN1PC8,D1/D6-D4-D2.2-D17,1068.0,2537.pdf,NA,NA,y,SN1PC8-2537.pdf
Q15PC2,A1-A1c-A1h-A1cv,45874.0,2537.pdf,NA,NA,y,Q15PC2-2537.pdf
Q15PC2,C1/C39/C41-C1b-C1w-C39a,3123.0,2537.pdf,NA,NA,y,Q15PC2-2537.pdf
Q30PC7,A1-A1c-A1h-A1cv,74056.0,2537.pdf,NA,NA,y,Q30PC7-2537.pdf
Q30PC7,C72/C1-C72a-C1b-C72b-C72c-C72d,3803.0,2537.pdf,NA,NA,y,Q30PC7-2537.pdf
Q30PC7,D1-D4-D4c-D4f-D3b-D1c,2053.0,2537.pdf,NA,NA,y,Q30PC7-2537.pdf
AF1PC6,A1-A1c-A1h-A1cv,95581.0,2537.pdf,NA,NA,y,AF1PC6-2537.pdf
AF1PC6,C1/C39/C41/C116-C1b-C72,6695.0,2537.pdf,NA,NA,y,AF1PC6-2537.pdf
AF1PC6,C22b/C15/C15r,2945.0,2537.pdf,NA,NA,y,AF1PC6-2537.pdf
AF1PC6,D1-D4-D6-D4c-D10,609.0,2537.pdf,NA,NA,y,AF1PC6-2537.pdf
AM30PC8,A1-A1c-A1h-A1cv,39800.0,2537.pdf,NA,NA,y,AM30PC8-2537.pdf
AM30PC8,C72/C1-C72a-C1b-C72b-C72c-C72d,2682.0,2537.pdf,NA,NA,y,AM30PC8-2537.pdf
AM30PC8,D1/D4-D4c-D4f,1718.0,2537.pdf,NA,NA,y,AM30PC8-2537.pdf
Q30PC6,A1-A1c-A1h-A1cv,71081.0,2537.pdf,NA,NA,y,Q30PC6-2537.pdf
Q30PC6,C72/C1-C72a-C1b-C72b-C72c-C72d,12317.0,2537.pdf,NA,NA,y,Q30PC6-2537.pdf
Q30PC6,C15/C22b/C15h,1856.0,2537.pdf,NA,NA,y,Q30PC6-2537.pdf
Q30PC6,D1-D4-D4c-D4f-D3b-D1c,5949.0,2537.pdf,NA,NA,y,Q30PC6-2537.pdf
Q1ST2,A1-A1cr-A1dl,40515.0,2537.pdf,NA,NA,y,Q1ST2-2537.pdf
Q1ST2,C1/C39/C41-C1b-C1w-C39a,641.0,2537.pdf,NA,NA,y,Q1ST2-2537.pdf
Q1ST2,C15/C15r,103.0,2537.pdf,NA,NA,y,Q1ST2-2537.pdf
Q1ST2,C3,60.0,2537.pdf,NA,NA,y,Q1ST2-2537.pdf
Q1ST2,D1-D4-D1b-D4c-D4f,368.0,2537.pdf,NA,NA,y,Q1ST2-2537.pdf
Q1ST3,A1-A1cr-A1dl,43484.0,2537.pdf,NA,NA,y,Q1ST3-2537.pdf
Q1ST3,C1/C39/C41-C1b-C1w-C39a,516.0,2537.pdf,NA,NA,y,Q1ST3-2537.pdf
Q1ST3,C15,155.0,2537.pdf,NA,NA,y,Q1ST3-2537.pdf
Q1ST3,D1-D4-D1b-D4c-D4f,505.0,2537.pdf,NA,NA,y,Q1ST3-2537.pdf
Q1ST10,A1-A1cr-A1dl,86631.0,2537.pdf,NA,NA,y,Q1ST10-2537.pdf
Q1ST10,C3/C1n/C3v,62.0,2537.pdf,NA,NA,y,Q1ST10-2537.pdf
Q1ST10,C1/C72/C39/C1b,1284.0,2537.pdf,NA,NA,y,Q1ST10-2537.pdf
Q1ST10,C15/C22b,75.0,2537.pdf,NA,NA,y,Q1ST10-2537.pdf
Q1ST8,A1-A1cr-A1dl,54738.0,2537.pdf,NA,NA,y,Q1ST8-2537.pdf
Q1ST8,C1/C39/C41-C1b-C1w-C39a,5997.0,2537.pdf,NA,NA,y,Q1ST8-2537.pdf
Q1ST7,A1-A1cr-A1dl,36364.0,2537.pdf,NA,NA,y,Q1ST7-2537.pdf
Q1ST7,C1/C39/C41-C1b-C1w-C39a,3676.0,2537.pdf,NA,NA,y,Q1ST7-2537.pdf
Q1ST7,C15/C116,1174.0,2537.pdf,NA,NA,y,Q1ST7-2537.pdf
Q1ST5,A1-A1cr-A1dl,25727.0,2537.pdf,NA,NA,y,Q1ST5-2537.pdf
Q1ST5,C15,44.0,2537.pdf,NA,NA,y,Q1ST5-2537.pdf
Q1ST5,C1/C41/C1b-C39,181.0,2537.pdf,NA,NA,y,Q1ST5-2537.pdf
Q1ST5,C3,19.0,2537.pdf,NA,NA,y,Q1ST5-2537.pdf
Q1ST5,D1-D4-D1b-D4c-D4f,464.0,2537.pdf,NA,NA,y,Q1ST5-2537.pdf
Q1ST1,A1-A1cr-A1dl,24612.0,2537.pdf,NA,NA,y,Q1ST1-2537.pdf
Q1ST1,C1/C39/C41-C1b-C1w-C39a,419.0,2537.pdf,NA,NA,y,Q1ST1-2537.pdf
Q1ST1,C15-C15by-C15ai,186.0,2537.pdf,NA,NA,y,Q1ST1-2537.pdf
Q1ST9,A1-A1cr-A1dl,44486.0,2537.pdf,NA,NA,y,Q1ST9-2537.pdf
Q1ST9,C1/C39/C41-C1b-C1w-C39a,18977.0,2537.pdf,NA,NA,y,Q1ST9-2537.pdf
AM15ST1,A1-A1k-A1c-A1h-A1dl,92219.0,2537.pdf,NA,NA,y,AM15ST1-2537.pdf
AM15ST1,C15/C1b/C72/C39/C116,10577.0,2537.pdf,NA,NA,y,AM15ST1-2537.pdf
AM15ST1,D1-D4-D6-D4c-D10,2243.0,2537.pdf,NA,NA,y,AM15ST1-2537.pdf
AM30PC4,A1-A1k-A1c-A1h-A1dl,91693.0,2537.pdf,NA,NA,y,AM30PC4-2537.pdf
AM30PC4,C15/C1b/C72/C39/C116,24075.0,2537.pdf,NA,NA,y,AM30PC4-2537.pdf
AM30PC4,D1-D4-D6-D4c-D4f,5053.0,2537.pdf,NA,NA,y,AM30PC4-2537.pdf
T15M4,A1/A1t-A1k-A1c-A1h,90912.0,2537.pdf,NA,NA,y,T15M4-2537.pdf
T15M4,C15/C1b/C72/C39/C116,25682.0,2537.pdf,NA,NA,y,T15M4-2537.pdf
T15M4,D1-D4-D4c-D6-D2-D1c-D4f,8587.0,2537.pdf,NA,NA,y,T15M4-2537.pdf
Q30P2,A1/A1k-A1c-A1h-A1b,250.0,2537.pdf,NA,NA,y,Q30P2-2537.pdf
Q30P2,C15-C15x-C15v-C15ab-C15u-C15c-C15d,112999.0,2537.pdf,NA,NA,y,Q30P2-2537.pdf
Q30P2,D1-D4-D6-D2b-D1d-D2a,592.0,2537.pdf,NA,NA,y,Q30P2-2537.pdf
Q30P1,A1-A1k-A1c-A1h,451.0,2537.pdf,NA,NA,y,Q30P1-2537.pdf
Q30P1,C1/C39-C1b,5878.0,2537.pdf,NA,NA,y,Q30P1-2537.pdf
Q30P1,C15-C15x-C15v-C15ab-C15u-C15c-C15d,116024.0,2537.pdf,NA,NA,y,Q30P1-2537.pdf
Q30P1,D1-D4-D6-D6b-D1d-D1i-D1j-D10,1498.0,2537.pdf,NA,NA,y,Q30P1-2537.pdf
SN30P5,C15-C15x-C15v-C15ab-C15u-C15c-C15d,42892.0,2537.pdf,NA,NA,y,SN30P5-2537.pdf
SN15P6,C15-C15x-C15v-C15ab-C15u-C15c-C15d,61463.0,2537.pdf,NA,NA,y,SN15P6-2537.pdf
SN15P6,D1-D4-D6b-D6-D1d-D1q-D1j,994.0,2537.pdf,NA,NA,y,SN15P6-2537.pdf
SN15P2,C15-C15x-C15v-C15ab-C15u-C15c-C15d,48447.0,2537.pdf,NA,NA,y,SN15P2-2537.pdf
AM30P1,A1-A1k-A1c-A1h-A1dl,2677.0,2537.pdf,NA,NA,y,AM30P1-2537.pdf
AM30P1,C15-C15x-C15v-C15ab-C15u-C15c-C15d,69901.0,2537.pdf,NA,NA,y,AM30P1-2537.pdf
AM30P1,C116/C1-C1b,13604.0,2537.pdf,NA,NA,y,AM30P1-2537.pdf
AM30P1,D1-D4-D6-D4c-D10,985.0,2537.pdf,NA,NA,y,AM30P1-2537.pdf
SN30P6,A1-A1k-A1c-A1h,4169.0,2537.pdf,NA,NA,y,SN30P6-2537.pdf
SN30P6,C1/C1b,2328.0,2537.pdf,NA,NA,y,SN30P6-2537.pdf
SN30P6,C15-C15x-C15v-C15ab-C15u-C15c-C15d,31301.0,2537.pdf,NA,NA,y,SN30P6-2537.pdf
SN30P6,D1-D4-D6-D4c-D10,5615.0,2537.pdf,NA,NA,y,SN30P6-2537.pdf
Q1P9,C15-C15by-C15ai,40140.0,2537.pdf,NA,NA,y,Q1P9-2537.pdf
Q1P10,C15-C15by-C15ai,50849.0,2537.pdf,NA,NA,y,Q1P10-2537.pdf
Q1P3,C15-C15by-C15ai,52788.0,2537.pdf,NA,NA,y,Q1P3-2537.pdf
Q1P8,C15-C15by-C15ai,42441.0,2537.pdf,NA,NA,y,Q1P8-2537.pdf
Q1P1,C15-C15by-C15ai,49701.0,2537.pdf,NA,NA,y,Q1P1-2537.pdf
Q1P4,C15-C15by-C15ai,40256.0,2537.pdf,NA,NA,y,Q1P4-2537.pdf
AM1G7,C3/C1n/C3v,1471.0,2537.pdf,NA,NA,y,AM1G7-2537.pdf
AM1G7,C39-C1-C39b-C39e,34768.0,2537.pdf,NA,NA,y,AM1G7-2537.pdf
AM1G6,C3/C1n/C3v,1277.0,2537.pdf,NA,NA,y,AM1G6-2537.pdf
AM1G6,C39-C1-C39b-C39e,26426.0,2537.pdf,NA,NA,y,AM1G6-2537.pdf
AF15G6,A1-A1k-A1c-A1h-A1bf-A1bw-A1bx,371.0,2537.pdf,NA,NA,y,AF15G6-2537.pdf
AF15G6,C3/C1n/C3v,2952.0,2537.pdf,NA,NA,y,AF15G6-2537.pdf
AF15G6,C39-C1-C39b-C39e,60426.0,2537.pdf,NA,NA,y,AF15G6-2537.pdf
AM15G2,A1-A1k-A1c-A1h,1612.0,2537.pdf,NA,NA,y,AM15G2-2537.pdf
AM15G2,C3/C1n/C3v,8350.0,2537.pdf,NA,NA,y,AM15G2-2537.pdf
AM15G2,C39-C1-C39b-C39e,136599.0,2537.pdf,NA,NA,y,AM15G2-2537.pdf
AM15G2,D1-D4-D6-D4c-D4f,607.0,2537.pdf,NA,NA,y,AM15G2-2537.pdf
AF15G10,A1-A1k-A1c-A1h-A1bf-A1bw-A1bx,1319.0,2537.pdf,NA,NA,y,AF15G10-2537.pdf
AF15G10,C3/C1n/C3v,2092.0,2537.pdf,NA,NA,y,AF15G10-2537.pdf
AF15G10,C39-C1-C39b-C39e,43934.0,2537.pdf,NA,NA,y,AF15G10-2537.pdf
AM15G3,A1/A1k-A1c-A1h-A1b,1092.0,2537.pdf,NA,NA,y,AM15G3-2537.pdf
AM15G3,C3/C1n/C3v,5862.0,2537.pdf,NA,NA,y,AM15G3-2537.pdf
AM15G3,C39-C1-C39b-C39e,93038.0,2537.pdf,NA,NA,y,AM15G3-2537.pdf
AM15G3,D1-D4-D6-D4c-D4f,450.0,2537.pdf,NA,NA,y,AM15G3-2537.pdf
AM1G2,C3/C1n/C3v,3473.0,2537.pdf,NA,NA,y,AM1G2-2537.pdf
AM1G2,C39-C1-C39b-C39e,70527.0,2537.pdf,NA,NA,y,AM1G2-2537.pdf
Q30SE5,A1-A1k-A1c-A1h,173.0,2537.pdf,NA,NA,y,Q30SE5-2537.pdf
Q30SE5,C163b,120630.0,2537.pdf,NA,NA,y,Q30SE5-2537.pdf
Q30SE3,A1-A1k-A1c-A1h,579.0,2537.pdf,NA,NA,y,Q30SE3-2537.pdf
Q30SE3,C163b,132120.0,2537.pdf,NA,NA,y,Q30SE3-2537.pdf
AM30SE1,A1-A1k-A1c-A1h-A1bf-A1bw-A1bx,533.0,2537.pdf,NA,NA,y,AM30SE1-2537.pdf
AM30SE1,C163b,65015.0,2537.pdf,NA,NA,y,AM30SE1-2537.pdf
AM30SE1,C1,8580.0,2537.pdf,NA,NA,y,AM30SE1-2537.pdf
AF15G7,A1-A1k-A1c-A1h-A1bf-A1bw-A1bx,200.0,2537.pdf,NA,NA,y,AF15G7-2537.pdf
AF15G7,C116/C39-C1-C116l-C39k-C3cx,58461.0,2537.pdf,NA,NA,y,AF15G7-2537.pdf
AF15G8,C116/C39-C1-C116l-C39k-C3cx,48200.0,2537.pdf,NA,NA,y,AF15G8-2537.pdf
Q15G5,C116/C39-C1-C116l-C39k-C3cx,57979.0,2537.pdf,NA,NA,y,Q15G5-2537.pdf
Q15G5,D1-D4-D6-D2b-D1d-D2a,1284.0,2537.pdf,NA,NA,y,Q15G5-2537.pdf
AM1G3,C3/C1n/C3v,1589.0,2537.pdf,NA,NA,y,AM1G3-2537.pdf
AM1G3,C116/C39-C1-C116l-C39k-C3cx,46647.0,2537.pdf,NA,NA,y,AM1G3-2537.pdf
AM1G3,D1-D4-D17d-D17e-D17c-D1r-D17j-D17l-D17k,359.0,2537.pdf,NA,NA,y,AM1G3-2537.pdf
AM1G8,C116/C39-C1-C116l-C39k-C3cx,15098.0,2537.pdf,NA,NA,y,AM1G8-2537.pdf
AM1G8,D1/D4-D4c-D1h-D1c-D2,11797.0,2537.pdf,NA,NA,y,AM1G8-2537.pdf
Q15G1,C116/C39-C1-C116l-C39k-C3cx,27695.0,2537.pdf,NA,NA,y,Q15G1-2537.pdf
Q15G1,D1-D4-D6-D2b-D1d-D2a,28515.0,2537.pdf,NA,NA,y,Q15G1-2537.pdf
T1ST1,A1g/A1l/A1-A1o-A1cr-A1dp-A1p-A1dq-A1dn,102853.0,2537.pdf,NA,NA,y,T1ST1-2537.pdf
T1ST1,C15/C22b/C15h,71.0,2537.pdf,NA,NA,y,T1ST1-2537.pdf
T1ST1,C3-C3au-C29-C3bk,959.0,2537.pdf,NA,NA,y,T1ST1-2537.pdf
T1ST1,C1/C72/C39/C1b,54.0,2537.pdf,NA,NA,y,T1ST1-2537.pdf
T1ST1,D1-D4-D2-D4c-D4f,395.0,2537.pdf,NA,NA,y,T1ST1-2537.pdf
T1ST6,A1g/A1l/A1-A1o-A1cr-A1dp-A1p-A1dq-A1dn,46452.0,2537.pdf,NA,NA,y,T1ST6-2537.pdf
T1ST6,C1/C39/C41-C1b-C1w-C39a,227.0,2537.pdf,NA,NA,y,T1ST6-2537.pdf
T1ST6,D1/D4-D4c-D4f,3246.0,2537.pdf,NA,NA,y,T1ST6-2537.pdf
T1ST3,A1g/A1l/A1-A1o-A1cr-A1dp-A1p-A1dq-A1dn,95436.0,2537.pdf,NA,NA,y,T1ST3-2537.pdf
T1ST3,C3/C3au,720.0,2537.pdf,NA,NA,y,T1ST3-2537.pdf
T1ST3,C15h-C15k,6707.0,2537.pdf,NA,NA,y,T1ST3-2537.pdf
T1ST3,D1-D4-D2-D4c-D4f,757.0,2537.pdf,NA,NA,y,T1ST3-2537.pdf
FS1ST9,A1g/A1l/A1-A1o-A1cr-A1dp-A1p-A1dq-A1dn,45934.0,2537.pdf,NA,NA,y,FS1ST9-2537.pdf
FS1ST9,D1/D4,1371.0,2537.pdf,NA,NA,y,FS1ST9-2537.pdf
FS1PC10,A1g/A1l/A1-A1o-A1cr-A1dp-A1p-A1dq-A1dn,40801.0,2537.pdf,NA,NA,y,FS1PC10-2537.pdf
FS1PC10,C1/C1b,65.0,2537.pdf,NA,NA,y,FS1PC10-2537.pdf
FS1PC10,C3/C3gulf,2198.0,2537.pdf,NA,NA,y,FS1PC10-2537.pdf
FS1PC10,D1-D4-D1p-D6,366.0,2537.pdf,NA,NA,y,FS1PC10-2537.pdf
FS1PC8,A1g/A1l/A1-A1o-A1cr-A1dp-A1p-A1dq-A1dn,36228.0,2537.pdf,NA,NA,y,FS1PC8-2537.pdf
FS1PC8,C15h/C15,10945.0,2537.pdf,NA,NA,y,FS1PC8-2537.pdf
T1P5,A1/A1j,632.0,2537.pdf,NA,NA,y,T1P5-2537.pdf
T1P5,C15/C22b,65292.0,2537.pdf,NA,NA,y,T1P5-2537.pdf
T1P5,C3/C1b,5049.0,2537.pdf,NA,NA,y,T1P5-2537.pdf
T1P5,D1-D4-D2-D4c-D4f,725.0,2537.pdf,NA,NA,y,T1P5-2537.pdf
AM30P9,A1-A1k-A1c-A1h,230.0,2537.pdf,NA,NA,y,AM30P9-2537.pdf
AM30P9,C15/C60a-C15b-C15e,40406.0,2537.pdf,NA,NA,y,AM30P9-2537.pdf
SN30P2,C15/C60a-C15b-C15e,40682.0,2537.pdf,NA,NA,y,SN30P2-2537.pdf
AF15P5,A1/A1k-A1c-A1h-A1b,1033.0,2537.pdf,NA,NA,y,AF15P5-2537.pdf
AF15P5,C15/C60a-C15b-C15e,80395.0,2537.pdf,NA,NA,y,AF15P5-2537.pdf
AF15P5,D1-D4-D6-D4c-D4f,567.0,2537.pdf,NA,NA,y,AF15P5-2537.pdf
SN30P8,C15/C60a-C15b-C15e,6613.0,2537.pdf,NA,NA,y,SN30P8-2537.pdf
AF15P3,A1/A1t-A1k-A1c-A1h,3640.0,2537.pdf,NA,NA,y,AF15P3-2537.pdf
AF15P3,C1/C41/C1b-C39,5164.0,2537.pdf,NA,NA,y,AF15P3-2537.pdf
AF15P3,C15/C60a-C15b-C15e,71849.0,2537.pdf,NA,NA,y,AF15P3-2537.pdf
AF15P3,D1-D4-D4c-D6-D2-D1c-D4f,1716.0,2537.pdf,NA,NA,y,AF15P3-2537.pdf
AF15P8,A1-A1k-A1c-A1h,4661.0,2537.pdf,NA,NA,y,AF15P8-2537.pdf
AF15P8,C1/C39-C1b,11696.0,2537.pdf,NA,NA,y,AF15P8-2537.pdf
AF15P8,C15/C60a-C15b-C15e,66941.0,2537.pdf,NA,NA,y,AF15P8-2537.pdf
AF15P8,D1-D4-D6-D4c-D10,740.0,2537.pdf,NA,NA,y,AF15P8-2537.pdf
AF15P6,A1-A1k-A1c-A1h,3895.0,2537.pdf,NA,NA,y,AF15P6-2537.pdf
AF15P6,C1/C39-C1b-C1af-C39a,11111.0,2537.pdf,NA,NA,y,AF15P6-2537.pdf
AF15P6,C15/C60a-C15b-C15e,56687.0,2537.pdf,NA,NA,y,AF15P6-2537.pdf
AF15P6,D1-D4-D6-D4c-D10,602.0,2537.pdf,NA,NA,y,AF15P6-2537.pdf
T1PC1,A1/A1j,104523.0,2537.pdf,NA,NA,y,T1PC1-2537.pdf
T1PC1,C1-C1b-C41f-C39-C41-C41a-C41e-C1ae-C1f-C1w,3716.0,2537.pdf,NA,NA,y,T1PC1-2537.pdf
T1PC1,D1-D4-D2-D4c-D4f,2881.0,2537.pdf,NA,NA,y,T1PC1-2537.pdf
AM15PC10,A1/A1j,72256.0,2537.pdf,NA,NA,y,AM15PC10-2537.pdf
AM15PC10,C15/C1b/C72/C39/C116,832.0,2537.pdf,NA,NA,y,AM15PC10-2537.pdf
T1PC3,A1/A1j,76380.0,2537.pdf,NA,NA,y,T1PC3-2537.pdf
T1PC3,C1-C1b-C41f-C39-C41-C41a-C41e-C1ae-C1f-C1w,15076.0,2537.pdf,NA,NA,y,T1PC3-2537.pdf
T1PC3,D1-D4-D2-D4c-D4f,4749.0,2537.pdf,NA,NA,y,T1PC3-2537.pdf
AM15PC6,A1/A1j,53706.0,2537.pdf,NA,NA,y,AM15PC6-2537.pdf
AM15PC6,C15,1009.0,2537.pdf,NA,NA,y,AM15PC6-2537.pdf
AM15PC6,C1/C72/C39/C1b,3876.0,2537.pdf,NA,NA,y,AM15PC6-2537.pdf
Q15G3,C39/C1-C39c-C39d,93642.0,2537.pdf,NA,NA,y,Q15G3-2537.pdf
Q15G4,C39/C1-C39c-C39d,84378.0,2537.pdf,NA,NA,y,Q15G4-2537.pdf
Q15G10,C39/C1-C39c-C39d,65515.0,2537.pdf,NA,NA,y,Q15G10-2537.pdf
Q15G9,C39/C1-C39c-C39d,77005.0,2537.pdf,NA,NA,y,Q15G9-2537.pdf
Q1G1,C116/C1-C1b,25175.0,2537.pdf,NA,NA,y,Q1G1-2537.pdf
AM1ST3,A1,700.0,2537.pdf,NA,NA,y,AM1ST3-2537.pdf
AM1ST3,A1s,7728.0,2537.pdf,NA,NA,y,AM1ST3-2537.pdf
AM1ST3,C15h/C15t,46636.0,2537.pdf,NA,NA,y,AM1ST3-2537.pdf
SN1ST4,A1-A1dl-A1bh,23123.0,2537.pdf,NA,NA,y,SN1ST4-2537.pdf
SN1ST4,C15h/C15t,71044.0,2537.pdf,NA,NA,y,SN1ST4-2537.pdf
T1ST5,A1g/A1l/A1-A1o-A1cr-A1dp-A1p-A1dq-A1dn,37826.0,2537.pdf,NA,NA,y,T1ST5-2537.pdf
T1ST5,C15h/C15t,53818.0,2537.pdf,NA,NA,y,T1ST5-2537.pdf
T1ST5,D1-D4-D2-D4c-D4f,206.0,2537.pdf,NA,NA,y,T1ST5-2537.pdf
T1P2,D1/D4-D4c-D2,57004.0,2537.pdf,NA,NA,y,T1P2-2537.pdf
T1PC5,A1j-A1bv-A1cb-A1-A1eg,117764.0,2537.pdf,NA,NA,y,T1PC5-2537.pdf
T1PC5,C3-C3au-C29-C3bk,497.0,2537.pdf,NA,NA,y,T1PC5-2537.pdf
T1PC4,A1j-A1bv-A1cb-A1-A1eg,128630.0,2537.pdf,NA,NA,y,T1PC4-2537.pdf
T1PC4,C1-C1b-C39-C41-C1ae-C1af,359.0,2537.pdf,NA,NA,y,T1PC4-2537.pdf
T1PC4,C3,37.0,2537.pdf,NA,NA,y,T1PC4-2537.pdf
T1PC4,C15/C22b,24.0,2537.pdf,NA,NA,y,T1PC4-2537.pdf
T1PC4,D1/D4-D4c-D2,358.0,2537.pdf,NA,NA,y,T1PC4-2537.pdf
T1PC2,A1j-A1bv-A1cb-A1-A1eg,84578.0,2537.pdf,NA,NA,y,T1PC2-2537.pdf
T1PC2,C1-C1b-C41f-C39-C41-C41a-C41e-C1ae-C1f-C1w,3591.0,2537.pdf,NA,NA,y,T1PC2-2537.pdf
T1PC2,C15/C22b,544.0,2537.pdf,NA,NA,y,T1PC2-2537.pdf
T1PC2,D1-D4-D2-D4c-D4f,1801.0,2537.pdf,NA,NA,y,T1PC2-2537.pdf
Q1PC7,A1j-A1bv-A1cb-A1-A1eg,34813.0,2537.pdf,NA,NA,y,Q1PC7-2537.pdf
Q1PC7,C1/C39/C41-C1b-C1w-C39a,5147.0,2537.pdf,NA,NA,y,Q1PC7-2537.pdf
Q1PC7,C22b/C15/C15r,1637.0,2537.pdf,NA,NA,y,Q1PC7-2537.pdf
Q1PC7,D1-D4-D6-D4c-D10,306.0,2537.pdf,NA,NA,y,Q1PC7-2537.pdf
FS1M8,A1/A1t,27382.0,2537.pdf,NA,NA,y,FS1M8-2537.pdf
FS1M8,C1-C1b-C39-C41-C1ae-C41f-C1af-C39a,4059.0,2537.pdf,NA,NA,y,FS1M8-2537.pdf
FS1M8,C15,394.0,2537.pdf,NA,NA,y,FS1M8-2537.pdf
FS1M8,D1-D4-D1p-D6,3646.0,2537.pdf,NA,NA,y,FS1M8-2537.pdf
FS1M6,A1/A1t,29956.0,2537.pdf,NA,NA,y,FS1M6-2537.pdf
FS1M6,C72/C1-C72a-C1b-C72b-C72c-C72d,6172.0,2537.pdf,NA,NA,y,FS1M6-2537.pdf
FS1M6,C15/C22b,327.0,2537.pdf,NA,NA,y,FS1M6-2537.pdf
FS1M6,D1-D4-D1p-D6,7471.0,2537.pdf,NA,NA,y,FS1M6-2537.pdf
T15M9,A1/A1t,27662.0,2537.pdf,NA,NA,y,T15M9-2537.pdf
T15M9,C1-C1b-C39-C41-C1ae-C41f-C1af-C39a,8535.0,2537.pdf,NA,NA,y,T15M9-2537.pdf
T15M9,D1-D4-D4c-D6-D2-D1c-D4f,1143.0,2537.pdf,NA,NA,y,T15M9-2537.pdf
FS1M7,A1/A1t,36093.0,2537.pdf,NA,NA,y,FS1M7-2537.pdf
FS1M7,C1-C1b-C41f-C39-C41-C41a-C41e-C1ae-C1f-C1w,1417.0,2537.pdf,NA,NA,y,FS1M7-2537.pdf
FS1M7,C15/C116,341.0,2537.pdf,NA,NA,y,FS1M7-2537.pdf
FS1M7,D1-D4-D1p-D6,17993.0,2537.pdf,NA,NA,y,FS1M7-2537.pdf
Q30M1,A1/A1w-A1y-A1z-A1b,94562.0,2537.pdf,NA,NA,y,Q30M1-2537.pdf
Q30M1,C1/C39/C41-C1b-C1w-C39a,9578.0,2537.pdf,NA,NA,y,Q30M1-2537.pdf
Q30M1,C163b,5557.0,2537.pdf,NA,NA,y,Q30M1-2537.pdf
Q30M1,D1-D4-D6-D4c-D2,208.0,2537.pdf,NA,NA,y,Q30M1-2537.pdf
Q30M9,A1/A1w-A1y-A1z-A1b,40192.0,2537.pdf,NA,NA,y,Q30M9-2537.pdf
Q30M9,C72/C15-C15h-C15j-C72a-C1b,6067.0,2537.pdf,NA,NA,y,Q30M9-2537.pdf
Q30M9,D1-D4-D4c-D4f-D3b-D1c,4509.0,2537.pdf,NA,NA,y,Q30M9-2537.pdf
AM15M1,A1/A1w-A1y-A1z-A1b,39295.0,2537.pdf,NA,NA,y,AM15M1-2537.pdf
AM15M1,C72/C1-C72a-C1b-C72b-C72c-C72d,10903.0,2537.pdf,NA,NA,y,AM15M1-2537.pdf
AM15M1,C15/C41,3846.0,2537.pdf,NA,NA,y,AM15M1-2537.pdf
AM15M1,D1-D4-D6-D4c-D4f,663.0,2537.pdf,NA,NA,y,AM15M1-2537.pdf
Q30M8,A1/A1w-A1y-A1z-A1b,56028.0,2537.pdf,NA,NA,y,Q30M8-2537.pdf
Q30M8,C72/C1-C72a-C1b-C72b-C72c-C72d,12063.0,2537.pdf,NA,NA,y,Q30M8-2537.pdf
Q30M8,D1-D4-D4c-D4f-D3b-D1c,8201.0,2537.pdf,NA,NA,y,Q30M8-2537.pdf
AM1G1,C116-C116f-C116e-C116d,2176.0,2537.pdf,NA,NA,y,AM1G1-2537.pdf
AM1G1,C1/C39,67.0,2537.pdf,NA,NA,y,AM1G1-2537.pdf
AM1G1,D1/D4-D4c-D1h-D1c-D2,90290.0,2537.pdf,NA,NA,y,AM1G1-2537.pdf
AM1G9,C116/C39-C1-C116l-C39k-C3cx,1964.0,2537.pdf,NA,NA,y,AM1G9-2537.pdf
AM1G9,D1/D4-D4c-D1h-D1c-D2,26844.0,2537.pdf,NA,NA,y,AM1G9-2537.pdf
SN30G8,C1/C39/C41/C116-C1b-C72,375.0,2537.pdf,NA,NA,y,SN30G8-2537.pdf
SN30G8,C22b/C15/C15r,68.0,2537.pdf,NA,NA,y,SN30G8-2537.pdf
SN30G8,C7,363.0,2537.pdf,NA,NA,y,SN30G8-2537.pdf
SN30G8,C21/C3,20.0,2537.pdf,NA,NA,y,SN30G8-2537.pdf
SN30G8,D1-D4-D6-D4c-D2,44285.0,2537.pdf,NA,NA,y,SN30G8-2537.pdf
SN30ST6,C72-C1-C72f-C72g,44964.0,2537.pdf,NA,NA,y,SN30ST6-2537.pdf
SN15ST8,C72-C1-C72f-C72g,44937.0,2537.pdf,NA,NA,y,SN15ST8-2537.pdf
SN15ST6,C72-C1-C72f-C72g,28388.0,2537.pdf,NA,NA,y,SN15ST6-2537.pdf
AM1GX4,C41/C1-C41b-C41c-C1b-C41d,63738.0,2537.pdf,NA,NA,y,AM1GX4-2537.pdf
AM1GX1,C41/C1-C41b-C41c-C1b-C41d,104074.0,2537.pdf,NA,NA,y,AM1GX1-2537.pdf
AM1GX1,D1-D4-D2-D4c-D4f,531.0,2537.pdf,NA,NA,y,AM1GX1-2537.pdf
AM1GX2,C41/C1-C41b-C41c-C1b-C41d,66794.0,2537.pdf,NA,NA,y,AM1GX2-2537.pdf
AM1GX2,D1-D4-D2-D4c-D4f,515.0,2537.pdf,NA,NA,y,AM1GX2-2537.pdf
AM1GX5,C41/C1-C41b-C41c-C1b-C41d,69139.0,2537.pdf,NA,NA,y,AM1GX5-2537.pdf
AM1GX5,D1/D4-D4c-D4f,471.0,2537.pdf,NA,NA,y,AM1GX5-2537.pdf
FS1GX8,D1/D4,68022.0,2537.pdf,NA,NA,y,FS1GX8-2537.pdf
SN1PC9,A1/A1c-A1h-A1ce,77203.0,2537.pdf,NA,NA,y,SN1PC9-2537.pdf
SN1PC9,C1/C72/C41-C1b,181.0,2537.pdf,NA,NA,y,SN1PC9-2537.pdf
Q30PC5,A1/A1c-A1h-A1ce,156685.0,2537.pdf,NA,NA,y,Q30PC5-2537.pdf
Q30PC5,C15,123.0,2537.pdf,NA,NA,y,Q30PC5-2537.pdf
Q30PC5,C1-C1b-C41-C1h-C39,1276.0,2537.pdf,NA,NA,y,Q30PC5-2537.pdf
Q30PC5,D1-D4-D6-D6b,214.0,2537.pdf,NA,NA,y,Q30PC5-2537.pdf
AM1PC8,A1/A1c-A1h-A1ce,60596.0,2537.pdf,NA,NA,y,AM1PC8-2537.pdf
AM1PC8,C15h/C15,150.0,2537.pdf,NA,NA,y,AM1PC8-2537.pdf
AM1PC8,C1/C72/C39/C1b,738.0,2537.pdf,NA,NA,y,AM1PC8-2537.pdf
AM1PC8,D1-D4-D6-D4c-D2,1460.0,2537.pdf,NA,NA,y,AM1PC8-2537.pdf
T1M7,A1-A1ea,26468.0,2537.pdf,NA,NA,y,T1M7-2537.pdf
T1M7,C15,13.0,2537.pdf,NA,NA,y,T1M7-2537.pdf
T1M7,C1/C41/C1b-C39,185.0,2537.pdf,NA,NA,y,T1M7-2537.pdf
T1M8,A1-A1ea,26100.0,2537.pdf,NA,NA,y,T1M8-2537.pdf
T1M8,C15/C116,1203.0,2537.pdf,NA,NA,y,T1M8-2537.pdf
T1M8,C1/C39-C1b,78.0,2537.pdf,NA,NA,y,T1M8-2537.pdf
T1M1,A1-A1ea,73770.0,2537.pdf,NA,NA,y,T1M1-2537.pdf
T1M1,C3/C1b,24.0,2537.pdf,NA,NA,y,T1M1-2537.pdf
T1M1,C15/C22b/C39-C41,292.0,2537.pdf,NA,NA,y,T1M1-2537.pdf
T1M1,D1-D4-D2-D4c-D4f,963.0,2537.pdf,NA,NA,y,T1M1-2537.pdf
SN15ST4,A1-A1dl,6276.0,2537.pdf,NA,NA,y,SN15ST4-2537.pdf
SN15ST4,D1/D4/D4c,244.0,2537.pdf,NA,NA,y,SN15ST4-2537.pdf
AM1ST1,A1-A1dl,70379.0,2537.pdf,NA,NA,y,AM1ST1-2537.pdf
AM1ST1,C1/C39/C41-C1b-C1w-C39a,727.0,2537.pdf,NA,NA,y,AM1ST1-2537.pdf
AM1ST1,C15/C91f,102.0,2537.pdf,NA,NA,y,AM1ST1-2537.pdf
AM1ST1,C41b,72.0,2537.pdf,NA,NA,y,AM1ST1-2537.pdf
AM1ST1,D1-D4-D1b-D4c-D4f,2208.0,2537.pdf,NA,NA,y,AM1ST1-2537.pdf
T1P7,A1/A1l/A1g-A1o-A1p,623.0,2537.pdf,NA,NA,y,T1P7-2537.pdf
T1P7,C22b/C15-C15a-C15an-C15de,63017.0,2537.pdf,NA,NA,y,T1P7-2537.pdf
T1P7,D1-D4-D4c-D4f-D3b-D1c,1497.0,2537.pdf,NA,NA,y,T1P7-2537.pdf
SN1P4,C22b/C15-C15a-C15an-C15de,58215.0,2537.pdf,NA,NA,y,SN1P4-2537.pdf
SN1P5,C22b/C15-C15a-C15an-C15de,48443.0,2537.pdf,NA,NA,y,SN1P5-2537.pdf
SN1P5,D1-D4-D6-D6b,737.0,2537.pdf,NA,NA,y,SN1P5-2537.pdf
AM1ST4,A1,7583.0,2537.pdf,NA,NA,y,AM1ST4-2537.pdf
AM1ST4,A1s,97228.0,2537.pdf,NA,NA,y,AM1ST4-2537.pdf
AM1ST4,C15/C91f,1602.0,2537.pdf,NA,NA,y,AM1ST4-2537.pdf
AM1ST4,C41/C1-C1b-C41b,88.0,2537.pdf,NA,NA,y,AM1ST4-2537.pdf
AM1ST4,D1-D4-D1b-D4c-D4f,899.0,2537.pdf,NA,NA,y,AM1ST4-2537.pdf
AM1ST5,A1-A1dl,12043.0,2537.pdf,NA,NA,y,AM1ST5-2537.pdf
AM1ST5,A1s,95388.0,2537.pdf,NA,NA,y,AM1ST5-2537.pdf
AM1ST5,C15/C91f,1078.0,2537.pdf,NA,NA,y,AM1ST5-2537.pdf
AM1ST5,C1/C41/C1b-C39,61.0,2537.pdf,NA,NA,y,AM1ST5-2537.pdf
AM1ST5,D1-D4-D1b-D4c-D4f,632.0,2537.pdf,NA,NA,y,AM1ST5-2537.pdf
Q30P3,A1/A1c-A1h,380.0,2537.pdf,NA,NA,y,Q30P3-2537.pdf
Q30P3,C15-C15x-C15v-C15u-C15d-C15c-C15ab-C15dg,90931.0,2537.pdf,NA,NA,y,Q30P3-2537.pdf
SN30P10,C15-C15x-C15v-C15u-C15d-C15c-C15ab-C15dg,47668.0,2537.pdf,NA,NA,y,SN30P10-2537.pdf
Q30P4,C15-C15x-C15v-C15u-C15d-C15c-C15ab-C15dg,95221.0,2537.pdf,NA,NA,y,Q30P4-2537.pdf
SN30G3,C3/C1n/C3v,543.0,2537.pdf,NA,NA,y,SN30G3-2537.pdf
SN30G3,C39/C1/C116-C39b,26743.0,2537.pdf,NA,NA,y,SN30G3-2537.pdf
SN30G3,D1-D4-D6-D4c-D4f,366.0,2537.pdf,NA,NA,y,SN30G3-2537.pdf
AM15G1,A1-A1k-A1c-A1h-A1bf-A1bw-A1bx,1385.0,2537.pdf,NA,NA,y,AM15G1-2537.pdf
AM15G1,C3/C1n/C3v,5753.0,2537.pdf,NA,NA,y,AM15G1-2537.pdf
AM15G1,C39/C1/C116-C39b,94798.0,2537.pdf,NA,NA,y,AM15G1-2537.pdf
AM15G1,D1-D4-D6-D4c-D4f,511.0,2537.pdf,NA,NA,y,AM15G1-2537.pdf
AM1G4,C3/C1n/C3v,1981.0,2537.pdf,NA,NA,y,AM1G4-2537.pdf
AM1G4,C39/C1/C116-C39b,61904.0,2537.pdf,NA,NA,y,AM1G4-2537.pdf
FS1ST7,A1-A1m-A1co,71818.0,2537.pdf,NA,NA,y,FS1ST7-2537.pdf
FS1ST7,C1-C1b-C39-C41-C1ae-C41f-C1af-C39a,1414.0,2537.pdf,NA,NA,y,FS1ST7-2537.pdf
FS1ST7,D1-D4-D1p-D6,2171.0,2537.pdf,NA,NA,y,FS1ST7-2537.pdf
FS1PC5,A1-A1m-A1co,47184.0,2537.pdf,NA,NA,y,FS1PC5-2537.pdf
FS1PC5,C15h/C15,28292.0,2537.pdf,NA,NA,y,FS1PC5-2537.pdf
FS1PC5,D1-D4-D6-D4c-D4f,388.0,2537.pdf,NA,NA,y,FS1PC5-2537.pdf
AM15P1,C15-C15ah-C15x-C15v,31955.0,2537.pdf,NA,NA,y,AM15P1-2537.pdf
AM15P1,D1/D4-D4c-D1h-D1c-D2,24310.0,2537.pdf,NA,NA,y,AM15P1-2537.pdf
SN30ST9,A1-A1k-A1c-A1h,1034.0,2537.pdf,NA,NA,y,SN30ST9-2537.pdf
SN30ST9,C21,69632.0,2537.pdf,NA,NA,y,SN30ST9-2537.pdf
SN30ST9,D1-D4-D6-D4c-D10,644.0,2537.pdf,NA,NA,y,SN30ST9-2537.pdf
SN30ST8,C15h-C15k,1275.0,2537.pdf,NA,NA,y,SN30ST8-2537.pdf
SN30ST8,C21,68773.0,2537.pdf,NA,NA,y,SN30ST8-2537.pdf
AM30P7,A1/A1c-A1h,236.0,2537.pdf,NA,NA,y,AM30P7-2537.pdf
AM30P7,C3-C3au-C29-C3bk,14458.0,2537.pdf,NA,NA,y,AM30P7-2537.pdf
AM30P7,D4,8623.0,2537.pdf,NA,NA,y,AM30P7-2537.pdf
FS1ST8,A1-A1m,72259.0,2537.pdf,NA,NA,y,FS1ST8-2537.pdf
FS1ST8,C1-C1b-C39-C41-C1ae-C41f-C1af-C39a,1906.0,2537.pdf,NA,NA,y,FS1ST8-2537.pdf
FS1ST8,C15/C15r,219.0,2537.pdf,NA,NA,y,FS1ST8-2537.pdf
FS1ST8,D1-D4-D1p-D6,906.0,2537.pdf,NA,NA,y,FS1ST8-2537.pdf
Q15M2,A1-A1f,8198.0,2537.pdf,NA,NA,y,Q15M2-2537.pdf
Q15M2,C15/C41,100.0,2537.pdf,NA,NA,y,Q15M2-2537.pdf
Q15M2,C39/C1-C39c-C39d,89.0,2537.pdf,NA,NA,y,Q15M2-2537.pdf
AM15M5,A1-A1aa-A1e,131515.0,2537.pdf,NA,NA,y,AM15M5-2537.pdf
AM15M5,C72/C1-C72a-C1b-C72b-C72c-C72d,1192.0,2537.pdf,NA,NA,y,AM15M5-2537.pdf
AM15M5,C15/C91f,495.0,2537.pdf,NA,NA,y,AM15M5-2537.pdf
AM15M5,D1/D6-D4-D10-D6b,638.0,2537.pdf,NA,NA,y,AM15M5-2537.pdf
AM1P1,C15-C15bn-C15by,57529.0,2537.pdf,NA,NA,y,AM1P1-2537.pdf
SN1PC6,A1-A1cc-A1c-A1h-A1q-A1i,45672.0,2537.pdf,NA,NA,y,SN1PC6-2537.pdf
SN1PC6,C1/C39/C41-C1b-C1w-C39a,674.0,2537.pdf,NA,NA,y,SN1PC6-2537.pdf
SN1PC6,C15/C116/C15h,97.0,2537.pdf,NA,NA,y,SN1PC6-2537.pdf
FS15ST2,A1-A1m-A1dl,57280.0,2537.pdf,NA,NA,y,FS15ST2-2537.pdf
FS15ST2,C116-C116f-C116e-C116d,22388.0,2537.pdf,NA,NA,y,FS15ST2-2537.pdf
FS15ST2,C15h/C15,1154.0,2537.pdf,NA,NA,y,FS15ST2-2537.pdf
FS15ST2,C3/C3au,3287.0,2537.pdf,NA,NA,y,FS15ST2-2537.pdf
Q30M4,A1/A1w-A1y-A1ag,108833.0,2537.pdf,NA,NA,y,Q30M4-2537.pdf
Q30M4,C15,749.0,2537.pdf,NA,NA,y,Q30M4-2537.pdf
Q30M4,C163b,785.0,2537.pdf,NA,NA,y,Q30M4-2537.pdf
Q30M4,C1-C1b-C41-C1h-C39,5718.0,2537.pdf,NA,NA,y,Q30M4-2537.pdf
Q30M4,D1-D4-D6-D6b,336.0,2537.pdf,NA,NA,y,Q30M4-2537.pdf
SN30P7,C15/C91f,168.0,2537.pdf,NA,NA,y,SN30P7-2537.pdf
SN30P7,C1/C72/C39/C1b,41.0,2537.pdf,NA,NA,y,SN30P7-2537.pdf
SN30P7,D4/D1-D6-D6c-D6d-D1d,50011.0,2537.pdf,NA,NA,y,SN30P7-2537.pdf
FS1PC1,A1j-A1bv-A1cb-A1,105728.0,2537.pdf,NA,NA,y,FS1PC1-2537.pdf
FS1PC1,C15/C15r,1195.0,2537.pdf,NA,NA,y,FS1PC1-2537.pdf
FS1PC1,C1/C1b,46.0,2537.pdf,NA,NA,y,FS1PC1-2537.pdf
FS1PC1,D1-D4-D6-D6b-D1d-D1i-D1j-D10,3343.0,2537.pdf,NA,NA,y,FS1PC1-2537.pdf
Q30M6,A1-A1k,33609.0,2537.pdf,NA,NA,y,Q30M6-2537.pdf
Q30M6,C72/C1-C72a-C1b-C72b-C72c-C72d,12493.0,2537.pdf,NA,NA,y,Q30M6-2537.pdf
Q30M6,D1-D4-D6-D4c-D4f,9304.0,2537.pdf,NA,NA,y,Q30M6-2537.pdf
SN1P9,C116-C116f-C22b,22980.0,2537.pdf,NA,NA,y,SN1P9-2537.pdf
Q15G8,C1/C42.2/C1b,52103.0,2537.pdf,NA,NA,y,Q15G8-2537.pdf
Rec5_T3,C1d-C1bl-C42.2-C1-C1b,19453.0,2662.pdf,NA,NA,y,Rec5_T3-2662.pdf
Rec11_T3,C1d-C1bl-C42.2-C1-C1b,24277.0,2662.pdf,NA,NA,y,Rec11_T3-2662.pdf
Rec3_T4,C1d-C1bl-C42.2-C1-C1b,21137.0,2662.pdf,NA,NA,y,Rec3_T4-2662.pdf
Rec4_T4,C1d-C1bl-C42.2-C1-C1b,19836.0,2662.pdf,NA,NA,y,Rec4_T4-2662.pdf
Rec1_T4,C1d-C1bl-C42.2-C1-C1b,19921.0,2662.pdf,NA,NA,y,Rec1_T4-2662.pdf
Rec12_T3,C1d-C1bl-C42.2-C1-C1b,38268.0,2662.pdf,NA,NA,y,Rec12_T3-2662.pdf
Rec2_T1,C1d-C1bl-C42.2-C1-C1b,30482.0,2662.pdf,NA,NA,y,Rec2_T1-2662.pdf
Rec11_T2,C1d-C1bl-C42.2-C1-C1b,38003.0,2662.pdf,NA,NA,y,Rec11_T2-2662.pdf
Rec6_T3,C1d-C1bl-C42.2-C1-C1b,27690.0,2662.pdf,NA,NA,y,Rec6_T3-2662.pdf
Rec1_T3,C1d-C1bl-C42.2-C1-C1b,29641.0,2662.pdf,NA,NA,y,Rec1_T3-2662.pdf
PociE_T4,C1d-C1bl-C42.2-C1-C1b,23004.0,2662.pdf,NA,NA,y,PociE_T4-2662.pdf
Rec2_T3,C1d-C1bl-C42.2-C1-C1b,44470.0,2662.pdf,NA,NA,y,Rec2_T3-2662.pdf
Rec5_T2,C1d-C1bl-C42.2-C1-C1b,22502.0,2662.pdf,NA,NA,y,Rec5_T2-2662.pdf
Rec12_T2,C1d-C1bl-C42.2-C1-C1b,28678.0,2662.pdf,NA,NA,y,Rec12_T2-2662.pdf
Rec8_T3,C1d-C1bl-C42.2-C1-C1b,24287.0,2662.pdf,NA,NA,y,Rec8_T3-2662.pdf
Rec13_T3,C1d-C1bl-C42.2-C1-C1b,28767.0,2662.pdf,NA,NA,y,Rec13_T3-2662.pdf
Rec10_T3,C1d-C1bl-C42.2-C1-C1b,36180.0,2662.pdf,NA,NA,y,Rec10_T3-2662.pdf
Rec11_T4,C1d-C1bl-C42.2-C1-C1b,13678.0,2662.pdf,NA,NA,y,Rec11_T4-2662.pdf
Rec14_T4,C1d-C1bl-C42.2-C1-C1b,15809.0,2662.pdf,NA,NA,y,Rec14_T4-2662.pdf
Rec12_T4,C1d-C1bl-C42.2-C1-C1b,19209.0,2662.pdf,NA,NA,y,Rec12_T4-2662.pdf
Rec14_T3,C1d-C1bl-C42.2-C1-C1b,16677.0,2662.pdf,NA,NA,y,Rec14_T3-2662.pdf
Rec15_T3,C1d-C1bl-C42.2-C1-C1b,17915.0,2662.pdf,NA,NA,y,Rec15_T3-2662.pdf
Rec1_T2,C1d-C1bl-C42.2-C1-C1b,21728.0,2662.pdf,NA,NA,y,Rec1_T2-2662.pdf
Rec15_T1,C1d-C1bl-C42.2-C1-C1b,22707.0,2662.pdf,NA,NA,y,Rec15_T1-2662.pdf
Rec2_T2,C1d-C1bl-C42.2-C1-C1b,18447.0,2662.pdf,NA,NA,y,Rec2_T2-2662.pdf
Rec13_T4,C1d-C1bl-C42.2-C1-C1b,10863.0,2662.pdf,NA,NA,y,Rec13_T4-2662.pdf
Rec3_T2,C1d-C1bl-C42.2-C1-C1b,24744.0,2662.pdf,NA,NA,y,Rec3_T2-2662.pdf
Rec4_T2,C1d-C1bl-C42.2-C1-C1b,17387.0,2662.pdf,NA,NA,y,Rec4_T2-2662.pdf
Rec3_T3,C1d-C1bl-C42.2-C1-C1b,16092.0,2662.pdf,NA,NA,y,Rec3_T3-2662.pdf
Rec8_T2,C1d-C1bl-C42.2-C1-C1b,25546.0,2662.pdf,NA,NA,y,Rec8_T2-2662.pdf
Rec13_T1,C1d-C1bl-C42.2-C1-C1b,38708.0,2662.pdf,NA,NA,y,Rec13_T1-2662.pdf
Rec9_T3,C1d-C1bl-C42.2-C1-C1b,31990.0,2662.pdf,NA,NA,y,Rec9_T3-2662.pdf
Rec7_T2,C1d-C1bl-C42.2-C1-C1b,20705.0,2662.pdf,NA,NA,y,Rec7_T2-2662.pdf
Rec9_T4,C1d-C1bl-C42.2-C1-C1b,28043.0,2662.pdf,NA,NA,y,Rec9_T4-2662.pdf
Rec14_T2,C1d-C1bl-C42.2-C1-C1b,35353.0,2662.pdf,NA,NA,y,Rec14_T2-2662.pdf
Rec2_T4,C1d-C1bl-C42.2-C1-C1b,23555.0,2662.pdf,NA,NA,y,Rec2_T4-2662.pdf
Rec8_T4,C1d-C1bl-C42.2-C1-C1b,29746.0,2662.pdf,NA,NA,y,Rec8_T4-2662.pdf
Rec10_T2,C1d-C1bl-C42.2-C1-C1b,37650.0,2662.pdf,NA,NA,y,Rec10_T2-2662.pdf
PociD_T4,C1d-C1bl-C42.2-C1-C1b,11840.0,2662.pdf,NA,NA,y,PociD_T4-2662.pdf
Rec15_T2,C1d-C1bl-C42.2-C1-C1b,16226.0,2662.pdf,NA,NA,y,Rec15_T2-2662.pdf
PociC_T3,C1d-C1bl-C42.2-C1-C1b,15966.0,2662.pdf,NA,NA,y,PociC_T3-2662.pdf
PociD_T2,C1d-C1bl-C42.2-C1-C1b,29275.0,2662.pdf,NA,NA,y,PociD_T2-2662.pdf
Rec7_T3,C1d-C1bl-C42.2-C1-C1b,19819.0,2662.pdf,NA,NA,y,Rec7_T3-2662.pdf
Rec13_T2,C1d-C1bl-C42.2-C1-C1b,35615.0,2662.pdf,NA,NA,y,Rec13_T2-2662.pdf
Rec6_T4,C1d-C1bl-C42.2-C1-C1b,15053.0,2662.pdf,NA,NA,y,Rec6_T4-2662.pdf
Rec4_T3,C1d-C1bl-C42.2-C1-C1b,16718.0,2662.pdf,NA,NA,y,Rec4_T3-2662.pdf
Rec11_T1,C1d-C1bl-C42.2-C1-C1b,26668.0,2662.pdf,NA,NA,y,Rec11_T1-2662.pdf
Rec14_T1,C1d-C1bl-C42.2-C1-C1b,29029.0,2662.pdf,NA,NA,y,Rec14_T1-2662.pdf
Rec7_T4,C1d-C1bl-C42.2-C1-C1b,13820.0,2662.pdf,NA,NA,y,Rec7_T4-2662.pdf
PociC_T2,C1d-C1bl-C42.2-C1-C1b,23498.0,2662.pdf,NA,NA,y,PociC_T2-2662.pdf
Rec10_T4,C1d-C1bl-C42.2-C1-C1b,18307.0,2662.pdf,NA,NA,y,Rec10_T4-2662.pdf
Rec10_T4,C21/C3,374.0,2662.pdf,NA,NA,y,Rec10_T4-2662.pdf
Rec5_T4,C1d-C1bl-C42.2-C1-C1b,16788.0,2662.pdf,NA,NA,y,Rec5_T4-2662.pdf
Rec7_T1,C1d-C1bl-C42.2-C1-C1b,21338.0,2662.pdf,NA,NA,y,Rec7_T1-2662.pdf
Rec12_T1,C1d-C1bl-C42.2-C1-C1b,37449.0,2662.pdf,NA,NA,y,Rec12_T1-2662.pdf
PociE_T3,C1d-C1bl-C42.2-C1-C1b,18308.0,2662.pdf,NA,NA,y,PociE_T3-2662.pdf
PociE_T2,C1d-C1bl-C42.2-C1-C1b,35655.0,2662.pdf,NA,NA,y,PociE_T2-2662.pdf
PociA_T4,C1d-C1bl-C42.2-C1-C1b,11170.0,2662.pdf,NA,NA,y,PociA_T4-2662.pdf
Rec15_T4,C1d-C1bl-C42.2-C1-C1b,20980.0,2662.pdf,NA,NA,y,Rec15_T4-2662.pdf
PociC_T4,C1d-C1bl-C42.2-C1-C1b,10281.0,2662.pdf,NA,NA,y,PociC_T4-2662.pdf
PociB_T4,C1d-C1bl-C42.2-C1-C1b,21050.0,2662.pdf,NA,NA,y,PociB_T4-2662.pdf
Rec4_T1,C1d-C1bl-C42.2-C1-C1b,21279.0,2662.pdf,NA,NA,y,Rec4_T1-2662.pdf
Rec3_T1,C1d-C1bl-C42.2-C1-C1b,21856.0,2662.pdf,NA,NA,y,Rec3_T1-2662.pdf
PociB_T2,C1d-C1bl-C42.2-C1-C1b,26902.0,2662.pdf,NA,NA,y,PociB_T2-2662.pdf
PociA_T3,C1d-C1bl-C42.2-C1-C1b,16589.0,2662.pdf,NA,NA,y,PociA_T3-2662.pdf
Rec8_T1,C1d-C1bl-C42.2-C1-C1b,22112.0,2662.pdf,NA,NA,y,Rec8_T1-2662.pdf
Rec9_T1,C1d-C1bl-C42.2-C1-C1b,39820.0,2662.pdf,NA,NA,y,Rec9_T1-2662.pdf
Rec10_T1,C1d-C1bl-C42.2-C1-C1b,17038.0,2662.pdf,NA,NA,y,Rec10_T1-2662.pdf
PociB_T3,C1d-C1bl-C42.2-C1-C1b,15219.0,2662.pdf,NA,NA,y,PociB_T3-2662.pdf
Rec5_T1,C1d-C1bl-C42.2-C1-C1b,36036.0,2662.pdf,NA,NA,y,Rec5_T1-2662.pdf
Rec6_T2,C1d-C1bl-C42.2-C1-C1b,17668.0,2662.pdf,NA,NA,y,Rec6_T2-2662.pdf
PociD_T3,C1d-C1bl-C42.2-C1-C1b,22795.0,2662.pdf,NA,NA,y,PociD_T3-2662.pdf
PociA_T2,C1d-C1bl-C42.2-C1-C1b,36154.0,2662.pdf,NA,NA,y,PociA_T2-2662.pdf
Rec1_T1,C1d-C1bl-C42.2-C1-C1b,38070.0,2662.pdf,NA,NA,y,Rec1_T1-2662.pdf
Rec6_T1,C1d-C1bl-C42.2-C1-C1b,21966.0,2662.pdf,NA,NA,y,Rec6_T1-2662.pdf
Rec9_T2,C1d-C1bl-C42.2-C1-C1b,30142.0,2662.pdf,NA,NA,y,Rec9_T2-2662.pdf
PlatyD_T3,C3/C21-C3at-C3b-C3av-C3dp,17035.0,2662.pdf,NA,NA,y,PlatyD_T3-2662.pdf
PlatyD_T2,C3/C21-C3at-C3b-C3av-C3dp,17965.0,2662.pdf,NA,NA,y,PlatyD_T2-2662.pdf
PlatyE_T2,C3/C21-C3at-C3b-C3av-C3dp,24579.0,2662.pdf,NA,NA,y,PlatyE_T2-2662.pdf
PlatyB_T2,C3/C21-C3at-C3b-C3av-C3dp,32472.0,2662.pdf,NA,NA,y,PlatyB_T2-2662.pdf
PlatyA_T3,C3/C21-C3at-C3b-C3av-C3dp,20140.0,2662.pdf,NA,NA,y,PlatyA_T3-2662.pdf
PlatyC_T3,C3/C21-C3at-C3b-C3av-C3dp,29519.0,2662.pdf,NA,NA,y,PlatyC_T3-2662.pdf
PlatyC_T2,C3/C21-C3at-C3b-C3av-C3dp,34833.0,2662.pdf,NA,NA,y,PlatyC_T2-2662.pdf
PlatyB_T3,C3/C21-C3at-C3b-C3av-C3dp,32378.0,2662.pdf,NA,NA,y,PlatyB_T3-2662.pdf
PlatyE_T3,C3/C21-C3at-C3b-C3av-C3dp,18173.0,2662.pdf,NA,NA,y,PlatyE_T3-2662.pdf
PlatyE_T4,C3/C21-C3at-C3b-C3av-C3dp,14622.0,2662.pdf,NA,NA,y,PlatyE_T4-2662.pdf
PlatyC_T4,C3/C21-C3at-C3b-C3av-C3dp,11437.0,2662.pdf,NA,NA,y,PlatyC_T4-2662.pdf
PlatyB_T4,C3/C21-C3at-C3b-C3av-C3dp,8275.0,2662.pdf,NA,NA,y,PlatyB_T4-2662.pdf
PlatyA_T4,C3/C21-C3at-C3b-C3av-C3dp,5709.0,2662.pdf,NA,NA,y,PlatyA_T4-2662.pdf
PlatyD_T4,C3/C21-C3at-C3b-C3av-C3dp,4657.0,2662.pdf,NA,NA,y,PlatyD_T4-2662.pdf
PlatyD_T4,C1d-C42.2-C1-C1k,5895.0,2662.pdf,NA,NA,y,PlatyD_T4-2662.pdf
PlatyA_T2,C3/C21-C3at-C3b-C3av-C3dp,10063.0,2662.pdf,NA,NA,y,PlatyA_T2-2662.pdf
PlatyA_T2,C1-C1c-C1b-C1al-C42.2,18448.0,2662.pdf,NA,NA,y,PlatyA_T2-2662.pdf
LarM2bz,C1d-C1bl-C42.2-C1-C1b,24285.0,2759.pdf,NA,NA,y,LarM2bz-2759.pdf
RecM2dz,C1d-C1bl-C42.2-C1-C1b,31182.0,2759.pdf,NA,NA,y,RecM2dz-2759.pdf
RecM2cz,C1d-C1bl-C42.2-C1-C1b,29104.0,2759.pdf,NA,NA,y,RecM2cz-2759.pdf
RecM2ez,C1d-C1bl-C42.2-C1-C1b,29643.0,2759.pdf,NA,NA,y,RecM2ez-2759.pdf
LarM2cz,C1d-C1bl-C42.2-C1-C1b,27985.0,2759.pdf,NA,NA,y,LarM2cz-2759.pdf
AdM2az,C1d-C1bl-C42.2-C1-C1b,35281.0,2759.pdf,NA,NA,y,AdM2az-2759.pdf
RecM1cz,C1d-C1bl-C42.2-C1-C1b,23591.0,2759.pdf,NA,NA,y,RecM1cz-2759.pdf
LarM2az,C1d-C1bl-C42.2-C1-C1b,22122.0,2759.pdf,NA,NA,y,LarM2az-2759.pdf
LarM2ez,C1d-C1bl-C42.2-C1-C1b,19609.0,2759.pdf,NA,NA,y,LarM2ez-2759.pdf
LarM2dz,C1d-C1bl-C42.2-C1-C1b,19850.0,2759.pdf,NA,NA,y,LarM2dz-2759.pdf
RecM1bz,C1d-C1bl-C42.2-C1-C1b,26942.0,2759.pdf,NA,NA,y,RecM1bz-2759.pdf
LarM1dz,C1d-C1bl-C42.2-C1-C1b,23828.0,2759.pdf,NA,NA,y,LarM1dz-2759.pdf
AdM2bz,C1d-C1bl-C42.2-C1-C1b,32077.0,2759.pdf,NA,NA,y,AdM2bz-2759.pdf
LarM1bz,C1d-C1bl-C42.2-C1-C1b,14871.0,2759.pdf,NA,NA,y,LarM1bz-2759.pdf
AdM2cz,C1d-C1bl-C42.2-C1-C1b,26387.0,2759.pdf,NA,NA,y,AdM2cz-2759.pdf
RecM2az,C1d-C1bl-C42.2-C1-C1b,36707.0,2759.pdf,NA,NA,y,RecM2az-2759.pdf
AdM1dz,C1d-C1bl-C42.2-C1-C1b,23246.0,2759.pdf,NA,NA,y,AdM1dz-2759.pdf
RecM1az,C1d-C1bl-C42.2-C1-C1b,23751.0,2759.pdf,NA,NA,y,RecM1az-2759.pdf
AdM2dz,C1d-C1bl-C42.2-C1-C1b,27759.0,2759.pdf,NA,NA,y,AdM2dz-2759.pdf
AdM2ez,C1d-C1bl-C42.2-C1-C1b,37052.0,2759.pdf,NA,NA,y,AdM2ez-2759.pdf
AdM1cz,C1d-C1bl-C42.2-C1-C1b,29522.0,2759.pdf,NA,NA,y,AdM1cz-2759.pdf
AdM1bz,C1d-C1bl-C42.2-C1-C1b,36252.0,2759.pdf,NA,NA,y,AdM1bz-2759.pdf
AdM1az,C1d-C1bl-C42.2-C1-C1b,26647.0,2759.pdf,NA,NA,y,AdM1az-2759.pdf
LarM1cz,C1d-C1bl-C42.2-C1-C1b,20841.0,2759.pdf,NA,NA,y,LarM1cz-2759.pdf
RecM1dz,C1d-C1bl-C42.2-C1-C1b,21054.0,2759.pdf,NA,NA,y,RecM1dz-2759.pdf
LarM1az,C1d-C1bl-C42.2-C1-C1b,18474.0,2759.pdf,NA,NA,y,LarM1az-2759.pdf
LarM1ez,C1d-C1bl-C42.2-C1-C1b,18905.0,2759.pdf,NA,NA,y,LarM1ez-2759.pdf
RecM2bz,C1d-C1bl-C42.2-C1-C1b,33365.0,2759.pdf,NA,NA,y,RecM2bz-2759.pdf
AdM1ez,C1d-C1bl-C42.2-C1-C1b,25373.0,2759.pdf,NA,NA,y,AdM1ez-2759.pdf
LarO3az,C1d/C1-C42.2-C1b-C3cg-C45c-C115k,17926.0,2759.pdf,NA,NA,y,LarO3az-2759.pdf
AdO3az,C1d/C1-C42.2-C1b-C3cg-C45c-C115k,33143.0,2759.pdf,NA,NA,y,AdO3az-2759.pdf
RecO1cz,C1d/C1-C42.2-C1b-C3cg-C45c-C115k,24751.0,2759.pdf,NA,NA,y,RecO1cz-2759.pdf
LarO3cz,C1d/C1-C42.2-C1b-C3cg-C45c-C115k,23944.0,2759.pdf,NA,NA,y,LarO3cz-2759.pdf
RecO3dz,C1d/C1-C42.2-C1b-C3cg-C45c-C115k,26688.0,2759.pdf,NA,NA,y,RecO3dz-2759.pdf
LarO1ez,C1d/C1-C42.2-C1b-C3cg-C45c-C115k,20863.0,2759.pdf,NA,NA,y,LarO1ez-2759.pdf
LarO1bz,C1d/C1-C42.2-C1b-C3cg-C45c-C115k,29139.0,2759.pdf,NA,NA,y,LarO1bz-2759.pdf
RecO3cz,C1d/C1-C42.2-C1b-C3cg-C45c-C115k,29557.0,2759.pdf,NA,NA,y,RecO3cz-2759.pdf
RecO1ez,C1d/C1-C42.2-C1b-C3cg-C45c-C115k,26986.0,2759.pdf,NA,NA,y,RecO1ez-2759.pdf
AdO1cz,C1d/C1-C42.2-C1b-C3cg-C45c-C115k,36232.0,2759.pdf,NA,NA,y,AdO1cz-2759.pdf
RecO1az,C1d/C1-C42.2-C1b-C3cg-C45c-C115k,26587.0,2759.pdf,NA,NA,y,RecO1az-2759.pdf
AdO3bz,C1d/C1-C42.2-C1b-C3cg-C45c-C115k,32194.0,2759.pdf,NA,NA,y,AdO3bz-2759.pdf
LarO1dz,C1d/C1-C42.2-C1b-C3cg-C45c-C115k,18959.0,2759.pdf,NA,NA,y,LarO1dz-2759.pdf
RecO3az,C1d/C1-C42.2-C1b-C3cg-C45c-C115k,23529.0,2759.pdf,NA,NA,y,RecO3az-2759.pdf
LarO1cz,C1d/C1-C42.2-C1b-C3cg-C45c-C115k,22329.0,2759.pdf,NA,NA,y,LarO1cz-2759.pdf
AdO1ez,C1d/C1-C42.2-C1b-C3cg-C45c-C115k,26591.0,2759.pdf,NA,NA,y,AdO1ez-2759.pdf
LarO1az,C1d/C1-C42.2-C1b-C3cg-C45c-C115k,31033.0,2759.pdf,NA,NA,y,LarO1az-2759.pdf
LarO3bz,C1d/C1-C42.2-C1b-C3cg-C45c-C115k,22106.0,2759.pdf,NA,NA,y,LarO3bz-2759.pdf
LarO2dz,C1d-C42.2-C1-C1bm-C1b-C3cg,26553.0,2759.pdf,NA,NA,y,LarO2dz-2759.pdf
LarO2bz,C1d-C42.2-C1-C1bm-C1b-C3cg,17611.0,2759.pdf,NA,NA,y,LarO2bz-2759.pdf
LarO2cz,C1d-C42.2-C1-C1bm-C1b-C3cg,17046.0,2759.pdf,NA,NA,y,LarO2cz-2759.pdf
LarO2az,C1d-C42.2-C1-C1bm-C1b-C3cg,17794.0,2759.pdf,NA,NA,y,LarO2az-2759.pdf
AdO2bz,C1d-C42.2-C1-C1bm-C1b-C3cg,28312.0,2759.pdf,NA,NA,y,AdO2bz-2759.pdf
AdO2az,C1d-C42.2-C1-C1bm-C1b-C3cg,24844.0,2759.pdf,NA,NA,y,AdO2az-2759.pdf
RecO2az,C1d-C42.2-C1-C1bm-C1b-C3cg,27229.0,2759.pdf,NA,NA,y,RecO2az-2759.pdf
RecO2cz,C1d-C42.2-C1-C1bm-C1b-C3cg,18351.0,2759.pdf,NA,NA,y,RecO2cz-2759.pdf
RecO2dz,C1d-C42.2-C1-C1bm-C1b-C3cg,25570.0,2759.pdf,NA,NA,y,RecO2dz-2759.pdf
AdO2cz,C1d-C42.2-C1-C1bm-C1b-C3cg,35127.0,2759.pdf,NA,NA,y,AdO2cz-2759.pdf
RecO2bz,C1d-C42.2-C1-C1bm-C1b-C3cg,19047.0,2759.pdf,NA,NA,y,RecO2bz-2759.pdf
AdO2dz,C1d-C42.2-C1-C1bm-C1b-C3cg,28811.0,2759.pdf,NA,NA,y,AdO2dz-2759.pdf
RecO2ez,C1d-C42.2-C1-C1bm-C1b-C3cg,20461.0,2759.pdf,NA,NA,y,RecO2ez-2759.pdf
AdO3dz,C42.2/C1-C1b-C1au,5149.0,2759.pdf,NA,NA,y,AdO3dz-2759.pdf
AdO3cz,C42.2/C1-C1b-C1au,5040.0,2759.pdf,NA,NA,y,AdO3cz-2759.pdf
AdO1dz,C42.2/C1-C1b-C1au,5155.0,2759.pdf,NA,NA,y,AdO1dz-2759.pdf
LarO3dz,C42.2/C1-C1b-C1au,3701.0,2759.pdf,NA,NA,y,LarO3dz-2759.pdf
AdO1az,C42.2/C1-C1b-C1au,4273.0,2759.pdf,NA,NA,y,AdO1az-2759.pdf
RecO3ez,C42.2/C1-C1b-C1au,3475.0,2759.pdf,NA,NA,y,RecO3ez-2759.pdf
AdO1bz,C42.2/C1-C1b-C1au,4783.0,2759.pdf,NA,NA,y,AdO1bz-2759.pdf
RecO3bz,C1/C42.2/C1b,4189.0,2759.pdf,NA,NA,y,RecO3bz-2759.pdf
RecO1dz,C1/C42.2/C1b,3428.0,2759.pdf,NA,NA,y,RecO1dz-2759.pdf
RecO1bz,C1/C42.2/C1b,3175.0,2759.pdf,NA,NA,y,RecO1bz-2759.pdf
16,C40-C3-C115-C40h,5843.0,2934.pdf,NA,NA,y,16-2934.pdf
3013,C40-C3-C115-C40h,5614.0,2934.pdf,NA,NA,y,3013-2934.pdf
3061,C40-C3-C115-C40h,4409.0,2934.pdf,NA,NA,y,3061-2934.pdf
3081,C40-C3-C115-C40h,7559.0,2934.pdf,NA,NA,y,3081-2934.pdf
3023,C40-C3-C115-C40h,6748.0,2934.pdf,NA,NA,y,3023-2934.pdf
3019,C40-C3-C115-C40h,7449.0,2934.pdf,NA,NA,y,3019-2934.pdf
3077,C40-C3-C115-C40h,5345.0,2934.pdf,NA,NA,y,3077-2934.pdf
3024,C40-C3-C115-C40h,7755.0,2934.pdf,NA,NA,y,3024-2934.pdf
3054,C40-C3-C115-C40h,7907.0,2934.pdf,NA,NA,y,3054-2934.pdf
3020,C40-C3-C115-C40h,8840.0,2934.pdf,NA,NA,y,3020-2934.pdf
3033,C40-C3-C115-C40h,6385.0,2934.pdf,NA,NA,y,3033-2934.pdf
3063,C40-C3-C115-C40h,3376.0,2934.pdf,NA,NA,y,3063-2934.pdf
77,C40-C3-C115-C40h,5790.0,2934.pdf,NA,NA,y,77-2934.pdf
3072,C40-C3-C115-C40h,7469.0,2934.pdf,NA,NA,y,3072-2934.pdf
3011,C40-C3-C115-C40h,6298.0,2934.pdf,NA,NA,y,3011-2934.pdf
72,C40-C3-C115-C40h,5330.0,2934.pdf,NA,NA,y,72-2934.pdf
3007,C40-C3-C115-C40h,7090.0,2934.pdf,NA,NA,y,3007-2934.pdf
3012,C40-C3-C115-C40h,6770.0,2934.pdf,NA,NA,y,3012-2934.pdf
3048,C40-C3-C115-C40h,4330.0,2934.pdf,NA,NA,y,3048-2934.pdf
3046,C40-C3-C115-C40h,5750.0,2934.pdf,NA,NA,y,3046-2934.pdf
3030,C40-C3-C115-C40h,6379.0,2934.pdf,NA,NA,y,3030-2934.pdf
20,C40-C3-C115-C40h,3611.0,2934.pdf,NA,NA,y,20-2934.pdf
3028,C40-C3-C115-C40h,7739.0,2934.pdf,NA,NA,y,3028-2934.pdf
3075,C40-C3-C115-C40h,3959.0,2934.pdf,NA,NA,y,3075-2934.pdf
3056,C40-C3-C115-C40h,7151.0,2934.pdf,NA,NA,y,3056-2934.pdf
3079,C40-C3-C115-C40h,7312.0,2934.pdf,NA,NA,y,3079-2934.pdf
3022,C40-C3-C115-C40h,3736.0,2934.pdf,NA,NA,y,3022-2934.pdf
2999,C40-C3-C115-C40h,5234.0,2934.pdf,NA,NA,y,2999-2934.pdf
76,C40-C3-C115-C40h,5228.0,2934.pdf,NA,NA,y,76-2934.pdf
3025,C40-C3-C115-C40h,7609.0,2934.pdf,NA,NA,y,3025-2934.pdf
3004,C40-C3-C115-C40h,4517.0,2934.pdf,NA,NA,y,3004-2934.pdf
3040,C40-C3-C115-C40h,7662.0,2934.pdf,NA,NA,y,3040-2934.pdf
3038,C40-C3-C115-C40h,6014.0,2934.pdf,NA,NA,y,3038-2934.pdf
3034,C40-C3-C115-C40h,6882.0,2934.pdf,NA,NA,y,3034-2934.pdf
3018,C40-C3-C115-C40h,5912.0,2934.pdf,NA,NA,y,3018-2934.pdf
3047,C40-C3-C115-C40h,9373.0,2934.pdf,NA,NA,y,3047-2934.pdf
3064,C40-C3-C115-C40h,6589.0,2934.pdf,NA,NA,y,3064-2934.pdf
3041,C40-C3-C115-C40h,8000.0,2934.pdf,NA,NA,y,3041-2934.pdf
3008,C40-C3-C115-C40h,8023.0,2934.pdf,NA,NA,y,3008-2934.pdf
3062,C40-C3-C115-C40h,8801.0,2934.pdf,NA,NA,y,3062-2934.pdf
3078,C40-C3-C115-C40h,4428.0,2934.pdf,NA,NA,y,3078-2934.pdf
3015,C40-C3-C115-C40h,6779.0,2934.pdf,NA,NA,y,3015-2934.pdf
3017,C40-C3-C115-C40h,7696.0,2934.pdf,NA,NA,y,3017-2934.pdf
3057,C40-C3-C115-C40h,3081.0,2934.pdf,NA,NA,y,3057-2934.pdf
2993,C40-C3-C115-C40h,7996.0,2934.pdf,NA,NA,y,2993-2934.pdf
3010,C40-C3-C115-C40h,6118.0,2934.pdf,NA,NA,y,3010-2934.pdf
3002,C40-C3-C115-C40h,6171.0,2934.pdf,NA,NA,y,3002-2934.pdf
3029,C40-C3-C115-C40h,7805.0,2934.pdf,NA,NA,y,3029-2934.pdf
2997,C40-C3-C115-C40h,7192.0,2934.pdf,NA,NA,y,2997-2934.pdf
3060,C40-C3-C115-C40h,6755.0,2934.pdf,NA,NA,y,3060-2934.pdf
3001,C40-C3-C115-C40h,8326.0,2934.pdf,NA,NA,y,3001-2934.pdf
3000,C40-C3-C115-C40h,5256.0,2934.pdf,NA,NA,y,3000-2934.pdf
2990,C40-C3-C115-C40h,9297.0,2934.pdf,NA,NA,y,2990-2934.pdf
2992,C40-C3-C115-C40h,6904.0,2934.pdf,NA,NA,y,2992-2934.pdf
3026,C40-C3-C115-C40h,6114.0,2934.pdf,NA,NA,y,3026-2934.pdf
2991,C40-C3-C115-C40h,6415.0,2934.pdf,NA,NA,y,2991-2934.pdf
3035,C40-C3-C115-C40h,5240.0,2934.pdf,NA,NA,y,3035-2934.pdf
3043,C40-C3-C115-C40h,5780.0,2934.pdf,NA,NA,y,3043-2934.pdf
3049,C40-C3-C115-C40h,4917.0,2934.pdf,NA,NA,y,3049-2934.pdf
2998,C40-C3-C115-C40h,4796.0,2934.pdf,NA,NA,y,2998-2934.pdf
3052,C40-C3-C115-C40h,3538.0,2934.pdf,NA,NA,y,3052-2934.pdf
3045,C40-C3-C115-C40h,7156.0,2934.pdf,NA,NA,y,3045-2934.pdf
3032,C40-C3-C115-C40h,7405.0,2934.pdf,NA,NA,y,3032-2934.pdf
3058,C40-C3-C115-C40h,4889.0,2934.pdf,NA,NA,y,3058-2934.pdf
3068,C40-C3-C115-C40h,1283.0,2934.pdf,NA,NA,y,3068-2934.pdf
3009,C40-C3-C115-C40h,3546.0,2934.pdf,NA,NA,y,3009-2934.pdf
3070,C40-C3-C115-C40h,5406.0,2934.pdf,NA,NA,y,3070-2934.pdf
3027,C40-C3-C115-C40h,7763.0,2934.pdf,NA,NA,y,3027-2934.pdf
3021,C40-C3-C115-C40h,6069.0,2934.pdf,NA,NA,y,3021-2934.pdf
3073,C40-C3-C115-C40h,2721.0,2934.pdf,NA,NA,y,3073-2934.pdf
3076,C40-C3-C40j,3737.0,2934.pdf,NA,NA,y,3076-2934.pdf
3006,C40-C3-C40j,5621.0,2934.pdf,NA,NA,y,3006-2934.pdf
3080,C40-C3-C40j,5015.0,2934.pdf,NA,NA,y,3080-2934.pdf
3059,C40-C3-C40j,5648.0,2934.pdf,NA,NA,y,3059-2934.pdf
3065,C40-C3-C40j,1770.0,2934.pdf,NA,NA,y,3065-2934.pdf
3069,C40-C3-C40j,6288.0,2934.pdf,NA,NA,y,3069-2934.pdf
3039,C40-C3-C40j,3995.0,2934.pdf,NA,NA,y,3039-2934.pdf
3055,C40-C3-C40j,6364.0,2934.pdf,NA,NA,y,3055-2934.pdf
2932,C40-C3-C40j,4004.0,2934.pdf,NA,NA,y,2932-2934.pdf
3067,C40-C3-C40j,6241.0,2934.pdf,NA,NA,y,3067-2934.pdf
3042,C40-C3-C40j,7599.0,2934.pdf,NA,NA,y,3042-2934.pdf
3003,C40-C3-C40j,7743.0,2934.pdf,NA,NA,y,3003-2934.pdf
3003,D1-D4-D17d-D4c-D1r-D17e-D17c-D17j,291.0,2934.pdf,NA,NA,y,3003-2934.pdf
2989,C40-C3-C40j,3913.0,2934.pdf,NA,NA,y,2989-2934.pdf
2989,D1-D4-D17c-D1r-D4c-D17d-D5m,685.0,2934.pdf,NA,NA,y,2989-2934.pdf
3016,C40-C40i-C3,7492.0,2934.pdf,NA,NA,y,3016-2934.pdf
2994,C40-C40i-C3,7620.0,2934.pdf,NA,NA,y,2994-2934.pdf
2995,C40-C40i-C3,6487.0,2934.pdf,NA,NA,y,2995-2934.pdf
3066,C40-C40i-C3,7594.0,2934.pdf,NA,NA,y,3066-2934.pdf
3005,C40-C40i-C3,8409.0,2934.pdf,NA,NA,y,3005-2934.pdf
2996,C40-C40i-C3-C115,7037.0,2934.pdf,NA,NA,y,2996-2934.pdf
3053,C40-C40i-C3-C115,8075.0,2934.pdf,NA,NA,y,3053-2934.pdf
3031,C40-C40i-C3-C115,6182.0,2934.pdf,NA,NA,y,3031-2934.pdf
3037,C40/C15h-C3,15447.0,2934.pdf,NA,NA,y,3037-2934.pdf
3050,C40/C15h-C3,5262.0,2934.pdf,NA,NA,y,3050-2934.pdf
3044,C40/C15h-C3-C115,6195.0,2934.pdf,NA,NA,y,3044-2934.pdf
3051,C40/C15h-C3-C115,5815.0,2934.pdf,NA,NA,y,3051-2934.pdf
30,C40-C116-C3-C115,7987.0,2934.pdf,NA,NA,y,30-2934.pdf
3014,C40/C3,3560.0,2934.pdf,NA,NA,y,3014-2934.pdf
HH_T1_30_R4,A1/A4-A1b,2839.0,3000.pdf,NA,NA,y,HH_T1_30_R4-3000.pdf
HH_T1_30_R4,C21-C21da-C21db-C3,47031.0,3000.pdf,NA,NA,y,HH_T1_30_R4-3000.pdf
HH_T1_30_R1,A1/A4-A1b,3274.0,3000.pdf,NA,NA,y,HH_T1_30_R1-3000.pdf
HH_T1_30_R1,C21-C21da-C21db-C3,43719.0,3000.pdf,NA,NA,y,HH_T1_30_R1-3000.pdf
HH_T1_30_R3,A1/A4-A1b,2796.0,3000.pdf,NA,NA,y,HH_T1_30_R3-3000.pdf
HH_T1_30_R3,C21-C21da-C21db-C3,32440.0,3000.pdf,NA,NA,y,HH_T1_30_R3-3000.pdf
H0_T1_30_R3,A1-A1b-A1fk,2037.0,3000.pdf,NA,NA,y,H0_T1_30_R3-3000.pdf
H0_T1_30_R3,C21-C21da-C21db-C3,35360.0,3000.pdf,NA,NA,y,H0_T1_30_R3-3000.pdf
H0_T1_30_R2,A1-A1b-A1fk,3815.0,3000.pdf,NA,NA,y,H0_T1_30_R2-3000.pdf
H0_T1_30_R2,C21-C21da-C21db-C3,54737.0,3000.pdf,NA,NA,y,H0_T1_30_R2-3000.pdf
H0_T1_30_R4,A1/A4-A1b,2492.0,3000.pdf,NA,NA,y,H0_T1_30_R4-3000.pdf
H0_T1_30_R4,C21-C21da-C21db-C3,38227.0,3000.pdf,NA,NA,y,H0_T1_30_R4-3000.pdf
H0_T1_30_R1,A1-A1b-A1fk,2444.0,3000.pdf,NA,NA,y,H0_T1_30_R1-3000.pdf
H0_T1_30_R1,C21-C21da-C21db-C3,39261.0,3000.pdf,NA,NA,y,H0_T1_30_R1-3000.pdf
HH_T1_30_R2,A1/A4-A1b,3844.0,3000.pdf,NA,NA,y,HH_T1_30_R2-3000.pdf
HH_T1_30_R2,C21-C21da-C21db-C3,39925.0,3000.pdf,NA,NA,y,HH_T1_30_R2-3000.pdf
TARA_CO-1016118,C15-C15l-C15n-C15bb-C15.8,56129.0,S1.pdf,NA,NA,y,TARA_CO-1016118-S1.pdf
TARA_CO-0004564,C15-C15l-C15n-C15bb-C15.8,14711.0,S1.pdf,NA,NA,y,TARA_CO-0004564-S1.pdf
TARA_CO-0003304,C15-C15l-C15n-C15bb-C15.8,72104.0,S1.pdf,NA,NA,y,TARA_CO-0003304-S1.pdf
TARA_CO-0002705,C15-C15l-C15n-C15bb-C15.8,18295.0,S1.pdf,NA,NA,y,TARA_CO-0002705-S1.pdf
TARA_CO-1018830,C15-C15l-C15n-C15bb-C15.8,79906.0,S1.pdf,NA,NA,y,TARA_CO-1018830-S1.pdf
TARA_CO-0004476,C15-C15l-C15n-C15bb-C15.8,13287.0,S1.pdf,NA,NA,y,TARA_CO-0004476-S1.pdf
TARA_CO-0003641,C15-C15l-C15n-C15bb-C15.8,59418.0,S1.pdf,NA,NA,y,TARA_CO-0003641-S1.pdf
TARA_CO-0003641,G3x-G3af,166.0,S1.pdf,NA,NA,y,TARA_CO-0003641-S1.pdf
TARA_CO-0004332,C15-C15l-C15n-C15bb-C15.8,29381.0,S1.pdf,NA,NA,y,TARA_CO-0004332-S1.pdf
TARA_CO-1016420,C15-C15l-C15n-C15bb-C15.8,64523.0,S1.pdf,NA,NA,y,TARA_CO-1016420-S1.pdf
TARA_CO-0002703,C15-C15l-C15n-C15bb-C15.8,14459.0,S1.pdf,NA,NA,y,TARA_CO-0002703-S1.pdf
TARA_CO-0004566,C15-C15l-C15n-C15bb-C15.8,16744.0,S1.pdf,NA,NA,y,TARA_CO-0004566-S1.pdf
TARA_CO-0005689,C15-C15l-C15n-C15bb-C15.8,40014.0,S1.pdf,NA,NA,y,TARA_CO-0005689-S1.pdf
TARA_CO-1016116,C15-C15l-C15n-C15bb-C15.8,61156.0,S1.pdf,NA,NA,y,TARA_CO-1016116-S1.pdf
TARA_CO-0004218,C15-C15l-C15n-C15bb-C15.8,19526.0,S1.pdf,NA,NA,y,TARA_CO-0004218-S1.pdf
TARA_OA-0002267,C15-C15l-C15n-C15bb-C15.8,16663.0,S1.pdf,NA,NA,y,TARA_OA-0002267-S1.pdf
TARA_OA-0002341,C15-C15l-C15n-C15bb-C15.8,53019.0,S1.pdf,NA,NA,y,TARA_OA-0002341-S1.pdf
TARA_CO-0005554,C15-C15l-C15n-C15bb-C15.8,55527.0,S1.pdf,NA,NA,y,TARA_CO-0005554-S1.pdf
TARA_CO-0005755,C15-C15l-C15n-C15bb-C15.8,55957.0,S1.pdf,NA,NA,y,TARA_CO-0005755-S1.pdf
TARA_OA-0002337,C15-C15l-C15n-C15bb-C15.8,70517.0,S1.pdf,NA,NA,y,TARA_OA-0002337-S1.pdf
TARA_CO-0004560,C15-C15l-C15n-C15bb-C15.8,15041.0,S1.pdf,NA,NA,y,TARA_CO-0004560-S1.pdf
TARA_CO-1016487,C15-C15l-C15n-C15bb-C15.8,61907.0,S1.pdf,NA,NA,y,TARA_CO-1016487-S1.pdf
TARA_CO-1016422,C15-C15l-C15n-C15bb-C15.8,63049.0,S1.pdf,NA,NA,y,TARA_CO-1016422-S1.pdf
TARA_CO-0005499,C15-C15l-C15n-C15bb-C15.8,49784.0,S1.pdf,NA,NA,y,TARA_CO-0005499-S1.pdf
TARA_CO-0004561,C15-C15l-C15n-C15bb-C15.8,90991.0,S1.pdf,NA,NA,y,TARA_CO-0004561-S1.pdf
TARA_CO-0004562,C15-C15l-C15n-C15bb-C15.8,47520.0,S1.pdf,NA,NA,y,TARA_CO-0004562-S1.pdf
TARA_OA-0002470,C15-C15l-C15n-C15bb-C15.8,41512.0,S1.pdf,NA,NA,y,TARA_OA-0002470-S1.pdf
TARA_CO-0003755,C15-C15l-C15n-C15bb-C15.8,57143.0,S1.pdf,NA,NA,y,TARA_CO-0003755-S1.pdf
TARA_CO-0002615,C15-C15l-C15n-C15bb-C15.8,16385.0,S1.pdf,NA,NA,y,TARA_CO-0002615-S1.pdf
TARA_CO-0004041,C15-C15l-C15n-C15bb-C15.8,11293.0,S1.pdf,NA,NA,y,TARA_CO-0004041-S1.pdf
TARA_CO-0005987,C15-C15l-C15n-C15bb-C15.8,50267.0,S1.pdf,NA,NA,y,TARA_CO-0005987-S1.pdf
TARA_CO-0002608,C15-C15l-C15n-C15bb-C15.8,16115.0,S1.pdf,NA,NA,y,TARA_CO-0002608-S1.pdf
TARA_CO-0005492,C15-C15l-C15n-C15bb-C15.8,49082.0,S1.pdf,NA,NA,y,TARA_CO-0005492-S1.pdf
TARA_CO-0005685,C15-C15l-C15n-C15bb-C15.8,60529.0,S1.pdf,NA,NA,y,TARA_CO-0005685-S1.pdf
TARA_CO-0004212,C15-C15l-C15n-C15bb-C15.8,11045.0,S1.pdf,NA,NA,y,TARA_CO-0004212-S1.pdf
TARA_CO-1016490,C15-C15l-C15n-C15bb-C15.8,67638.0,S1.pdf,NA,NA,y,TARA_CO-1016490-S1.pdf
TARA_CO-0004220,C15-C15l-C15n-C15bb-C15.8,11996.0,S1.pdf,NA,NA,y,TARA_CO-0004220-S1.pdf
TARA_CO-0004331,C15-C15l-C15n-C15bb-C15.8,28369.0,S1.pdf,NA,NA,y,TARA_CO-0004331-S1.pdf
TARA_CO-1016489,C15-C15l-C15n-C15bb-C15.8,54257.0,S1.pdf,NA,NA,y,TARA_CO-1016489-S1.pdf
TARA_CO-0002612,C15-C15l-C15n-C15bb-C15.8,15940.0,S1.pdf,NA,NA,y,TARA_CO-0002612-S1.pdf
TARA_CO-0004337,C15-C15l-C15n-C15bb-C15.8,23630.0,S1.pdf,NA,NA,y,TARA_CO-0004337-S1.pdf
TARA_CO-1016486,C15-C15l-C15n-C15bb-C15.8,49563.0,S1.pdf,NA,NA,y,TARA_CO-1016486-S1.pdf
TARA_CO-1016943,C15-C15l-C15n-C15bb-C15.8,54030.0,S1.pdf,NA,NA,y,TARA_CO-1016943-S1.pdf
TARA_CO-0005690,C15-C15l-C15n-C15bb-C15.8,54035.0,S1.pdf,NA,NA,y,TARA_CO-0005690-S1.pdf
TARA_CO-0004896,C15-C15l-C15n-C15bb-C15.8,43580.0,S1.pdf,NA,NA,y,TARA_CO-0004896-S1.pdf
TARA_CO-0001019,C15-C15l-C15n-C15bb-C15.8,59224.0,S1.pdf,NA,NA,y,TARA_CO-0001019-S1.pdf
TARA_CO-0005557,C15-C15l-C15n-C15bb-C15.8,59083.0,S1.pdf,NA,NA,y,TARA_CO-0005557-S1.pdf
TARA_CO-0001433,C15-C15l-C15n-C15bb-C15.8,50055.0,S1.pdf,NA,NA,y,TARA_CO-0001433-S1.pdf
TARA_CO-0004335,C15-C15l-C15n-C15bb-C15.8,14717.0,S1.pdf,NA,NA,y,TARA_CO-0004335-S1.pdf
TARA_CO-0003759,C15-C15l-C15n-C15bb-C15.8,57368.0,S1.pdf,NA,NA,y,TARA_CO-0003759-S1.pdf
TARA_CO-0004333,C15-C15l-C15n-C15bb-C15.8,37763.0,S1.pdf,NA,NA,y,TARA_CO-0004333-S1.pdf
TARA_CO-1018531,C15-C15l-C15n-C15bb-C15.8,48162.0,S1.pdf,NA,NA,y,TARA_CO-1018531-S1.pdf
TARA_CO-0004338,C15-C15l-C15n-C15bb-C15.8,12520.0,S1.pdf,NA,NA,y,TARA_CO-0004338-S1.pdf
TARA_CO-0004211,C15-C15l-C15n-C15bb-C15.8,14909.0,S1.pdf,NA,NA,y,TARA_CO-0004211-S1.pdf
TARA_CO-0005903,C15-C15l-C15n-C15bb-C15.8,62390.0,S1.pdf,NA,NA,y,TARA_CO-0005903-S1.pdf
TARA_OA-0002268,C15-C15l-C15n-C15bb-C15.8,21477.0,S1.pdf,NA,NA,y,TARA_OA-0002268-S1.pdf
TARA_CO-0003578,C15-C15l-C15n-C15bb-C15.8,69289.0,S1.pdf,NA,NA,y,TARA_CO-0003578-S1.pdf
TARA_CO-0001615,C15-C15l-C15n-C15bb-C15.8,16963.0,S1.pdf,NA,NA,y,TARA_CO-0001615-S1.pdf
TARA_CO-0003760,C15-C15l-C15n-C15bb-C15.8,48927.0,S1.pdf,NA,NA,y,TARA_CO-0003760-S1.pdf
TARA_CO-1016113,C15-C15l-C15n-C15bb-C15.8,67227.0,S1.pdf,NA,NA,y,TARA_CO-1016113-S1.pdf
TARA_CO-0003458,C15-C15l-C15n-C15bb-C15.8,57167.0,S1.pdf,NA,NA,y,TARA_CO-0003458-S1.pdf
TARA_CO-0001309,C15-C15l-C15n-C15bb-C15.8,54226.0,S1.pdf,NA,NA,y,TARA_CO-0001309-S1.pdf
TARA_CO-1016219,C15-C15l-C15n-C15bb-C15.8,51600.0,S1.pdf,NA,NA,y,TARA_CO-1016219-S1.pdf
TARA_CO-1016597,C15-C15l-C15n-C15bb-C15.8,49324.0,S1.pdf,NA,NA,y,TARA_CO-1016597-S1.pdf
TARA_CO-0004334,C15-C15l-C15n-C15bb-C15.8,33021.0,S1.pdf,NA,NA,y,TARA_CO-0004334-S1.pdf
TARA_CO-0001014,C15-C15l-C15n-C15bb-C15.8,48256.0,S1.pdf,NA,NA,y,TARA_CO-0001014-S1.pdf
TARA_CO-0001077,C15-C15l-C15n-C15bb-C15.8,62402.0,S1.pdf,NA,NA,y,TARA_CO-0001077-S1.pdf
TARA_CO-0001311,C15-C15l-C15n-C15bb-C15.8,46537.0,S1.pdf,NA,NA,y,TARA_CO-0001311-S1.pdf
TARA_CO-0005902,C15-C15l-C15n-C15bb-C15.8,57487.0,S1.pdf,NA,NA,y,TARA_CO-0005902-S1.pdf
TARA_CO-1016700,C15-C15l-C15n-C15bb-C15.8,52795.0,S1.pdf,NA,NA,y,TARA_CO-1016700-S1.pdf
TARA_CO-0003753,C15-C15l-C15n-C15bb-C15.8,43042.0,S1.pdf,NA,NA,y,TARA_CO-0003753-S1.pdf
TARA_CO-0001248,C15-C15l-C15n-C15bb-C15.8,46876.0,S1.pdf,NA,NA,y,TARA_CO-0001248-S1.pdf
TARA_CO-0005904,C15-C15l-C15n-C15bb-C15.8,44543.0,S1.pdf,NA,NA,y,TARA_CO-0005904-S1.pdf
TARA_CO-1018083,C15-C15l-C15n-C15bb-C15.8,42824.0,S1.pdf,NA,NA,y,TARA_CO-1018083-S1.pdf
TARA_CO-0002616,C15-C15l-C15n-C15bb-C15.8,14462.0,S1.pdf,NA,NA,y,TARA_CO-0002616-S1.pdf
TARA_CO-0005988,C15-C15l-C15n-C15bb-C15.8,46677.0,S1.pdf,NA,NA,y,TARA_CO-0005988-S1.pdf
TARA_CO-0001434,C15-C15l-C15n-C15bb-C15.8,54034.0,S1.pdf,NA,NA,y,TARA_CO-0001434-S1.pdf
TARA_CO-0004216,C15-C15l-C15n-C15bb-C15.8,14039.0,S1.pdf,NA,NA,y,TARA_CO-0004216-S1.pdf
TARA_CO-0004219,C15-C15l-C15n-C15bb-C15.8,14777.0,S1.pdf,NA,NA,y,TARA_CO-0004219-S1.pdf
TARA_CO-0004340,C15-C15l-C15n-C15bb-C15.8,30863.0,S1.pdf,NA,NA,y,TARA_CO-0004340-S1.pdf
TARA_CO-0004046,C15-C15l-C15n-C15bb-C15.8,10610.0,S1.pdf,NA,NA,y,TARA_CO-0004046-S1.pdf
TARA_CO-0001249,C15-C15l-C15n-C15bb-C15.8,45467.0,S1.pdf,NA,NA,y,TARA_CO-0001249-S1.pdf
TARA_CO-0004217,C15-C15l-C15n-C15bb-C15.8,11829.0,S1.pdf,NA,NA,y,TARA_CO-0004217-S1.pdf
TARA_CO-0003582,C15-C15l-C15n-C15bb-C15.8,47408.0,S1.pdf,NA,NA,y,TARA_CO-0003582-S1.pdf
TARA_CO-0003582,G3x-G3af,559.0,S1.pdf,NA,NA,y,TARA_CO-0003582-S1.pdf
TARA_CO-0004045,C15-C15l-C15n-C15bb-C15.8,11710.0,S1.pdf,NA,NA,y,TARA_CO-0004045-S1.pdf
TARA_CO-0004050,C15-C15l-C15n-C15bb-C15.8,13273.0,S1.pdf,NA,NA,y,TARA_CO-0004050-S1.pdf
TARA_CO-1016599,C15-C15l-C15n-C15bb-C15.8,49195.0,S1.pdf,NA,NA,y,TARA_CO-1016599-S1.pdf
TARA_CO-0001245,C15-C15l-C15n-C15bb-C15.8,43544.0,S1.pdf,NA,NA,y,TARA_CO-0001245-S1.pdf
TARA_CO-0004047,C15-C15l-C15n-C15bb-C15.8,10050.0,S1.pdf,NA,NA,y,TARA_CO-0004047-S1.pdf
TARA_CO-0004042,C15-C15l-C15n-C15bb-C15.8,11619.0,S1.pdf,NA,NA,y,TARA_CO-0004042-S1.pdf
TARA_CO-0001677,C15-C15l-C15n-C15bb-C15.8,16737.0,S1.pdf,NA,NA,y,TARA_CO-0001677-S1.pdf
TARA_CO-0005905,C15-C15l-C15n-C15bb-C15.8,56154.0,S1.pdf,NA,NA,y,TARA_CO-0005905-S1.pdf
TARA_CO-1016695,C15-C15l-C15n-C15bb-C15.8,72323.0,S1.pdf,NA,NA,y,TARA_CO-1016695-S1.pdf
TARA_CO-0004213,C15-C15l-C15n-C15bb-C15.8,11221.0,S1.pdf,NA,NA,y,TARA_CO-0004213-S1.pdf
TARA_CO-1016939,C15-C15l-C15n-C15bb-C15.8,43585.0,S1.pdf,NA,NA,y,TARA_CO-1016939-S1.pdf
TARA_CO-0001246,C15-C15l-C15n-C15bb-C15.8,55903.0,S1.pdf,NA,NA,y,TARA_CO-0001246-S1.pdf
TARA_CO-0001250,C15-C15l-C15n-C15bb-C15.8,50311.0,S1.pdf,NA,NA,y,TARA_CO-0001250-S1.pdf
TARA_CO-0004214,C15-C15l-C15n-C15bb-C15.8,10682.0,S1.pdf,NA,NA,y,TARA_CO-0004214-S1.pdf
TARA_CO-0001244,C15-C15l-C15n-C15bb-C15.8,67647.0,S1.pdf,NA,NA,y,TARA_CO-0001244-S1.pdf
TARA_CO-0001251,C15-C15l-C15n-C15bb-C15.8,56248.0,S1.pdf,NA,NA,y,TARA_CO-0001251-S1.pdf
TARA_CO-0005901,C15-C15l-C15n-C15bb-C15.8,68541.0,S1.pdf,NA,NA,y,TARA_CO-0005901-S1.pdf
TARA_CO-0002370,C15-C15l-C15n-C15bb-C15.8,16745.0,S1.pdf,NA,NA,y,TARA_CO-0002370-S1.pdf
TARA_CO-0001253,C15-C15l-C15n-C15bb-C15.8,45731.0,S1.pdf,NA,NA,y,TARA_CO-0001253-S1.pdf
TARA_CO-0004336,C15-C15l-C15n-C15bb-C15.8,12920.0,S1.pdf,NA,NA,y,TARA_CO-0004336-S1.pdf
TARA_CO-0005687,C15-C15l-C15n-C15bb-C15.8,69627.0,S1.pdf,NA,NA,y,TARA_CO-0005687-S1.pdf
TARA_CO-0004049,C15-C15l-C15n-C15bb-C15.8,13306.0,S1.pdf,NA,NA,y,TARA_CO-0004049-S1.pdf
TARA_CO-0001308,C15-C15l-C15n-C15bb-C15.8,68082.0,S1.pdf,NA,NA,y,TARA_CO-0001308-S1.pdf
TARA_CO-1016945,C15-C15l-C15n-C15bb-C15.8,49245.0,S1.pdf,NA,NA,y,TARA_CO-1016945-S1.pdf
TARA_CO-0003758,C15-C15l-C15n-C15bb-C15.8,66855.0,S1.pdf,NA,NA,y,TARA_CO-0003758-S1.pdf
TARA_CO-0001432,C15-C15l-C15n-C15bb-C15.8,46373.0,S1.pdf,NA,NA,y,TARA_CO-0001432-S1.pdf
TARA_CO-0004892,C15-C15l-C15n-C15bb-C15.8,41049.0,S1.pdf,NA,NA,y,TARA_CO-0004892-S1.pdf
TARA_OA-0002342,C15-C15l-C15n-C15bb-C15.8,47308.0,S1.pdf,NA,NA,y,TARA_OA-0002342-S1.pdf
TARA_CO-1016218,C15-C15l-C15n-C15bb-C15.8,62306.0,S1.pdf,NA,NA,y,TARA_CO-1016218-S1.pdf
TARA_CO-1016593,C15-C15l-C15n-C15bb-C15.8,65439.0,S1.pdf,NA,NA,y,TARA_CO-1016593-S1.pdf
TARA_CO-0001431,C15-C15l-C15n-C15bb-C15.8,62404.0,S1.pdf,NA,NA,y,TARA_CO-0001431-S1.pdf
TARA_OA-0002270,C15-C15l-C15n-C15bb-C15.8,62130.0,S1.pdf,NA,NA,y,TARA_OA-0002270-S1.pdf
TARA_CO-0002453,C15-C15l-C15n-C15bb-C15.8,33428.0,S1.pdf,NA,NA,y,TARA_CO-0002453-S1.pdf
TARA_CO-0002446,C15-C15l-C15n-C15bb-C15.8,33334.0,S1.pdf,NA,NA,y,TARA_CO-0002446-S1.pdf
TARA_CO-0005693,C15-C15l-C15n-C15bb-C15.8,37061.0,S1.pdf,NA,NA,y,TARA_CO-0005693-S1.pdf
TARA_CO-0001079,C15-C15l-C15n-C15bb-C15.8,57808.0,S1.pdf,NA,NA,y,TARA_CO-0001079-S1.pdf
TARA_CO-0002447,C15-C15l-C15n-C15bb-C15.8,30636.0,S1.pdf,NA,NA,y,TARA_CO-0002447-S1.pdf
TARA_CO-0004215,C15-C15l-C15n-C15bb-C15.8,10792.0,S1.pdf,NA,NA,y,TARA_CO-0004215-S1.pdf
TARA_CO-0002449,C15-C15l-C15n-C15bb-C15.8,30150.0,S1.pdf,NA,NA,y,TARA_CO-0002449-S1.pdf
TARA_CO-1016601,C15-C15l-C15n-C15bb-C15.8,44327.0,S1.pdf,NA,NA,y,TARA_CO-1016601-S1.pdf
TARA_CO-1016601,D1/D6/D4-D2.2,3236.0,S1.pdf,NA,NA,y,TARA_CO-1016601-S1.pdf
TARA_CO-0003580,C15-C15l-C15n-C15bb-C15.8,61987.0,S1.pdf,NA,NA,y,TARA_CO-0003580-S1.pdf
TARA_CO-0003580,G3x,3847.0,S1.pdf,NA,NA,y,TARA_CO-0003580-S1.pdf
TARA_CO-0002578,C15-C15l-C15n-C15bb-C15.8,29680.0,S1.pdf,NA,NA,y,TARA_CO-0002578-S1.pdf
TARA_CO-0005559,C15-C15l-C15n-C15bb-C15.8,58471.0,S1.pdf,NA,NA,y,TARA_CO-0005559-S1.pdf
TARA_CO-0005749,C15-C15l-C15n-C15bb-C15.8,45316.0,S1.pdf,NA,NA,y,TARA_CO-0005749-S1.pdf
TARA_CO-0002450,C15-C15l-C15n-C15bb-C15.8,26743.0,S1.pdf,NA,NA,y,TARA_CO-0002450-S1.pdf
TARA_CO-0003761,C15-C15l-C15n-C15bb-C15.8,42594.0,S1.pdf,NA,NA,y,TARA_CO-0003761-S1.pdf
TARA_CO-0003576,C15-C15l-C15n-C15bb-C15.8,36141.0,S1.pdf,NA,NA,y,TARA_CO-0003576-S1.pdf
TARA_CO-0003576,C15h,2972.0,S1.pdf,NA,NA,y,TARA_CO-0003576-S1.pdf
TARA_CO-0003576,G3x-G3af,3034.0,S1.pdf,NA,NA,y,TARA_CO-0003576-S1.pdf
TARA_CO-0005750,C15-C15l-C15n-C15bb-C15.8,53972.0,S1.pdf,NA,NA,y,TARA_CO-0005750-S1.pdf
TARA_CO-0002451,C15-C15l-C15n-C15bb-C15.8,26031.0,S1.pdf,NA,NA,y,TARA_CO-0002451-S1.pdf
TARA_CO-1018445,C15-C15l-C15n-C15bb-C15.8,35762.0,S1.pdf,NA,NA,y,TARA_CO-1018445-S1.pdf
TARA_CO-1018706,A8b/A7u-A7x-A7ae-A8a-A16d-A7,4441.0,S1.pdf,NA,NA,y,TARA_CO-1018706-S1.pdf
TARA_CO-1018706,C15-C15l-C15n-C15bb-C15.8,36310.0,S1.pdf,NA,NA,y,TARA_CO-1018706-S1.pdf
TARA_CO-0000129,C42a/C1/C42.2-C1b-C1az-C1au-C115d-C42b-C115l,42202.0,S1.pdf,NA,NA,y,TARA_CO-0000129-S1.pdf
TARA_CO-0001607,C42a/C1/C42.2-C1b-C1az-C1au-C115d-C42b-C115l,17704.0,S1.pdf,NA,NA,y,TARA_CO-0001607-S1.pdf
TARA_CO-0000500,C42a/C1/C42.2-C1b-C1az-C1au-C115d-C42b-C115l,46506.0,S1.pdf,NA,NA,y,TARA_CO-0000500-S1.pdf
TARA_CO-0000501,C42a/C1/C42.2-C1b-C1az-C1au-C115d-C42b-C115l,39732.0,S1.pdf,NA,NA,y,TARA_CO-0000501-S1.pdf
TARA_CO-0000069,C42a/C1/C42.2-C1b-C1az-C1au-C115d-C42b-C115l,38219.0,S1.pdf,NA,NA,y,TARA_CO-0000069-S1.pdf
TARA_CO-0000498,C42a/C1/C42.2-C1b-C1az-C1au-C115d-C42b-C115l,43879.0,S1.pdf,NA,NA,y,TARA_CO-0000498-S1.pdf
TARA_CO-1018433,C42a/C1/C42.2-C1b-C1az-C1au-C115d-C42b-C115l,36451.0,S1.pdf,NA,NA,y,TARA_CO-1018433-S1.pdf
TARA_CO-0001601,C42a/C1/C42.2-C1b-C1az-C1au-C115d-C42b-C115l,14510.0,S1.pdf,NA,NA,y,TARA_CO-0001601-S1.pdf
TARA_CO-0000502,C42a/C1/C42.2-C1b-C1az-C1au-C115d-C42b-C115l,38610.0,S1.pdf,NA,NA,y,TARA_CO-0000502-S1.pdf
TARA_CO-0000070,C42a/C1/C42.2-C1b-C1az-C1au-C115d-C42b-C115l,31705.0,S1.pdf,NA,NA,y,TARA_CO-0000070-S1.pdf
TARA_CO-0000072,C42a/C1/C42.2-C1b-C1az-C1au-C115d-C42b-C115l,37978.0,S1.pdf,NA,NA,y,TARA_CO-0000072-S1.pdf
TARA_CO-0000499,C42a/C1/C42.2-C1b-C1az-C1au-C115d-C42b-C115l,61277.0,S1.pdf,NA,NA,y,TARA_CO-0000499-S1.pdf
TARA_CO-0001815,C42a/C1/C42.2-C1b-C1az-C1au-C115d-C42b-C115l,18578.0,S1.pdf,NA,NA,y,TARA_CO-0001815-S1.pdf
TARA_CO-0001818,C42a/C1/C42.2-C1b-C1az-C1au-C115d-C42b-C115l,14421.0,S1.pdf,NA,NA,y,TARA_CO-0001818-S1.pdf
TARA_CO-0000071,C42a/C1/C42.2-C1b-C1az-C1au-C115d-C42b-C115l,35715.0,S1.pdf,NA,NA,y,TARA_CO-0000071-S1.pdf
TARA_CO-0000071,D1-D1as-D1at-D4-D6-D1ba-D1bb-D1ax,200.0,S1.pdf,NA,NA,y,TARA_CO-0000071-S1.pdf
TARA_CO-0001604,C42a/C1/C42.2-C1b-C1az-C1au-C115d-C42b-C115l,15915.0,S1.pdf,NA,NA,y,TARA_CO-0001604-S1.pdf
TARA_CO-1015950,C42a/C1/C42.2-C1b-C1az-C1au-C115d-C42b-C115l,55129.0,S1.pdf,NA,NA,y,TARA_CO-1015950-S1.pdf
TARA_CO-1015949,C42a/C1/C42.2-C1b-C1az-C1au-C115d-C42b-C115l,43159.0,S1.pdf,NA,NA,y,TARA_CO-1015949-S1.pdf
TARA_CO-1014802,C42a/C1/C42.2-C1b-C1az-C1au-C115d-C42b-C115l,52875.0,S1.pdf,NA,NA,y,TARA_CO-1014802-S1.pdf
TARA_OA-0002265,C42a/C1/C42.2-C1b-C1az-C1au-C115d-C42b-C115l,17511.0,S1.pdf,NA,NA,y,TARA_OA-0002265-S1.pdf
TARA_CO-1015951,C42a/C1/C42.2-C1b-C1az-C1au-C115d-C42b-C115l,51748.0,S1.pdf,NA,NA,y,TARA_CO-1015951-S1.pdf
TARA_CO-1014703,C42a/C1/C42.2-C1b-C1az-C1au-C115d-C42b-C115l,65368.0,S1.pdf,NA,NA,y,TARA_CO-1014703-S1.pdf
TARA_CO-0000222,C42a/C1/C42.2-C1b-C1az-C1au-C115d-C42b-C115l,38726.0,S1.pdf,NA,NA,y,TARA_CO-0000222-S1.pdf
TARA_CO-0001605,C42a/C1/C42.2-C1b-C1az-C1au-C115d-C42b-C115l,17414.0,S1.pdf,NA,NA,y,TARA_CO-0001605-S1.pdf
TARA_CO-1015749,C42a/C1/C42.2-C1b-C1az-C1au-C115d-C42b-C115l,40551.0,S1.pdf,NA,NA,y,TARA_CO-1015749-S1.pdf
TARA_CO-0000220,C42a/C1/C42.2-C1b-C1az-C1au-C115d-C42b-C115l,43982.0,S1.pdf,NA,NA,y,TARA_CO-0000220-S1.pdf
TARA_CO-0000229,C42a/C1/C42.2-C1b-C1az-C1au-C115d-C42b-C115l,38595.0,S1.pdf,NA,NA,y,TARA_CO-0000229-S1.pdf
TARA_CO-1018344,C42a/C1/C42.2-C1b-C1az-C1au-C115d-C42b-C115l,46050.0,S1.pdf,NA,NA,y,TARA_CO-1018344-S1.pdf
TARA_CO-1015958,C42a/C1/C42.2-C1b-C1az-C1au-C115d-C42b-C115l,62185.0,S1.pdf,NA,NA,y,TARA_CO-1015958-S1.pdf
TARA_CO-1014806,C42a/C1/C42.2-C1b-C1az-C1au-C115d-C42b-C115l,61673.0,S1.pdf,NA,NA,y,TARA_CO-1014806-S1.pdf
TARA_CO-1014672,C42a/C1/C42.2-C1b-C1az-C1au-C115d-C42b-C115l,48299.0,S1.pdf,NA,NA,y,TARA_CO-1014672-S1.pdf
TARA_CO-1015864,C42a/C1/C42.2-C1b-C1az-C1au-C115d-C42b-C115l,37149.0,S1.pdf,NA,NA,y,TARA_CO-1015864-S1.pdf
TARA_OA-0002327,C42a/C1/C42.2-C1b-C1az-C1au-C115d-C42b-C115l,35528.0,S1.pdf,NA,NA,y,TARA_OA-0002327-S1.pdf
TARA_CO-0000221,C42a/C1/C42.2-C1b-C1az-C1au-C115d-C42b-C115l,41008.0,S1.pdf,NA,NA,y,TARA_CO-0000221-S1.pdf
TARA_CO-1014698,C42a/C1/C42.2-C1b-C1az-C1au-C115d-C42b-C115l,62330.0,S1.pdf,NA,NA,y,TARA_CO-1014698-S1.pdf
TARA_CO-1014807,C42a/C1/C42.2-C1b-C1az-C1au-C115d-C42b-C115l,68094.0,S1.pdf,NA,NA,y,TARA_CO-1014807-S1.pdf
TARA_CO-1014800,C42a/C1/C42.2-C1b-C1az-C1au-C115d-C42b-C115l,42166.0,S1.pdf,NA,NA,y,TARA_CO-1014800-S1.pdf
TARA_CO-1014670,C42a/C1/C42.2-C1b-C1az-C1au-C115d-C42b-C115l,50665.0,S1.pdf,NA,NA,y,TARA_CO-1014670-S1.pdf
TARA_CO-1014808,C42a/C1/C42.2-C1b-C1az-C1au-C115d-C42b-C115l,48490.0,S1.pdf,NA,NA,y,TARA_CO-1014808-S1.pdf
TARA_CO-0005298,C42a/C1/C42.2-C1b-C1az-C1au-C115d-C42b-C115l,65300.0,S1.pdf,NA,NA,y,TARA_CO-0005298-S1.pdf
TARA_CO-1014701,C42a/C1/C42.2-C1b-C1az-C1au-C115d-C42b-C115l,65850.0,S1.pdf,NA,NA,y,TARA_CO-1014701-S1.pdf
TARA_CO-0002600,C42a/C1/C42.2-C1b-C1az-C1au-C115d-C42b-C115l,12174.0,S1.pdf,NA,NA,y,TARA_CO-0002600-S1.pdf
TARA_CO-1015953,C42a/C1/C42.2-C1b-C1az-C1au-C115d-C42b-C115l,48582.0,S1.pdf,NA,NA,y,TARA_CO-1015953-S1.pdf
TARA_CO-1015953,D1-D1as-D1at-D4-D6-D1ba-D1bb-D1ax,897.0,S1.pdf,NA,NA,y,TARA_CO-1015953-S1.pdf
TARA_CO-1014803,C42a/C1/C42.2-C1b-C1az-C1au-C115d-C42b-C115l,43044.0,S1.pdf,NA,NA,y,TARA_CO-1014803-S1.pdf
TARA_CO-1014704,C42a/C1/C42.2-C1b-C1az-C1au-C115d-C42b-C115l,62887.0,S1.pdf,NA,NA,y,TARA_CO-1014704-S1.pdf
TARA_CO-1014697,C42a/C1/C42.2-C1b-C1az-C1au-C115d-C42b-C115l,45480.0,S1.pdf,NA,NA,y,TARA_CO-1014697-S1.pdf
TARA_CO-1014699,C42a/C1/C42.2-C1b-C1az-C1au-C115d-C42b-C115l,49216.0,S1.pdf,NA,NA,y,TARA_CO-1014699-S1.pdf
TARA_CO-1015952,C42a/C1/C42.2-C1b-C1az-C1au-C115d-C42b-C115l,54013.0,S1.pdf,NA,NA,y,TARA_CO-1015952-S1.pdf
TARA_CO-0000207,C42a/C1/C42.2-C1b-C1az-C1au-C115d-C42b-C115l,14831.0,S1.pdf,NA,NA,y,TARA_CO-0000207-S1.pdf
TARA_CO-1014804,C42a/C1/C42.2-C1b-C1az-C1au-C115d-C42b-C115l,43235.0,S1.pdf,NA,NA,y,TARA_CO-1014804-S1.pdf
TARA_CO-0005330,C42a/C1/C42.2-C1b-C1az-C1au-C115d-C42b-C115l,48310.0,S1.pdf,NA,NA,y,TARA_CO-0005330-S1.pdf
TARA_OA-0002328,C42a/C1/C42.2-C1b-C1az-C1au-C115d-C42b-C115l,41101.0,S1.pdf,NA,NA,y,TARA_OA-0002328-S1.pdf
TARA_CO-1014666,C42a/C1/C42.2-C1b-C1az-C1au-C115d-C42b-C115l,59605.0,S1.pdf,NA,NA,y,TARA_CO-1014666-S1.pdf
TARA_OA-0002331,C42a/C1/C42.2-C1b-C1az-C1au-C115d-C42b-C115l,64868.0,S1.pdf,NA,NA,y,TARA_OA-0002331-S1.pdf
TARA_CO-0005530,C42a/C1/C42.2-C1b-C1az-C1au-C115d-C42b-C115l,52007.0,S1.pdf,NA,NA,y,TARA_CO-0005530-S1.pdf
TARA_CO-1014805,C42a/C1/C42.2-C1b-C1az-C1au-C115d-C42b-C115l,42568.0,S1.pdf,NA,NA,y,TARA_CO-1014805-S1.pdf
TARA_CO-1015748,C42a/C1/C42.2-C1b-C1az-C1au-C115d-C42b-C115l,43501.0,S1.pdf,NA,NA,y,TARA_CO-1015748-S1.pdf
TARA_CO-0000203,C42a/C1/C42.2-C1b-C1az-C1au-C115d-C42b-C115l,14254.0,S1.pdf,NA,NA,y,TARA_CO-0000203-S1.pdf
TARA_CO-1018170,C42a/C1/C42.2-C1b-C1az-C1au-C115d-C42b-C115l,44050.0,S1.pdf,NA,NA,y,TARA_CO-1018170-S1.pdf
TARA_OA-0002264,C42a/C1/C42.2-C1b-C1az-C1au-C115d-C42b-C115l,9121.0,S1.pdf,NA,NA,y,TARA_OA-0002264-S1.pdf
TARA_CO-1015861,C42a/C1/C42.2-C1b-C1az-C1au-C115d-C42b-C115l,49159.0,S1.pdf,NA,NA,y,TARA_CO-1015861-S1.pdf
TARA_CO-1015861,D1-D1as-D1at-D4-D6-D1ba-D1bb-D1ax,451.0,S1.pdf,NA,NA,y,TARA_CO-1015861-S1.pdf
TARA_CO-1014702,C42a/C1/C42.2-C1b-C1az-C1au-C115d-C42b-C115l,37120.0,S1.pdf,NA,NA,y,TARA_CO-1014702-S1.pdf
TARA_CO-0000073,C42a/C1/C42.2-C1b-C1az-C1au-C115d-C42b-C115l,31450.0,S1.pdf,NA,NA,y,TARA_CO-0000073-S1.pdf
TARA_CO-0000073,D1-D1as-D1at-D4-D6-D1ba-D1bb-D1ax,1733.0,S1.pdf,NA,NA,y,TARA_CO-0000073-S1.pdf
TARA_CO-1014665,C42a/C1/C42.2-C1b-C1az-C1au-C115d-C42b-C115l,45050.0,S1.pdf,NA,NA,y,TARA_CO-1014665-S1.pdf
TARA_CO-0000143,C42a/C1/C42.2-C1b-C1az-C1au-C115d-C42b-C115l,33535.0,S1.pdf,NA,NA,y,TARA_CO-0000143-S1.pdf
TARA_CO-0000206,C42a/C1/C42.2-C1b-C1az-C1au-C115d-C42b-C115l,10271.0,S1.pdf,NA,NA,y,TARA_CO-0000206-S1.pdf
TARA_CO-1018691,C42a/C1/C42.2-C1b-C1az-C1au-C115d-C42b-C115l,52859.0,S1.pdf,NA,NA,y,TARA_CO-1018691-S1.pdf
TARA_CO-0001665,C42a/C1/C42.2-C1b-C1az-C1au-C115d-C42b-C115l,15290.0,S1.pdf,NA,NA,y,TARA_CO-0001665-S1.pdf
TARA_CO-0001665,D1/D1aa-D2d-D1ae-D1ag-D1ah-D2e-D1y,1286.0,S1.pdf,NA,NA,y,TARA_CO-0001665-S1.pdf
TARA_CO-0002598,C42a/C1/C42.2-C1b-C1az-C1au-C115d-C42b-C115l,11106.0,S1.pdf,NA,NA,y,TARA_CO-0002598-S1.pdf
TARA_CO-1014667,C42a/C1/C42.2-C1b-C1az-C1au-C115d-C42b-C115l,78398.0,S1.pdf,NA,NA,y,TARA_CO-1014667-S1.pdf
TARA_CO-1014669,C42a/C1/C42.2-C1b-C1az-C1au-C115d-C42b-C115l,54193.0,S1.pdf,NA,NA,y,TARA_CO-1014669-S1.pdf
TARA_CO-1018341,C42a/C1/C42.2-C1b-C1az-C1au-C115d-C42b-C115l,63419.0,S1.pdf,NA,NA,y,TARA_CO-1018341-S1.pdf
TARA_CO-1014671,C42a/C1/C42.2-C1b-C1az-C1au-C115d-C42b-C115l,64474.0,S1.pdf,NA,NA,y,TARA_CO-1014671-S1.pdf
TARA_CO-0001940,C42a/C1/C42.2-C1b-C1az-C1au-C115d-C42b-C115l,43414.0,S1.pdf,NA,NA,y,TARA_CO-0001940-S1.pdf
TARA_CO-0005027,C42a/C1/C42.2-C1b-C1az-C1au-C115d-C42b-C115l,40666.0,S1.pdf,NA,NA,y,TARA_CO-0005027-S1.pdf
TARA_CO-0001939,C42a/C1/C42.2-C1b-C1az-C1au-C115d-C42b-C115l,63280.0,S1.pdf,NA,NA,y,TARA_CO-0001939-S1.pdf
TARA_CO-0005030,C42a/C1/C42.2-C1b-C1az-C1au-C115d-C42b-C115l,65071.0,S1.pdf,NA,NA,y,TARA_CO-0005030-S1.pdf
TARA_CO-1015741,C42a/C1/C42.2-C1b-C1az-C1au-C115d-C42b-C115l,48816.0,S1.pdf,NA,NA,y,TARA_CO-1015741-S1.pdf
TARA_CO-1015741,D1/D1as-D1at-D1aw-D1bg-D1ba-D4,1899.0,S1.pdf,NA,NA,y,TARA_CO-1015741-S1.pdf
TARA_CO-1018431,C42a/C1/C42.2-C1b-C1az-C1au-C115d-C42b-C115l,45838.0,S1.pdf,NA,NA,y,TARA_CO-1018431-S1.pdf
TARA_CO-1014801,C42a/C1/C42.2-C1b-C1az-C1au-C115d-C42b-C115l,49717.0,S1.pdf,NA,NA,y,TARA_CO-1014801-S1.pdf
TARA_CO-1014705,C42a/C1/C42.2-C1b-C1az-C1au-C115d-C42b-C115l,49953.0,S1.pdf,NA,NA,y,TARA_CO-1014705-S1.pdf
TARA_CO-0001933,C42a/C1/C42.2-C1b-C1az-C1au-C115d-C42b-C115l,51609.0,S1.pdf,NA,NA,y,TARA_CO-0001933-S1.pdf
TARA_CO-0005352,C42a/C1/C42.2-C1b-C1az-C1au-C115d-C42b-C115l,46559.0,S1.pdf,NA,NA,y,TARA_CO-0005352-S1.pdf
TARA_CO-0005141,C42a/C1/C42.2-C1b-C1az-C1au-C115d-C42b-C115l,41074.0,S1.pdf,NA,NA,y,TARA_CO-0005141-S1.pdf
TARA_CO-1018699,C42a/C1/C42.2-C1b-C1az-C1au-C115d-C42b-C115l,39869.0,S1.pdf,NA,NA,y,TARA_CO-1018699-S1.pdf
TARA_CO-0001932,C42a/C1/C42.2-C1b-C1az-C1au-C115d-C42b-C115l,32326.0,S1.pdf,NA,NA,y,TARA_CO-0001932-S1.pdf
TARA_CO-0003469,C42a/C1/C42.2-C1b-C1az-C1au-C115d-C42b-C115l,62507.0,S1.pdf,NA,NA,y,TARA_CO-0003469-S1.pdf
TARA_CO-0001931,C42a/C1/C42.2-C1b-C1az-C1au-C115d-C42b-C115l,74069.0,S1.pdf,NA,NA,y,TARA_CO-0001931-S1.pdf
TARA_CO-0001938,C42a/C1/C42.2-C1b-C1az-C1au-C115d-C42b-C115l,49969.0,S1.pdf,NA,NA,y,TARA_CO-0001938-S1.pdf
TARA_CO-1014668,C42a/C1/C42.2-C1b-C1az-C1au-C115d-C42b-C115l,30747.0,S1.pdf,NA,NA,y,TARA_CO-1014668-S1.pdf
TARA_CO-0005295,C42a/C1/C42.2-C1b-C1az-C1au-C115d-C42b-C115l,44294.0,S1.pdf,NA,NA,y,TARA_CO-0005295-S1.pdf
TARA_CO-0005026,C42a/C1/C42.2-C1b-C1az-C1au-C115d-C42b-C115l,66289.0,S1.pdf,NA,NA,y,TARA_CO-0005026-S1.pdf
TARA_CO-0001936,C42a/C1/C42.2-C1b-C1az-C1au-C115d-C42b-C115l,49743.0,S1.pdf,NA,NA,y,TARA_CO-0001936-S1.pdf
TARA_CO-1014664,C42a/C1/C42.2-C1b-C1az-C1au-C115d-C42b-C115l,53064.0,S1.pdf,NA,NA,y,TARA_CO-1014664-S1.pdf
TARA_CO-1015956,C42a/C1/C42.2-C1b-C1az-C1au-C115d-C42b-C115l,43212.0,S1.pdf,NA,NA,y,TARA_CO-1015956-S1.pdf
TARA_CO-1015956,D1/D1as-D1at-D1aw-D1bg-D1ba-D4,3520.0,S1.pdf,NA,NA,y,TARA_CO-1015956-S1.pdf
TARA_CO-0005150,C42a/C1/C42.2-C1b-C1az-C1au-C115d-C42b-C115l,45057.0,S1.pdf,NA,NA,y,TARA_CO-0005150-S1.pdf
TARA_CO-0005142,C42a/C1/C42.2-C1b-C1az-C1au-C115d-C42b-C115l,49405.0,S1.pdf,NA,NA,y,TARA_CO-0005142-S1.pdf
TARA_CO-0005354,C42a/C1/C42.2-C1b-C1az-C1au-C115d-C42b-C115l,24502.0,S1.pdf,NA,NA,y,TARA_CO-0005354-S1.pdf
TARA_CO-1014799,C42a/C1/C42.2-C1b-C1az-C1au-C115d-C42b-C115l,46246.0,S1.pdf,NA,NA,y,TARA_CO-1014799-S1.pdf
TARA_CO-0005355,C42a/C1/C42.2-C1b-C1az-C1au-C115d-C42b-C115l,22119.0,S1.pdf,NA,NA,y,TARA_CO-0005355-S1.pdf
TARA_CO-1014663,C42a/C1/C42.2-C1b-C1az-C1au-C115d-C42b-C115l,42002.0,S1.pdf,NA,NA,y,TARA_CO-1014663-S1.pdf
TARA_CO-0005322,C42a/C1/C42.2-C1b-C1az-C1au-C115d-C42b-C115l,32720.0,S1.pdf,NA,NA,y,TARA_CO-0005322-S1.pdf
TARA_CO-0005294,C42a/C1/C42.2-C1b-C1az-C1au-C115d-C42b-C115l,45647.0,S1.pdf,NA,NA,y,TARA_CO-0005294-S1.pdf
TARA_CO-1014700,C42a/C1/C42.2-C1b-C1az-C1au-C115d-C42b-C115l,61483.0,S1.pdf,NA,NA,y,TARA_CO-1014700-S1.pdf
TARA_OA-0002262,C42a/C1/C42.2-C1b-C1az-C1au-C115d-C42b-C115l,10680.0,S1.pdf,NA,NA,y,TARA_OA-0002262-S1.pdf
TARA_OA-0002262,C3,742.0,S1.pdf,NA,NA,y,TARA_OA-0002262-S1.pdf
TARA_CO-0003396,C42a/C1/C42.2-C1b-C1az-C1au-C115d-C42b-C115l,64585.0,S1.pdf,NA,NA,y,TARA_CO-0003396-S1.pdf
TARA_CO-0003396,D1/D6/D4-D2.2,8673.0,S1.pdf,NA,NA,y,TARA_CO-0003396-S1.pdf
TARA_CO-0005326,C42a/C1/C42.2-C1b-C1az-C1au-C115d-C42b-C115l,35223.0,S1.pdf,NA,NA,y,TARA_CO-0005326-S1.pdf
TARA_CO-0000497,C42a/C1/C42.2-C1b-C1az-C1au-C115d-C42b-C115l,32095.0,S1.pdf,NA,NA,y,TARA_CO-0000497-S1.pdf
TARA_CO-0000497,D1-D1as-D1bb-D1ba-D4-D1at-D6-D1ax-D1bg-D1au,8669.0,S1.pdf,NA,NA,y,TARA_CO-0000497-S1.pdf
TARA_CO-0000128,C42a/C1/C42.2-C1b-C1az-C1au-C115d-C42b-C115l,31776.0,S1.pdf,NA,NA,y,TARA_CO-0000128-S1.pdf
TARA_CO-0000128,D1-D1as-D1bb-D1ba-D4-D1at-D6-D1ax-D1bg-D1au,9934.0,S1.pdf,NA,NA,y,TARA_CO-0000128-S1.pdf
TARA_CO-0005323,C42a/C1/C42.2-C1b-C1az-C1au-C115d-C42b-C115l,40792.0,S1.pdf,NA,NA,y,TARA_CO-0005323-S1.pdf
TARA_CO-0000147,C42a/C1/C42.2-C1b-C1az-C1au-C115d-C42b-C115l,18179.0,S1.pdf,NA,NA,y,TARA_CO-0000147-S1.pdf
TARA_CO-0000147,D1-D1as-D1at-D4-D6-D1ba-D1bb-D1ax,6451.0,S1.pdf,NA,NA,y,TARA_CO-0000147-S1.pdf
TARA_CO-0000503,C42a/C1/C42.2-C1b-C1az-C1au-C115d-C42b-C115l,21789.0,S1.pdf,NA,NA,y,TARA_CO-0000503-S1.pdf
TARA_CO-0000503,D1-D1as-D1bb-D1ba-D4-D1at-D6-D1ax-D1bg-D1au,10343.0,S1.pdf,NA,NA,y,TARA_CO-0000503-S1.pdf
TARA_CO-1015862,C42a/C1/C42.2-C1b-C1az-C1au-C115d-C42b-C115l,34407.0,S1.pdf,NA,NA,y,TARA_CO-1015862-S1.pdf
TARA_CO-1015862,D1-D1as-D1at-D4-D6-D1ba-D1bb-D1ax,14730.0,S1.pdf,NA,NA,y,TARA_CO-1015862-S1.pdf
TARA_CO-0000208,C42a/C1/C42.2-C1b-C1az-C1au-C115d-C42b-C115l,54258.0,S1.pdf,NA,NA,y,TARA_CO-0000208-S1.pdf
TARA_CO-0000208,D1-D1as-D1bb-D1ba-D4-D1at-D6-D1ax-D1bg-D1au,44457.0,S1.pdf,NA,NA,y,TARA_CO-0000208-S1.pdf
TARA_CO-1018833,C1d/C1/C42.2-C1b-C3cg-C45c-C115k-C1au,86100.0,S1.pdf,NA,NA,y,TARA_CO-1018833-S1.pdf
TARA_CO-0002365,C1d/C1/C42.2-C1b-C3cg-C45c-C115k-C1au,21438.0,S1.pdf,NA,NA,y,TARA_CO-0002365-S1.pdf
TARA_CO-0002686,C1d/C1/C42.2-C1b-C3cg-C45c-C115k-C1au,13851.0,S1.pdf,NA,NA,y,TARA_CO-0002686-S1.pdf
TARA_CO-0004491,C1d/C1/C42.2-C1b-C3cg-C45c-C115k-C1au,12281.0,S1.pdf,NA,NA,y,TARA_CO-0004491-S1.pdf
TARA_CO-0003571,C1d/C1/C42.2-C1b-C3cg-C45c-C115k-C1au,68792.0,S1.pdf,NA,NA,y,TARA_CO-0003571-S1.pdf
TARA_CO-0001069,C1d/C1/C42.2-C1b-C3cg-C45c-C115k-C1au,87735.0,S1.pdf,NA,NA,y,TARA_CO-0001069-S1.pdf
TARA_CO-1014423,C1d/C1/C42.2-C1b-C3cg-C45c-C115k-C1au,80640.0,S1.pdf,NA,NA,y,TARA_CO-1014423-S1.pdf
TARA_CO-0001419,C1d/C1/C42.2-C1b-C3cg-C45c-C115k-C1au,43726.0,S1.pdf,NA,NA,y,TARA_CO-0001419-S1.pdf
TARA_CO-0001602,C1d/C1/C42.2-C1b-C3cg-C45c-C115k-C1au,16415.0,S1.pdf,NA,NA,y,TARA_CO-0001602-S1.pdf
TARA_CO-0005567,C1d/C1/C42.2-C1b-C3cg-C45c-C115k-C1au,70668.0,S1.pdf,NA,NA,y,TARA_CO-0005567-S1.pdf
TARA_CO-0005569,C1d/C1/C42.2-C1b-C3cg-C45c-C115k-C1au,71765.0,S1.pdf,NA,NA,y,TARA_CO-0005569-S1.pdf
TARA_CO-0001300,C1d/C1/C42.2-C1b-C3cg-C45c-C115k-C1au,51878.0,S1.pdf,NA,NA,y,TARA_CO-0001300-S1.pdf
TARA_CO-1014462,C1d/C1/C42.2-C1b-C3cg-C45c-C115k-C1au,53703.0,S1.pdf,NA,NA,y,TARA_CO-1014462-S1.pdf
TARA_CO-0002458,C1d/C1/C42.2-C1b-C3cg-C45c-C115k-C1au,26593.0,S1.pdf,NA,NA,y,TARA_CO-0002458-S1.pdf
TARA_CO-0002458,G3a/G3ac-G3ai,133.0,S1.pdf,NA,NA,y,TARA_CO-0002458-S1.pdf
TARA_CO-0003649,C1d/C1/C42.2-C1b-C3cg-C45c-C115k-C1au,36427.0,S1.pdf,NA,NA,y,TARA_CO-0003649-S1.pdf
TARA_CO-0001242,C1d/C1/C42.2-C1b-C3cg-C45c-C115k-C1au,21303.0,S1.pdf,NA,NA,y,TARA_CO-0001242-S1.pdf
TARA_CO-0003399,C1d/C1/C42.2-C1b-C3cg-C45c-C115k-C1au,75841.0,S1.pdf,NA,NA,y,TARA_CO-0003399-S1.pdf
TARA_CO-0001301,C1d/C1/C42.2-C1b-C3cg-C45c-C115k-C1au,55284.0,S1.pdf,NA,NA,y,TARA_CO-0001301-S1.pdf
TARA_CO-0001421,C1d/C1/C42.2-C1b-C3cg-C45c-C115k-C1au,64811.0,S1.pdf,NA,NA,y,TARA_CO-0001421-S1.pdf
TARA_CO-0003572,C1d/C1/C42.2-C1b-C3cg-C45c-C115k-C1au,39903.0,S1.pdf,NA,NA,y,TARA_CO-0003572-S1.pdf
TARA_CO-0003207,C1d/C1/C42.2-C1b-C3cg-C45c-C115k-C1au,101325.0,S1.pdf,NA,NA,y,TARA_CO-0003207-S1.pdf
TARA_CO-0005528,C1d/C1/C42.2-C1b-C3cg-C45c-C115k-C1au,38119.0,S1.pdf,NA,NA,y,TARA_CO-0005528-S1.pdf
TARA_CO-0001061,C1d/C1/C42.2-C1b-C3cg-C45c-C115k-C1au,50545.0,S1.pdf,NA,NA,y,TARA_CO-0001061-S1.pdf
TARA_CO-0001303,C1d/C1/C42.2-C1b-C3cg-C45c-C115k-C1au,35125.0,S1.pdf,NA,NA,y,TARA_CO-0001303-S1.pdf
TARA_CO-0001820,C1d/C1/C42.2-C1b-C3cg-C45c-C115k-C1au,13819.0,S1.pdf,NA,NA,y,TARA_CO-0001820-S1.pdf
TARA_CO-0002567,C1d/C1/C42.2-C1b-C3cg-C45c-C115k-C1au,26815.0,S1.pdf,NA,NA,y,TARA_CO-0002567-S1.pdf
TARA_CO-0001422,C1d/C1/C42.2-C1b-C3cg-C45c-C115k-C1au,38017.0,S1.pdf,NA,NA,y,TARA_CO-0001422-S1.pdf
TARA_CO-0001062,C1d/C1/C42.2-C1b-C3cg-C45c-C115k-C1au,42492.0,S1.pdf,NA,NA,y,TARA_CO-0001062-S1.pdf
TARA_CO-0001415,C1d/C1/C42.2-C1b-C3cg-C45c-C115k-C1au,57282.0,S1.pdf,NA,NA,y,TARA_CO-0001415-S1.pdf
TARA_CO-0001236,C1d/C1/C42.2-C1b-C3cg-C45c-C115k-C1au,58690.0,S1.pdf,NA,NA,y,TARA_CO-0001236-S1.pdf
TARA_CO-0003748,C1d/C1/C42.2-C1b-C3cg-C45c-C115k-C1au,54572.0,S1.pdf,NA,NA,y,TARA_CO-0003748-S1.pdf
TARA_CO-0005565,C1d/C1/C42.2-C1b-C3cg-C45c-C115k-C1au,22360.0,S1.pdf,NA,NA,y,TARA_CO-0005565-S1.pdf
TARA_CO-0002573,C1d/C1/C42.2-C1b-C3cg-C45c-C115k-C1au,27486.0,S1.pdf,NA,NA,y,TARA_CO-0002573-S1.pdf
TARA_CO-0003272,C1d/C1/C42.2-C1b-C3cg-C45c-C115k-C1au,39625.0,S1.pdf,NA,NA,y,TARA_CO-0003272-S1.pdf
TARA_CO-0003750,C1d/C1/C42.2-C1b-C3cg-C45c-C115k-C1au,38366.0,S1.pdf,NA,NA,y,TARA_CO-0003750-S1.pdf
TARA_CO-0001063,C1d/C1/C42.2-C1b-C3cg-C45c-C115k-C1au,41786.0,S1.pdf,NA,NA,y,TARA_CO-0001063-S1.pdf
TARA_CO-0003751,C1d/C1/C42.2-C1b-C3cg-C45c-C115k-C1au,29648.0,S1.pdf,NA,NA,y,TARA_CO-0003751-S1.pdf
TARA_CO-0001007,C1d/C1/C42.2-C1b-C3cg-C45c-C115k-C1au,41908.0,S1.pdf,NA,NA,y,TARA_CO-0001007-S1.pdf
TARA_CO-0004884,C1d/C1/C42.2-C1b-C3cg-C45c-C115k-C1au,43779.0,S1.pdf,NA,NA,y,TARA_CO-0004884-S1.pdf
TARA_OA-0002453,C1d/C1/C42.2-C1b-C3cg-C45c-C115k-C1au,43275.0,S1.pdf,NA,NA,y,TARA_OA-0002453-S1.pdf
TARA_CO-0003201,C1d/C1/C42.2-C1b-C3cg-C45c-C115k-C1au,57441.0,S1.pdf,NA,NA,y,TARA_CO-0003201-S1.pdf
TARA_CO-0003744,C1d/C1/C42.2-C1b-C3cg-C45c-C115k-C1au,61162.0,S1.pdf,NA,NA,y,TARA_CO-0003744-S1.pdf
TARA_CO-1014418,C1d/C1/C42.2-C1b-C3cg-C45c-C115k-C1au,42805.0,S1.pdf,NA,NA,y,TARA_CO-1014418-S1.pdf
TARA_CO-0005292,C1d/C1/C42.2-C1b-C3cg-C45c-C115k-C1au,72427.0,S1.pdf,NA,NA,y,TARA_CO-0005292-S1.pdf
TARA_CO-0001067,C1d/C1/C42.2-C1b-C3cg-C45c-C115k-C1au,52330.0,S1.pdf,NA,NA,y,TARA_CO-0001067-S1.pdf
TARA_CO-0004885,C1d/C1/C42.2-C1b-C3cg-C45c-C115k-C1au,66856.0,S1.pdf,NA,NA,y,TARA_CO-0004885-S1.pdf
TARA_CO-0004814,C1d/C1/C42.2-C1b-C3cg-C45c-C115k-C1au,36349.0,S1.pdf,NA,NA,y,TARA_CO-0004814-S1.pdf
TARA_CO-1016509,C1d/C1/C42.2-C1b-C3cg-C45c-C115k-C1au,51358.0,S1.pdf,NA,NA,y,TARA_CO-1016509-S1.pdf
TARA_CO-0001416,C1d/C1/C42.2-C1b-C3cg-C45c-C115k-C1au,51858.0,S1.pdf,NA,NA,y,TARA_CO-0001416-S1.pdf
TARA_CO-0005321,C1d/C1/C42.2-C1b-C3cg-C45c-C115k-C1au,61436.0,S1.pdf,NA,NA,y,TARA_CO-0005321-S1.pdf
TARA_CO-0002575,C1d/C1/C42.2-C1b-C3cg-C45c-C115k-C1au,26750.0,S1.pdf,NA,NA,y,TARA_CO-0002575-S1.pdf
TARA_CO-1014463,C1d/C1/C42.2-C1b-C3cg-C45c-C115k-C1au,42311.0,S1.pdf,NA,NA,y,TARA_CO-1014463-S1.pdf
TARA_CO-0005566,C1d/C1/C42.2-C1b-C3cg-C45c-C115k-C1au,41445.0,S1.pdf,NA,NA,y,TARA_CO-0005566-S1.pdf
TARA_CO-0005566,C15h,3124.0,S1.pdf,NA,NA,y,TARA_CO-0005566-S1.pdf
TARA_OA-0002458,C1d/C1/C42.2-C1b-C3cg-C45c-C115k-C1au,42710.0,S1.pdf,NA,NA,y,TARA_OA-0002458-S1.pdf
TARA_CO-0003570,C1d/C1/C42.2-C1b-C3cg-C45c-C115k-C1au,47714.0,S1.pdf,NA,NA,y,TARA_CO-0003570-S1.pdf
TARA_CO-0003565,C1d/C1/C42.2-C1b-C3cg-C45c-C115k-C1au,54582.0,S1.pdf,NA,NA,y,TARA_CO-0003565-S1.pdf
TARA_CO-0005291,C1d/C1/C42.2-C1b-C3cg-C45c-C115k-C1au,59414.0,S1.pdf,NA,NA,y,TARA_CO-0005291-S1.pdf
TARA_CO-0001297,C1d/C1/C42.2-C1b-C3cg-C45c-C115k-C1au,28746.0,S1.pdf,NA,NA,y,TARA_CO-0001297-S1.pdf
TARA_CO-0001068,C1d/C1/C42.2-C1b-C3cg-C45c-C115k-C1au,36787.0,S1.pdf,NA,NA,y,TARA_CO-0001068-S1.pdf
TARA_CO-0001299,C1d/C1/C42.2-C1b-C3cg-C45c-C115k-C1au,57333.0,S1.pdf,NA,NA,y,TARA_CO-0001299-S1.pdf
TARA_CO-0001424,C1d/C1/C42.2-C1b-C3cg-C45c-C115k-C1au,56817.0,S1.pdf,NA,NA,y,TARA_CO-0001424-S1.pdf
TARA_CO-0003463,C1d/C1/C42.2-C1b-C3cg-C45c-C115k-C1au,57461.0,S1.pdf,NA,NA,y,TARA_CO-0003463-S1.pdf
TARA_CO-0003390,C1d/C1/C42.2-C1b-C3cg-C45c-C115k-C1au,33774.0,S1.pdf,NA,NA,y,TARA_CO-0003390-S1.pdf
TARA_CO-1016234,C1d/C1/C42.2-C1b-C3cg-C45c-C115k-C1au,71622.0,S1.pdf,NA,NA,y,TARA_CO-1016234-S1.pdf
TARA_CO-0003566,C1d/C1/C42.2-C1b-C3cg-C45c-C115k-C1au,50321.0,S1.pdf,NA,NA,y,TARA_CO-0003566-S1.pdf
TARA_CO-0003208,C1d/C1/C42.2-C1b-C3cg-C45c-C115k-C1au,23764.0,S1.pdf,NA,NA,y,TARA_CO-0003208-S1.pdf
TARA_CO-1014460,C1d/C1/C42.2-C1b-C3cg-C45c-C115k-C1au,34534.0,S1.pdf,NA,NA,y,TARA_CO-1014460-S1.pdf
TARA_CO-0003270,C1d/C1/C42.2-C1b-C3cg-C45c-C115k-C1au,50509.0,S1.pdf,NA,NA,y,TARA_CO-0003270-S1.pdf
TARA_CO-1014320,C1d/C1/C42.2-C1b-C3cg-C45c-C115k-C1au,51155.0,S1.pdf,NA,NA,y,TARA_CO-1014320-S1.pdf
TARA_CO-0003650,C1d/C1/C42.2-C1b-C3cg-C45c-C115k-C1au,41597.0,S1.pdf,NA,NA,y,TARA_CO-0003650-S1.pdf
TARA_CO-0003650,D1/D2d,170.0,S1.pdf,NA,NA,y,TARA_CO-0003650-S1.pdf
TARA_CO-1016428,C1d/C1/C42.2-C1b-C3cg-C45c-C115k-C1au,57342.0,S1.pdf,NA,NA,y,TARA_CO-1016428-S1.pdf
TARA_CO-0002948,C1d/C1/C42.2-C1b-C3cg-C45c-C115k-C1au,59760.0,S1.pdf,NA,NA,y,TARA_CO-0002948-S1.pdf
TARA_CO-0001423,C1d/C1/C42.2-C1b-C3cg-C45c-C115k-C1au,59858.0,S1.pdf,NA,NA,y,TARA_CO-0001423-S1.pdf
TARA_CO-0003398,C1d/C1/C42.2-C1b-C3cg-C45c-C115k-C1au,62769.0,S1.pdf,NA,NA,y,TARA_CO-0003398-S1.pdf
TARA_CO-0003743,C1d/C1/C42.2-C1b-C3cg-C45c-C115k-C1au,49467.0,S1.pdf,NA,NA,y,TARA_CO-0003743-S1.pdf
TARA_CO-1014458,C1d/C1/C42.2-C1b-C3cg-C45c-C115k-C1au,54636.0,S1.pdf,NA,NA,y,TARA_CO-1014458-S1.pdf
TARA_CO-0001418,C1d/C1/C42.2-C1b-C3cg-C45c-C115k-C1au,39324.0,S1.pdf,NA,NA,y,TARA_CO-0001418-S1.pdf
TARA_CO-0001418,C91k,2831.0,S1.pdf,NA,NA,y,TARA_CO-0001418-S1.pdf
TARA_CO-0001066,C1d/C1/C42.2-C1b-C3cg-C45c-C115k-C1au,19831.0,S1.pdf,NA,NA,y,TARA_CO-0001066-S1.pdf
TARA_CO-1014455,C1d/C1/C42.2-C1b-C3cg-C45c-C115k-C1au,25339.0,S1.pdf,NA,NA,y,TARA_CO-1014455-S1.pdf
TARA_CO-1014455,G3y,921.0,S1.pdf,NA,NA,y,TARA_CO-1014455-S1.pdf
TARA_CO-0005328,C1d/C1/C42.2-C1b-C3cg-C45c-C115k-C1au,57706.0,S1.pdf,NA,NA,y,TARA_CO-0005328-S1.pdf
TARA_CO-0003568,C1d/C1/C42.2-C1b-C3cg-C45c-C115k-C1au,32557.0,S1.pdf,NA,NA,y,TARA_CO-0003568-S1.pdf
TARA_CO-1014321,C1d/C1/C42.2-C1b-C3cg-C45c-C115k-C1au,47442.0,S1.pdf,NA,NA,y,TARA_CO-1014321-S1.pdf
TARA_CO-0002952,C1d/C1/C42.2-C1b-C3cg-C45c-C115k-C1au,34553.0,S1.pdf,NA,NA,y,TARA_CO-0002952-S1.pdf
TARA_CO-0002957,C1d/C1/C42.2-C1b-C3cg-C45c-C115k-C1au,50916.0,S1.pdf,NA,NA,y,TARA_CO-0002957-S1.pdf
TARA_CO-0005522,C1d/C1/C42.2-C1b-C3cg-C45c-C115k-C1au,55802.0,S1.pdf,NA,NA,y,TARA_CO-0005522-S1.pdf
TARA_CO-0005529,C1d/C1/C42.2-C1b-C3cg-C45c-C115k-C1au,54096.0,S1.pdf,NA,NA,y,TARA_CO-0005529-S1.pdf
TARA_CO-0003746,C1d/C1/C42.2-C1b-C3cg-C45c-C115k-C1au,30640.0,S1.pdf,NA,NA,y,TARA_CO-0003746-S1.pdf
TARA_CO-0003746,C15h-C15do,2141.0,S1.pdf,NA,NA,y,TARA_CO-0003746-S1.pdf
TARA_CO-0004805,C1d/C1/C42.2-C1b-C3cg-C45c-C115k-C1au,43730.0,S1.pdf,NA,NA,y,TARA_CO-0004805-S1.pdf
TARA_CO-0005696,C1d/C1/C42.2-C1b-C3cg-C45c-C115k-C1au,56259.0,S1.pdf,NA,NA,y,TARA_CO-0005696-S1.pdf
TARA_CO-0004617,C1d/C1/C42.2-C1b-C3cg-C45c-C115k-C1au,54020.0,S1.pdf,NA,NA,y,TARA_CO-0004617-S1.pdf
TARA_CO-0004617,D1/D6/D4-D2.2,608.0,S1.pdf,NA,NA,y,TARA_CO-0004617-S1.pdf
TARA_CO-0004889,C1d/C1/C42.2-C1b-C3cg-C45c-C115k-C1au,55697.0,S1.pdf,NA,NA,y,TARA_CO-0004889-S1.pdf
TARA_CO-0005293,C1d/C1/C42.2-C1b-C3cg-C45c-C115k-C1au,29773.0,S1.pdf,NA,NA,y,TARA_CO-0005293-S1.pdf
TARA_CO-0003278,C1d/C1/C42.2-C1b-C3cg-C45c-C115k-C1au,25468.0,S1.pdf,NA,NA,y,TARA_CO-0003278-S1.pdf
TARA_CO-0003569,C1d/C1/C42.2-C1b-C3cg-C45c-C115k-C1au,35493.0,S1.pdf,NA,NA,y,TARA_CO-0003569-S1.pdf
TARA_CO-0003569,C15h,5846.0,S1.pdf,NA,NA,y,TARA_CO-0003569-S1.pdf
TARA_CO-0001417,C1d/C1/C42.2-C1b-C3cg-C45c-C115k-C1au,59631.0,S1.pdf,NA,NA,y,TARA_CO-0001417-S1.pdf
TARA_CO-0004890,C1d/C1/C42.2-C1b-C3cg-C45c-C115k-C1au,55396.0,S1.pdf,NA,NA,y,TARA_CO-0004890-S1.pdf
TARA_CO-0003279,C1d/C1/C42.2-C1b-C3cg-C45c-C115k-C1au,43013.0,S1.pdf,NA,NA,y,TARA_CO-0003279-S1.pdf
TARA_CO-0003279,D1-D2d-D1y,5481.0,S1.pdf,NA,NA,y,TARA_CO-0003279-S1.pdf
TARA_CO-1016233,C1d/C1/C42.2-C1b-C3cg-C45c-C115k-C1au,44516.0,S1.pdf,NA,NA,y,TARA_CO-1016233-S1.pdf
TARA_CO-0003749,C1d/C1/C42.2-C1b-C3cg-C45c-C115k-C1au,54016.0,S1.pdf,NA,NA,y,TARA_CO-0003749-S1.pdf
TARA_CO-0003277,C1d/C1/C42.2-C1b-C3cg-C45c-C115k-C1au,49077.0,S1.pdf,NA,NA,y,TARA_CO-0003277-S1.pdf
TARA_CO-0003277,D1/D2d,1006.0,S1.pdf,NA,NA,y,TARA_CO-0003277-S1.pdf
TARA_CO-0001234,C1d/C1/C42.2-C1b-C3cg-C45c-C115k-C1au,24623.0,S1.pdf,NA,NA,y,TARA_CO-0001234-S1.pdf
TARA_CO-0001295,C1d/C1/C42.2-C1b-C3cg-C45c-C115k-C1au,53547.0,S1.pdf,NA,NA,y,TARA_CO-0001295-S1.pdf
TARA_CO-0001002,C1d/C1/C42.2-C1b-C3cg-C45c-C115k-C1au,47878.0,S1.pdf,NA,NA,y,TARA_CO-0001002-S1.pdf
TARA_CO-0001002,D1/D6/D4,9057.0,S1.pdf,NA,NA,y,TARA_CO-0001002-S1.pdf
TARA_CO-0005359,C1d/C1/C42.2-C1b-C3cg-C45c-C115k-C1au,53615.0,S1.pdf,NA,NA,y,TARA_CO-0005359-S1.pdf
TARA_CO-0005359,D4l,9709.0,S1.pdf,NA,NA,y,TARA_CO-0005359-S1.pdf
TARA_CO-0005572,C1d/C1/C42.2-C1b-C3cg-C45c-C115k-C1au,36669.0,S1.pdf,NA,NA,y,TARA_CO-0005572-S1.pdf
TARA_CO-0003567,C1d/C1/C42.2-C1b-C3cg-C45c-C115k-C1au,37940.0,S1.pdf,NA,NA,y,TARA_CO-0003567-S1.pdf
TARA_CO-0003567,C15h/C15,26954.0,S1.pdf,NA,NA,y,TARA_CO-0003567-S1.pdf
TARA_CO-0001008,C1d/C1/C42.2-C1b-C3cg-C45c-C115k-C1au,22245.0,S1.pdf,NA,NA,y,TARA_CO-0001008-S1.pdf
TARA_CO-0001008,D1/D6/D4-D2.2,12022.0,S1.pdf,NA,NA,y,TARA_CO-0001008-S1.pdf
TARA_CO-0003643,C1d/C1/C42.2-C1b-C3cg-C45c-C115k-C1au,43120.0,S1.pdf,NA,NA,y,TARA_CO-0003643-S1.pdf
TARA_CO-0003643,D1/D2d,33290.0,S1.pdf,NA,NA,y,TARA_CO-0003643-S1.pdf
TARA_CO-0001010,C1d/C1/C42.2-C1b-C3cg-C45c-C115k-C1au,34618.0,S1.pdf,NA,NA,y,TARA_CO-0001010-S1.pdf
TARA_CO-0001010,D1/D6/D4-D2.2,22935.0,S1.pdf,NA,NA,y,TARA_CO-0001010-S1.pdf
TARA_CO-0005699,C1d/C1/C42.2-C1b-C3cg-C45c-C115k-C1au,18606.0,S1.pdf,NA,NA,y,TARA_CO-0005699-S1.pdf
TARA_CO-0002603,C42g/C42a/C1/C42.2-C1b-C42h-C42b-C1au,13428.0,S1.pdf,NA,NA,y,TARA_CO-0002603-S1.pdf
TARA_CO-0004325,C42g/C42a/C1/C42.2-C1b-C42h-C42b-C1au,35021.0,S1.pdf,NA,NA,y,TARA_CO-0004325-S1.pdf
TARA_CO-0004040,C42g/C42a/C1/C42.2-C1b-C42h-C42b-C1au,9716.0,S1.pdf,NA,NA,y,TARA_CO-0004040-S1.pdf
TARA_CO-0004051,C42g/C42a/C1/C42.2-C1b-C42h-C42b-C1au,9749.0,S1.pdf,NA,NA,y,TARA_CO-0004051-S1.pdf
TARA_CO-0004328,C42g/C42a/C1/C42.2-C1b-C42h-C42b-C1au,12224.0,S1.pdf,NA,NA,y,TARA_CO-0004328-S1.pdf
TARA_CO-0004204,C42g/C42a/C1/C42.2-C1b-C42h-C42b-C1au,10252.0,S1.pdf,NA,NA,y,TARA_CO-0004204-S1.pdf
TARA_CO-0004416,C42g/C42a/C1/C42.2-C1b-C42h-C42b-C1au,11913.0,S1.pdf,NA,NA,y,TARA_CO-0004416-S1.pdf
TARA_CO-0004326,C42g/C42a/C1/C42.2-C1b-C42h-C42b-C1au,27539.0,S1.pdf,NA,NA,y,TARA_CO-0004326-S1.pdf
TARA_CO-0004493,C42g/C42a/C1/C42.2-C1b-C42h-C42b-C1au,13377.0,S1.pdf,NA,NA,y,TARA_CO-0004493-S1.pdf
TARA_CO-0004038,C42g/C42a/C1/C42.2-C1b-C42h-C42b-C1au,9409.0,S1.pdf,NA,NA,y,TARA_CO-0004038-S1.pdf
TARA_CO-0004420,C42g/C42a/C1/C42.2-C1b-C42h-C42b-C1au,13694.0,S1.pdf,NA,NA,y,TARA_CO-0004420-S1.pdf
TARA_CO-0004418,C42g/C42a/C1/C42.2-C1b-C42h-C42b-C1au,12462.0,S1.pdf,NA,NA,y,TARA_CO-0004418-S1.pdf
TARA_CO-0004323,C42g/C42a/C1/C42.2-C1b-C42h-C42b-C1au,32077.0,S1.pdf,NA,NA,y,TARA_CO-0004323-S1.pdf
TARA_CO-0002459,C42g/C42a/C1/C42.2-C1b-C42h-C42b-C1au,28365.0,S1.pdf,NA,NA,y,TARA_CO-0002459-S1.pdf
TARA_CO-0004327,C42g/C42a/C1/C42.2-C1b-C42h-C42b-C1au,23490.0,S1.pdf,NA,NA,y,TARA_CO-0004327-S1.pdf
TARA_CO-0004486,C42g/C42a/C1/C42.2-C1b-C42h-C42b-C1au,21132.0,S1.pdf,NA,NA,y,TARA_CO-0004486-S1.pdf
TARA_CO-0004424,C42g/C42a/C1/C42.2-C1b-C42h-C42b-C1au,12779.0,S1.pdf,NA,NA,y,TARA_CO-0004424-S1.pdf
TARA_CO-0004417,C42g/C42a/C1/C42.2-C1b-C42h-C42b-C1au,10995.0,S1.pdf,NA,NA,y,TARA_CO-0004417-S1.pdf
TARA_CO-0004419,C42g/C42a/C1/C42.2-C1b-C42h-C42b-C1au,11393.0,S1.pdf,NA,NA,y,TARA_CO-0004419-S1.pdf
TARA_CO-0002687,C42g/C42a/C1/C42.2-C1b-C42h-C42b-C1au,12340.0,S1.pdf,NA,NA,y,TARA_CO-0002687-S1.pdf
TARA_CO-0004490,C42g/C42a/C1/C42.2-C1b-C42h-C42b-C1au,110029.0,S1.pdf,NA,NA,y,TARA_CO-0004490-S1.pdf
TARA_CO-0004033,C42g/C42a/C1/C42.2-C1b-C42h-C42b-C1au,9647.0,S1.pdf,NA,NA,y,TARA_CO-0004033-S1.pdf
TARA_CO-0004034,C42g/C42a/C1/C42.2-C1b-C42h-C42b-C1au,8889.0,S1.pdf,NA,NA,y,TARA_CO-0004034-S1.pdf
TARA_CO-0004422,C42g/C42a/C1/C42.2-C1b-C42h-C42b-C1au,13615.0,S1.pdf,NA,NA,y,TARA_CO-0004422-S1.pdf
TARA_CO-0004035,C42g/C42a/C1/C42.2-C1b-C42h-C42b-C1au,7646.0,S1.pdf,NA,NA,y,TARA_CO-0004035-S1.pdf
TARA_CO-0004329,C42g/C42a/C1/C42.2-C1b-C42h-C42b-C1au,14316.0,S1.pdf,NA,NA,y,TARA_CO-0004329-S1.pdf
TARA_OA-0002260,C42g/C42a/C1/C42.2-C1b-C42h-C42b-C1au,52230.0,S1.pdf,NA,NA,y,TARA_OA-0002260-S1.pdf
TARA_CO-0002059,C42g/C42a/C1/C42.2-C1b-C42h-C42b-C1au,9772.0,S1.pdf,NA,NA,y,TARA_CO-0002059-S1.pdf
TARA_CO-0004573,C42g/C42a/C1/C42.2-C1b-C42h-C42b-C1au,11719.0,S1.pdf,NA,NA,y,TARA_CO-0004573-S1.pdf
TARA_CO-0002464,C42g/C42a/C1/C42.2-C1b-C42h-C42b-C1au,20401.0,S1.pdf,NA,NA,y,TARA_CO-0002464-S1.pdf
TARA_CO-0002363,C42g/C42a/C1/C42.2-C1b-C42h-C42b-C1au,10022.0,S1.pdf,NA,NA,y,TARA_CO-0002363-S1.pdf
TARA_CO-0004576,C42g/C42a/C1/C42.2-C1b-C42h-C42b-C1au,13420.0,S1.pdf,NA,NA,y,TARA_CO-0004576-S1.pdf
TARA_CO-0004423,C42g/C42a/C1/C42.2-C1b-C42h-C42b-C1au,13050.0,S1.pdf,NA,NA,y,TARA_CO-0004423-S1.pdf
TARA_CO-0004415,C42g/C42a/C1/C42.2-C1b-C42h-C42b-C1au,11714.0,S1.pdf,NA,NA,y,TARA_CO-0004415-S1.pdf
TARA_CO-0002571,C42g/C42a/C1/C42.2-C1b-C42h-C42b-C1au,24865.0,S1.pdf,NA,NA,y,TARA_CO-0002571-S1.pdf
TARA_CO-0004205,C42g/C42a/C1/C42.2-C1b-C42h-C42b-C1au,8926.0,S1.pdf,NA,NA,y,TARA_CO-0004205-S1.pdf
TARA_CO-0002463,C42g/C42a/C1/C42.2-C1b-C42h-C42b-C1au,28036.0,S1.pdf,NA,NA,y,TARA_CO-0002463-S1.pdf
TARA_CO-0004577,C42g/C42a/C1/C42.2-C1b-C42h-C42b-C1au,7895.0,S1.pdf,NA,NA,y,TARA_CO-0004577-S1.pdf
TARA_CO-0004575,C42g/C42a/C1/C42.2-C1b-C42h-C42b-C1au,13463.0,S1.pdf,NA,NA,y,TARA_CO-0004575-S1.pdf
TARA_CO-0004330,C42g/C42a/C1/C42.2-C1b-C42h-C42b-C1au,9630.0,S1.pdf,NA,NA,y,TARA_CO-0004330-S1.pdf
TARA_OA-0002259,C42g/C42a/C1/C42.2-C1b-C42h-C42b-C1au,53342.0,S1.pdf,NA,NA,y,TARA_OA-0002259-S1.pdf
TARA_CO-0002465,C42g/C42a/C1/C42.2-C1b-C42h-C42b-C1au,22091.0,S1.pdf,NA,NA,y,TARA_CO-0002465-S1.pdf
TARA_CO-1018257,C42g/C42a/C1/C42.2-C1b-C42h-C42b-C1au,27303.0,S1.pdf,NA,NA,y,TARA_CO-1018257-S1.pdf
TARA_CO-0004421,C42g/C42a/C1/C42.2-C1b-C42h-C42b-C1au,11800.0,S1.pdf,NA,NA,y,TARA_CO-0004421-S1.pdf
TARA_CO-0004209,C42g/C42a/C1/C42.2-C1b-C42h-C42b-C1au,10735.0,S1.pdf,NA,NA,y,TARA_CO-0004209-S1.pdf
TARA_CO-0004484,C42g/C42a/C1/C42.2-C1b-C42h-C42b-C1au,12406.0,S1.pdf,NA,NA,y,TARA_CO-0004484-S1.pdf
TARA_CO-0004202,C42g/C42a/C1/C42.2-C1b-C42h-C42b-C1au,10566.0,S1.pdf,NA,NA,y,TARA_CO-0004202-S1.pdf
TARA_CO-0002457,C42g/C42a/C1/C42.2-C1b-C42h-C42b-C1au,20617.0,S1.pdf,NA,NA,y,TARA_CO-0002457-S1.pdf
TARA_CO-0004321,C42g/C42a/C1/C42.2-C1b-C42h-C42b-C1au,11885.0,S1.pdf,NA,NA,y,TARA_CO-0004321-S1.pdf
TARA_CO-0002604,C42g/C42a/C1/C42.2-C1b-C42h-C42b-C1au,11637.0,S1.pdf,NA,NA,y,TARA_CO-0002604-S1.pdf
TARA_CO-0004322,C42g/C42a/C1/C42.2-C1b-C42h-C42b-C1au,9109.0,S1.pdf,NA,NA,y,TARA_CO-0004322-S1.pdf
TARA_CO-0002599,C42g/C42a/C1/C42.2-C1b-C42h-C42b-C1au,11726.0,S1.pdf,NA,NA,y,TARA_CO-0002599-S1.pdf
TARA_CO-0002695,C42g/C42a/C1/C42.2-C1b-C42h-C42b-C1au,10213.0,S1.pdf,NA,NA,y,TARA_CO-0002695-S1.pdf
TARA_CO-0002460,C42g/C42a/C1/C42.2-C1b-C42h-C42b-C1au,22329.0,S1.pdf,NA,NA,y,TARA_CO-0002460-S1.pdf
TARA_CO-0004206,C42g/C42a/C1/C42.2-C1b-C42h-C42b-C1au,8862.0,S1.pdf,NA,NA,y,TARA_CO-0004206-S1.pdf
TARA_CO-0002597,C42g/C42a/C1/C42.2-C1b-C42h-C42b-C1au,12583.0,S1.pdf,NA,NA,y,TARA_CO-0002597-S1.pdf
TARA_CO-1018698,C42g/C42a/C1/C42.2-C1b-C42h-C42b-C1au,47385.0,S1.pdf,NA,NA,y,TARA_CO-1018698-S1.pdf
TARA_CO-0004571,C42g/C42a/C1/C42.2-C1b-C42h-C42b-C1au,13301.0,S1.pdf,NA,NA,y,TARA_CO-0004571-S1.pdf
TARA_CO-0002688,C42g/C42a/C1/C42.2-C1b-C42h-C42b-C1au,12333.0,S1.pdf,NA,NA,y,TARA_CO-0002688-S1.pdf
TARA_CO-0002694,C42g/C42a/C1/C42.2-C1b-C42h-C42b-C1au,13684.0,S1.pdf,NA,NA,y,TARA_CO-0002694-S1.pdf
TARA_CO-0002602,C42g/C42a/C1/C42.2-C1b-C42h-C42b-C1au,10280.0,S1.pdf,NA,NA,y,TARA_CO-0002602-S1.pdf
TARA_CO-0005743,C42g/C42a/C1/C42.2-C1b-C42h-C42b-C1au,68438.0,S1.pdf,NA,NA,y,TARA_CO-0005743-S1.pdf
TARA_CO-0004201,C42g/C42a/C1/C42.2-C1b-C42h-C42b-C1au,7150.0,S1.pdf,NA,NA,y,TARA_CO-0004201-S1.pdf
TARA_OA-0002261,C42g/C42a/C1/C42.2-C1b-C42h-C42b-C1au,12509.0,S1.pdf,NA,NA,y,TARA_OA-0002261-S1.pdf
TARA_CO-0002063,C42g/C42a/C1/C42.2-C1b-C42h-C42b-C1au,8456.0,S1.pdf,NA,NA,y,TARA_CO-0002063-S1.pdf
TARA_CO-0004492,C42g/C42a/C1/C42.2-C1b-C42h-C42b-C1au,44897.0,S1.pdf,NA,NA,y,TARA_CO-0004492-S1.pdf
TARA_CO-0002691,C42g/C42a/C1/C42.2-C1b-C42h-C42b-C1au,10255.0,S1.pdf,NA,NA,y,TARA_CO-0002691-S1.pdf
TARA_OA-0002263,C42g/C42a/C1/C42.2-C1b-C42h-C42b-C1au,18047.0,S1.pdf,NA,NA,y,TARA_OA-0002263-S1.pdf
TARA_CO-0000956,C42g/C42a/C1/C42.2-C1b-C42h-C42b-C1au,679904.0,S1.pdf,NA,NA,y,TARA_CO-0000956-S1.pdf
TARA_CO-0002692,C42g/C42a/C1/C42.2-C1b-C42h-C42b-C1au,9012.0,S1.pdf,NA,NA,y,TARA_CO-0002692-S1.pdf
TARA_CO-0004488,C42g/C42a/C1/C42.2-C1b-C42h-C42b-C1au,67412.0,S1.pdf,NA,NA,y,TARA_CO-0004488-S1.pdf
TARA_CO-0004572,C42g/C42a/C1/C42.2-C1b-C42h-C42b-C1au,11711.0,S1.pdf,NA,NA,y,TARA_CO-0004572-S1.pdf
TARA_CO-0004572,C116a-C116v-C116x,1334.0,S1.pdf,NA,NA,y,TARA_CO-0004572-S1.pdf
TARA_OA-0002258,C42g/C42a/C1/C42.2-C1b-C42h-C42b-C1au,12586.0,S1.pdf,NA,NA,y,TARA_OA-0002258-S1.pdf
TARA_CO-0000824,C42g/C42a/C1/C42.2-C1b-C42h-C42b-C1au,28432.0,S1.pdf,NA,NA,y,TARA_CO-0000824-S1.pdf
TARA_CO-0002689,C42g/C42a/C1/C42.2-C1b-C42h-C42b-C1au,9970.0,S1.pdf,NA,NA,y,TARA_CO-0002689-S1.pdf
TARA_CO-0002693,C42g/C42a/C1/C42.2-C1b-C42h-C42b-C1au,9556.0,S1.pdf,NA,NA,y,TARA_CO-0002693-S1.pdf
TARA_CO-0002601,C42g/C42a/C1/C42.2-C1b-C42h-C42b-C1au,12286.0,S1.pdf,NA,NA,y,TARA_CO-0002601-S1.pdf
TARA_CO-0004203,C42g/C42a/C1/C42.2-C1b-C42h-C42b-C1au,8954.0,S1.pdf,NA,NA,y,TARA_CO-0004203-S1.pdf
TARA_CO-0004203,C116a-C116v-C116x,1473.0,S1.pdf,NA,NA,y,TARA_CO-0004203-S1.pdf
TARA_CO-0002690,C42g/C42a/C1/C42.2-C1b-C42h-C42b-C1au,9098.0,S1.pdf,NA,NA,y,TARA_CO-0002690-S1.pdf
TARA_CO-0002951,C1/C42.2/C42g/C42a-C1b-C1az-C1au-C1j,45809.0,S1.pdf,NA,NA,y,TARA_CO-0002951-S1.pdf
TARA_CO-0001004,C1/C42.2/C42g/C42a-C1b-C1az-C1au-C1j,51086.0,S1.pdf,NA,NA,y,TARA_CO-0001004-S1.pdf
TARA_OA-0002332,C1/C42.2/C42g/C42a-C1b-C1az-C1au-C1j,50633.0,S1.pdf,NA,NA,y,TARA_OA-0002332-S1.pdf
TARA_CO-1018260,C1/C42.2/C42g/C42a-C1b-C1az-C1au-C1j,53746.0,S1.pdf,NA,NA,y,TARA_CO-1018260-S1.pdf
TARA_CO-1018251,C1/C42.2/C42g/C42a-C1b-C1az-C1au-C1j,64276.0,S1.pdf,NA,NA,y,TARA_CO-1018251-S1.pdf
TARA_CO-0004883,C1/C42.2/C42g/C42a-C1b-C1az-C1au-C1j,40782.0,S1.pdf,NA,NA,y,TARA_CO-0004883-S1.pdf
TARA_CO-0005573,C1/C42.2/C42g/C42a-C1b-C1az-C1au-C1j,46682.0,S1.pdf,NA,NA,y,TARA_CO-0005573-S1.pdf
TARA_CO-0004609,C1/C42.2/C42g/C42a-C1b-C1az-C1au-C1j,54352.0,S1.pdf,NA,NA,y,TARA_CO-0004609-S1.pdf
TARA_CO-0004887,C1/C42.2/C42g/C42a-C1b-C1az-C1au-C1j,52128.0,S1.pdf,NA,NA,y,TARA_CO-0004887-S1.pdf
TARA_CO-1015476,C1/C42.2/C42g/C42a-C1b-C1az-C1au-C1j,56953.0,S1.pdf,NA,NA,y,TARA_CO-1015476-S1.pdf
TARA_CO-0004612,C1/C42.2/C42g/C42a-C1b-C1az-C1au-C1j,53465.0,S1.pdf,NA,NA,y,TARA_CO-0004612-S1.pdf
TARA_OA-0002325,C1/C42.2/C42g/C42a-C1b-C1az-C1au-C1j,39879.0,S1.pdf,NA,NA,y,TARA_OA-0002325-S1.pdf
TARA_CO-0003392,C1/C42.2/C42g/C42a-C1b-C1az-C1au-C1j,68746.0,S1.pdf,NA,NA,y,TARA_CO-0003392-S1.pdf
TARA_CO-0004810,C1/C42.2/C42g/C42a-C1b-C1az-C1au-C1j,55889.0,S1.pdf,NA,NA,y,TARA_CO-0004810-S1.pdf
TARA_CO-1018256,C1/C42.2/C42g/C42a-C1b-C1az-C1au-C1j,66010.0,S1.pdf,NA,NA,y,TARA_CO-1018256-S1.pdf
TARA_CO-1018259,C1/C42.2/C42g/C42a-C1b-C1az-C1au-C1j,58208.0,S1.pdf,NA,NA,y,TARA_CO-1018259-S1.pdf
TARA_CO-1018258,C1/C42.2/C42g/C42a-C1b-C1az-C1au-C1j,40595.0,S1.pdf,NA,NA,y,TARA_CO-1018258-S1.pdf
TARA_CO-0003397,C1/C42.2/C42g/C42a-C1b-C1az-C1au-C1j,42387.0,S1.pdf,NA,NA,y,TARA_CO-0003397-S1.pdf
TARA_OA-0002324,C1/C42.2/C42g/C42a-C1b-C1az-C1au-C1j,30676.0,S1.pdf,NA,NA,y,TARA_OA-0002324-S1.pdf
TARA_FH-0000952,C1/C42.2/C42g/C42a-C1b-C1az-C1au-C1j,56159.0,S1.pdf,NA,NA,y,TARA_FH-0000952-S1.pdf
TARA_CO-0001003,C1/C42.2/C42g/C42a-C1b-C1az-C1au-C1j,45531.0,S1.pdf,NA,NA,y,TARA_CO-0001003-S1.pdf
TARA_CO-1018350,C1/C42.2/C42g/C42a-C1b-C1az-C1au-C1j,58087.0,S1.pdf,NA,NA,y,TARA_CO-1018350-S1.pdf
TARA_CO-1018254,C1/C42.2/C42g/C42a-C1b-C1az-C1au-C1j,56369.0,S1.pdf,NA,NA,y,TARA_CO-1018254-S1.pdf
TARA_CO-0004813,C1/C42.2/C42g/C42a-C1b-C1az-C1au-C1j,33788.0,S1.pdf,NA,NA,y,TARA_CO-0004813-S1.pdf
TARA_CO-0004570,C1/C42.2/C42g/C42a-C1b-C1az-C1au-C1j,99433.0,S1.pdf,NA,NA,y,TARA_CO-0004570-S1.pdf
TARA_FH-0000959,C1/C42.2/C42g/C42a-C1b-C1az-C1au-C1j,29502.0,S1.pdf,NA,NA,y,TARA_FH-0000959-S1.pdf
TARA_CO-0005737,C1/C42.2/C42g/C42a-C1b-C1az-C1au-C1j,39408.0,S1.pdf,NA,NA,y,TARA_CO-0005737-S1.pdf
TARA_CO-1018253,C1/C42.2/C42g/C42a-C1b-C1az-C1au-C1j,61247.0,S1.pdf,NA,NA,y,TARA_CO-1018253-S1.pdf
TARA_CO-1018342,C1/C42.2/C42g/C42a-C1b-C1az-C1au-C1j,42737.0,S1.pdf,NA,NA,y,TARA_CO-1018342-S1.pdf
TARA_CO-1018347,C1/C42.2/C42g/C42a-C1b-C1az-C1au-C1j,52030.0,S1.pdf,NA,NA,y,TARA_CO-1018347-S1.pdf
TARA_CO-1018252,C1/C42.2/C42g/C42a-C1b-C1az-C1au-C1j,36818.0,S1.pdf,NA,NA,y,TARA_CO-1018252-S1.pdf
TARA_CO-0004574,C1/C42.2/C42g/C42a-C1b-C1az-C1au-C1j,6834.0,S1.pdf,NA,NA,y,TARA_CO-0004574-S1.pdf
TARA_CO-0004569,C1/C42.2/C42g/C42a-C1b-C1az-C1au-C1j,12652.0,S1.pdf,NA,NA,y,TARA_CO-0004569-S1.pdf
TARA_CO-0001240,C1/C42.2/C42g/C42a-C1b-C1az-C1au-C1j,43027.0,S1.pdf,NA,NA,y,TARA_CO-0001240-S1.pdf
TARA_CO-1018255,C1/C42.2/C42g/C42a-C1b-C1az-C1au-C1j,43777.0,S1.pdf,NA,NA,y,TARA_CO-1018255-S1.pdf
TARA_CO-0004886,C1/C42.2/C42g/C42a-C1b-C1az-C1au-C1j,42932.0,S1.pdf,NA,NA,y,TARA_CO-0004886-S1.pdf
TARA_CO-0001005,C1/C42.2/C42g/C42a-C1b-C1az-C1au-C1j,41001.0,S1.pdf,NA,NA,y,TARA_CO-0001005-S1.pdf
TARA_CO-0002955,C1/C42.2/C42g/C42a-C1b-C1az-C1au-C1j,38141.0,S1.pdf,NA,NA,y,TARA_CO-0002955-S1.pdf
TARA_CO-0001064,C1/C42.2/C42g/C42a-C1b-C1az-C1au-C1j,39729.0,S1.pdf,NA,NA,y,TARA_CO-0001064-S1.pdf
TARA_CO-0001064,D1/D6/D4-D2.2,2511.0,S1.pdf,NA,NA,y,TARA_CO-0001064-S1.pdf
TARA_CO-0003273,C1/C42.2/C42g/C42a-C1b-C1az-C1au-C1j,47718.0,S1.pdf,NA,NA,y,TARA_CO-0003273-S1.pdf
TARA_CO-0004806,C1/C42.2/C42g/C42a-C1b-C1az-C1au-C1j,45132.0,S1.pdf,NA,NA,y,TARA_CO-0004806-S1.pdf
TARA_CO-0004568,C1/C42.2/C42g/C42a-C1b-C1az-C1au-C1j,33247.0,S1.pdf,NA,NA,y,TARA_CO-0004568-S1.pdf
TARA_CO-1018345,C1/C42.2/C42g/C42a-C1b-C1az-C1au-C1j,50595.0,S1.pdf,NA,NA,y,TARA_CO-1018345-S1.pdf
TARA_CO-0004616,C1/C42.2/C42g/C42a-C1b-C1az-C1au-C1j,51014.0,S1.pdf,NA,NA,y,TARA_CO-0004616-S1.pdf
TARA_CO-0004487,C1/C42.2/C42g/C42a-C1b-C1az-C1au-C1j,15046.0,S1.pdf,NA,NA,y,TARA_CO-0004487-S1.pdf
TARA_CO-0004882,C1/C42.2/C42g/C42a-C1b-C1az-C1au-C1j,33826.0,S1.pdf,NA,NA,y,TARA_CO-0004882-S1.pdf
TARA_CO-0004811,C1/C42.2/C42g/C42a-C1b-C1az-C1au-C1j,41631.0,S1.pdf,NA,NA,y,TARA_CO-0004811-S1.pdf
TARA_CO-0004812,C1/C42.2/C42g/C42a-C1b-C1az-C1au-C1j,41995.0,S1.pdf,NA,NA,y,TARA_CO-0004812-S1.pdf
TARA_CO-0004809,C1/C42.2/C42g/C42a-C1b-C1az-C1au-C1j,59997.0,S1.pdf,NA,NA,y,TARA_CO-0004809-S1.pdf
TARA_CO-0001006,C1/C42.2/C42g/C42a-C1b-C1az-C1au-C1j,34054.0,S1.pdf,NA,NA,y,TARA_CO-0001006-S1.pdf
TARA_OA-0002330,C1/C42.2/C42g/C42a-C1b-C1az-C1au-C1j,26021.0,S1.pdf,NA,NA,y,TARA_OA-0002330-S1.pdf
TARA_CO-0004807,C1/C42.2/C42g/C42a-C1b-C1az-C1au-C1j,50632.0,S1.pdf,NA,NA,y,TARA_CO-0004807-S1.pdf
TARA_CO-1018163,C1/C42.2/C42g/C42a-C1b-C1az-C1au-C1j,62120.0,S1.pdf,NA,NA,y,TARA_CO-1018163-S1.pdf
TARA_CO-1018163,C15h,4232.0,S1.pdf,NA,NA,y,TARA_CO-1018163-S1.pdf
TARA_FH-0000955,C1/C42.2/C42g/C42a-C1b-C1az-C1au-C1j,44005.0,S1.pdf,NA,NA,y,TARA_FH-0000955-S1.pdf
TARA_FH-0000955,C3/C3dc,1831.0,S1.pdf,NA,NA,y,TARA_FH-0000955-S1.pdf
TARA_CO-0004808,C1/C42.2/C42g/C42a-C1b-C1az-C1au-C1j,61722.0,S1.pdf,NA,NA,y,TARA_CO-0004808-S1.pdf
TARA_OA-0002451,C1/C42.2/C42g/C42a-C1b-C1az-C1au-C1j,45239.0,S1.pdf,NA,NA,y,TARA_OA-0002451-S1.pdf
TARA_CO-0002954,C1/C42.2/C42g/C42a-C1b-C1az-C1au-C1j,36835.0,S1.pdf,NA,NA,y,TARA_CO-0002954-S1.pdf
TARA_CO-0002954,C3,2736.0,S1.pdf,NA,NA,y,TARA_CO-0002954-S1.pdf
TARA_CO-0002950,C1/C42.2/C42g/C42a-C1b-C1az-C1au-C1j,38625.0,S1.pdf,NA,NA,y,TARA_CO-0002950-S1.pdf
TARA_CO-0004614,C1/C42.2/C42g/C42a-C1b-C1az-C1au-C1j,56112.0,S1.pdf,NA,NA,y,TARA_CO-0004614-S1.pdf
TARA_OA-0002460,C1/C42.2/C42g/C42a-C1b-C1az-C1au-C1j,63356.0,S1.pdf,NA,NA,y,TARA_OA-0002460-S1.pdf
TARA_CO-0003460,C1/C42.2/C42g/C42a-C1b-C1az-C1au-C1j,40596.0,S1.pdf,NA,NA,y,TARA_CO-0003460-S1.pdf
TARA_CO-0003394,C1/C42.2/C42g/C42a-C1b-C1az-C1au-C1j,46473.0,S1.pdf,NA,NA,y,TARA_CO-0003394-S1.pdf
TARA_CO-0003394,D1/D6/D4-D2.2,6010.0,S1.pdf,NA,NA,y,TARA_CO-0003394-S1.pdf
TARA_CO-0002956,C1/C42.2/C42g/C42a-C1b-C1az-C1au-C1j,35132.0,S1.pdf,NA,NA,y,TARA_CO-0002956-S1.pdf
TARA_CO-0002956,C3/C3dc,1137.0,S1.pdf,NA,NA,y,TARA_CO-0002956-S1.pdf
TARA_CO-1018343,C1/C42.2/C42g/C42a-C1b-C1az-C1au-C1j,49599.0,S1.pdf,NA,NA,y,TARA_CO-1018343-S1.pdf
TARA_CO-1018343,C116z,7472.0,S1.pdf,NA,NA,y,TARA_CO-1018343-S1.pdf
TARA_CO-0004611,C1/C42.2/C42g/C42a-C1b-C1az-C1au-C1j,35340.0,S1.pdf,NA,NA,y,TARA_CO-0004611-S1.pdf
TARA_CO-0004611,C116a-C116v-C116x,6007.0,S1.pdf,NA,NA,y,TARA_CO-0004611-S1.pdf
TARA_CO-0004611,D1/D6/D4-D2.2,4766.0,S1.pdf,NA,NA,y,TARA_CO-0004611-S1.pdf
TARA_CO-1015472,C1/C42.2/C42g/C42a-C1b-C1az-C1au-C1j,21568.0,S1.pdf,NA,NA,y,TARA_CO-1015472-S1.pdf
TARA_CO-1015472,D1/D1as-D1bb-D1ba-D1bh,15540.0,S1.pdf,NA,NA,y,TARA_CO-1015472-S1.pdf
TARA_CO-1015407,C42a/C1/C42.2/C1j/C1b-C1ci-C1au,67388.0,S1.pdf,NA,NA,y,TARA_CO-1015407-S1.pdf
TARA_CO-1015408,C42a/C1/C42.2/C1j/C1b-C1ci-C1au,44686.0,S1.pdf,NA,NA,y,TARA_CO-1015408-S1.pdf
TARA_CO-1015409,C42a/C1/C42.2/C1j/C1b-C1ci-C1au,47262.0,S1.pdf,NA,NA,y,TARA_CO-1015409-S1.pdf
TARA_CO-1015251,C42a/C1/C42.2/C1j/C1b-C1ci-C1au,44329.0,S1.pdf,NA,NA,y,TARA_CO-1015251-S1.pdf
TARA_CO-1015593,C42a/C1/C42.2/C1j/C1b-C1ci-C1au,56472.0,S1.pdf,NA,NA,y,TARA_CO-1015593-S1.pdf
TARA_CO-1015594,C42a/C1/C42.2/C1j/C1b-C1ci-C1au,54953.0,S1.pdf,NA,NA,y,TARA_CO-1015594-S1.pdf
TARA_CO-0000557,C42a/C1/C42.2/C1j/C1b-C1ci-C1au,8925.0,S1.pdf,NA,NA,y,TARA_CO-0000557-S1.pdf
TARA_CO-1015246,C42a/C1/C42.2/C1j/C1b-C1ci-C1au,70585.0,S1.pdf,NA,NA,y,TARA_CO-1015246-S1.pdf
TARA_CO-1015241,C42a/C1/C42.2/C1j/C1b-C1ci-C1au,58636.0,S1.pdf,NA,NA,y,TARA_CO-1015241-S1.pdf
TARA_CO-1015241,D1/D2d,1589.0,S1.pdf,NA,NA,y,TARA_CO-1015241-S1.pdf
TARA_CO-1014899,C42a/C1/C42.2/C1j/C1b-C1ci-C1au,48325.0,S1.pdf,NA,NA,y,TARA_CO-1014899-S1.pdf
TARA_CO-1014899,D1/D6/D4-D2.2,559.0,S1.pdf,NA,NA,y,TARA_CO-1014899-S1.pdf
TARA_CO-1014896,C42a/C1/C42.2/C1j/C1b-C1ci-C1au,59213.0,S1.pdf,NA,NA,y,TARA_CO-1014896-S1.pdf
TARA_CO-1015597,C42a/C1/C42.2/C1j/C1b-C1ci-C1au,62454.0,S1.pdf,NA,NA,y,TARA_CO-1015597-S1.pdf
TARA_CO-1015597,D1-D1as-D1at-D4-D6-D1ba-D1bb-D1ax,1317.0,S1.pdf,NA,NA,y,TARA_CO-1015597-S1.pdf
TARA_CO-1015242,C42a/C1/C42.2/C1j/C1b-C1ci-C1au,53730.0,S1.pdf,NA,NA,y,TARA_CO-1015242-S1.pdf
TARA_CO-0005985,C42a/C1/C42.2/C1j/C1b-C1ci-C1au,58043.0,S1.pdf,NA,NA,y,TARA_CO-0005985-S1.pdf
TARA_CO-0005984,C42a/C1/C42.2/C1j/C1b-C1ci-C1au,44311.0,S1.pdf,NA,NA,y,TARA_CO-0005984-S1.pdf
TARA_CO-1015089,C42a/C1/C42.2/C1j/C1b-C1ci-C1au,42499.0,S1.pdf,NA,NA,y,TARA_CO-1015089-S1.pdf
TARA_CO-1015089,C3/C3dc,960.0,S1.pdf,NA,NA,y,TARA_CO-1015089-S1.pdf
TARA_CO-1015089,D1-D1at-D1bb-D1as-D1bd-D1bc-D1be,4717.0,S1.pdf,NA,NA,y,TARA_CO-1015089-S1.pdf
TARA_CO-0005297,C42a/C1/C42.2/C1j/C1b-C1ci-C1au,37854.0,S1.pdf,NA,NA,y,TARA_CO-0005297-S1.pdf
TARA_CO-0005982,C42a/C1/C42.2/C1j/C1b-C1ci-C1au,31468.0,S1.pdf,NA,NA,y,TARA_CO-0005982-S1.pdf
TARA_CO-0005983,C42a/C1/C42.2/C1j/C1b-C1ci-C1au,73598.0,S1.pdf,NA,NA,y,TARA_CO-0005983-S1.pdf
TARA_CO-0005986,C42a/C1/C42.2/C1j/C1b-C1ci-C1au,33495.0,S1.pdf,NA,NA,y,TARA_CO-0005986-S1.pdf
TARA_CO-0005356,C42a/C1/C42.2/C1j/C1b-C1ci-C1au,35640.0,S1.pdf,NA,NA,y,TARA_CO-0005356-S1.pdf
TARA_CO-0005895,C42a/C1/C42.2/C1j/C1b-C1ci-C1au,36578.0,S1.pdf,NA,NA,y,TARA_CO-0005895-S1.pdf
TARA_CO-0005738,C42a/C1/C42.2/C1j/C1b-C1ci-C1au,74188.0,S1.pdf,NA,NA,y,TARA_CO-0005738-S1.pdf
TARA_CO-0005894,C42a/C1/C42.2/C1j/C1b-C1ci-C1au,57030.0,S1.pdf,NA,NA,y,TARA_CO-0005894-S1.pdf
TARA_CO-0005740,C42a/C1/C42.2/C1j/C1b-C1ci-C1au,52824.0,S1.pdf,NA,NA,y,TARA_CO-0005740-S1.pdf
TARA_CO-0005887,C42a/C1/C42.2/C1j/C1b-C1ci-C1au,28741.0,S1.pdf,NA,NA,y,TARA_CO-0005887-S1.pdf
TARA_CO-0005888,C42a/C1/C42.2/C1j/C1b-C1ci-C1au,36078.0,S1.pdf,NA,NA,y,TARA_CO-0005888-S1.pdf
TARA_CO-1015601,C42a/C1/C42.2/C1j/C1b-C1ci-C1au,46316.0,S1.pdf,NA,NA,y,TARA_CO-1015601-S1.pdf
TARA_CO-1015601,C3/C3dc,1877.0,S1.pdf,NA,NA,y,TARA_CO-1015601-S1.pdf
TARA_CO-1018075,C42a/C1/C42.2/C1j/C1b-C1ci-C1au,38360.0,S1.pdf,NA,NA,y,TARA_CO-1018075-S1.pdf
TARA_CO-0005979,C42a/C1/C42.2/C1j/C1b-C1ci-C1au,52836.0,S1.pdf,NA,NA,y,TARA_CO-0005979-S1.pdf
TARA_CO-0005892,C42a/C1/C42.2/C1j/C1b-C1ci-C1au,59077.0,S1.pdf,NA,NA,y,TARA_CO-0005892-S1.pdf
TARA_CO-0005890,C42a/C1/C42.2/C1j/C1b-C1ci-C1au,66169.0,S1.pdf,NA,NA,y,TARA_CO-0005890-S1.pdf
TARA_CO-0005977,C42a/C1/C42.2/C1j/C1b-C1ci-C1au,69731.0,S1.pdf,NA,NA,y,TARA_CO-0005977-S1.pdf
TARA_CO-1015747,C42a/C1/C42.2/C1j/C1b-C1ci-C1au,50789.0,S1.pdf,NA,NA,y,TARA_CO-1015747-S1.pdf
TARA_CO-1015747,C3/C3dc,1774.0,S1.pdf,NA,NA,y,TARA_CO-1015747-S1.pdf
TARA_CO-1015747,D1-D1at-D1as-D4-D1ba-D2a-D6,2116.0,S1.pdf,NA,NA,y,TARA_CO-1015747-S1.pdf
TARA_CO-0005889,C42a/C1/C42.2/C1j/C1b-C1ci-C1au,46942.0,S1.pdf,NA,NA,y,TARA_CO-0005889-S1.pdf
TARA_CO-0005980,C42a/C1/C42.2/C1j/C1b-C1ci-C1au,41137.0,S1.pdf,NA,NA,y,TARA_CO-0005980-S1.pdf
TARA_CO-0005896,C42a/C1/C42.2/C1j/C1b-C1ci-C1au,56444.0,S1.pdf,NA,NA,y,TARA_CO-0005896-S1.pdf
TARA_CO-1018071,C42a/C1/C42.2/C1j/C1b-C1ci-C1au,51308.0,S1.pdf,NA,NA,y,TARA_CO-1018071-S1.pdf
TARA_CO-1018072,C42a/C1/C42.2/C1j/C1b-C1ci-C1au,64729.0,S1.pdf,NA,NA,y,TARA_CO-1018072-S1.pdf
TARA_CO-0005891,C42a/C1/C42.2/C1j/C1b-C1ci-C1au,37070.0,S1.pdf,NA,NA,y,TARA_CO-0005891-S1.pdf
TARA_CO-0005981,C42a/C1/C42.2/C1j/C1b-C1ci-C1au,61838.0,S1.pdf,NA,NA,y,TARA_CO-0005981-S1.pdf
TARA_CO-0005893,C42a/C1/C42.2/C1j/C1b-C1ci-C1au,45534.0,S1.pdf,NA,NA,y,TARA_CO-0005893-S1.pdf
TARA_CO-0005978,C42a/C1/C42.2/C1j/C1b-C1ci-C1au,22374.0,S1.pdf,NA,NA,y,TARA_CO-0005978-S1.pdf
TARA_CO-1018074,C42a/C1/C42.2/C1j/C1b-C1ci-C1au,50751.0,S1.pdf,NA,NA,y,TARA_CO-1018074-S1.pdf
TARA_CO-1018073,C42a/C1/C42.2/C1j/C1b-C1ci-C1au,19689.0,S1.pdf,NA,NA,y,TARA_CO-1018073-S1.pdf
TARA_CO-0005025,C42a/C1/C42.2/C1j/C1b-C1ci-C1au,36591.0,S1.pdf,NA,NA,y,TARA_CO-0005025-S1.pdf
TARA_CO-1015600,C42a/C1/C42.2/C1j/C1b-C1ci-C1au,42830.0,S1.pdf,NA,NA,y,TARA_CO-1015600-S1.pdf
TARA_CO-1015600,C3/C3dc,1180.0,S1.pdf,NA,NA,y,TARA_CO-1015600-S1.pdf
TARA_CO-1015600,D1/D1as-D1bb-D1ba-D1bh,10997.0,S1.pdf,NA,NA,y,TARA_CO-1015600-S1.pdf
TARA_CO-1015411,C42a/C1/C42.2/C1j/C1b-C1ci-C1au,32820.0,S1.pdf,NA,NA,y,TARA_CO-1015411-S1.pdf
TARA_CO-1015411,D1/D1as-D1bb-D1ba-D1bh,14525.0,S1.pdf,NA,NA,y,TARA_CO-1015411-S1.pdf
TARA_CO-1015410,C42a/C1/C42.2/C1j/C1b-C1ci-C1au,32195.0,S1.pdf,NA,NA,y,TARA_CO-1015410-S1.pdf
TARA_CO-1015410,D1/D1as-D1bb-D1ba-D1bh,16587.0,S1.pdf,NA,NA,y,TARA_CO-1015410-S1.pdf
TARA_CO-1017048,C42a/C1/C42.2/C1j/C1b-C1ci-C1au,29782.0,S1.pdf,NA,NA,y,TARA_CO-1017048-S1.pdf
TARA_CO-1017048,C3/C3dc,954.0,S1.pdf,NA,NA,y,TARA_CO-1017048-S1.pdf
TARA_CO-1017048,D1-D1as-D1at-D4-D6-D1ba-D1bb-D1ax,16263.0,S1.pdf,NA,NA,y,TARA_CO-1017048-S1.pdf
TARA_CO-0000010,C42a/C1/C42.2/C1j/C1b-C1ci-C1au,19052.0,S1.pdf,NA,NA,y,TARA_CO-0000010-S1.pdf
TARA_CO-0000010,C3/C3dc,278.0,S1.pdf,NA,NA,y,TARA_CO-0000010-S1.pdf
TARA_CO-0000010,D1-D1as-D1bb-D1ba-D4-D1at-D6-D1ax-D1bg-D1au,16458.0,S1.pdf,NA,NA,y,TARA_CO-0000010-S1.pdf
TARA_CO-1017041,C42a/C1/C42.2/C1j/C1b-C1ci-C1au,29412.0,S1.pdf,NA,NA,y,TARA_CO-1017041-S1.pdf
TARA_CO-1017041,C3/C3dc,977.0,S1.pdf,NA,NA,y,TARA_CO-1017041-S1.pdf
TARA_CO-1017041,D1-D1as-D1at-D4-D6-D1ba-D1bb-D1ax,24719.0,S1.pdf,NA,NA,y,TARA_CO-1017041-S1.pdf
TARA_CO-0000555,C42a/C1/C42.2/C1j/C1b-C1ci-C1au,2887.0,S1.pdf,NA,NA,y,TARA_CO-0000555-S1.pdf
TARA_CO-0000555,C3/C3dc,91.0,S1.pdf,NA,NA,y,TARA_CO-0000555-S1.pdf
TARA_CO-0000555,D1-D1as-D1bb-D1ba-D4-D1at-D6-D1ax-D1bg-D1au,2596.0,S1.pdf,NA,NA,y,TARA_CO-0000555-S1.pdf
TARA_CO-0000508,C15/C15eo-C15ep-C15eq-C15.5,6955.0,S1.pdf,NA,NA,y,TARA_CO-0000508-S1.pdf
TARA_CO-0000511,C15/C15eo-C15ep-C15eq-C15.5,6191.0,S1.pdf,NA,NA,y,TARA_CO-0000511-S1.pdf
TARA_CO-0000512,C15/C15eo-C15ep-C15eq-C15.5,7221.0,S1.pdf,NA,NA,y,TARA_CO-0000512-S1.pdf
TARA_CO-0000510,C15/C15eo-C15ep-C15eq-C15.5,6748.0,S1.pdf,NA,NA,y,TARA_CO-0000510-S1.pdf
TARA_CO-0000038,C15/C15eo-C15ep-C15eq-C15.5,30238.0,S1.pdf,NA,NA,y,TARA_CO-0000038-S1.pdf
TARA_CO-0000539,C15/C15eo-C15ep-C15eq-C15.5,9170.0,S1.pdf,NA,NA,y,TARA_CO-0000539-S1.pdf
TARA_CO-0000082,C15/C15eo-C15ep-C15eq-C15.5,33453.0,S1.pdf,NA,NA,y,TARA_CO-0000082-S1.pdf
TARA_CO-0000053,C15/C15eo-C15ep-C15eq-C15.5,33187.0,S1.pdf,NA,NA,y,TARA_CO-0000053-S1.pdf
TARA_CO-0000081,C15/C15eo-C15ep-C15eq-C15.5,28843.0,S1.pdf,NA,NA,y,TARA_CO-0000081-S1.pdf
TARA_CO-0000080,C15/C15eo-C15ep-C15eq-C15.5,35255.0,S1.pdf,NA,NA,y,TARA_CO-0000080-S1.pdf
TARA_CO-0000049,C15/C15eo-C15ep-C15eq-C15.5,32617.0,S1.pdf,NA,NA,y,TARA_CO-0000049-S1.pdf
TARA_CO-0000529,C15/C15eo-C15ep-C15eq-C15.5,5179.0,S1.pdf,NA,NA,y,TARA_CO-0000529-S1.pdf
TARA_CO-0000041,C15/C15eo-C15ep-C15eq-C15.5,27986.0,S1.pdf,NA,NA,y,TARA_CO-0000041-S1.pdf
TARA_CO-0000062,C15/C15eo-C15ep-C15eq-C15.5,32243.0,S1.pdf,NA,NA,y,TARA_CO-0000062-S1.pdf
TARA_CO-0000050,C15/C15eo-C15ep-C15eq-C15.5,30651.0,S1.pdf,NA,NA,y,TARA_CO-0000050-S1.pdf
TARA_CO-0000079,C15/C15eo-C15ep-C15eq-C15.5,29606.0,S1.pdf,NA,NA,y,TARA_CO-0000079-S1.pdf
TARA_CO-0000534,C15/C15eo-C15ep-C15eq-C15.5,7119.0,S1.pdf,NA,NA,y,TARA_CO-0000534-S1.pdf
TARA_CO-0000044,C15/C15eo-C15ep-C15eq-C15.5,26341.0,S1.pdf,NA,NA,y,TARA_CO-0000044-S1.pdf
TARA_CO-0000056,C15/C15eo-C15ep-C15eq-C15.5,31699.0,S1.pdf,NA,NA,y,TARA_CO-0000056-S1.pdf
TARA_CO-0000398,C15/C15eo-C15ep-C15eq-C15.5,32154.0,S1.pdf,NA,NA,y,TARA_CO-0000398-S1.pdf
TARA_CO-0000084,C15/C15eo-C15ep-C15eq-C15.5,30107.0,S1.pdf,NA,NA,y,TARA_CO-0000084-S1.pdf
TARA_CO-0000035,C15/C15eo-C15ep-C15eq-C15.5,16901.0,S1.pdf,NA,NA,y,TARA_CO-0000035-S1.pdf
TARA_CO-0000533,C15/C15eo-C15ep-C15eq-C15.5,9343.0,S1.pdf,NA,NA,y,TARA_CO-0000533-S1.pdf
TARA_CO-0000402,C15/C15eo-C15ep-C15eq-C15.5,31294.0,S1.pdf,NA,NA,y,TARA_CO-0000402-S1.pdf
TARA_CO-0000531,C15/C15eo-C15ep-C15eq-C15.5,12302.0,S1.pdf,NA,NA,y,TARA_CO-0000531-S1.pdf
TARA_CO-0000528,C15/C15eo-C15ep-C15eq-C15.5,5419.0,S1.pdf,NA,NA,y,TARA_CO-0000528-S1.pdf
TARA_CO-0000395,C15/C15eo-C15ep-C15eq-C15.5,30413.0,S1.pdf,NA,NA,y,TARA_CO-0000395-S1.pdf
TARA_CO-0000532,C15/C15eo-C15ep-C15eq-C15.5,10050.0,S1.pdf,NA,NA,y,TARA_CO-0000532-S1.pdf
TARA_CO-0000077,C15/C15eo-C15ep-C15eq-C15.5,37035.0,S1.pdf,NA,NA,y,TARA_CO-0000077-S1.pdf
TARA_CO-0000509,C15/C15eo-C15ep-C15eq-C15.5,6188.0,S1.pdf,NA,NA,y,TARA_CO-0000509-S1.pdf
TARA_CO-0000527,C15/C15eo-C15ep-C15eq-C15.5,11012.0,S1.pdf,NA,NA,y,TARA_CO-0000527-S1.pdf
TARA_CO-0000078,C15/C15eo-C15ep-C15eq-C15.5,34603.0,S1.pdf,NA,NA,y,TARA_CO-0000078-S1.pdf
TARA_CO-0000507,C15/C15eo-C15ep-C15eq-C15.5,5678.0,S1.pdf,NA,NA,y,TARA_CO-0000507-S1.pdf
TARA_CO-0000525,C15/C15eo-C15ep-C15eq-C15.5,9191.0,S1.pdf,NA,NA,y,TARA_CO-0000525-S1.pdf
TARA_CO-0000232,C15/C15eo-C15ep-C15eq-C15.5,26989.0,S1.pdf,NA,NA,y,TARA_CO-0000232-S1.pdf
TARA_CO-0000238,C15/C15eo-C15ep-C15eq-C15.5,33136.0,S1.pdf,NA,NA,y,TARA_CO-0000238-S1.pdf
TARA_CO-0000237,C15/C15eo-C15ep-C15eq-C15.5,31533.0,S1.pdf,NA,NA,y,TARA_CO-0000237-S1.pdf
TARA_CO-0000235,C15/C15eo-C15ep-C15eq-C15.5,30770.0,S1.pdf,NA,NA,y,TARA_CO-0000235-S1.pdf
TARA_CO-0000403,C15/C15eo-C15ep-C15eq-C15.5,30814.0,S1.pdf,NA,NA,y,TARA_CO-0000403-S1.pdf
TARA_CO-0000239,C15/C15eo-C15ep-C15eq-C15.5,27137.0,S1.pdf,NA,NA,y,TARA_CO-0000239-S1.pdf
TARA_CO-0000404,C15/C15eo-C15ep-C15eq-C15.5,39743.0,S1.pdf,NA,NA,y,TARA_CO-0000404-S1.pdf
TARA_CO-0000505,C15/C15eo-C15ep-C15eq-C15.5,24470.0,S1.pdf,NA,NA,y,TARA_CO-0000505-S1.pdf
TARA_CO-0000075,C15/C15eo-C15ep-C15eq-C15.5,32228.0,S1.pdf,NA,NA,y,TARA_CO-0000075-S1.pdf
TARA_CO-0000513,C15/C15eo-C15ep-C15eq-C15.5,5651.0,S1.pdf,NA,NA,y,TARA_CO-0000513-S1.pdf
TARA_CO-0000530,C15/C15eo-C15ep-C15eq-C15.5,5179.0,S1.pdf,NA,NA,y,TARA_CO-0000530-S1.pdf
TARA_CO-1015443,C15/C15eo-C15ep-C15eq-C15.5,42949.0,S1.pdf,NA,NA,y,TARA_CO-1015443-S1.pdf
TARA_CO-0000083,C15/C15eo-C15ep-C15eq-C15.5,29855.0,S1.pdf,NA,NA,y,TARA_CO-0000083-S1.pdf
TARA_CO-0000567,C15/C15eo-C15ep-C15eq-C15.5,8354.0,S1.pdf,NA,NA,y,TARA_CO-0000567-S1.pdf
TARA_CO-0000573,C15/C15eo-C15ep-C15eq-C15.5,33397.0,S1.pdf,NA,NA,y,TARA_CO-0000573-S1.pdf
TARA_CO-0000571,C15/C15eo-C15ep-C15eq-C15.5,35778.0,S1.pdf,NA,NA,y,TARA_CO-0000571-S1.pdf
TARA_CO-0000572,C15/C15eo-C15ep-C15eq-C15.5,25491.0,S1.pdf,NA,NA,y,TARA_CO-0000572-S1.pdf
TARA_CO-0000565,C15/C15eo-C15ep-C15eq-C15.5,14765.0,S1.pdf,NA,NA,y,TARA_CO-0000565-S1.pdf
TARA_CO-0000158,C15/C15eo-C15ep-C15eq-C15.5,21093.0,S1.pdf,NA,NA,y,TARA_CO-0000158-S1.pdf
TARA_CO-1017052,C15/C15eo-C15ep-C15eq-C15.5,46415.0,S1.pdf,NA,NA,y,TARA_CO-1017052-S1.pdf
TARA_CO-0000569,C15/C15eo-C15ep-C15eq-C15.5,7940.0,S1.pdf,NA,NA,y,TARA_CO-0000569-S1.pdf
TARA_CO-0000400,C15/C15eo-C15ep-C15eq-C15.5,30193.0,S1.pdf,NA,NA,y,TARA_CO-0000400-S1.pdf
TARA_CO-0000400,C1/C42.2,1817.0,S1.pdf,NA,NA,y,TARA_CO-0000400-S1.pdf
TARA_CO-0000568,C15/C15eo-C15ep-C15eq-C15.5,43051.0,S1.pdf,NA,NA,y,TARA_CO-0000568-S1.pdf
TARA_CO-0000574,C15/C15eo-C15ep-C15eq-C15.5,32212.0,S1.pdf,NA,NA,y,TARA_CO-0000574-S1.pdf
TARA_CO-0000570,C15/C15eo-C15ep-C15eq-C15.5,20763.0,S1.pdf,NA,NA,y,TARA_CO-0000570-S1.pdf
TARA_CO-0000566,C15/C15eo-C15ep-C15eq-C15.5,13800.0,S1.pdf,NA,NA,y,TARA_CO-0000566-S1.pdf
TARA_CO-0000526,C15/C15eo-C15ep-C15eq-C15.5,329292.0,S1.pdf,NA,NA,y,TARA_CO-0000526-S1.pdf
TARA_CO-0000233,C15/C15eo-C15ep-C15eq-C15.5,20794.0,S1.pdf,NA,NA,y,TARA_CO-0000233-S1.pdf
TARA_CO-1018367,A7u/A8b/A16d-A3-A16f-A16g-A3a,46911.0,S1.pdf,NA,NA,y,TARA_CO-1018367-S1.pdf
TARA_CO-1018542,A7u/A8b/A16d-A3-A16f-A16g-A3a,14292.0,S1.pdf,NA,NA,y,TARA_CO-1018542-S1.pdf
TARA_CO-0002623,A7u/A8b/A16d-A3-A16f-A16g-A3a,9674.0,S1.pdf,NA,NA,y,TARA_CO-0002623-S1.pdf
TARA_CO-1018275,A7u/A8b/A16d-A3-A16f-A16g-A3a,48905.0,S1.pdf,NA,NA,y,TARA_CO-1018275-S1.pdf
TARA_CO-0002709,A7u/A8b/A16d-A3-A16f-A16g-A3a,11359.0,S1.pdf,NA,NA,y,TARA_CO-0002709-S1.pdf
TARA_CO-1018546,A7u/A8b/A16d-A3-A16f-A16g-A3a,32676.0,S1.pdf,NA,NA,y,TARA_CO-1018546-S1.pdf
TARA_OA-0002277,A7u/A8b/A16d-A3-A16f-A16g-A3a,14576.0,S1.pdf,NA,NA,y,TARA_OA-0002277-S1.pdf
TARA_CO-1018189,A7u/A8b/A16d-A3-A16f-A16g-A3a,55547.0,S1.pdf,NA,NA,y,TARA_CO-1018189-S1.pdf
TARA_CO-1018715,A7u/A8b/A16d-A3-A16f-A16g-A3a,38593.0,S1.pdf,NA,NA,y,TARA_CO-1018715-S1.pdf
TARA_CO-1018363,A7u/A8b/A16d-A3-A16f-A16g-A3a,21444.0,S1.pdf,NA,NA,y,TARA_CO-1018363-S1.pdf
TARA_CO-1018545,A7u/A8b/A16d-A3-A16f-A16g-A3a,85677.0,S1.pdf,NA,NA,y,TARA_CO-1018545-S1.pdf
TARA_CO-0002613,A7u/A8b/A16d-A3-A16f-A16g-A3a,10399.0,S1.pdf,NA,NA,y,TARA_CO-0002613-S1.pdf
TARA_CO-1018364,A7u/A8b/A16d-A3-A16f-A16g-A3a,52459.0,S1.pdf,NA,NA,y,TARA_CO-1018364-S1.pdf
TARA_OA-0002280,A7u/A8b/A16d-A3-A16f-A16g-A3a,41063.0,S1.pdf,NA,NA,y,TARA_OA-0002280-S1.pdf
TARA_CO-0002708,A7u/A8b/A16d-A3-A16f-A16g-A3a,18224.0,S1.pdf,NA,NA,y,TARA_CO-0002708-S1.pdf
TARA_CO-0002619,A7u/A8b/A16d-A3-A16f-A16g-A3a,8461.0,S1.pdf,NA,NA,y,TARA_CO-0002619-S1.pdf
TARA_OA-0002282,A7u/A8b/A16d-A3-A16f-A16g-A3a,24104.0,S1.pdf,NA,NA,y,TARA_OA-0002282-S1.pdf
TARA_CO-0002714,A7u/A8b/A16d-A3-A16f-A16g-A3a,13188.0,S1.pdf,NA,NA,y,TARA_CO-0002714-S1.pdf
TARA_CO-0002715,A7u/A8b/A16d-A3-A16f-A16g-A3a,9177.0,S1.pdf,NA,NA,y,TARA_CO-0002715-S1.pdf
TARA_CO-0002625,A7u/A8b/A16d-A3-A16f-A16g-A3a,7058.0,S1.pdf,NA,NA,y,TARA_CO-0002625-S1.pdf
TARA_CO-0002707,A7u/A8b/A16d-A3-A16f-A16g-A3a,8776.0,S1.pdf,NA,NA,y,TARA_CO-0002707-S1.pdf
TARA_CO-0002713,A7u/A8b/A16d-A3-A16f-A16g-A3a,8855.0,S1.pdf,NA,NA,y,TARA_CO-0002713-S1.pdf
TARA_OA-0002283,A7u/A8b/A16d-A3-A16f-A16g-A3a,68345.0,S1.pdf,NA,NA,y,TARA_OA-0002283-S1.pdf
TARA_CO-0002036,A7u/A8b/A16d-A3-A16f-A16g-A3a,12269.0,S1.pdf,NA,NA,y,TARA_CO-0002036-S1.pdf
TARA_CO-1018541,A7u/A8b/A16d-A3-A16f-A16g-A3a,84318.0,S1.pdf,NA,NA,y,TARA_CO-1018541-S1.pdf
TARA_CO-1018541,C15h,492.0,S1.pdf,NA,NA,y,TARA_CO-1018541-S1.pdf
TARA_OA-0002286,A7u/A8b/A16d-A3-A16f-A16g-A3a,51650.0,S1.pdf,NA,NA,y,TARA_OA-0002286-S1.pdf
TARA_CO-0002706,A7u/A8b/A16d-A3-A16f-A16g-A3a,10119.0,S1.pdf,NA,NA,y,TARA_CO-0002706-S1.pdf
TARA_CO-1018460,A7u/A8b/A16d-A3-A16f-A16g-A3a,52331.0,S1.pdf,NA,NA,y,TARA_CO-1018460-S1.pdf
TARA_CO-1018460,C15/C15m,164.0,S1.pdf,NA,NA,y,TARA_CO-1018460-S1.pdf
TARA_CO-1018460,C91h,85.0,S1.pdf,NA,NA,y,TARA_CO-1018460-S1.pdf
TARA_CO-0002710,A7u/A8b/A16d-A3-A16f-A16g-A3a,8384.0,S1.pdf,NA,NA,y,TARA_CO-0002710-S1.pdf
TARA_OA-0002284,A7u/A8b/A16d-A3-A16f-A16g-A3a,57155.0,S1.pdf,NA,NA,y,TARA_OA-0002284-S1.pdf
TARA_OA-0002278,A7u/A8b/A16d-A3-A16f-A16g-A3a,25376.0,S1.pdf,NA,NA,y,TARA_OA-0002278-S1.pdf
TARA_CO-1018188,A7u/A8b/A16d-A3-A16f-A16g-A3a,63776.0,S1.pdf,NA,NA,y,TARA_CO-1018188-S1.pdf
TARA_CO-1018719,A7u/A8b/A16d-A3-A16f-A16g-A3a,61118.0,S1.pdf,NA,NA,y,TARA_CO-1018719-S1.pdf
TARA_OA-0002285,A7u/A8b/A16d-A3-A16f-A16g-A3a,52395.0,S1.pdf,NA,NA,y,TARA_OA-0002285-S1.pdf
TARA_CO-1018183,A7u/A8b/A16d-A3-A16f-A16g-A3a,62132.0,S1.pdf,NA,NA,y,TARA_CO-1018183-S1.pdf
TARA_CO-1018712,A7u/A8b/A16d-A3-A16f-A16g-A3a,71953.0,S1.pdf,NA,NA,y,TARA_CO-1018712-S1.pdf
TARA_CO-0002711,A7u/A8b/A16d-A3-A16f-A16g-A3a,37307.0,S1.pdf,NA,NA,y,TARA_CO-0002711-S1.pdf
TARA_CO-1018713,A7u/A8b/A16d-A3-A16f-A16g-A3a,18718.0,S1.pdf,NA,NA,y,TARA_CO-1018713-S1.pdf
TARA_CO-1018369,A7u/A8b/A16d-A3-A16f-A16g-A3a,36831.0,S1.pdf,NA,NA,y,TARA_CO-1018369-S1.pdf
TARA_CO-0002624,A7u/A8b/A16d-A3-A16f-A16g-A3a,8488.0,S1.pdf,NA,NA,y,TARA_CO-0002624-S1.pdf
TARA_CO-1018370,A7u/A8b/A16d-A3-A16f-A16g-A3a,54444.0,S1.pdf,NA,NA,y,TARA_CO-1018370-S1.pdf
TARA_CO-1018550,A7u/A8b/A16d-A3-A16f-A16g-A3a,61823.0,S1.pdf,NA,NA,y,TARA_CO-1018550-S1.pdf
TARA_CO-1018547,A7u/A8b/A16d-A3-A16f-A16g-A3a,46825.0,S1.pdf,NA,NA,y,TARA_CO-1018547-S1.pdf
TARA_OA-0002281,A7u/A8b/A16d-A3-A16f-A16g-A3a,38096.0,S1.pdf,NA,NA,y,TARA_OA-0002281-S1.pdf
TARA_CO-0002618,A7u/A8b/A16d-A3-A16f-A16g-A3a,5869.0,S1.pdf,NA,NA,y,TARA_CO-0002618-S1.pdf
TARA_CO-0002617,A7u/A8b/A16d-A3-A16f-A16g-A3a,13901.0,S1.pdf,NA,NA,y,TARA_CO-0002617-S1.pdf
TARA_CO-0002622,A7u/A8b/A16d-A3-A16f-A16g-A3a,8608.0,S1.pdf,NA,NA,y,TARA_CO-0002622-S1.pdf
TARA_CO-1018548,A7u/A8b/A16d-A3-A16f-A16g-A3a,29881.0,S1.pdf,NA,NA,y,TARA_CO-1018548-S1.pdf
TARA_CO-1018711,A7u/A8b/A16d-A3-A16f-A16g-A3a,31402.0,S1.pdf,NA,NA,y,TARA_CO-1018711-S1.pdf
TARA_CO-1018543,A7u/A8b/A16d-A3-A16f-A16g-A3a,35760.0,S1.pdf,NA,NA,y,TARA_CO-1018543-S1.pdf
TARA_CO-0002712,A7u/A8b/A16d-A3-A16f-A16g-A3a,13519.0,S1.pdf,NA,NA,y,TARA_CO-0002712-S1.pdf
TARA_CO-1018186,A7u/A8b/A16d-A3-A16f-A16g-A3a,28294.0,S1.pdf,NA,NA,y,TARA_CO-1018186-S1.pdf
TARA_CO-0002621,A7u/A8b/A16d-A3-A16f-A16g-A3a,5519.0,S1.pdf,NA,NA,y,TARA_CO-0002621-S1.pdf
TARA_CO-1018184,A7u/A8b/A16d-A3-A16f-A16g-A3a,32429.0,S1.pdf,NA,NA,y,TARA_CO-1018184-S1.pdf
TARA_CO-1018184,A7,2870.0,S1.pdf,NA,NA,y,TARA_CO-1018184-S1.pdf
TARA_CO-1018276,A7u/A8b/A16d-A3-A16f-A16g-A3a,41878.0,S1.pdf,NA,NA,y,TARA_CO-1018276-S1.pdf
TARA_CO-1018276,C91k,82.0,S1.pdf,NA,NA,y,TARA_CO-1018276-S1.pdf
TARA_CO-1018276,C15ge,91.0,S1.pdf,NA,NA,y,TARA_CO-1018276-S1.pdf
TARA_CO-1018544,A7u/A8b/A16d-A3-A16f-A16g-A3a,18143.0,S1.pdf,NA,NA,y,TARA_CO-1018544-S1.pdf
TARA_CO-1018813,C66-C66v-C66r,86017.0,S1.pdf,NA,NA,y,TARA_CO-1018813-S1.pdf
TARA_CO-1016106,C66-C66v-C66r,111438.0,S1.pdf,NA,NA,y,TARA_CO-1016106-S1.pdf
TARA_CO-0003442,C66-C66v-C66r,56081.0,S1.pdf,NA,NA,y,TARA_CO-0003442-S1.pdf
TARA_CO-1016104,C66-C66v-C66r,61754.0,S1.pdf,NA,NA,y,TARA_CO-1016104-S1.pdf
TARA_CO-0003323,C66-C66v-C66r,57007.0,S1.pdf,NA,NA,y,TARA_CO-0003323-S1.pdf
TARA_CO-0003328,C66-C66v-C66r,61872.0,S1.pdf,NA,NA,y,TARA_CO-0003328-S1.pdf
TARA_CO-1016108,C66-C66v-C66r,83810.0,S1.pdf,NA,NA,y,TARA_CO-1016108-S1.pdf
TARA_CO-0003440,C66-C66v-C66r,59336.0,S1.pdf,NA,NA,y,TARA_CO-0003440-S1.pdf
TARA_CO-0003449,C66-C66v-C66r,72743.0,S1.pdf,NA,NA,y,TARA_CO-0003449-S1.pdf
TARA_CO-0003329,C66-C66v-C66r,41939.0,S1.pdf,NA,NA,y,TARA_CO-0003329-S1.pdf
TARA_CO-0003448,C66-C66v-C66r,55118.0,S1.pdf,NA,NA,y,TARA_CO-0003448-S1.pdf
TARA_CO-0003354,C66-C66v-C66r,66083.0,S1.pdf,NA,NA,y,TARA_CO-0003354-S1.pdf
TARA_CO-1018940,C66-C66v-C66r,73392.0,S1.pdf,NA,NA,y,TARA_CO-1018940-S1.pdf
TARA_CO-0003625,C66-C66v-C66r,57819.0,S1.pdf,NA,NA,y,TARA_CO-0003625-S1.pdf
TARA_CO-1016102,C66-C66v-C66r,116970.0,S1.pdf,NA,NA,y,TARA_CO-1016102-S1.pdf
TARA_CO-0003445,C66-C66v-C66r,53395.0,S1.pdf,NA,NA,y,TARA_CO-0003445-S1.pdf
TARA_CO-0003444,C66-C66v-C66r,43756.0,S1.pdf,NA,NA,y,TARA_CO-0003444-S1.pdf
TARA_CO-1018932,C66-C66v-C66r,58444.0,S1.pdf,NA,NA,y,TARA_CO-1018932-S1.pdf
TARA_CO-0003326,C66-C66v-C66r,66449.0,S1.pdf,NA,NA,y,TARA_CO-0003326-S1.pdf
TARA_CO-1018817,C66-C66v-C66r,78631.0,S1.pdf,NA,NA,y,TARA_CO-1018817-S1.pdf
TARA_CO-0001688,C66-C66v-C66r,18704.0,S1.pdf,NA,NA,y,TARA_CO-0001688-S1.pdf
TARA_CO-0003322,C66-C66v-C66r,72281.0,S1.pdf,NA,NA,y,TARA_CO-0003322-S1.pdf
TARA_CO-0003327,C66-C66v-C66r,41131.0,S1.pdf,NA,NA,y,TARA_CO-0003327-S1.pdf
TARA_CO-0003630,C66-C66v-C66r,33212.0,S1.pdf,NA,NA,y,TARA_CO-0003630-S1.pdf
TARA_CO-0003765,C66-C66v-C66r,38744.0,S1.pdf,NA,NA,y,TARA_CO-0003765-S1.pdf
TARA_CO-1018931,C66-C66v-C66r,69812.0,S1.pdf,NA,NA,y,TARA_CO-1018931-S1.pdf
TARA_CO-0003585,C66-C66v-C66r,52521.0,S1.pdf,NA,NA,y,TARA_CO-0003585-S1.pdf
TARA_CO-0003588,C66-C66v-C66r,41347.0,S1.pdf,NA,NA,y,TARA_CO-0003588-S1.pdf
TARA_CO-0003629,C66-C66v-C66r,38546.0,S1.pdf,NA,NA,y,TARA_CO-0003629-S1.pdf
TARA_CO-0003443,C66-C66v-C66r,66943.0,S1.pdf,NA,NA,y,TARA_CO-0003443-S1.pdf
TARA_CO-0003320,C66-C66v-C66r,32878.0,S1.pdf,NA,NA,y,TARA_CO-0003320-S1.pdf
TARA_CO-1016111,C66-C66v-C66r,72354.0,S1.pdf,NA,NA,y,TARA_CO-1016111-S1.pdf
TARA_CO-0003358,C66-C66v-C66r,45207.0,S1.pdf,NA,NA,y,TARA_CO-0003358-S1.pdf
TARA_CO-0003623,C66-C66v-C66r,61398.0,S1.pdf,NA,NA,y,TARA_CO-0003623-S1.pdf
TARA_CO-1018816,C66-C66v-C66r,56734.0,S1.pdf,NA,NA,y,TARA_CO-1018816-S1.pdf
TARA_CO-0003359,C66-C66v-C66r,61271.0,S1.pdf,NA,NA,y,TARA_CO-0003359-S1.pdf
TARA_CO-0003627,C66-C66v-C66r,69535.0,S1.pdf,NA,NA,y,TARA_CO-0003627-S1.pdf
TARA_CO-0003767,C66-C66v-C66r,57553.0,S1.pdf,NA,NA,y,TARA_CO-0003767-S1.pdf
TARA_CO-0003324,C66-C66v-C66r,38016.0,S1.pdf,NA,NA,y,TARA_CO-0003324-S1.pdf
TARA_CO-1018814,C66-C66v-C66r,35137.0,S1.pdf,NA,NA,y,TARA_CO-1018814-S1.pdf
TARA_CO-0003447,C66-C66v-C66r,64723.0,S1.pdf,NA,NA,y,TARA_CO-0003447-S1.pdf
TARA_CO-0003321,C66-C66v-C66r,43552.0,S1.pdf,NA,NA,y,TARA_CO-0003321-S1.pdf
TARA_CO-0003632,C66-C66v-C66r,57624.0,S1.pdf,NA,NA,y,TARA_CO-0003632-S1.pdf
TARA_CO-0003632,G3t,1068.0,S1.pdf,NA,NA,y,TARA_CO-0003632-S1.pdf
TARA_CO-0003626,C66-C66v-C66r,45307.0,S1.pdf,NA,NA,y,TARA_CO-0003626-S1.pdf
TARA_CO-1016412,C66-C66v-C66r,67039.0,S1.pdf,NA,NA,y,TARA_CO-1016412-S1.pdf
TARA_CO-1016500,C66-C66v-C66r,52490.0,S1.pdf,NA,NA,y,TARA_CO-1016500-S1.pdf
TARA_CO-0003592,C66-C66v-C66r,50477.0,S1.pdf,NA,NA,y,TARA_CO-0003592-S1.pdf
TARA_CO-0003763,C66-C66v-C66r,60019.0,S1.pdf,NA,NA,y,TARA_CO-0003763-S1.pdf
TARA_CO-0003351,C66-C66v-C66r,63905.0,S1.pdf,NA,NA,y,TARA_CO-0003351-S1.pdf
TARA_CO-0003352,C66-C66v-C66r,59763.0,S1.pdf,NA,NA,y,TARA_CO-0003352-S1.pdf
TARA_CO-0003441,C66-C66v-C66r,45347.0,S1.pdf,NA,NA,y,TARA_CO-0003441-S1.pdf
TARA_CO-1016413,C66-C66v-C66r,42094.0,S1.pdf,NA,NA,y,TARA_CO-1016413-S1.pdf
TARA_CO-1016410,C66-C66v-C66r,41659.0,S1.pdf,NA,NA,y,TARA_CO-1016410-S1.pdf
TARA_CO-1016409,C66-C66v-C66r,43086.0,S1.pdf,NA,NA,y,TARA_CO-1016409-S1.pdf
TARA_CO-1016409,C15h,5607.0,S1.pdf,NA,NA,y,TARA_CO-1016409-S1.pdf
TARA_CO-1014417,C1/C42.2-C1b-C42u-C1au-C42a-C115l-C1az-C115d,68635.0,S1.pdf,NA,NA,y,TARA_CO-1014417-S1.pdf
TARA_CO-1014420,C1/C42.2-C1b-C42u-C1au-C42a-C115l-C1az-C115d,55541.0,S1.pdf,NA,NA,y,TARA_CO-1014420-S1.pdf
TARA_CO-1014316,C1/C42.2-C1b-C42u-C1au-C42a-C115l-C1az-C115d,44347.0,S1.pdf,NA,NA,y,TARA_CO-1014316-S1.pdf
TARA_CO-1014421,C1/C42.2-C1b-C42u-C1au-C42a-C115l-C1az-C115d,64453.0,S1.pdf,NA,NA,y,TARA_CO-1014421-S1.pdf
TARA_CO-1014315,C1/C42.2-C1b-C42u-C1au-C42a-C115l-C1az-C115d,57229.0,S1.pdf,NA,NA,y,TARA_CO-1014315-S1.pdf
TARA_CO-1014459,C1/C42.2-C1b-C42u-C1au-C42a-C115l-C1az-C115d,36181.0,S1.pdf,NA,NA,y,TARA_CO-1014459-S1.pdf
TARA_CO-1014319,C1/C42.2-C1b-C42u-C1au-C42a-C115l-C1az-C115d,36242.0,S1.pdf,NA,NA,y,TARA_CO-1014319-S1.pdf
TARA_CO-1018700,C1/C42.2-C1b-C42u-C1au-C42a-C115l-C1az-C115d,74207.0,S1.pdf,NA,NA,y,TARA_CO-1018700-S1.pdf
TARA_CO-1014323,C1/C42.2-C1b-C42u-C1au-C42a-C115l-C1az-C115d,47692.0,S1.pdf,NA,NA,y,TARA_CO-1014323-S1.pdf
TARA_CO-1014324,C1/C42.2-C1b-C42u-C1au-C42a-C115l-C1az-C115d,48007.0,S1.pdf,NA,NA,y,TARA_CO-1014324-S1.pdf
TARA_CO-1014456,C1/C42.2-C1b-C42u-C1au-C42a-C115l-C1az-C115d,43979.0,S1.pdf,NA,NA,y,TARA_CO-1014456-S1.pdf
TARA_CO-1014416,C1/C42.2-C1b-C42u-C1au-C42a-C115l-C1az-C115d,55059.0,S1.pdf,NA,NA,y,TARA_CO-1014416-S1.pdf
TARA_CO-0005290,C1/C42.2-C1b-C42u-C1au-C42a-C115l-C1az-C115d,29968.0,S1.pdf,NA,NA,y,TARA_CO-0005290-S1.pdf
TARA_CO-0005739,C1/C42.2-C1b-C42u-C1au-C42a-C115l-C1az-C115d,34411.0,S1.pdf,NA,NA,y,TARA_CO-0005739-S1.pdf
TARA_CO-0003209,C1/C42.2-C1b-C42u-C1au-C42a-C115l-C1az-C115d,66480.0,S1.pdf,NA,NA,y,TARA_CO-0003209-S1.pdf
TARA_CO-1014461,C1/C42.2-C1b-C42u-C1au-C42a-C115l-C1az-C115d,38562.0,S1.pdf,NA,NA,y,TARA_CO-1014461-S1.pdf
TARA_CO-1016507,C1/C42.2-C1b-C42u-C1au-C42a-C115l-C1az-C115d,40110.0,S1.pdf,NA,NA,y,TARA_CO-1016507-S1.pdf
TARA_CO-0003205,C1/C42.2-C1b-C42u-C1au-C42a-C115l-C1az-C115d,57785.0,S1.pdf,NA,NA,y,TARA_CO-0003205-S1.pdf
TARA_CO-0003648,C1/C42.2-C1b-C42u-C1au-C42a-C115l-C1az-C115d,55993.0,S1.pdf,NA,NA,y,TARA_CO-0003648-S1.pdf
TARA_CO-1014464,C1/C42.2-C1b-C42u-C1au-C42a-C115l-C1az-C115d,68525.0,S1.pdf,NA,NA,y,TARA_CO-1014464-S1.pdf
TARA_CO-1014464,G3y,764.0,S1.pdf,NA,NA,y,TARA_CO-1014464-S1.pdf
TARA_CO-0005695,C1/C42.2-C1b-C42u-C1au-C42a-C115l-C1az-C115d,41960.0,S1.pdf,NA,NA,y,TARA_CO-0005695-S1.pdf
TARA_CO-1018162,C1/C42.2-C1b-C42u-C1au-C42a-C115l-C1az-C115d,57178.0,S1.pdf,NA,NA,y,TARA_CO-1018162-S1.pdf
TARA_CO-0003462,C1/C42.2-C1b-C42u-C1au-C42a-C115l-C1az-C115d,52557.0,S1.pdf,NA,NA,y,TARA_CO-0003462-S1.pdf
TARA_CO-1016506,C1/C42.2-C1b-C42u-C1au-C42a-C115l-C1az-C115d,66676.0,S1.pdf,NA,NA,y,TARA_CO-1016506-S1.pdf
TARA_CO-1018905,C1/C42.2-C1b-C42u-C1au-C42a-C115l-C1az-C115d,82820.0,S1.pdf,NA,NA,y,TARA_CO-1018905-S1.pdf
TARA_CO-1018834,C1/C42.2-C1b-C42u-C1au-C42a-C115l-C1az-C115d,89151.0,S1.pdf,NA,NA,y,TARA_CO-1018834-S1.pdf
TARA_CO-1018834,D1/D1aa/D1ae,207.0,S1.pdf,NA,NA,y,TARA_CO-1018834-S1.pdf
TARA_CO-1016433,C1/C42.2-C1b-C42u-C1au-C42a-C115l-C1az-C115d,50756.0,S1.pdf,NA,NA,y,TARA_CO-1016433-S1.pdf
TARA_CO-0003274,C1/C42.2-C1b-C42u-C1au-C42a-C115l-C1az-C115d,59140.0,S1.pdf,NA,NA,y,TARA_CO-0003274-S1.pdf
TARA_CO-0005564,C1/C42.2-C1b-C42u-C1au-C42a-C115l-C1az-C115d,49625.0,S1.pdf,NA,NA,y,TARA_CO-0005564-S1.pdf
TARA_CO-1016430,C1/C42.2-C1b-C42u-C1au-C42a-C115l-C1az-C115d,34826.0,S1.pdf,NA,NA,y,TARA_CO-1016430-S1.pdf
TARA_CO-1016427,C1/C42.2-C1b-C42u-C1au-C42a-C115l-C1az-C115d,25208.0,S1.pdf,NA,NA,y,TARA_CO-1016427-S1.pdf
TARA_CO-1016505,C1/C42.2-C1b-C42u-C1au-C42a-C115l-C1az-C115d,58575.0,S1.pdf,NA,NA,y,TARA_CO-1016505-S1.pdf
TARA_CO-0005531,C1/C42.2-C1b-C42u-C1au-C42a-C115l-C1az-C115d,66299.0,S1.pdf,NA,NA,y,TARA_CO-0005531-S1.pdf
TARA_CO-1016426,C1/C42.2-C1b-C42u-C1au-C42a-C115l-C1az-C115d,46691.0,S1.pdf,NA,NA,y,TARA_CO-1016426-S1.pdf
TARA_CO-1016432,C1/C42.2-C1b-C42u-C1au-C42a-C115l-C1az-C115d,46921.0,S1.pdf,NA,NA,y,TARA_CO-1016432-S1.pdf
TARA_CO-1016424,C1/C42.2-C1b-C42u-C1au-C42a-C115l-C1az-C115d,38311.0,S1.pdf,NA,NA,y,TARA_CO-1016424-S1.pdf
TARA_CO-1016424,D1-D2d-D1bi-D4-D6,2031.0,S1.pdf,NA,NA,y,TARA_CO-1016424-S1.pdf
TARA_CO-1014415,C1/C42.2-C1b-C42u-C1au-C42a-C115l-C1az-C115d,55916.0,S1.pdf,NA,NA,y,TARA_CO-1014415-S1.pdf
TARA_CO-1014415,G3a,2343.0,S1.pdf,NA,NA,y,TARA_CO-1014415-S1.pdf
TARA_CO-1014424,C1/C42.2-C1b-C42u-C1au-C42a-C115l-C1az-C115d,55149.0,S1.pdf,NA,NA,y,TARA_CO-1014424-S1.pdf
TARA_CO-1014424,G3y,3609.0,S1.pdf,NA,NA,y,TARA_CO-1014424-S1.pdf
TARA_CO-1016429,C1/C42.2-C1b-C42u-C1au-C42a-C115l-C1az-C115d,54236.0,S1.pdf,NA,NA,y,TARA_CO-1016429-S1.pdf
TARA_CO-0005703,C1/C42.2-C1b-C42u-C1au-C42a-C115l-C1az-C115d,56236.0,S1.pdf,NA,NA,y,TARA_CO-0005703-S1.pdf
TARA_CO-1016126,C1/C42.2-C1b-C42u-C1au-C42a-C115l-C1az-C115d,44530.0,S1.pdf,NA,NA,y,TARA_CO-1016126-S1.pdf
TARA_CO-1016126,D1-D2d-D1aa-D1z-D1y,1731.0,S1.pdf,NA,NA,y,TARA_CO-1016126-S1.pdf
TARA_CO-1016126,D4/D6,19.0,S1.pdf,NA,NA,y,TARA_CO-1016126-S1.pdf
TARA_CO-0003464,C1/C42.2-C1b-C42u-C1au-C42a-C115l-C1az-C115d,42985.0,S1.pdf,NA,NA,y,TARA_CO-0003464-S1.pdf
TARA_CO-1016504,C1/C42.2-C1b-C42u-C1au-C42a-C115l-C1az-C115d,52000.0,S1.pdf,NA,NA,y,TARA_CO-1016504-S1.pdf
TARA_CO-1016504,C15h-C15do,8083.0,S1.pdf,NA,NA,y,TARA_CO-1016504-S1.pdf
TARA_CO-1018906,C1/C42.2-C1b-C42u-C1au-C42a-C115l-C1az-C115d,21591.0,S1.pdf,NA,NA,y,TARA_CO-1018906-S1.pdf
TARA_CO-1018906,C15h-C15do,4058.0,S1.pdf,NA,NA,y,TARA_CO-1018906-S1.pdf
TARA_CO-1018906,D1-D2d-D1bi-D4-D6,500.0,S1.pdf,NA,NA,y,TARA_CO-1018906-S1.pdf
TARA_CO-1018831,C1/C42.2-C1b-C42u-C1au-C42a-C115l-C1az-C115d,50007.0,S1.pdf,NA,NA,y,TARA_CO-1018831-S1.pdf
TARA_CO-1018831,D1-D2d-D1bi-D4-D6,15769.0,S1.pdf,NA,NA,y,TARA_CO-1018831-S1.pdf
TARA_CO-1016127,C1/C42.2-C1b-C42u-C1au-C42a-C115l-C1az-C115d,45687.0,S1.pdf,NA,NA,y,TARA_CO-1016127-S1.pdf
TARA_CO-1016127,C15h,7121.0,S1.pdf,NA,NA,y,TARA_CO-1016127-S1.pdf
TARA_CO-1016127,D1-D2d-D1bi-D4-D6,6939.0,S1.pdf,NA,NA,y,TARA_CO-1016127-S1.pdf
TARA_CO-1016431,C1/C42.2-C1b-C42u-C1au-C42a-C115l-C1az-C115d,36656.0,S1.pdf,NA,NA,y,TARA_CO-1016431-S1.pdf
TARA_CO-1016431,C15h-C15do,11655.0,S1.pdf,NA,NA,y,TARA_CO-1016431-S1.pdf
TARA_CO-1016513,C1/C42.2-C1b-C42u-C1au-C42a-C115l-C1az-C115d,33228.0,S1.pdf,NA,NA,y,TARA_CO-1016513-S1.pdf
TARA_CO-1016513,D1-D2d-D1bi-D4-D6,10921.0,S1.pdf,NA,NA,y,TARA_CO-1016513-S1.pdf
TARA_CO-1018907,C1/C42.2-C1b-C42u-C1au-C42a-C115l-C1az-C115d,30002.0,S1.pdf,NA,NA,y,TARA_CO-1018907-S1.pdf
TARA_CO-1018907,D1-D2d-D1bi-D4-D6,20199.0,S1.pdf,NA,NA,y,TARA_CO-1018907-S1.pdf
TARA_CO-0003762,C15-C15by-C15bn-C15ai,61010.0,S1.pdf,NA,NA,y,TARA_CO-0003762-S1.pdf
TARA_CO-0003056,C15-C15by-C15bn-C15ai,48630.0,S1.pdf,NA,NA,y,TARA_CO-0003056-S1.pdf
TARA_CO-1014129,C15-C15by-C15bn-C15ai,60711.0,S1.pdf,NA,NA,y,TARA_CO-1014129-S1.pdf
TARA_CO-0001618,C15-C15by-C15bn-C15ai,18280.0,S1.pdf,NA,NA,y,TARA_CO-0001618-S1.pdf
TARA_CO-1014131,C15-C15by-C15bn-C15ai,60241.0,S1.pdf,NA,NA,y,TARA_CO-1014131-S1.pdf
TARA_CO-0003638,C15-C15by-C15bn-C15ai,44811.0,S1.pdf,NA,NA,y,TARA_CO-0003638-S1.pdf
TARA_CO-1018912,C15-C15by-C15bn-C15ai,52177.0,S1.pdf,NA,NA,y,TARA_CO-1018912-S1.pdf
TARA_CO-0003363,C15-C15by-C15bn-C15ai,52594.0,S1.pdf,NA,NA,y,TARA_CO-0003363-S1.pdf
TARA_CO-1014470,C15-C15by-C15bn-C15ai,60887.0,S1.pdf,NA,NA,y,TARA_CO-1014470-S1.pdf
TARA_CO-0003052,C15-C15by-C15bn-C15ai,59089.0,S1.pdf,NA,NA,y,TARA_CO-0003052-S1.pdf
TARA_CO-0003050,C15-C15by-C15bn-C15ai,44176.0,S1.pdf,NA,NA,y,TARA_CO-0003050-S1.pdf
TARA_CO-1016121,C15-C15by-C15bn-C15ai,62237.0,S1.pdf,NA,NA,y,TARA_CO-1016121-S1.pdf
TARA_CO-0003306,C15-C15by-C15bn-C15ai,73740.0,S1.pdf,NA,NA,y,TARA_CO-0003306-S1.pdf
TARA_CO-1014140,C15-C15by-C15bn-C15ai,59961.0,S1.pdf,NA,NA,y,TARA_CO-1014140-S1.pdf
TARA_CO-0005361,C15-C15by-C15bn-C15ai,66418.0,S1.pdf,NA,NA,y,TARA_CO-0005361-S1.pdf
TARA_CO-0005339,C15-C15by-C15bn-C15ai,57962.0,S1.pdf,NA,NA,y,TARA_CO-0005339-S1.pdf
TARA_CO-0003059,C15-C15by-C15bn-C15ai,69548.0,S1.pdf,NA,NA,y,TARA_CO-0003059-S1.pdf
TARA_CO-0005300,C15-C15by-C15bn-C15ai,56577.0,S1.pdf,NA,NA,y,TARA_CO-0005300-S1.pdf
TARA_CO-0003968,C15-C15by-C15bn-C15ai,60499.0,S1.pdf,NA,NA,y,TARA_CO-0003968-S1.pdf
TARA_CO-0003972,C15-C15by-C15bn-C15ai,59364.0,S1.pdf,NA,NA,y,TARA_CO-0003972-S1.pdf
TARA_CO-1014136,C15-C15by-C15bn-C15ai,42972.0,S1.pdf,NA,NA,y,TARA_CO-1014136-S1.pdf
TARA_CO-0005334,C15-C15by-C15bn-C15ai,43862.0,S1.pdf,NA,NA,y,TARA_CO-0005334-S1.pdf
TARA_CO-0005334,G3a-G3ai,153.0,S1.pdf,NA,NA,y,TARA_CO-0005334-S1.pdf
TARA_CO-0003756,C15-C15by-C15bn-C15ai,69719.0,S1.pdf,NA,NA,y,TARA_CO-0003756-S1.pdf
TARA_CO-0003637,C15-C15by-C15bn-C15ai,46857.0,S1.pdf,NA,NA,y,TARA_CO-0003637-S1.pdf
TARA_CO-0003305,C15-C15by-C15bn-C15ai,65574.0,S1.pdf,NA,NA,y,TARA_CO-0003305-S1.pdf
TARA_CO-0003302,C15-C15by-C15bn-C15ai,41441.0,S1.pdf,NA,NA,y,TARA_CO-0003302-S1.pdf
TARA_CO-0003973,C15-C15by-C15bn-C15ai,48801.0,S1.pdf,NA,NA,y,TARA_CO-0003973-S1.pdf
TARA_CO-0003451,C15-C15by-C15bn-C15ai,53276.0,S1.pdf,NA,NA,y,TARA_CO-0003451-S1.pdf
TARA_CO-1014137,C15-C15by-C15bn-C15ai,39881.0,S1.pdf,NA,NA,y,TARA_CO-1014137-S1.pdf
TARA_CO-1014138,C15-C15by-C15bn-C15ai,63757.0,S1.pdf,NA,NA,y,TARA_CO-1014138-S1.pdf
TARA_CO-1014410,C15-C15by-C15bn-C15ai,47626.0,S1.pdf,NA,NA,y,TARA_CO-1014410-S1.pdf
TARA_CO-0003636,C15-C15by-C15bn-C15ai,49756.0,S1.pdf,NA,NA,y,TARA_CO-0003636-S1.pdf
TARA_CO-0003633,C15-C15by-C15bn-C15ai,58886.0,S1.pdf,NA,NA,y,TARA_CO-0003633-S1.pdf
TARA_CO-0005302,C15-C15by-C15bn-C15ai,62381.0,S1.pdf,NA,NA,y,TARA_CO-0005302-S1.pdf
TARA_CO-0003970,C15-C15by-C15bn-C15ai,42805.0,S1.pdf,NA,NA,y,TARA_CO-0003970-S1.pdf
TARA_CO-0001676,C15-C15by-C15bn-C15ai,16648.0,S1.pdf,NA,NA,y,TARA_CO-0001676-S1.pdf
TARA_CO-0001674,C15-C15by-C15bn-C15ai,16681.0,S1.pdf,NA,NA,y,TARA_CO-0001674-S1.pdf
TARA_CO-0003967,C15-C15by-C15bn-C15ai,62113.0,S1.pdf,NA,NA,y,TARA_CO-0003967-S1.pdf
TARA_CO-0003971,C15-C15by-C15bn-C15ai,56112.0,S1.pdf,NA,NA,y,TARA_CO-0003971-S1.pdf
TARA_CO-0001670,C15-C15by-C15bn-C15ai,15524.0,S1.pdf,NA,NA,y,TARA_CO-0001670-S1.pdf
TARA_CO-0003969,C15-C15by-C15bn-C15ai,63767.0,S1.pdf,NA,NA,y,TARA_CO-0003969-S1.pdf
TARA_CO-0003365,C15-C15by-C15bn-C15ai,40553.0,S1.pdf,NA,NA,y,TARA_CO-0003365-S1.pdf
TARA_CO-0003966,C15-C15by-C15bn-C15ai,48155.0,S1.pdf,NA,NA,y,TARA_CO-0003966-S1.pdf
TARA_CO-1014467,C15-C15by-C15bn-C15ai,34914.0,S1.pdf,NA,NA,y,TARA_CO-1014467-S1.pdf
TARA_CO-0005308,C15-C15by-C15bn-C15ai,44644.0,S1.pdf,NA,NA,y,TARA_CO-0005308-S1.pdf
TARA_CO-0003057,C15-C15by-C15bn-C15ai,42596.0,S1.pdf,NA,NA,y,TARA_CO-0003057-S1.pdf
TARA_CO-1014144,C15-C15by-C15bn-C15ai,50045.0,S1.pdf,NA,NA,y,TARA_CO-1014144-S1.pdf
TARA_CO-0003635,C15-C15by-C15bn-C15ai,49318.0,S1.pdf,NA,NA,y,TARA_CO-0003635-S1.pdf
TARA_CO-0005493,C15-C15by-C15bn-C15ai,54333.0,S1.pdf,NA,NA,y,TARA_CO-0005493-S1.pdf
TARA_CO-0003574,C15-C15by-C15bn-C15ai,40849.0,S1.pdf,NA,NA,y,TARA_CO-0003574-S1.pdf
TARA_CO-0005362,C15-C15by-C15bn-C15ai,52412.0,S1.pdf,NA,NA,y,TARA_CO-0005362-S1.pdf
TARA_CO-0005362,D4l,2973.0,S1.pdf,NA,NA,y,TARA_CO-0005362-S1.pdf
TARA_CO-0005303,C15-C15by-C15bn-C15ai,54953.0,S1.pdf,NA,NA,y,TARA_CO-0005303-S1.pdf
TARA_CO-0002697,C15m/C15-C15ae-C15bk,13848.0,S1.pdf,NA,NA,y,TARA_CO-0002697-S1.pdf
TARA_CO-1018179,C15m/C15-C15ae-C15bk,69538.0,S1.pdf,NA,NA,y,TARA_CO-1018179-S1.pdf
TARA_CO-0002700,C15m/C15-C15ae-C15bk,17437.0,S1.pdf,NA,NA,y,TARA_CO-0002700-S1.pdf
TARA_FH-0000962,C15m/C15-C15ae-C15bk,35473.0,S1.pdf,NA,NA,y,TARA_FH-0000962-S1.pdf
TARA_CO-0000541,C15m/C15-C15ae-C15bk,10225.0,S1.pdf,NA,NA,y,TARA_CO-0000541-S1.pdf
TARA_CO-0000536,C15m/C15-C15ae-C15bk,9865.0,S1.pdf,NA,NA,y,TARA_CO-0000536-S1.pdf
TARA_CO-0000542,C15m/C15-C15ae-C15bk,10270.0,S1.pdf,NA,NA,y,TARA_CO-0000542-S1.pdf
TARA_CO-1018178,C15m/C15-C15ae-C15bk,75493.0,S1.pdf,NA,NA,y,TARA_CO-1018178-S1.pdf
TARA_CO-0000537,C15m/C15-C15ae-C15bk,10466.0,S1.pdf,NA,NA,y,TARA_CO-0000537-S1.pdf
TARA_CO-0002606,C15m/C15-C15ae-C15bk,15682.0,S1.pdf,NA,NA,y,TARA_CO-0002606-S1.pdf
TARA_CO-1018270,C15m/C15-C15ae-C15bk,55852.0,S1.pdf,NA,NA,y,TARA_CO-1018270-S1.pdf
TARA_CO-0002055,C15m/C15-C15ae-C15bk,12330.0,S1.pdf,NA,NA,y,TARA_CO-0002055-S1.pdf
TARA_CO-0002366,C15m/C15-C15ae-C15bk,19106.0,S1.pdf,NA,NA,y,TARA_CO-0002366-S1.pdf
TARA_CO-0002276,C15m/C15-C15ae-C15bk,10963.0,S1.pdf,NA,NA,y,TARA_CO-0002276-S1.pdf
TARA_CO-1018266,C15m/C15-C15ae-C15bk,51560.0,S1.pdf,NA,NA,y,TARA_CO-1018266-S1.pdf
TARA_CO-0002053,C15m/C15-C15ae-C15bk,10700.0,S1.pdf,NA,NA,y,TARA_CO-0002053-S1.pdf
TARA_CO-0002052,C15m/C15-C15ae-C15bk,12380.0,S1.pdf,NA,NA,y,TARA_CO-0002052-S1.pdf
TARA_CO-0000535,C15m/C15-C15ae-C15bk,10724.0,S1.pdf,NA,NA,y,TARA_CO-0000535-S1.pdf
TARA_CO-1018268,C15m/C15-C15ae-C15bk,43817.0,S1.pdf,NA,NA,y,TARA_CO-1018268-S1.pdf
TARA_CO-0002610,C15m/C15-C15ae-C15bk,18362.0,S1.pdf,NA,NA,y,TARA_CO-0002610-S1.pdf
TARA_CO-0002278,C15m/C15-C15ae-C15bk,8183.0,S1.pdf,NA,NA,y,TARA_CO-0002278-S1.pdf
TARA_CO-1018177,C15m/C15-C15ae-C15bk,55257.0,S1.pdf,NA,NA,y,TARA_CO-1018177-S1.pdf
TARA_CO-0002373,C15m/C15-C15ae-C15bk,31002.0,S1.pdf,NA,NA,y,TARA_CO-0002373-S1.pdf
TARA_CO-1018358,C15m/C15-C15ae-C15bk,65845.0,S1.pdf,NA,NA,y,TARA_CO-1018358-S1.pdf
TARA_CO-1018352,C15m/C15-C15ae-C15bk,42976.0,S1.pdf,NA,NA,y,TARA_CO-1018352-S1.pdf
TARA_CO-1018356,C15m/C15-C15ae-C15bk,68670.0,S1.pdf,NA,NA,y,TARA_CO-1018356-S1.pdf
TARA_CO-0002582,C15m/C15-C15ae-C15bk,30375.0,S1.pdf,NA,NA,y,TARA_CO-0002582-S1.pdf
TARA_CO-0002374,C15m/C15-C15ae-C15bk,13526.0,S1.pdf,NA,NA,y,TARA_CO-0002374-S1.pdf
TARA_CO-1018357,C15m/C15-C15ae-C15bk,67342.0,S1.pdf,NA,NA,y,TARA_CO-1018357-S1.pdf
TARA_CO-1018360,C15m/C15-C15ae-C15bk,46829.0,S1.pdf,NA,NA,y,TARA_CO-1018360-S1.pdf
TARA_CO-0002372,C15m/C15-C15ae-C15bk,13372.0,S1.pdf,NA,NA,y,TARA_CO-0002372-S1.pdf
TARA_CO-0002368,C15m/C15-C15ae-C15bk,14552.0,S1.pdf,NA,NA,y,TARA_CO-0002368-S1.pdf
TARA_CO-0002368,G3x-G3ab-G3z-G3aa,562.0,S1.pdf,NA,NA,y,TARA_CO-0002368-S1.pdf
TARA_CO-0002375,C15m/C15-C15ae-C15bk,11093.0,S1.pdf,NA,NA,y,TARA_CO-0002375-S1.pdf
TARA_CO-0002585,C15m/C15-C15ae-C15bk,24872.0,S1.pdf,NA,NA,y,TARA_CO-0002585-S1.pdf
TARA_CO-1018172,C15m/C15-C15ae-C15bk,42635.0,S1.pdf,NA,NA,y,TARA_CO-1018172-S1.pdf
TARA_CO-0002054,C15m/C15-C15ae-C15bk,9548.0,S1.pdf,NA,NA,y,TARA_CO-0002054-S1.pdf
TARA_CO-0002583,C15m/C15-C15ae-C15bk,25243.0,S1.pdf,NA,NA,y,TARA_CO-0002583-S1.pdf
TARA_CO-1018180,C15m/C15-C15ae-C15bk,47959.0,S1.pdf,NA,NA,y,TARA_CO-1018180-S1.pdf
TARA_CO-0002577,C15m/C15-C15ae-C15bk,28093.0,S1.pdf,NA,NA,y,TARA_CO-0002577-S1.pdf
TARA_CO-0002577,G3x-G3ab-G3z-G3aa,204.0,S1.pdf,NA,NA,y,TARA_CO-0002577-S1.pdf
TARA_CO-0002455,C15m/C15-C15ae-C15bk,25393.0,S1.pdf,NA,NA,y,TARA_CO-0002455-S1.pdf
TARA_CO-0002586,C15m/C15-C15ae-C15bk,26751.0,S1.pdf,NA,NA,y,TARA_CO-0002586-S1.pdf
TARA_CO-0002586,G3x-G3ab-G3z-G3aa,819.0,S1.pdf,NA,NA,y,TARA_CO-0002586-S1.pdf
TARA_CO-0002454,C15m/C15-C15ae-C15bk,27149.0,S1.pdf,NA,NA,y,TARA_CO-0002454-S1.pdf
TARA_CO-0002581,C15m/C15-C15ae-C15bk,25039.0,S1.pdf,NA,NA,y,TARA_CO-0002581-S1.pdf
TARA_CO-0002580,C15m/C15-C15ae-C15bk,18971.0,S1.pdf,NA,NA,y,TARA_CO-0002580-S1.pdf
TARA_CO-0002579,A7-A16d-A16f-A7c-A3-A3a,2713.0,S1.pdf,NA,NA,y,TARA_CO-0002579-S1.pdf
TARA_CO-0002579,C15m/C15-C15ae-C15bk,27839.0,S1.pdf,NA,NA,y,TARA_CO-0002579-S1.pdf
TARA_CO-1018537,C15m/C15-C15ae-C15bk,59072.0,S1.pdf,NA,NA,y,TARA_CO-1018537-S1.pdf
TARA_CO-1015872,C15,53686.0,S1.pdf,NA,NA,y,TARA_CO-1015872-S1.pdf
TARA_CO-0003051,C15,49229.0,S1.pdf,NA,NA,y,TARA_CO-0003051-S1.pdf
TARA_CO-1017051,C15,67444.0,S1.pdf,NA,NA,y,TARA_CO-1017051-S1.pdf
TARA_CO-0005301,C15,50090.0,S1.pdf,NA,NA,y,TARA_CO-0005301-S1.pdf
TARA_CO-0000231,C15,52467.0,S1.pdf,NA,NA,y,TARA_CO-0000231-S1.pdf
TARA_CO-1015694,C15,51389.0,S1.pdf,NA,NA,y,TARA_CO-1015694-S1.pdf
TARA_CO-0000399,C15,46573.0,S1.pdf,NA,NA,y,TARA_CO-0000399-S1.pdf
TARA_CO-1015967,C15,83140.0,S1.pdf,NA,NA,y,TARA_CO-1015967-S1.pdf
TARA_CO-1016702,C15,85638.0,S1.pdf,NA,NA,y,TARA_CO-1016702-S1.pdf
TARA_CO-0000396,C15,48803.0,S1.pdf,NA,NA,y,TARA_CO-0000396-S1.pdf
TARA_CO-0004496,C15,22294.0,S1.pdf,NA,NA,y,TARA_CO-0004496-S1.pdf
TARA_CO-0005897,C15,42530.0,S1.pdf,NA,NA,y,TARA_CO-0005897-S1.pdf
TARA_CO-1017058,C15,47731.0,S1.pdf,NA,NA,y,TARA_CO-1017058-S1.pdf
TARA_OA-0002339,C15,63033.0,S1.pdf,NA,NA,y,TARA_OA-0002339-S1.pdf
TARA_CO-1018916,C15,69637.0,S1.pdf,NA,NA,y,TARA_CO-1018916-S1.pdf
TARA_CO-0003109,C15,51012.0,S1.pdf,NA,NA,y,TARA_CO-0003109-S1.pdf
TARA_CO-0000234,C15,45656.0,S1.pdf,NA,NA,y,TARA_CO-0000234-S1.pdf
TARA_CO-1018914,C15,59398.0,S1.pdf,NA,NA,y,TARA_CO-1018914-S1.pdf
TARA_CO-0003108,C15,47400.0,S1.pdf,NA,NA,y,TARA_CO-0003108-S1.pdf
TARA_CO-1018911,C15,61066.0,S1.pdf,NA,NA,y,TARA_CO-1018911-S1.pdf
TARA_CO-1016119,C15,40486.0,S1.pdf,NA,NA,y,TARA_CO-1016119-S1.pdf
TARA_CO-0004430,C15,11720.0,S1.pdf,NA,NA,y,TARA_CO-0004430-S1.pdf
TARA_CO-1018536,C15,52362.0,S1.pdf,NA,NA,y,TARA_CO-1018536-S1.pdf
TARA_CO-1018919,C15,43809.0,S1.pdf,NA,NA,y,TARA_CO-1018919-S1.pdf
TARA_CO-0005159,C15,53993.0,S1.pdf,NA,NA,y,TARA_CO-0005159-S1.pdf
TARA_CO-1016941,C15,52532.0,S1.pdf,NA,NA,y,TARA_CO-1016941-S1.pdf
TARA_CO-0004567,C15,33140.0,S1.pdf,NA,NA,y,TARA_CO-0004567-S1.pdf
TARA_CO-1018823,C15,28576.0,S1.pdf,NA,NA,y,TARA_CO-1018823-S1.pdf
TARA_CO-0001828,C15,13048.0,S1.pdf,NA,NA,y,TARA_CO-0001828-S1.pdf
TARA_CO-0001428,C15,50158.0,S1.pdf,NA,NA,y,TARA_CO-0001428-S1.pdf
TARA_CO-0001428,G3a-G3ai,144.0,S1.pdf,NA,NA,y,TARA_CO-0001428-S1.pdf
TARA_CO-0003300,C15,56073.0,S1.pdf,NA,NA,y,TARA_CO-0003300-S1.pdf
TARA_CO-1018084,C15,33700.0,S1.pdf,NA,NA,y,TARA_CO-1018084-S1.pdf
TARA_CO-1018822,C15,37474.0,S1.pdf,NA,NA,y,TARA_CO-1018822-S1.pdf
TARA_CO-1018082,C15,26674.0,S1.pdf,NA,NA,y,TARA_CO-1018082-S1.pdf
TARA_CO-1018081,C15,34430.0,S1.pdf,NA,NA,y,TARA_CO-1018081-S1.pdf
TARA_CO-0005158,A1,1178.0,S1.pdf,NA,NA,y,TARA_CO-0005158-S1.pdf
TARA_CO-0005158,A1et,1612.0,S1.pdf,NA,NA,y,TARA_CO-0005158-S1.pdf
TARA_CO-0005158,C15,24271.0,S1.pdf,NA,NA,y,TARA_CO-0005158-S1.pdf
TARA_CO-0001943,C15,26045.0,S1.pdf,NA,NA,y,TARA_CO-0001943-S1.pdf
TARA_CO-0002282,C15,4608.0,S1.pdf,NA,NA,y,TARA_CO-0002282-S1.pdf
TARA_CO-0005033,C15,21591.0,S1.pdf,NA,NA,y,TARA_CO-0005033-S1.pdf
TARA_CO-0005036,A1,1056.0,S1.pdf,NA,NA,y,TARA_CO-0005036-S1.pdf
TARA_CO-0005036,A1et,1142.0,S1.pdf,NA,NA,y,TARA_CO-0005036-S1.pdf
TARA_CO-0005036,C15,23766.0,S1.pdf,NA,NA,y,TARA_CO-0005036-S1.pdf
TARA_CO-0005036,G3x-G3af,1701.0,S1.pdf,NA,NA,y,TARA_CO-0005036-S1.pdf
TARA_CO-0005756,C15,10783.0,S1.pdf,NA,NA,y,TARA_CO-0005756-S1.pdf
TARA_CO-1015477,C1/C42.2/C42g/C42a-C1b-C1az-C1au-C1j,329.0,S1.pdf,NA,NA,y,TARA_CO-1015477-S1.pdf
TARA_CO-1015477,C3/C3dc,14.0,S1.pdf,NA,NA,y,TARA_CO-1015477-S1.pdf
TARA_CO-1015477,D1-D1as-D1at-D4-D6-D1ba-D1bb-D1ax,72392.0,S1.pdf,NA,NA,y,TARA_CO-1015477-S1.pdf
TARA_CO-1017044,D1-D1as-D1at-D4-D6-D1ba-D1bb-D1ax,44853.0,S1.pdf,NA,NA,y,TARA_CO-1017044-S1.pdf
TARA_CO-0000149,D1-D1as-D1at-D4-D6-D1ba-D1bb-D1ax,24336.0,S1.pdf,NA,NA,y,TARA_CO-0000149-S1.pdf
TARA_CO-1015596,C42a/C42.2/C1-C1b-C42ad-C42ac-C1az-C1au-C42g,1377.0,S1.pdf,NA,NA,y,TARA_CO-1015596-S1.pdf
TARA_CO-1015596,D1-D1as-D1at-D4-D6-D1ba-D1bb-D1ax,47004.0,S1.pdf,NA,NA,y,TARA_CO-1015596-S1.pdf
TARA_CO-0000393,D1-D1as-D1at-D4-D6-D1ba-D1bb-D1ax,32832.0,S1.pdf,NA,NA,y,TARA_CO-0000393-S1.pdf
TARA_CO-1017045,D1-D1as-D1at-D4-D6-D1ba-D1bb-D1ax,58740.0,S1.pdf,NA,NA,y,TARA_CO-1017045-S1.pdf
TARA_CO-0000386,D1-D1as-D1at-D4-D6-D1ba-D1bb-D1ax,31951.0,S1.pdf,NA,NA,y,TARA_CO-0000386-S1.pdf
TARA_CO-1015742,D1-D1as-D1at-D4-D6-D1ba-D1bb-D1ax,63250.0,S1.pdf,NA,NA,y,TARA_CO-1015742-S1.pdf
TARA_CO-1015863,D1-D1as-D1at-D4-D6-D1ba-D1bb-D1ax,54659.0,S1.pdf,NA,NA,y,TARA_CO-1015863-S1.pdf
TARA_CO-1015856,D1-D1as-D1at-D4-D6-D1ba-D1bb-D1ax,41518.0,S1.pdf,NA,NA,y,TARA_CO-1015856-S1.pdf
TARA_CO-0000148,D1-D1as-D1at-D4-D6-D1ba-D1bb-D1ax,24069.0,S1.pdf,NA,NA,y,TARA_CO-0000148-S1.pdf
TARA_CO-1015855,D1-D1as-D1at-D4-D6-D1ba-D1bb-D1ax,46973.0,S1.pdf,NA,NA,y,TARA_CO-1015855-S1.pdf
TARA_CO-0000392,D1-D1as-D1at-D4-D6-D1ba-D1bb-D1ax,29774.0,S1.pdf,NA,NA,y,TARA_CO-0000392-S1.pdf
TARA_CO-0000385,D1-D1as-D1at-D4-D6-D1ba-D1bb-D1ax,25993.0,S1.pdf,NA,NA,y,TARA_CO-0000385-S1.pdf
TARA_CO-0000387,D1-D1as-D1at-D4-D6-D1ba-D1bb-D1ax,28968.0,S1.pdf,NA,NA,y,TARA_CO-0000387-S1.pdf
TARA_CO-1017043,C3/C3dc,181.0,S1.pdf,NA,NA,y,TARA_CO-1017043-S1.pdf
TARA_CO-1017043,C42a/C42.2/C1-C1b-C42ak-C1j,4813.0,S1.pdf,NA,NA,y,TARA_CO-1017043-S1.pdf
TARA_CO-1017043,D1-D1as-D1at-D4-D6-D1ba-D1bb-D1ax,47595.0,S1.pdf,NA,NA,y,TARA_CO-1017043-S1.pdf
TARA_CO-1017050,C42a/C1/C42.2/C1j/C1b-C1ci-C1au,2921.0,S1.pdf,NA,NA,y,TARA_CO-1017050-S1.pdf
TARA_CO-1017050,C3/C3dc,93.0,S1.pdf,NA,NA,y,TARA_CO-1017050-S1.pdf
TARA_CO-1017050,D1-D1as-D1at-D4-D6-D1ba-D1bb-D1ax,49002.0,S1.pdf,NA,NA,y,TARA_CO-1017050-S1.pdf
TARA_CO-1015858,D1-D1as-D1at-D4-D6-D1ba-D1bb-D1ax,38277.0,S1.pdf,NA,NA,y,TARA_CO-1015858-S1.pdf
TARA_CO-1015598,C42a/C1/C42.2/C1j/C1b-C1ci-C1au,12908.0,S1.pdf,NA,NA,y,TARA_CO-1015598-S1.pdf
TARA_CO-1015598,D1-D1as-D1at-D4-D6-D1ba-D1bb-D1ax,45239.0,S1.pdf,NA,NA,y,TARA_CO-1015598-S1.pdf
TARA_CO-1017046,C3/C3dc,309.0,S1.pdf,NA,NA,y,TARA_CO-1017046-S1.pdf
TARA_CO-1017046,C42a/C42.2/C1-C1b-C42ak-C1j,9513.0,S1.pdf,NA,NA,y,TARA_CO-1017046-S1.pdf
TARA_CO-1017046,D1-D1as-D1at-D4-D6-D1ba-D1bb-D1ax,42688.0,S1.pdf,NA,NA,y,TARA_CO-1017046-S1.pdf
TARA_CO-1017047,C1/C42.2/C1b,5705.0,S1.pdf,NA,NA,y,TARA_CO-1017047-S1.pdf
TARA_CO-1017047,D1-D1as-D1at-D4-D6-D1ba-D1bb-D1ax,33761.0,S1.pdf,NA,NA,y,TARA_CO-1017047-S1.pdf
TARA_CO-1017042,C42a/C1/C42.2/C1j/C1b-C1ci-C1au,15772.0,S1.pdf,NA,NA,y,TARA_CO-1017042-S1.pdf
TARA_CO-1017042,C3/C3dc,842.0,S1.pdf,NA,NA,y,TARA_CO-1017042-S1.pdf
TARA_CO-1017042,D1-D1as-D1at-D4-D6-D1ba-D1bb-D1ax,47013.0,S1.pdf,NA,NA,y,TARA_CO-1017042-S1.pdf
TARA_CO-1015470,C42a/C42.2/C1-C1b-C42ad-C42ac-C1az-C1au-C42g,13524.0,S1.pdf,NA,NA,y,TARA_CO-1015470-S1.pdf
TARA_CO-1015470,D1-D1as-D1at-D4-D6-D1ba-D1bb-D1ax,31755.0,S1.pdf,NA,NA,y,TARA_CO-1015470-S1.pdf
TARA_CO-1015404,C42a/C1/C42.2/C1j/C1b-C1ci-C1au,13735.0,S1.pdf,NA,NA,y,TARA_CO-1015404-S1.pdf
TARA_CO-1015404,D1-D1as-D1at-D4-D6-D1ba-D1bb-D1ax,28584.0,S1.pdf,NA,NA,y,TARA_CO-1015404-S1.pdf
TARA_CO-1017049,C42a/C1/C42.2/C1j/C1b-C1ci-C1au,16538.0,S1.pdf,NA,NA,y,TARA_CO-1017049-S1.pdf
TARA_CO-1017049,C3/C3dc,444.0,S1.pdf,NA,NA,y,TARA_CO-1017049-S1.pdf
TARA_CO-1017049,D1-D1as-D1at-D4-D6-D1ba-D1bb-D1ax,32968.0,S1.pdf,NA,NA,y,TARA_CO-1017049-S1.pdf
TARA_CO-1015955,C42a/C42.2/C1/C1b-C1au-C1az,18070.0,S1.pdf,NA,NA,y,TARA_CO-1015955-S1.pdf
TARA_CO-1015955,D1-D1as-D1at-D4-D6-D1ba-D1bb-D1ax,30151.0,S1.pdf,NA,NA,y,TARA_CO-1015955-S1.pdf
TARA_CO-1015954,C42a/C1/C42.2/C1j/C1b-C1ci-C1au,17766.0,S1.pdf,NA,NA,y,TARA_CO-1015954-S1.pdf
TARA_CO-1015954,C3/C3dc,800.0,S1.pdf,NA,NA,y,TARA_CO-1015954-S1.pdf
TARA_CO-1015954,D1-D1as-D1at-D4-D6-D1ba-D1bb-D1ax,27079.0,S1.pdf,NA,NA,y,TARA_CO-1015954-S1.pdf
TARA_CO-1015599,C1/C42.2/C42g/C42a-C1b-C1az-C1au-C1j,25634.0,S1.pdf,NA,NA,y,TARA_CO-1015599-S1.pdf
TARA_CO-1015599,D1-D1as-D1at-D4-D6-D1ba-D1bb-D1ax,30607.0,S1.pdf,NA,NA,y,TARA_CO-1015599-S1.pdf
TARA_CO-0004500,A8b/A7u-A7x-A7ae-A8a-A16d-A7,21620.0,S1.pdf,NA,NA,y,TARA_CO-0004500-S1.pdf
TARA_CO-0004442,A8b/A7u-A7x-A7ae-A8a-A16d-A7,8057.0,S1.pdf,NA,NA,y,TARA_CO-0004442-S1.pdf
TARA_CO-0004440,A8b/A7u-A7x-A7ae-A8a-A16d-A7,8737.0,S1.pdf,NA,NA,y,TARA_CO-0004440-S1.pdf
TARA_CO-0004502,A8b/A7u-A7x-A7ae-A8a-A16d-A7,51723.0,S1.pdf,NA,NA,y,TARA_CO-0004502-S1.pdf
TARA_CO-0004505,A8b/A7u-A7x-A7ae-A8a-A16d-A7,12054.0,S1.pdf,NA,NA,y,TARA_CO-0004505-S1.pdf
TARA_CO-0004505,C116a-C116v-C116x,488.0,S1.pdf,NA,NA,y,TARA_CO-0004505-S1.pdf
TARA_CO-1018366,A8b/A7u-A7x-A7ae-A8a-A16d-A7,77480.0,S1.pdf,NA,NA,y,TARA_CO-1018366-S1.pdf
TARA_CO-1018271,A8b/A7u-A7x-A7ae-A8a-A16d-A7,29566.0,S1.pdf,NA,NA,y,TARA_CO-1018271-S1.pdf
TARA_CO-0004506,A8b/A7u-A7x-A7ae-A8a-A16d-A7,13807.0,S1.pdf,NA,NA,y,TARA_CO-0004506-S1.pdf
TARA_CO-1018277,A8b/A7u-A7x-A7ae-A8a-A16d-A7,44277.0,S1.pdf,NA,NA,y,TARA_CO-1018277-S1.pdf
TARA_CO-0004499,A8b/A7u-A7x-A7ae-A8a-A16d-A7,10530.0,S1.pdf,NA,NA,y,TARA_CO-0004499-S1.pdf
TARA_CO-0004501,A8b/A7u-A7x-A7ae-A8a-A16d-A7,28713.0,S1.pdf,NA,NA,y,TARA_CO-0004501-S1.pdf
TARA_CO-0004503,A8b/A7u-A7x-A7ae-A8a-A16d-A7,10540.0,S1.pdf,NA,NA,y,TARA_CO-0004503-S1.pdf
TARA_CO-1018181,A8b/A7u-A7x-A7ae-A8a-A16d-A7,61952.0,S1.pdf,NA,NA,y,TARA_CO-1018181-S1.pdf
TARA_CO-1018274,A8b/A7u-A7x-A7ae-A8a-A16d-A7,58990.0,S1.pdf,NA,NA,y,TARA_CO-1018274-S1.pdf
TARA_CO-0004438,A8b/A7u-A7x-A7ae-A8a-A16d-A7,7687.0,S1.pdf,NA,NA,y,TARA_CO-0004438-S1.pdf
TARA_CO-0004497,A8b/A7u-A7x-A7ae-A8a-A16d-A7,25066.0,S1.pdf,NA,NA,y,TARA_CO-0004497-S1.pdf
TARA_CO-0004507,A8b/A7u-A7x-A7ae-A8a-A16d-A7,38182.0,S1.pdf,NA,NA,y,TARA_CO-0004507-S1.pdf
TARA_CO-0004550,A8b/A7u-A7x-A7ae-A8a-A16d-A7,12426.0,S1.pdf,NA,NA,y,TARA_CO-0004550-S1.pdf
TARA_CO-1018361,A8b/A7u-A7x-A7ae-A8a-A16d-A7,53430.0,S1.pdf,NA,NA,y,TARA_CO-1018361-S1.pdf
TARA_CO-1018187,A8b/A7u-A7x-A7ae-A8a-A16d-A7,51765.0,S1.pdf,NA,NA,y,TARA_CO-1018187-S1.pdf
TARA_CO-1018278,A8b/A7u-A7x-A7ae-A8a-A16d-A7,54996.0,S1.pdf,NA,NA,y,TARA_CO-1018278-S1.pdf
TARA_CO-1018278,C91,419.0,S1.pdf,NA,NA,y,TARA_CO-1018278-S1.pdf
TARA_CO-1018182,A8b/A7u-A7x-A7ae-A8a-A16d-A7,43200.0,S1.pdf,NA,NA,y,TARA_CO-1018182-S1.pdf
TARA_CO-1018182,C66,2599.0,S1.pdf,NA,NA,y,TARA_CO-1018182-S1.pdf
TARA_CO-0004437,A8b/A7u-A7x-A7ae-A8a-A16d-A7,8459.0,S1.pdf,NA,NA,y,TARA_CO-0004437-S1.pdf
TARA_CO-0004508,A8b/A7u-A7x-A7ae-A8a-A16d-A7,13832.0,S1.pdf,NA,NA,y,TARA_CO-0004508-S1.pdf
TARA_CO-1018362,A8b/A7u-A7x-A7ae-A8a-A16d-A7,82003.0,S1.pdf,NA,NA,y,TARA_CO-1018362-S1.pdf
TARA_CO-0004441,A8b/A7u-A7x-A7ae-A8a-A16d-A7,7813.0,S1.pdf,NA,NA,y,TARA_CO-0004441-S1.pdf
TARA_CO-1018185,A8b/A7u-A7x-A7ae-A8a-A16d-A7,50948.0,S1.pdf,NA,NA,y,TARA_CO-1018185-S1.pdf
TARA_CO-1018185,C15/C116,107.0,S1.pdf,NA,NA,y,TARA_CO-1018185-S1.pdf
TARA_CO-1018185,C116z,394.0,S1.pdf,NA,NA,y,TARA_CO-1018185-S1.pdf
TARA_CO-1018185,C15ge,44.0,S1.pdf,NA,NA,y,TARA_CO-1018185-S1.pdf
TARA_CO-0002042,A8b/A7u-A7x-A7ae-A8a-A16d-A7,27846.0,S1.pdf,NA,NA,y,TARA_CO-0002042-S1.pdf
TARA_CO-0002042,C15/C15m,38.0,S1.pdf,NA,NA,y,TARA_CO-0002042-S1.pdf
TARA_CO-0002042,F3.1,96.0,S1.pdf,NA,NA,y,TARA_CO-0002042-S1.pdf
TARA_CO-1018549,A8b/A7u-A7x-A7ae-A8a-A16d-A7,63727.0,S1.pdf,NA,NA,y,TARA_CO-1018549-S1.pdf
TARA_CO-0004436,A8b/A7u-A7x-A7ae-A8a-A16d-A7,8038.0,S1.pdf,NA,NA,y,TARA_CO-0004436-S1.pdf
TARA_CO-0004435,A8b/A7u-A7x-A7ae-A8a-A16d-A7,6807.0,S1.pdf,NA,NA,y,TARA_CO-0004435-S1.pdf
TARA_CO-0004435,C116a-C116v-C116x,224.0,S1.pdf,NA,NA,y,TARA_CO-0004435-S1.pdf
TARA_CO-0004439,A8b/A7u-A7x-A7ae-A8a-A16d-A7,5952.0,S1.pdf,NA,NA,y,TARA_CO-0004439-S1.pdf
TARA_CO-1018280,A8b/A7u-A7x-A7ae-A8a-A16d-A7,56713.0,S1.pdf,NA,NA,y,TARA_CO-1018280-S1.pdf
TARA_CO-1018717,A8b/A7u-A7x-A7ae-A8a-A16d-A7,38153.0,S1.pdf,NA,NA,y,TARA_CO-1018717-S1.pdf
TARA_CO-0004498,A8b/A7u-A7x-A7ae-A8a-A16d-A7,41558.0,S1.pdf,NA,NA,y,TARA_CO-0004498-S1.pdf
TARA_CO-0004498,C116a-C116v-C116x,7115.0,S1.pdf,NA,NA,y,TARA_CO-0004498-S1.pdf
TARA_CO-0004504,A8b/A7u-A7x-A7ae-A8a-A16d-A7,7078.0,S1.pdf,NA,NA,y,TARA_CO-0004504-S1.pdf
TARA_CO-0004504,C116a-C116v-C116x,2177.0,S1.pdf,NA,NA,y,TARA_CO-0004504-S1.pdf
TARA_CO-1018190,A8b/A7u-A7x-A7ae-A8a-A16d-A7,50081.0,S1.pdf,NA,NA,y,TARA_CO-1018190-S1.pdf
TARA_CO-1018190,C3k,241.0,S1.pdf,NA,NA,y,TARA_CO-1018190-S1.pdf
TARA_CO-1015235,C42a/C42.2/C1-C1b-C1au-C1j,443.0,S1.pdf,NA,NA,y,TARA_CO-1015235-S1.pdf
TARA_CO-1015235,D1-D2d-D6-D4-D1bk-D1as-D1bj,58694.0,S1.pdf,NA,NA,y,TARA_CO-1015235-S1.pdf
TARA_CO-1014880,D1-D2d-D6-D4-D1bk-D1as-D1bj,62032.0,S1.pdf,NA,NA,y,TARA_CO-1014880-S1.pdf
TARA_CO-1015100,D1-D2d-D6-D4-D1bk-D1as-D1bj,34999.0,S1.pdf,NA,NA,y,TARA_CO-1015100-S1.pdf
TARA_CO-1014901,C1/C42.2/C1b,140.0,S1.pdf,NA,NA,y,TARA_CO-1014901-S1.pdf
TARA_CO-1014901,C57d,14.0,S1.pdf,NA,NA,y,TARA_CO-1014901-S1.pdf
TARA_CO-1014901,D1-D2d-D6-D4-D1bk-D1as-D1bj,51674.0,S1.pdf,NA,NA,y,TARA_CO-1014901-S1.pdf
TARA_CO-1014874,C1/C42.2/C1b,330.0,S1.pdf,NA,NA,y,TARA_CO-1014874-S1.pdf
TARA_CO-1014874,D1-D2d-D6-D4-D1bk-D1as-D1bj,27590.0,S1.pdf,NA,NA,y,TARA_CO-1014874-S1.pdf
TARA_CO-1014898,C42a/C42.2/C1-C1b-C1au-C1j,266.0,S1.pdf,NA,NA,y,TARA_CO-1014898-S1.pdf
TARA_CO-1014898,D1-D2d-D6-D4-D1bk-D1as-D1bj,29211.0,S1.pdf,NA,NA,y,TARA_CO-1014898-S1.pdf
TARA_CO-1014875,D1-D2d-D6-D4-D1bk-D1as-D1bj,48701.0,S1.pdf,NA,NA,y,TARA_CO-1014875-S1.pdf
TARA_CO-1015249,D1-D2d-D6-D4-D1bk-D1as-D1bj,38026.0,S1.pdf,NA,NA,y,TARA_CO-1015249-S1.pdf
TARA_CO-1015086,D1-D2d-D6-D4-D1bk-D1as-D1bj,39533.0,S1.pdf,NA,NA,y,TARA_CO-1015086-S1.pdf
TARA_CO-1014892,D1-D2d-D6-D4-D1bk-D1as-D1bj,43239.0,S1.pdf,NA,NA,y,TARA_CO-1014892-S1.pdf
TARA_CO-1015250,D1-D2d-D6-D4-D1bk-D1as-D1bj,46326.0,S1.pdf,NA,NA,y,TARA_CO-1015250-S1.pdf
TARA_CO-1014872,D1-D2d-D6-D4-D1bk-D1as-D1bj,64168.0,S1.pdf,NA,NA,y,TARA_CO-1014872-S1.pdf
TARA_CO-1014877,D1-D2d-D6-D4-D1bk-D1as-D1bj,38487.0,S1.pdf,NA,NA,y,TARA_CO-1014877-S1.pdf
TARA_CO-1014894,D1-D2d-D6-D4-D1bk-D1as-D1bj,50397.0,S1.pdf,NA,NA,y,TARA_CO-1014894-S1.pdf
TARA_CO-1014881,D1-D2d-D6-D4-D1bk-D1as-D1bj,62364.0,S1.pdf,NA,NA,y,TARA_CO-1014881-S1.pdf
TARA_CO-1014893,D1-D2d-D6-D4-D1bk-D1as-D1bj,62348.0,S1.pdf,NA,NA,y,TARA_CO-1014893-S1.pdf
TARA_CO-1015096,D1-D2d-D6-D4-D1bk-D1as-D1bj,31804.0,S1.pdf,NA,NA,y,TARA_CO-1015096-S1.pdf
TARA_CO-1015248,C1/C42.2/C1b,233.0,S1.pdf,NA,NA,y,TARA_CO-1015248-S1.pdf
TARA_CO-1015248,D1-D2d-D6-D4-D1bk-D1as-D1bj,33536.0,S1.pdf,NA,NA,y,TARA_CO-1015248-S1.pdf
TARA_CO-1015234,D1-D2d-D6-D4-D1bk-D1as-D1bj,39784.0,S1.pdf,NA,NA,y,TARA_CO-1015234-S1.pdf
TARA_CO-1014897,C1/C42.2/C1b,252.0,S1.pdf,NA,NA,y,TARA_CO-1014897-S1.pdf
TARA_CO-1014897,D1-D2d-D6-D4-D1bk-D1as-D1bj,44176.0,S1.pdf,NA,NA,y,TARA_CO-1014897-S1.pdf
TARA_CO-1015240,D1-D2d-D6-D4-D1bk-D1as-D1bj,40944.0,S1.pdf,NA,NA,y,TARA_CO-1015240-S1.pdf
TARA_CO-1014895,D1-D2d-D6-D4-D1bk-D1as-D1bj,34163.0,S1.pdf,NA,NA,y,TARA_CO-1014895-S1.pdf
TARA_CO-1015238,D1-D2d-D6-D4-D1bk-D1as-D1bj,45313.0,S1.pdf,NA,NA,y,TARA_CO-1015238-S1.pdf
TARA_CO-1014900,C1/C42.2/C1b,187.0,S1.pdf,NA,NA,y,TARA_CO-1014900-S1.pdf
TARA_CO-1014900,D1-D2d-D6-D4-D1bk-D1as-D1bj,38401.0,S1.pdf,NA,NA,y,TARA_CO-1014900-S1.pdf
TARA_CO-1015239,D1-D2d-D6-D4-D1bk-D1as-D1bj,52186.0,S1.pdf,NA,NA,y,TARA_CO-1015239-S1.pdf
TARA_CO-1015092,D1-D2d-D6-D4-D1bk-D1as-D1bj,54215.0,S1.pdf,NA,NA,y,TARA_CO-1015092-S1.pdf
TARA_CO-1015091,D1-D2d-D6-D4-D1bk-D1as-D1bj,46315.0,S1.pdf,NA,NA,y,TARA_CO-1015091-S1.pdf
TARA_CO-1015237,C1/C42.2/C1b,246.0,S1.pdf,NA,NA,y,TARA_CO-1015237-S1.pdf
TARA_CO-1015237,D1-D2d-D6-D4-D1bk-D1as-D1bj,38093.0,S1.pdf,NA,NA,y,TARA_CO-1015237-S1.pdf
TARA_CO-1015099,D1-D2d-D6-D4-D1bk-D1as-D1bj,30400.0,S1.pdf,NA,NA,y,TARA_CO-1015099-S1.pdf
TARA_CO-1015243,D1-D2d-D6-D4-D1bk-D1as-D1bj,34504.0,S1.pdf,NA,NA,y,TARA_CO-1015243-S1.pdf
TARA_CO-1015090,D1-D2d-D6-D4-D1bk-D1as-D1bj,37995.0,S1.pdf,NA,NA,y,TARA_CO-1015090-S1.pdf
TARA_CO-1015252,D1-D2d-D6-D4-D1bk-D1as-D1bj,44487.0,S1.pdf,NA,NA,y,TARA_CO-1015252-S1.pdf
TARA_CO-1014876,D1-D2d-D6-D4-D1bk-D1as-D1bj,51041.0,S1.pdf,NA,NA,y,TARA_CO-1014876-S1.pdf
TARA_CO-1015097,D1-D2d-D6-D4-D1bk-D1as-D1bj,38353.0,S1.pdf,NA,NA,y,TARA_CO-1015097-S1.pdf
TARA_CO-1015098,D1-D2d-D6-D4-D1bk-D1as-D1bj,39912.0,S1.pdf,NA,NA,y,TARA_CO-1015098-S1.pdf
TARA_CO-1014879,C1-C1u-93776-C1c,7719.0,S1.pdf,NA,NA,y,TARA_CO-1014879-S1.pdf
TARA_CO-1014879,D1-D2d-D6-D4-D1bk-D1as-D1bj,42663.0,S1.pdf,NA,NA,y,TARA_CO-1014879-S1.pdf
TARA_CO-1015253,C42a/C1/C42.2/C1j/C1b-C1ci-C1au,6627.0,S1.pdf,NA,NA,y,TARA_CO-1015253-S1.pdf
TARA_CO-1015253,D1-D2d-D6-D4-D1bk-D1as-D1bj,34387.0,S1.pdf,NA,NA,y,TARA_CO-1015253-S1.pdf
TARA_CO-0005677,A7-A16d-A16f-A7c-A3-A3a,42379.0,S1.pdf,NA,NA,y,TARA_CO-0005677-S1.pdf
TARA_CO-0002384,A7-A16d-A16f-A7c-A3-A3a,27851.0,S1.pdf,NA,NA,y,TARA_CO-0002384-S1.pdf
TARA_CO-0002430,A7-A16d-A16f-A7c-A3-A3a,41464.0,S1.pdf,NA,NA,y,TARA_CO-0002430-S1.pdf
TARA_CO-0002431,A7-A16d-A16f-A7c-A3-A3a,26916.0,S1.pdf,NA,NA,y,TARA_CO-0002431-S1.pdf
TARA_CO-0002589,A7-A16d-A16f-A7c-A3-A3a,28838.0,S1.pdf,NA,NA,y,TARA_CO-0002589-S1.pdf
TARA_CO-0002379,A7-A16d-A16f-A7c-A3-A3a,320109.0,S1.pdf,NA,NA,y,TARA_CO-0002379-S1.pdf
TARA_CO-0002427,A7-A16d-A16f-A7c-A3-A3a,29629.0,S1.pdf,NA,NA,y,TARA_CO-0002427-S1.pdf
TARA_CO-0002435,A7-A16d-A16f-A7c-A3-A3a,30259.0,S1.pdf,NA,NA,y,TARA_CO-0002435-S1.pdf
TARA_CO-0002592,A7-A16d-A16f-A7c-A3-A3a,31532.0,S1.pdf,NA,NA,y,TARA_CO-0002592-S1.pdf
TARA_CO-0002588,A7-A16d-A16f-A7c-A3-A3a,25104.0,S1.pdf,NA,NA,y,TARA_CO-0002588-S1.pdf
TARA_CO-0005681,A7-A16d-A16f-A7c-A3-A3a,34495.0,S1.pdf,NA,NA,y,TARA_CO-0005681-S1.pdf
TARA_CO-0002590,A7-A16d-A16f-A7c-A3-A3a,26469.0,S1.pdf,NA,NA,y,TARA_CO-0002590-S1.pdf
TARA_CO-0002376,A7-A16d-A16f-A7c-A3-A3a,9374.0,S1.pdf,NA,NA,y,TARA_CO-0002376-S1.pdf
TARA_CO-0002378,A7-A16d-A16f-A7c-A3-A3a,8235.0,S1.pdf,NA,NA,y,TARA_CO-0002378-S1.pdf
TARA_CO-0002587,A7-A16d-A16f-A7c-A3-A3a,23611.0,S1.pdf,NA,NA,y,TARA_CO-0002587-S1.pdf
TARA_CO-0002593,A7-A16d-A16f-A7c-A3-A3a,28917.0,S1.pdf,NA,NA,y,TARA_CO-0002593-S1.pdf
TARA_CO-0002432,A7-A16d-A16f-A7c-A3-A3a,24191.0,S1.pdf,NA,NA,y,TARA_CO-0002432-S1.pdf
TARA_CO-0002432,C42g/C42a/C1/C42.2-C1b-C42h-C42b-C1au,534.0,S1.pdf,NA,NA,y,TARA_CO-0002432-S1.pdf
TARA_CO-0002381,A7-A16d-A16f-A7c-A3-A3a,7877.0,S1.pdf,NA,NA,y,TARA_CO-0002381-S1.pdf
TARA_CO-0002591,A7-A16d-A16f-A7c-A3-A3a,29344.0,S1.pdf,NA,NA,y,TARA_CO-0002591-S1.pdf
TARA_CO-0002594,A7-A16d-A16f-A7c-A3-A3a,25164.0,S1.pdf,NA,NA,y,TARA_CO-0002594-S1.pdf
TARA_CO-0002569,A7-A16d-A16f-A7c-A3-A3a,23042.0,S1.pdf,NA,NA,y,TARA_CO-0002569-S1.pdf
TARA_CO-0005679,A7-A16d-A16f-A7c-A3-A3a,64154.0,S1.pdf,NA,NA,y,TARA_CO-0005679-S1.pdf
TARA_CO-0002433,A7-A16d-A16f-A7c-A3-A3a,25371.0,S1.pdf,NA,NA,y,TARA_CO-0002433-S1.pdf
TARA_CO-0002429,A7-A16d-A16f-A7c-A3-A3a,18815.0,S1.pdf,NA,NA,y,TARA_CO-0002429-S1.pdf
TARA_CO-0005676,A7-A16d-A16f-A7c-A3-A3a,54334.0,S1.pdf,NA,NA,y,TARA_CO-0005676-S1.pdf
TARA_CO-0002377,A7-A16d-A16f-A7c-A3-A3a,18876.0,S1.pdf,NA,NA,y,TARA_CO-0002377-S1.pdf
TARA_CO-0005519,A7-A16d-A16f-A7c-A3-A3a,44062.0,S1.pdf,NA,NA,y,TARA_CO-0005519-S1.pdf
TARA_CO-0005518,A7-A16d-A16f-A7c-A3-A3a,36393.0,S1.pdf,NA,NA,y,TARA_CO-0005518-S1.pdf
TARA_CO-0002595,A7-A16d-A16f-A7c-A3-A3a,21885.0,S1.pdf,NA,NA,y,TARA_CO-0002595-S1.pdf
TARA_CO-0005610,A7-A16d-A16f-A7c-A3-A3a,22004.0,S1.pdf,NA,NA,y,TARA_CO-0005610-S1.pdf
TARA_CO-0005675,A7-A16d-A16f-A7c-A3-A3a,7605.0,S1.pdf,NA,NA,y,TARA_CO-0005675-S1.pdf
TARA_CO-0005678,A7-A16d-A16f-A7c-A3-A3a,15060.0,S1.pdf,NA,NA,y,TARA_CO-0005678-S1.pdf
TARA_CO-0005680,A7-A16d-A16f-A7c-A3-A3a,17651.0,S1.pdf,NA,NA,y,TARA_CO-0005680-S1.pdf
TARA_CO-0005680,C3,358.0,S1.pdf,NA,NA,y,TARA_CO-0005680-S1.pdf
TARA_CO-0005680,C1/C42.2,3157.0,S1.pdf,NA,NA,y,TARA_CO-0005680-S1.pdf
TARA_CO-0005682,A7-A16d-A16f-A7c-A3-A3a,15845.0,S1.pdf,NA,NA,y,TARA_CO-0005682-S1.pdf
TARA_CO-0002576,C42.2/C1/C1b-C1au,30530.0,S1.pdf,NA,NA,y,TARA_CO-0002576-S1.pdf
TARA_CO-0002057,C42.2/C1/C1b-C1au,11296.0,S1.pdf,NA,NA,y,TARA_CO-0002057-S1.pdf
TARA_CO-0002060,C42.2/C1/C1b-C1au,11057.0,S1.pdf,NA,NA,y,TARA_CO-0002060-S1.pdf
TARA_CO-0002288,C42.2/C1/C1b-C1au,9573.0,S1.pdf,NA,NA,y,TARA_CO-0002288-S1.pdf
TARA_CO-0002058,C42.2/C1/C1b-C1au,10553.0,S1.pdf,NA,NA,y,TARA_CO-0002058-S1.pdf
TARA_CO-0002286,C42.2/C1/C1b-C1au,10630.0,S1.pdf,NA,NA,y,TARA_CO-0002286-S1.pdf
TARA_CO-0002130,C42.2/C1/C1b-C1au,9163.0,S1.pdf,NA,NA,y,TARA_CO-0002130-S1.pdf
TARA_CO-0002290,C42.2/C1/C1b-C1au,9771.0,S1.pdf,NA,NA,y,TARA_CO-0002290-S1.pdf
TARA_CO-0000920,C42.2/C1/C1b-C1au,30499.0,S1.pdf,NA,NA,y,TARA_CO-0000920-S1.pdf
TARA_CO-0002128,C42.2/C1/C1b-C1au,9568.0,S1.pdf,NA,NA,y,TARA_CO-0002128-S1.pdf
TARA_CO-0000925,C42.2/C1/C1b-C1au,59211.0,S1.pdf,NA,NA,y,TARA_CO-0000925-S1.pdf
TARA_CO-0002289,C3/C3dc,367.0,S1.pdf,NA,NA,y,TARA_CO-0002289-S1.pdf
TARA_CO-0002289,C42.2/C1/C1b-C1au,9896.0,S1.pdf,NA,NA,y,TARA_CO-0002289-S1.pdf
TARA_CO-0000923,C42.2/C1/C1b-C1au,15667.0,S1.pdf,NA,NA,y,TARA_CO-0000923-S1.pdf
TARA_CO-0000948,C42.2/C1/C1b-C1au,35516.0,S1.pdf,NA,NA,y,TARA_CO-0000948-S1.pdf
TARA_CO-0000954,C42.2/C1/C1b-C1au,35674.0,S1.pdf,NA,NA,y,TARA_CO-0000954-S1.pdf
TARA_CO-0000927,C42.2/C1/C1b-C1au,145985.0,S1.pdf,NA,NA,y,TARA_CO-0000927-S1.pdf
TARA_CO-0000951,C42.2/C1/C1b-C1au,14897.0,S1.pdf,NA,NA,y,TARA_CO-0000951-S1.pdf
TARA_CO-0000952,C42.2/C1/C1b-C1au,15373.0,S1.pdf,NA,NA,y,TARA_CO-0000952-S1.pdf
TARA_CO-0000955,C42.2/C1/C1b-C1au,40123.0,S1.pdf,NA,NA,y,TARA_CO-0000955-S1.pdf
TARA_CO-0000924,C42.2/C1/C1b-C1au,25385.0,S1.pdf,NA,NA,y,TARA_CO-0000924-S1.pdf
TARA_CO-0002287,C3/C3dc,493.0,S1.pdf,NA,NA,y,TARA_CO-0002287-S1.pdf
TARA_CO-0002287,C42.2/C1/C1b-C1au,7660.0,S1.pdf,NA,NA,y,TARA_CO-0002287-S1.pdf
TARA_CO-0002131,C3/C3dc,678.0,S1.pdf,NA,NA,y,TARA_CO-0002131-S1.pdf
TARA_CO-0002131,C42.2/C1/C1b-C1au,10936.0,S1.pdf,NA,NA,y,TARA_CO-0002131-S1.pdf
TARA_CO-0000953,C42.2/C1/C1b-C1au,29268.0,S1.pdf,NA,NA,y,TARA_CO-0000953-S1.pdf
TARA_CO-0000921,C42.2/C1/C1b-C1au,47206.0,S1.pdf,NA,NA,y,TARA_CO-0000921-S1.pdf
TARA_CO-0000926,C42.2/C1/C1b-C1au,28021.0,S1.pdf,NA,NA,y,TARA_CO-0000926-S1.pdf
TARA_CO-0000926,C1cj,7860.0,S1.pdf,NA,NA,y,TARA_CO-0000926-S1.pdf
TARA_CO-0000957,C42.2/C1/C1b-C1au,409686.0,S1.pdf,NA,NA,y,TARA_CO-0000957-S1.pdf
TARA_CO-0000818,C3/C3dc,659.0,S1.pdf,NA,NA,y,TARA_CO-0000818-S1.pdf
TARA_CO-0000818,C42.2/C1/C1b-C1au,9222.0,S1.pdf,NA,NA,y,TARA_CO-0000818-S1.pdf
TARA_CO-0005742,C42.2/C1/C1b-C1au,27959.0,S1.pdf,NA,NA,y,TARA_CO-0005742-S1.pdf
TARA_CO-0005745,C42.2/C1/C1b-C1au,29573.0,S1.pdf,NA,NA,y,TARA_CO-0005745-S1.pdf
TARA_CO-1015471,C42.2/C1/C1b-C1au,20101.0,S1.pdf,NA,NA,y,TARA_CO-1015471-S1.pdf
TARA_CO-0005744,C42.2/C1/C1b-C1au,16288.0,S1.pdf,NA,NA,y,TARA_CO-0005744-S1.pdf
TARA_CO-1016107,C66-C66e-C66r,60618.0,S1.pdf,NA,NA,y,TARA_CO-1016107-S1.pdf
TARA_CO-0003586,C66-C66e-C66r,47787.0,S1.pdf,NA,NA,y,TARA_CO-0003586-S1.pdf
TARA_CO-0001686,C66-C66e-C66r,19248.0,S1.pdf,NA,NA,y,TARA_CO-0001686-S1.pdf
TARA_CO-0001685,C66-C66e-C66r,16490.0,S1.pdf,NA,NA,y,TARA_CO-0001685-S1.pdf
TARA_CO-0003353,C66-C66e-C66r,59774.0,S1.pdf,NA,NA,y,TARA_CO-0003353-S1.pdf
TARA_CO-0003772,C66-C66e-C66r,51376.0,S1.pdf,NA,NA,y,TARA_CO-0003772-S1.pdf
TARA_CO-0003768,C66-C66e-C66r,49782.0,S1.pdf,NA,NA,y,TARA_CO-0003768-S1.pdf
TARA_CO-1018818,C66-C66e-C66r,50199.0,S1.pdf,NA,NA,y,TARA_CO-1018818-S1.pdf
TARA_CO-0001687,C66-C66e-C66r,20207.0,S1.pdf,NA,NA,y,TARA_CO-0001687-S1.pdf
TARA_CO-0001839,C66-C66e-C66r,25214.0,S1.pdf,NA,NA,y,TARA_CO-0001839-S1.pdf
TARA_CO-0001684,C66-C66e-C66r,21026.0,S1.pdf,NA,NA,y,TARA_CO-0001684-S1.pdf
TARA_CO-0001689,C66-C66e-C66r,17501.0,S1.pdf,NA,NA,y,TARA_CO-0001689-S1.pdf
TARA_CO-0003446,C66-C66e-C66r,43960.0,S1.pdf,NA,NA,y,TARA_CO-0003446-S1.pdf
TARA_CO-0003357,C66-C66e-C66r,50393.0,S1.pdf,NA,NA,y,TARA_CO-0003357-S1.pdf
TARA_CO-0003356,C66-C66e-C66r,55180.0,S1.pdf,NA,NA,y,TARA_CO-0003356-S1.pdf
TARA_CO-0003239,C66-C66e-C66r,37147.0,S1.pdf,NA,NA,y,TARA_CO-0003239-S1.pdf
TARA_CO-0003236,C66-C66e-C66r,73639.0,S1.pdf,NA,NA,y,TARA_CO-0003236-S1.pdf
TARA_CO-0003238,C66-C66e-C66r,73515.0,S1.pdf,NA,NA,y,TARA_CO-0003238-S1.pdf
TARA_CO-0003237,C66-C66e-C66r,59333.0,S1.pdf,NA,NA,y,TARA_CO-0003237-S1.pdf
TARA_CO-0003770,C66-C66e-C66r,29255.0,S1.pdf,NA,NA,y,TARA_CO-0003770-S1.pdf
TARA_CO-0003355,C66-C66e-C66r,72575.0,S1.pdf,NA,NA,y,TARA_CO-0003355-S1.pdf
TARA_CO-0003587,C66-C66e-C66r,46016.0,S1.pdf,NA,NA,y,TARA_CO-0003587-S1.pdf
TARA_CO-0001835,C66-C66e-C66r,20921.0,S1.pdf,NA,NA,y,TARA_CO-0001835-S1.pdf
TARA_CO-0003771,C66-C66e-C66r,47578.0,S1.pdf,NA,NA,y,TARA_CO-0003771-S1.pdf
TARA_CO-0003628,C66-C66e-C66r,49400.0,S1.pdf,NA,NA,y,TARA_CO-0003628-S1.pdf
TARA_CO-0003769,C66-C66e-C66r,35908.0,S1.pdf,NA,NA,y,TARA_CO-0003769-S1.pdf
TARA_CO-0003589,C66-C66e-C66r,54201.0,S1.pdf,NA,NA,y,TARA_CO-0003589-S1.pdf
TARA_CO-0003231,C66-C66e-C66r,44397.0,S1.pdf,NA,NA,y,TARA_CO-0003231-S1.pdf
TARA_CO-0003230,C66-C66e-C66r,63800.0,S1.pdf,NA,NA,y,TARA_CO-0003230-S1.pdf
TARA_CO-0003235,C66-C66e-C66r,55982.0,S1.pdf,NA,NA,y,TARA_CO-0003235-S1.pdf
TARA_CO-0003235,C116a-C116v-C116x,4096.0,S1.pdf,NA,NA,y,TARA_CO-0003235-S1.pdf
TARA_CO-1016109,C66-C66e-C66r,24874.0,S1.pdf,NA,NA,y,TARA_CO-1016109-S1.pdf
TARA_CO-0003764,C66-C66e-C66r,42470.0,S1.pdf,NA,NA,y,TARA_CO-0003764-S1.pdf
TARA_CO-1018935,C66-C66e-C66r,48643.0,S1.pdf,NA,NA,y,TARA_CO-1018935-S1.pdf
TARA_CO-0000684,C15bd-C15-C15fp,9567.0,S1.pdf,NA,NA,y,TARA_CO-0000684-S1.pdf
TARA_CO-0000796,C15bd-C15-C15fp,9087.0,S1.pdf,NA,NA,y,TARA_CO-0000796-S1.pdf
TARA_CO-0000729,C15bd-C15-C15fp,11276.0,S1.pdf,NA,NA,y,TARA_CO-0000729-S1.pdf
TARA_CO-0000789,C15bd-C15-C15fp,9972.0,S1.pdf,NA,NA,y,TARA_CO-0000789-S1.pdf
TARA_CO-0000727,C15bd-C15-C15fp,8513.0,S1.pdf,NA,NA,y,TARA_CO-0000727-S1.pdf
TARA_CO-0000592,C15bd-C15-C15fp,17072.0,S1.pdf,NA,NA,y,TARA_CO-0000592-S1.pdf
TARA_CO-0000795,C15bd-C15-C15fp,10795.0,S1.pdf,NA,NA,y,TARA_CO-0000795-S1.pdf
TARA_CO-0000679,C15bd-C15-C15fp,11318.0,S1.pdf,NA,NA,y,TARA_CO-0000679-S1.pdf
TARA_CO-0000678,C15bd-C15-C15fp,8052.0,S1.pdf,NA,NA,y,TARA_CO-0000678-S1.pdf
TARA_CO-0000788,C15bd-C15-C15fp,11208.0,S1.pdf,NA,NA,y,TARA_CO-0000788-S1.pdf
TARA_CO-0000790,C15bd-C15-C15fp,8092.0,S1.pdf,NA,NA,y,TARA_CO-0000790-S1.pdf
TARA_CO-0000682,C15bd-C15-C15fp,8326.0,S1.pdf,NA,NA,y,TARA_CO-0000682-S1.pdf
TARA_CO-0000594,C15bd-C15-C15fp,33871.0,S1.pdf,NA,NA,y,TARA_CO-0000594-S1.pdf
TARA_CO-0000733,C15bd-C15-C15fp,11134.0,S1.pdf,NA,NA,y,TARA_CO-0000733-S1.pdf
TARA_CO-0000599,C15bd-C15-C15fp,12119.0,S1.pdf,NA,NA,y,TARA_CO-0000599-S1.pdf
TARA_CO-0000791,C15bd-C15-C15fp,8071.0,S1.pdf,NA,NA,y,TARA_CO-0000791-S1.pdf
TARA_CO-0000676,C15bd-C15-C15fp,7253.0,S1.pdf,NA,NA,y,TARA_CO-0000676-S1.pdf
TARA_CO-0000677,C15bd-C15-C15fp,7068.0,S1.pdf,NA,NA,y,TARA_CO-0000677-S1.pdf
TARA_CO-0000736,C15bd-C15-C15fp,11972.0,S1.pdf,NA,NA,y,TARA_CO-0000736-S1.pdf
TARA_CO-0000792,C15bd-C15-C15fp,7791.0,S1.pdf,NA,NA,y,TARA_CO-0000792-S1.pdf
TARA_CO-0000595,C15bd-C15-C15fp,38913.0,S1.pdf,NA,NA,y,TARA_CO-0000595-S1.pdf
TARA_CO-0000590,C15bd-C15-C15fp,17334.0,S1.pdf,NA,NA,y,TARA_CO-0000590-S1.pdf
TARA_CO-0000787,C15bd-C15-C15fp,12688.0,S1.pdf,NA,NA,y,TARA_CO-0000787-S1.pdf
TARA_CO-0000728,C15bd-C15-C15fp,9166.0,S1.pdf,NA,NA,y,TARA_CO-0000728-S1.pdf
TARA_CO-0000593,C15bd-C15-C15fp,26332.0,S1.pdf,NA,NA,y,TARA_CO-0000593-S1.pdf
TARA_CO-0000597,C15bd-C15-C15fp,15150.0,S1.pdf,NA,NA,y,TARA_CO-0000597-S1.pdf
TARA_CO-0000683,C15bd-C15-C15fp,7308.0,S1.pdf,NA,NA,y,TARA_CO-0000683-S1.pdf
TARA_CO-0000596,C15bd-C15-C15fp,16598.0,S1.pdf,NA,NA,y,TARA_CO-0000596-S1.pdf
TARA_CO-0000794,C15bd-C15-C15fp,12077.0,S1.pdf,NA,NA,y,TARA_CO-0000794-S1.pdf
TARA_CO-0000730,C15bd-C15-C15fp,13215.0,S1.pdf,NA,NA,y,TARA_CO-0000730-S1.pdf
TARA_CO-0000598,C15bd-C15-C15fp,11885.0,S1.pdf,NA,NA,y,TARA_CO-0000598-S1.pdf
TARA_CO-0000591,C15bd-C15-C15fp,14214.0,S1.pdf,NA,NA,y,TARA_CO-0000591-S1.pdf
TARA_CO-0000967,C15bd-C15-C15fp,12989.0,S1.pdf,NA,NA,y,TARA_CO-0000967-S1.pdf
TARA_CO-1015750,D1-D1as-D1bb-D1ba-D4-D1at-D6-D1ax-D1bg-D1au,52266.0,S1.pdf,NA,NA,y,TARA_CO-1015750-S1.pdf
TARA_CO-1015745,D1-D1as-D1bb-D1ba-D4-D1at-D6-D1ax-D1bg-D1au,49326.0,S1.pdf,NA,NA,y,TARA_CO-1015745-S1.pdf
TARA_CO-0000227,D1-D1as-D1bb-D1ba-D4-D1at-D6-D1ax-D1bg-D1au,30057.0,S1.pdf,NA,NA,y,TARA_CO-0000227-S1.pdf
TARA_CO-0000032,D1-D1as-D1bb-D1ba-D4-D1at-D6-D1ax-D1bg-D1au,21264.0,S1.pdf,NA,NA,y,TARA_CO-0000032-S1.pdf
TARA_CO-0000029,D1-D1as-D1bb-D1ba-D4-D1at-D6-D1ax-D1bg-D1au,23326.0,S1.pdf,NA,NA,y,TARA_CO-0000029-S1.pdf
TARA_CO-0000388,D1-D1as-D1bb-D1ba-D4-D1at-D6-D1ax-D1bg-D1au,33257.0,S1.pdf,NA,NA,y,TARA_CO-0000388-S1.pdf
TARA_CO-0000023,D1-D1as-D1bb-D1ba-D4-D1at-D6-D1ax-D1bg-D1au,26340.0,S1.pdf,NA,NA,y,TARA_CO-0000023-S1.pdf
TARA_CO-1015744,D1-D1as-D1bb-D1ba-D4-D1at-D6-D1ax-D1bg-D1au,43933.0,S1.pdf,NA,NA,y,TARA_CO-1015744-S1.pdf
TARA_CO-0000019,D1-D1as-D1bb-D1ba-D4-D1at-D6-D1ax-D1bg-D1au,28029.0,S1.pdf,NA,NA,y,TARA_CO-0000019-S1.pdf
TARA_CO-0000223,C42a-C42.2-C1b-C1-C42b,298.0,S1.pdf,NA,NA,y,TARA_CO-0000223-S1.pdf
TARA_CO-0000223,D1-D1as-D1bb-D1ba-D4-D1at-D6-D1ax-D1bg-D1au,25891.0,S1.pdf,NA,NA,y,TARA_CO-0000223-S1.pdf
TARA_CO-0000141,D1-D1as-D1bb-D1ba-D4-D1at-D6-D1ax-D1bg-D1au,22575.0,S1.pdf,NA,NA,y,TARA_CO-0000141-S1.pdf
TARA_CO-0000389,D1-D1as-D1bb-D1ba-D4-D1at-D6-D1ax-D1bg-D1au,32362.0,S1.pdf,NA,NA,y,TARA_CO-0000389-S1.pdf
TARA_CO-0000145,D1-D1as-D1bb-D1ba-D4-D1at-D6-D1ax-D1bg-D1au,27049.0,S1.pdf,NA,NA,y,TARA_CO-0000145-S1.pdf
TARA_CO-0000074,C15/C15eo-C15ep-C15gh-C15gi-C15ed,123.0,S1.pdf,NA,NA,y,TARA_CO-0000074-S1.pdf
TARA_CO-0000074,C42a/C42.2/C1-C1b-C1au-C1j,522.0,S1.pdf,NA,NA,y,TARA_CO-0000074-S1.pdf
TARA_CO-0000074,D1-D1as-D1bb-D1ba-D4-D1at-D6-D1ax-D1bg-D1au,31682.0,S1.pdf,NA,NA,y,TARA_CO-0000074-S1.pdf
TARA_CO-0000140,D1-D1as-D1bb-D1ba-D4-D1at-D6-D1ax-D1bg-D1au,37067.0,S1.pdf,NA,NA,y,TARA_CO-0000140-S1.pdf
TARA_CO-1015087,D1-D1as-D1bb-D1ba-D4-D1at-D6-D1ax-D1bg-D1au,49930.0,S1.pdf,NA,NA,y,TARA_CO-1015087-S1.pdf
TARA_CO-0000224,C42a/C1/C42.2-C1b-C1az-C1au-C115d-C42b-C115l,1936.0,S1.pdf,NA,NA,y,TARA_CO-0000224-S1.pdf
TARA_CO-0000224,D1-D1as-D1bb-D1ba-D4-D1at-D6-D1ax-D1bg-D1au,26790.0,S1.pdf,NA,NA,y,TARA_CO-0000224-S1.pdf
TARA_CO-0000558,C42a/C42.2/C1-C1b-C1au-C1j,976.0,S1.pdf,NA,NA,y,TARA_CO-0000558-S1.pdf
TARA_CO-0000558,D1-D1as-D1bb-D1ba-D4-D1at-D6-D1ax-D1bg-D1au,6399.0,S1.pdf,NA,NA,y,TARA_CO-0000558-S1.pdf
TARA_CO-1015094,C42a/C1/C42.2/C1j/C1b-C1ci-C1au,6279.0,S1.pdf,NA,NA,y,TARA_CO-1015094-S1.pdf
TARA_CO-1015094,D1-D1as-D1bb-D1ba-D4-D1at-D6-D1ax-D1bg-D1au,37308.0,S1.pdf,NA,NA,y,TARA_CO-1015094-S1.pdf
TARA_CO-0000002,C42a/C1/C42.2-C1b-C1az-C1au-C115d-C42b-C115l,7290.0,S1.pdf,NA,NA,y,TARA_CO-0000002-S1.pdf
TARA_CO-0000002,D1-D1as-D1bb-D1ba-D4-D1at-D6-D1ax-D1bg-D1au,43749.0,S1.pdf,NA,NA,y,TARA_CO-0000002-S1.pdf
TARA_CO-0000556,C3/C3dc,70.0,S1.pdf,NA,NA,y,TARA_CO-0000556-S1.pdf
TARA_CO-0000556,C42a/C42.2/C1-C1b-C1au-C1j,1786.0,S1.pdf,NA,NA,y,TARA_CO-0000556-S1.pdf
TARA_CO-0000556,D1-D1as-D1bb-D1ba-D4-D1at-D6-D1ax-D1bg-D1au,4086.0,S1.pdf,NA,NA,y,TARA_CO-0000556-S1.pdf
TARA_CO-0000394,C42a/C42.2/C1-C1b-C42ak-C1j,7938.0,S1.pdf,NA,NA,y,TARA_CO-0000394-S1.pdf
TARA_CO-0000394,D1-D1as-D1bb-D1ba-D4-D1at-D6-D1ax-D1bg-D1au,14416.0,S1.pdf,NA,NA,y,TARA_CO-0000394-S1.pdf
TARA_CO-0000126,C42a/C1/C42.2-C1b-C1az-C1au-C115d-C42b-C115l,13220.0,S1.pdf,NA,NA,y,TARA_CO-0000126-S1.pdf
TARA_CO-0000126,D1-D1as-D1bb-D1ba-D4-D1at-D6-D1ax-D1bg-D1au,21474.0,S1.pdf,NA,NA,y,TARA_CO-0000126-S1.pdf
TARA_CO-0000016,C1/C42.2/C1b,1929.0,S1.pdf,NA,NA,y,TARA_CO-0000016-S1.pdf
TARA_CO-0000016,D1-D1as-D1bb-D1ba-D4-D1at-D6-D1ax-D1bg-D1au,17861.0,S1.pdf,NA,NA,y,TARA_CO-0000016-S1.pdf
TARA_CO-0000025,C42a/C1/C42.2-C1b-C1az-C1au-C115d-C42b-C115l,16075.0,S1.pdf,NA,NA,y,TARA_CO-0000025-S1.pdf
TARA_CO-0000025,D1-D1as-D1bb-D1ba-D4-D1at-D6-D1ax-D1bg-D1au,15435.0,S1.pdf,NA,NA,y,TARA_CO-0000025-S1.pdf
TARA_CO-1018269,C15/C15eo-C15ep-C15gh-C15gi-C15ed,45473.0,S1.pdf,NA,NA,y,TARA_CO-1018269-S1.pdf
TARA_CO-0000540,C15/C15eo-C15ep-C15gh-C15gi-C15ed,8730.0,S1.pdf,NA,NA,y,TARA_CO-0000540-S1.pdf
TARA_CO-1015699,C15/C15eo-C15ep-C15gh-C15gi-C15ed,37966.0,S1.pdf,NA,NA,y,TARA_CO-1015699-S1.pdf
TARA_CO-1015696,C15/C15eo-C15ep-C15gh-C15gi-C15ed,40985.0,S1.pdf,NA,NA,y,TARA_CO-1015696-S1.pdf
TARA_CO-1015695,C15/C15eo-C15ep-C15gh-C15gi-C15ed,52209.0,S1.pdf,NA,NA,y,TARA_CO-1015695-S1.pdf
TARA_CO-1015874,C15/C15eo-C15ep-C15gh-C15gi-C15ed,43800.0,S1.pdf,NA,NA,y,TARA_CO-1015874-S1.pdf
TARA_CO-1015691,C15/C15eo-C15ep-C15gh-C15gi-C15ed,41650.0,S1.pdf,NA,NA,y,TARA_CO-1015691-S1.pdf
TARA_CO-1017060,C15/C15eo-C15ep-C15gh-C15gi-C15ed,62874.0,S1.pdf,NA,NA,y,TARA_CO-1017060-S1.pdf
TARA_CO-1015693,C15/C15eo-C15ep-C15gh-C15gi-C15ed,35896.0,S1.pdf,NA,NA,y,TARA_CO-1015693-S1.pdf
TARA_CO-1017053,C15/C15eo-C15ep-C15gh-C15gi-C15ed,30430.0,S1.pdf,NA,NA,y,TARA_CO-1017053-S1.pdf
TARA_CO-1015692,C15/C15eo-C15ep-C15gh-C15gi-C15ed,35724.0,S1.pdf,NA,NA,y,TARA_CO-1015692-S1.pdf
TARA_CO-0000076,C15/C15eo-C15ep-C15gh-C15gi-C15ed,28608.0,S1.pdf,NA,NA,y,TARA_CO-0000076-S1.pdf
TARA_CO-1015961,C15/C15eo-C15ep-C15gh-C15gi-C15ed,29957.0,S1.pdf,NA,NA,y,TARA_CO-1015961-S1.pdf
TARA_CO-1015448,C15/C15eo-C15ep-C15gh-C15gi-C15ed,35444.0,S1.pdf,NA,NA,y,TARA_CO-1015448-S1.pdf
TARA_CO-1015865,C15/C15eo-C15ep-C15gh-C15gi-C15ed,40258.0,S1.pdf,NA,NA,y,TARA_CO-1015865-S1.pdf
TARA_CO-1017054,C15/C15eo-C15ep-C15gh-C15gi-C15ed,36400.0,S1.pdf,NA,NA,y,TARA_CO-1017054-S1.pdf
TARA_CO-1015700,C15/C15eo-C15ep-C15gh-C15gi-C15ed,41563.0,S1.pdf,NA,NA,y,TARA_CO-1015700-S1.pdf
TARA_CO-1015588,C15/C15eo-C15ep-C15gh-C15gi-C15ed,36360.0,S1.pdf,NA,NA,y,TARA_CO-1015588-S1.pdf
TARA_CO-1015868,C15/C15eo-C15ep-C15gh-C15gi-C15ed,36220.0,S1.pdf,NA,NA,y,TARA_CO-1015868-S1.pdf
TARA_CO-1015968,C15/C15eo-C15ep-C15gh-C15gi-C15ed,30508.0,S1.pdf,NA,NA,y,TARA_CO-1015968-S1.pdf
TARA_CO-0000506,C15/C15eo-C15ep-C15gh-C15gi-C15ed,5295.0,S1.pdf,NA,NA,y,TARA_CO-0000506-S1.pdf
TARA_CO-0000059,C15/C15eo-C15ep-C15gh-C15gi-C15ed,22242.0,S1.pdf,NA,NA,y,TARA_CO-0000059-S1.pdf
TARA_CO-0000156,C15/C15eo-C15ep-C15gh-C15gi-C15ed,470290.0,S1.pdf,NA,NA,y,TARA_CO-0000156-S1.pdf
TARA_CO-1015871,C15/C15eo-C15ep-C15gh-C15gi-C15ed,35224.0,S1.pdf,NA,NA,y,TARA_CO-1015871-S1.pdf
TARA_CO-1015869,C15/C15eo-C15ep-C15gh-C15gi-C15ed,30238.0,S1.pdf,NA,NA,y,TARA_CO-1015869-S1.pdf
TARA_CO-0000514,C15/C15eo-C15ep-C15gh-C15gi-C15ed,7267.0,S1.pdf,NA,NA,y,TARA_CO-0000514-S1.pdf
TARA_CO-1015963,C15/C15eo-C15ep-C15gh-C15gi-C15ed,44360.0,S1.pdf,NA,NA,y,TARA_CO-1015963-S1.pdf
TARA_CO-1015870,C15/C15eo-C15ep-C15gh-C15gi-C15ed,32338.0,S1.pdf,NA,NA,y,TARA_CO-1015870-S1.pdf
TARA_CO-1015962,C15/C15eo-C15ep-C15gh-C15gi-C15ed,29923.0,S1.pdf,NA,NA,y,TARA_CO-1015962-S1.pdf
TARA_CO-1015697,C15/C15eo-C15ep-C15gh-C15gi-C15ed,60053.0,S1.pdf,NA,NA,y,TARA_CO-1015697-S1.pdf
TARA_CO-0000155,C15/C15eo-C15ep-C15gh-C15gi-C15ed,21367.0,S1.pdf,NA,NA,y,TARA_CO-0000155-S1.pdf
TARA_CO-0000584,C1cf-C1cd-C1-C1cg-C1ck-C1cl-C1cm,21508.0,S1.pdf,NA,NA,y,TARA_CO-0000584-S1.pdf
TARA_CO-0000663,C1cf-C1cd-C1-C1cg-C1ck-C1cl-C1cm,3480.0,S1.pdf,NA,NA,y,TARA_CO-0000663-S1.pdf
TARA_CO-0000703,C1cf-C1cd-C1-C1cg-C1ck-C1cl-C1cm,4366.0,S1.pdf,NA,NA,y,TARA_CO-0000703-S1.pdf
TARA_CO-0000586,C1cf-C1cd-C1-C1cg-C1ck-C1cl-C1cm,8395.0,S1.pdf,NA,NA,y,TARA_CO-0000586-S1.pdf
TARA_CO-0000583,C1cf-C1cd-C1-C1cg-C1ck-C1cl-C1cm,8367.0,S1.pdf,NA,NA,y,TARA_CO-0000583-S1.pdf
TARA_CO-0000658,C1cf-C1cd-C1-C1cg-C1ck-C1cl-C1cm,4592.0,S1.pdf,NA,NA,y,TARA_CO-0000658-S1.pdf
TARA_CO-0000786,C1cf-C1cd-C1-C1cg-C1ck-C1cl-C1cm,6639.0,S1.pdf,NA,NA,y,TARA_CO-0000786-S1.pdf
TARA_CO-0000659,C1cf-C1cd-C1-C1cg-C1ck-C1cl-C1cm,4279.0,S1.pdf,NA,NA,y,TARA_CO-0000659-S1.pdf
TARA_CO-0000582,C1cf-C1cd-C1-C1cg-C1ck-C1cl-C1cm,14762.0,S1.pdf,NA,NA,y,TARA_CO-0000582-S1.pdf
TARA_CO-0000784,C1cf-C1cd-C1-C1cg-C1ck-C1cl-C1cm,6593.0,S1.pdf,NA,NA,y,TARA_CO-0000784-S1.pdf
TARA_CO-0000662,C1cf-C1cd-C1-C1cg-C1ck-C1cl-C1cm,4502.0,S1.pdf,NA,NA,y,TARA_CO-0000662-S1.pdf
TARA_CO-0000780,C1cf-C1cd-C1-C1cg-C1ck-C1cl-C1cm,5658.0,S1.pdf,NA,NA,y,TARA_CO-0000780-S1.pdf
TARA_CO-0000698,C1cf-C1cd-C1-C1cg-C1ck-C1cl-C1cm,4212.0,S1.pdf,NA,NA,y,TARA_CO-0000698-S1.pdf
TARA_CO-0000580,C1cf-C1cd-C1-C1cg-C1ck-C1cl-C1cm,8344.0,S1.pdf,NA,NA,y,TARA_CO-0000580-S1.pdf
TARA_CO-0000700,C1cf-C1cd-C1-C1cg-C1ck-C1cl-C1cm,5771.0,S1.pdf,NA,NA,y,TARA_CO-0000700-S1.pdf
TARA_CO-0000581,C1cf-C1cd-C1-C1cg-C1ck-C1cl-C1cm,9206.0,S1.pdf,NA,NA,y,TARA_CO-0000581-S1.pdf
TARA_CO-0000657,C1cf-C1cd-C1-C1cg-C1ck-C1cl-C1cm,4274.0,S1.pdf,NA,NA,y,TARA_CO-0000657-S1.pdf
TARA_CO-0000664,C1cf-C1cd-C1-C1cg-C1ck-C1cl-C1cm,4221.0,S1.pdf,NA,NA,y,TARA_CO-0000664-S1.pdf
TARA_CO-0000705,C1cf-C1cd-C1-C1cg-C1ck-C1cl-C1cm,3978.0,S1.pdf,NA,NA,y,TARA_CO-0000705-S1.pdf
TARA_CO-0000587,C1cf-C1cd-C1-C1cg-C1ck-C1cl-C1cm,8532.0,S1.pdf,NA,NA,y,TARA_CO-0000587-S1.pdf
TARA_CO-0000779,C1cf-C1cd-C1-C1cg-C1ck-C1cl-C1cm,5319.0,S1.pdf,NA,NA,y,TARA_CO-0000779-S1.pdf
TARA_CO-0000655,C1cf-C1cd-C1-C1cg-C1ck-C1cl-C1cm,4272.0,S1.pdf,NA,NA,y,TARA_CO-0000655-S1.pdf
TARA_CO-0000777,C1cf-C1cd-C1-C1cg-C1ck-C1cl-C1cm,6637.0,S1.pdf,NA,NA,y,TARA_CO-0000777-S1.pdf
TARA_CO-0000783,C1cf-C1cd-C1-C1cg-C1ck-C1cl-C1cm,4179.0,S1.pdf,NA,NA,y,TARA_CO-0000783-S1.pdf
TARA_CO-0000589,C1cf-C1cd-C1-C1cg-C1ck-C1cl-C1cm,8359.0,S1.pdf,NA,NA,y,TARA_CO-0000589-S1.pdf
TARA_CO-0000702,C1cf-C1cd-C1-C1cg-C1ck-C1cl-C1cm,4891.0,S1.pdf,NA,NA,y,TARA_CO-0000702-S1.pdf
TARA_CO-0000778,C1cf-C1cd-C1-C1cg-C1ck-C1cl-C1cm,6920.0,S1.pdf,NA,NA,y,TARA_CO-0000778-S1.pdf
TARA_CO-0000656,C1cf-C1cd-C1-C1cg-C1ck-C1cl-C1cm,4780.0,S1.pdf,NA,NA,y,TARA_CO-0000656-S1.pdf
TARA_CO-0000785,C1cf-C1cd-C1-C1cg-C1ck-C1cl-C1cm,5881.0,S1.pdf,NA,NA,y,TARA_CO-0000785-S1.pdf
TARA_CO-0000588,C1cf-C1cd-C1-C1cg-C1ck-C1cl-C1cm,6008.0,S1.pdf,NA,NA,y,TARA_CO-0000588-S1.pdf
TARA_CO-0000697,C1cf-C1cd-C1-C1cg-C1ck-C1cl-C1cm,3559.0,S1.pdf,NA,NA,y,TARA_CO-0000697-S1.pdf
TARA_CO-0000704,C1cf-C1cd-C1-C1cg-C1ck-C1cl-C1cm,3497.0,S1.pdf,NA,NA,y,TARA_CO-0000704-S1.pdf
TARA_CO-0001817,C42a/C42.2/C1/C1b-C1au-C1az,24404.0,S1.pdf,NA,NA,y,TARA_CO-0001817-S1.pdf
TARA_CO-0005360,C42a/C42.2/C1/C1b-C1au-C1az,59569.0,S1.pdf,NA,NA,y,TARA_CO-0005360-S1.pdf
TARA_CO-0000066,C42a/C42.2/C1/C1b-C1au-C1az,41576.0,S1.pdf,NA,NA,y,TARA_CO-0000066-S1.pdf
TARA_CO-0000068,C42a/C42.2/C1/C1b-C1au-C1az,45218.0,S1.pdf,NA,NA,y,TARA_CO-0000068-S1.pdf
TARA_CO-0000067,C42a/C42.2/C1/C1b-C1au-C1az,52912.0,S1.pdf,NA,NA,y,TARA_CO-0000067-S1.pdf
TARA_CO-0001661,C42a/C42.2/C1/C1b-C1au-C1az,14684.0,S1.pdf,NA,NA,y,TARA_CO-0001661-S1.pdf
TARA_CO-0000127,C42a/C42.2/C1/C1b-C1au-C1az,39111.0,S1.pdf,NA,NA,y,TARA_CO-0000127-S1.pdf
TARA_CO-0005357,C42a/C42.2/C1/C1b-C1au-C1az,61278.0,S1.pdf,NA,NA,y,TARA_CO-0005357-S1.pdf
TARA_CO-0004324,C42a/C42.2/C1/C1b-C1au-C1az,30879.0,S1.pdf,NA,NA,y,TARA_CO-0004324-S1.pdf
TARA_CO-0005358,C42a/C42.2/C1/C1b-C1au-C1az,54277.0,S1.pdf,NA,NA,y,TARA_CO-0005358-S1.pdf
TARA_CO-1015478,C42a/C42.2/C1/C1b-C1au-C1az,50836.0,S1.pdf,NA,NA,y,TARA_CO-1015478-S1.pdf
TARA_CO-1018346,C42a/C42.2/C1/C1b-C1au-C1az,64354.0,S1.pdf,NA,NA,y,TARA_CO-1018346-S1.pdf
TARA_CO-1018346,D1/D1aa/D1ae,182.0,S1.pdf,NA,NA,y,TARA_CO-1018346-S1.pdf
TARA_CO-1018166,C42a/C42.2/C1/C1b-C1au-C1az,43846.0,S1.pdf,NA,NA,y,TARA_CO-1018166-S1.pdf
TARA_CO-1018166,C3,3149.0,S1.pdf,NA,NA,y,TARA_CO-1018166-S1.pdf
TARA_CO-1018696,C42a/C42.2/C1/C1b-C1au-C1az,34513.0,S1.pdf,NA,NA,y,TARA_CO-1018696-S1.pdf
TARA_CO-1018696,C3,2291.0,S1.pdf,NA,NA,y,TARA_CO-1018696-S1.pdf
TARA_CO-0005325,C42a/C42.2/C1/C1b-C1au-C1az,39245.0,S1.pdf,NA,NA,y,TARA_CO-0005325-S1.pdf
TARA_CO-0005324,C42a/C42.2/C1/C1b-C1au-C1az,57445.0,S1.pdf,NA,NA,y,TARA_CO-0005324-S1.pdf
TARA_CO-0001934,C42a/C42.2/C1/C1b-C1au-C1az,42038.0,S1.pdf,NA,NA,y,TARA_CO-0001934-S1.pdf
TARA_CO-0005296,C42a/C42.2/C1/C1b-C1au-C1az,54758.0,S1.pdf,NA,NA,y,TARA_CO-0005296-S1.pdf
TARA_CO-0005147,C42a/C42.2/C1/C1b-C1au-C1az,62836.0,S1.pdf,NA,NA,y,TARA_CO-0005147-S1.pdf
TARA_CO-0005143,C42a/C42.2/C1/C1b-C1au-C1az,69944.0,S1.pdf,NA,NA,y,TARA_CO-0005143-S1.pdf
TARA_CO-0005148,C42a/C42.2/C1/C1b-C1au-C1az,37852.0,S1.pdf,NA,NA,y,TARA_CO-0005148-S1.pdf
TARA_CO-0005146,C42a/C42.2/C1/C1b-C1au-C1az,39425.0,S1.pdf,NA,NA,y,TARA_CO-0005146-S1.pdf
TARA_CO-0005144,C42a/C42.2/C1/C1b-C1au-C1az,24153.0,S1.pdf,NA,NA,y,TARA_CO-0005144-S1.pdf
TARA_CO-0005145,C42a/C42.2/C1/C1b-C1au-C1az,45401.0,S1.pdf,NA,NA,y,TARA_CO-0005145-S1.pdf
TARA_CO-0005320,C42a/C42.2/C1/C1b-C1au-C1az,35949.0,S1.pdf,NA,NA,y,TARA_CO-0005320-S1.pdf
TARA_CO-0005327,C42a/C42.2/C1/C1b-C1au-C1az,39248.0,S1.pdf,NA,NA,y,TARA_CO-0005327-S1.pdf
TARA_CO-0003206,C42a/C42.2/C1/C1b-C1au-C1az,65778.0,S1.pdf,NA,NA,y,TARA_CO-0003206-S1.pdf
TARA_CO-0003206,D1-D17d-D1r-D17e-D17c,7718.0,S1.pdf,NA,NA,y,TARA_CO-0003206-S1.pdf
TARA_CO-1015469,C42a/C42.2/C1/C1b-C1au-C1az,25736.0,S1.pdf,NA,NA,y,TARA_CO-1015469-S1.pdf
TARA_CO-1015469,D1/D1as-D1bb-D1ba-D1bh,25255.0,S1.pdf,NA,NA,y,TARA_CO-1015469-S1.pdf
TARA_CO-0004210,C1d/C1-C42.2-C1ba-C3cg-C1b-C3cw-C115k-C45c,13354.0,S1.pdf,NA,NA,y,TARA_CO-0004210-S1.pdf
TARA_CO-0004037,C1d/C1-C42.2-C1ba-C3cg-C1b-C3cw-C115k-C45c,11302.0,S1.pdf,NA,NA,y,TARA_CO-0004037-S1.pdf
TARA_CO-0002949,C1d/C1-C42.2-C1ba-C3cg-C1b-C3cw-C115k-C45c,61286.0,S1.pdf,NA,NA,y,TARA_CO-0002949-S1.pdf
TARA_CO-0005568,C1d/C1-C42.2-C1ba-C3cg-C1b-C3cw-C115k-C45c,45606.0,S1.pdf,NA,NA,y,TARA_CO-0005568-S1.pdf
TARA_CO-0004208,C1d/C1-C42.2-C1ba-C3cg-C1b-C3cw-C115k-C45c,20541.0,S1.pdf,NA,NA,y,TARA_CO-0004208-S1.pdf
TARA_CO-0001070,C1d/C1-C42.2-C1ba-C3cg-C1b-C3cw-C115k-C45c,45172.0,S1.pdf,NA,NA,y,TARA_CO-0001070-S1.pdf
TARA_OA-0002455,C1d/C1-C42.2-C1ba-C3cg-C1b-C3cw-C115k-C45c,46733.0,S1.pdf,NA,NA,y,TARA_OA-0002455-S1.pdf
TARA_OA-0002454,C1d/C1-C42.2-C1ba-C3cg-C1b-C3cw-C115k-C45c,61598.0,S1.pdf,NA,NA,y,TARA_OA-0002454-S1.pdf
TARA_OA-0002456,C1d/C1-C42.2-C1ba-C3cg-C1b-C3cw-C115k-C45c,22076.0,S1.pdf,NA,NA,y,TARA_OA-0002456-S1.pdf
TARA_CO-0002953,C1d/C1-C42.2-C1ba-C3cg-C1b-C3cw-C115k-C45c,39753.0,S1.pdf,NA,NA,y,TARA_CO-0002953-S1.pdf
TARA_CO-0005524,C1d/C1-C42.2-C1ba-C3cg-C1b-C3cw-C115k-C45c,68905.0,S1.pdf,NA,NA,y,TARA_CO-0005524-S1.pdf
TARA_CO-0001298,C1d/C1-C42.2-C1ba-C3cg-C1b-C3cw-C115k-C45c,42794.0,S1.pdf,NA,NA,y,TARA_CO-0001298-S1.pdf
TARA_CO-1016512,C1d/C1-C42.2-C1ba-C3cg-C1b-C3cw-C115k-C45c,49704.0,S1.pdf,NA,NA,y,TARA_CO-1016512-S1.pdf
TARA_CO-0004052,C1d/C1-C42.2-C1ba-C3cg-C1b-C3cw-C115k-C45c,9786.0,S1.pdf,NA,NA,y,TARA_CO-0004052-S1.pdf
TARA_CO-0005526,C1d/C1-C42.2-C1ba-C3cg-C1b-C3cw-C115k-C45c,75832.0,S1.pdf,NA,NA,y,TARA_CO-0005526-S1.pdf
TARA_CO-0004485,C1d/C1-C42.2-C1ba-C3cg-C1b-C3cw-C115k-C45c,12651.0,S1.pdf,NA,NA,y,TARA_CO-0004485-S1.pdf
TARA_CO-1018167,C1d/C1-C42.2-C1ba-C3cg-C1b-C3cw-C115k-C45c,71645.0,S1.pdf,NA,NA,y,TARA_CO-1018167-S1.pdf
TARA_CO-0004489,C1d/C1-C42.2-C1ba-C3cg-C1b-C3cw-C115k-C45c,12209.0,S1.pdf,NA,NA,y,TARA_CO-0004489-S1.pdf
TARA_CO-0004610,C1d/C1-C42.2-C1ba-C3cg-C1b-C3cw-C115k-C45c,51488.0,S1.pdf,NA,NA,y,TARA_CO-0004610-S1.pdf
TARA_CO-0004888,C1d/C1-C42.2-C1ba-C3cg-C1b-C3cw-C115k-C45c,76433.0,S1.pdf,NA,NA,y,TARA_CO-0004888-S1.pdf
TARA_CO-0001001,C1d/C1-C42.2-C1ba-C3cg-C1b-C3cw-C115k-C45c,41045.0,S1.pdf,NA,NA,y,TARA_CO-0001001-S1.pdf
TARA_CO-0005523,C1d/C1-C42.2-C1ba-C3cg-C1b-C3cw-C115k-C45c,53843.0,S1.pdf,NA,NA,y,TARA_CO-0005523-S1.pdf
TARA_CO-0003275,C1d/C1-C42.2-C1ba-C3cg-C1b-C3cw-C115k-C45c,93515.0,S1.pdf,NA,NA,y,TARA_CO-0003275-S1.pdf
TARA_CO-0005525,C1d/C1-C42.2-C1ba-C3cg-C1b-C3cw-C115k-C45c,41388.0,S1.pdf,NA,NA,y,TARA_CO-0005525-S1.pdf
TARA_CO-1018168,C1d/C1-C42.2-C1ba-C3cg-C1b-C3cw-C115k-C45c,36189.0,S1.pdf,NA,NA,y,TARA_CO-1018168-S1.pdf
TARA_FH-0000953,C1d/C1-C42.2-C1ba-C3cg-C1b-C3cw-C115k-C45c,24489.0,S1.pdf,NA,NA,y,TARA_FH-0000953-S1.pdf
TARA_CO-1016510,C1d/C1-C42.2-C1ba-C3cg-C1b-C3cw-C115k-C45c,64131.0,S1.pdf,NA,NA,y,TARA_CO-1016510-S1.pdf
TARA_CO-1018694,C1d/C1-C42.2-C1ba-C3cg-C1b-C3cw-C115k-C45c,48465.0,S1.pdf,NA,NA,y,TARA_CO-1018694-S1.pdf
TARA_CO-0005571,C1d/C1-C42.2-C1ba-C3cg-C1b-C3cw-C115k-C45c,25538.0,S1.pdf,NA,NA,y,TARA_CO-0005571-S1.pdf
TARA_CO-0004608,C1d/C1-C42.2-C1ba-C3cg-C1b-C3cw-C115k-C45c,58104.0,S1.pdf,NA,NA,y,TARA_CO-0004608-S1.pdf
TARA_CO-0004613,C1d/C1-C42.2-C1ba-C3cg-C1b-C3cw-C115k-C45c,74639.0,S1.pdf,NA,NA,y,TARA_CO-0004613-S1.pdf
TARA_CO-0004613,C116a-C116v-C116x,9107.0,S1.pdf,NA,NA,y,TARA_CO-0004613-S1.pdf
TARA_CO-0004891,C1d/C1-C42.2-C1ba-C3cg-C1b-C3cw-C115k-C45c,47776.0,S1.pdf,NA,NA,y,TARA_CO-0004891-S1.pdf
TARA_CO-0001628,C66-C66t-C66r-C66u-C66v,17177.0,S1.pdf,NA,NA,y,TARA_CO-0001628-S1.pdf
TARA_CO-0001623,C66-C66t-C66r-C66u-C66v,16518.0,S1.pdf,NA,NA,y,TARA_CO-0001623-S1.pdf
TARA_CO-1016615,C66-C66t-C66r-C66u-C66v,33843.0,S1.pdf,NA,NA,y,TARA_CO-1016615-S1.pdf
TARA_CO-1016502,C66-C66t-C66r-C66u-C66v,45922.0,S1.pdf,NA,NA,y,TARA_CO-1016502-S1.pdf
TARA_CO-1016501,C66-C66t-C66r-C66u-C66v,34716.0,S1.pdf,NA,NA,y,TARA_CO-1016501-S1.pdf
TARA_CO-1016494,C66-C66t-C66r-C66u-C66v,63969.0,S1.pdf,NA,NA,y,TARA_CO-1016494-S1.pdf
TARA_CO-1016914,C66-C66t-C66r-C66u-C66v,53141.0,S1.pdf,NA,NA,y,TARA_CO-1016914-S1.pdf
TARA_CO-1016686,C66-C66t-C66r-C66u-C66v,48223.0,S1.pdf,NA,NA,y,TARA_CO-1016686-S1.pdf
TARA_CO-1016411,C66-C66t-C66r-C66u-C66v,42807.0,S1.pdf,NA,NA,y,TARA_CO-1016411-S1.pdf
TARA_CO-1016229,C66-C66t-C66r-C66u-C66v,64670.0,S1.pdf,NA,NA,y,TARA_CO-1016229-S1.pdf
TARA_CO-1016227,C66-C66t-C66r-C66u-C66v,84867.0,S1.pdf,NA,NA,y,TARA_CO-1016227-S1.pdf
TARA_CO-1016912,C66-C66t-C66r-C66u-C66v,44211.0,S1.pdf,NA,NA,y,TARA_CO-1016912-S1.pdf
TARA_CO-1016495,C66-C66t-C66r-C66u-C66v,66472.0,S1.pdf,NA,NA,y,TARA_CO-1016495-S1.pdf
TARA_CO-1016613,C66-C66t-C66r-C66u-C66v,59141.0,S1.pdf,NA,NA,y,TARA_CO-1016613-S1.pdf
TARA_CO-1016613,G3a,253.0,S1.pdf,NA,NA,y,TARA_CO-1016613-S1.pdf
TARA_CO-1016918,C66-C66t-C66r-C66u-C66v,44947.0,S1.pdf,NA,NA,y,TARA_CO-1016918-S1.pdf
TARA_CO-1016909,C66-C66t-C66r-C66u-C66v,43053.0,S1.pdf,NA,NA,y,TARA_CO-1016909-S1.pdf
TARA_CO-1016911,C66-C66t-C66r-C66u-C66v,52256.0,S1.pdf,NA,NA,y,TARA_CO-1016911-S1.pdf
TARA_CO-1016406,C66-C66t-C66r-C66u-C66v,36267.0,S1.pdf,NA,NA,y,TARA_CO-1016406-S1.pdf
TARA_CO-1016407,C66-C66t-C66r-C66u-C66v,41524.0,S1.pdf,NA,NA,y,TARA_CO-1016407-S1.pdf
TARA_CO-1016619,C66-C66t-C66r-C66u-C66v,52626.0,S1.pdf,NA,NA,y,TARA_CO-1016619-S1.pdf
TARA_CO-1016910,C66-C66t-C66r-C66u-C66v,74744.0,S1.pdf,NA,NA,y,TARA_CO-1016910-S1.pdf
TARA_CO-1016916,C66-C66t-C66r-C66u-C66v,43217.0,S1.pdf,NA,NA,y,TARA_CO-1016916-S1.pdf
TARA_CO-1016916,C116a-C116v-C116x,5806.0,S1.pdf,NA,NA,y,TARA_CO-1016916-S1.pdf
TARA_CO-1016408,C66-C66t-C66r-C66u-C66v,63698.0,S1.pdf,NA,NA,y,TARA_CO-1016408-S1.pdf
TARA_CO-1016917,C66-C66t-C66r-C66u-C66v,64817.0,S1.pdf,NA,NA,y,TARA_CO-1016917-S1.pdf
TARA_CO-1016503,C66-C66t-C66r-C66u-C66v,61348.0,S1.pdf,NA,NA,y,TARA_CO-1016503-S1.pdf
TARA_CO-1016503,C15h,10714.0,S1.pdf,NA,NA,y,TARA_CO-1016503-S1.pdf
TARA_CO-1016694,C66-C66t-C66r-C66u-C66v,37718.0,S1.pdf,NA,NA,y,TARA_CO-1016694-S1.pdf
TARA_CO-0003234,C66-C66t-C66r-C66u-C66v,51583.0,S1.pdf,NA,NA,y,TARA_CO-0003234-S1.pdf
TARA_CO-1016618,C66-C66t-C66r-C66u-C66v,60229.0,S1.pdf,NA,NA,y,TARA_CO-1016618-S1.pdf
TARA_CO-1016617,C66-C66t-C66r-C66u-C66v,37488.0,S1.pdf,NA,NA,y,TARA_CO-1016617-S1.pdf
TARA_CO-0002270,A7u/A8b/A7v-A7w-A16d-A8a-A3-A7x,15112.0,S1.pdf,NA,NA,y,TARA_CO-0002270-S1.pdf
TARA_CO-0002179,A7u/A8b/A7v-A7w-A16d-A8a-A3-A7x,15623.0,S1.pdf,NA,NA,y,TARA_CO-0002179-S1.pdf
TARA_CO-0002273,A7u/A8b/A7v-A7w-A16d-A8a-A3-A7x,7468.0,S1.pdf,NA,NA,y,TARA_CO-0002273-S1.pdf
TARA_CO-0002266,A7u/A8b/A7v-A7w-A16d-A8a-A3-A7x,15251.0,S1.pdf,NA,NA,y,TARA_CO-0002266-S1.pdf
TARA_CO-0002037,A7u/A8b/A7v-A7w-A16d-A8a-A3-A7x,13554.0,S1.pdf,NA,NA,y,TARA_CO-0002037-S1.pdf
TARA_CO-0002267,A7u/A8b/A7v-A7w-A16d-A8a-A3-A7x,7273.0,S1.pdf,NA,NA,y,TARA_CO-0002267-S1.pdf
TARA_CO-0002268,A7u/A8b/A7v-A7w-A16d-A8a-A3-A7x,6487.0,S1.pdf,NA,NA,y,TARA_CO-0002268-S1.pdf
TARA_CO-0002039,A7u/A8b/A7v-A7w-A16d-A8a-A3-A7x,12613.0,S1.pdf,NA,NA,y,TARA_CO-0002039-S1.pdf
TARA_CO-0002274,A7u/A8b/A7v-A7w-A16d-A8a-A3-A7x,6517.0,S1.pdf,NA,NA,y,TARA_CO-0002274-S1.pdf
TARA_CO-0002038,A7u/A8b/A7v-A7w-A16d-A8a-A3-A7x,15285.0,S1.pdf,NA,NA,y,TARA_CO-0002038-S1.pdf
TARA_CO-0002040,A7u/A8b/A7v-A7w-A16d-A8a-A3-A7x,11488.0,S1.pdf,NA,NA,y,TARA_CO-0002040-S1.pdf
TARA_CO-0002180,A7u/A8b/A7v-A7w-A16d-A8a-A3-A7x,13782.0,S1.pdf,NA,NA,y,TARA_CO-0002180-S1.pdf
TARA_CO-0002275,A7u/A8b/A7v-A7w-A16d-A8a-A3-A7x,7984.0,S1.pdf,NA,NA,y,TARA_CO-0002275-S1.pdf
TARA_CO-0002181,A7u/A8b/A7v-A7w-A16d-A8a-A3-A7x,14151.0,S1.pdf,NA,NA,y,TARA_CO-0002181-S1.pdf
TARA_CO-0002043,A7u/A8b/A7v-A7w-A16d-A8a-A3-A7x,14557.0,S1.pdf,NA,NA,y,TARA_CO-0002043-S1.pdf
TARA_CO-0002182,A7u/A8b/A7v-A7w-A16d-A8a-A3-A7x,14698.0,S1.pdf,NA,NA,y,TARA_CO-0002182-S1.pdf
TARA_CO-0002272,A7u/A8b/A7v-A7w-A16d-A8a-A3-A7x,7379.0,S1.pdf,NA,NA,y,TARA_CO-0002272-S1.pdf
TARA_CO-0002044,A7u/A8b/A7v-A7w-A16d-A8a-A3-A7x,21397.0,S1.pdf,NA,NA,y,TARA_CO-0002044-S1.pdf
TARA_CO-0002183,A7u/A8b/A7v-A7w-A16d-A8a-A3-A7x,5914.0,S1.pdf,NA,NA,y,TARA_CO-0002183-S1.pdf
TARA_CO-0002176,A7u/A8b/A7v-A7w-A16d-A8a-A3-A7x,13502.0,S1.pdf,NA,NA,y,TARA_CO-0002176-S1.pdf
TARA_CO-0002177,A7u/A8b/A7v-A7w-A16d-A8a-A3-A7x,17042.0,S1.pdf,NA,NA,y,TARA_CO-0002177-S1.pdf
TARA_CO-0002178,A7u/A8b/A7v-A7w-A16d-A8a-A3-A7x,14527.0,S1.pdf,NA,NA,y,TARA_CO-0002178-S1.pdf
TARA_CO-0002045,A7u/A8b/A7v-A7w-A16d-A8a-A3-A7x,12328.0,S1.pdf,NA,NA,y,TARA_CO-0002045-S1.pdf
TARA_CO-0002045,C15/C15m-C15ae,434.0,S1.pdf,NA,NA,y,TARA_CO-0002045-S1.pdf
TARA_CO-0002045,F3.1,168.0,S1.pdf,NA,NA,y,TARA_CO-0002045-S1.pdf
TARA_CO-0002271,A7u/A8b/A7v-A7w-A16d-A8a-A3-A7x,5096.0,S1.pdf,NA,NA,y,TARA_CO-0002271-S1.pdf
TARA_CO-0002269,A7u/A8b/A7v-A7w-A16d-A8a-A3-A7x,5716.0,S1.pdf,NA,NA,y,TARA_CO-0002269-S1.pdf
TARA_CO-0002185,A7u/A8b/A7v-A7w-A16d-A8a-A3-A7x,14250.0,S1.pdf,NA,NA,y,TARA_CO-0002185-S1.pdf
TARA_CO-0002185,C15bd/C15bh/C15-C116o-C116p-C15r,239.0,S1.pdf,NA,NA,y,TARA_CO-0002185-S1.pdf
TARA_CO-0002184,A7u/A8b/A7v-A7w-A16d-A8a-A3-A7x,6029.0,S1.pdf,NA,NA,y,TARA_CO-0002184-S1.pdf
TARA_CO-0002041,A7u/A8b/A7v-A7w-A16d-A8a-A3-A7x,236967.0,S1.pdf,NA,NA,y,TARA_CO-0002041-S1.pdf
TARA_CO-0002041,C15/C15m,63378.0,S1.pdf,NA,NA,y,TARA_CO-0002041-S1.pdf
TARA_CO-0002041,F3.1,51308.0,S1.pdf,NA,NA,y,TARA_CO-0002041-S1.pdf
TARA_CO-0002041,G3j,21140.0,S1.pdf,NA,NA,y,TARA_CO-0002041-S1.pdf
TARA_CO-0001247,C15-C15l-C15n-C15bb-C15br-C15.8,61678.0,S1.pdf,NA,NA,y,TARA_CO-0001247-S1.pdf
TARA_CO-0001016,C15-C15l-C15n-C15bb-C15br-C15.8,42355.0,S1.pdf,NA,NA,y,TARA_CO-0001016-S1.pdf
TARA_CO-0001673,C15-C15l-C15n-C15bb-C15br-C15.8,20876.0,S1.pdf,NA,NA,y,TARA_CO-0001673-S1.pdf
TARA_CO-0001011,C15-C15l-C15n-C15bb-C15br-C15.8,49858.0,S1.pdf,NA,NA,y,TARA_CO-0001011-S1.pdf
TARA_CO-0004900,C15-C15l-C15n-C15bb-C15br-C15.8,28526.0,S1.pdf,NA,NA,y,TARA_CO-0004900-S1.pdf
TARA_CO-0001616,C15-C15l-C15n-C15bb-C15br-C15.8,15795.0,S1.pdf,NA,NA,y,TARA_CO-0001616-S1.pdf
TARA_CO-0001827,C15-C15l-C15n-C15bb-C15br-C15.8,20476.0,S1.pdf,NA,NA,y,TARA_CO-0001827-S1.pdf
TARA_CO-0003369,C15-C15l-C15n-C15bb-C15br-C15.8,55555.0,S1.pdf,NA,NA,y,TARA_CO-0003369-S1.pdf
TARA_CO-0003308,C15-C15l-C15n-C15bb-C15br-C15.8,61735.0,S1.pdf,NA,NA,y,TARA_CO-0003308-S1.pdf
TARA_CO-0003366,C15-C15l-C15n-C15bb-C15br-C15.8,61425.0,S1.pdf,NA,NA,y,TARA_CO-0003366-S1.pdf
TARA_CO-0001826,C15-C15l-C15n-C15bb-C15br-C15.8,19180.0,S1.pdf,NA,NA,y,TARA_CO-0001826-S1.pdf
TARA_CO-0001015,C15-C15l-C15n-C15bb-C15br-C15.8,62253.0,S1.pdf,NA,NA,y,TARA_CO-0001015-S1.pdf
TARA_CO-0001671,C15-C15l-C15n-C15bb-C15br-C15.8,17457.0,S1.pdf,NA,NA,y,TARA_CO-0001671-S1.pdf
TARA_CO-0004895,C15-C15l-C15n-C15bb-C15br-C15.8,44051.0,S1.pdf,NA,NA,y,TARA_CO-0004895-S1.pdf
TARA_CO-0001675,C15-C15l-C15n-C15bb-C15br-C15.8,16530.0,S1.pdf,NA,NA,y,TARA_CO-0001675-S1.pdf
TARA_CO-0001675,G3a-G3ai,138.0,S1.pdf,NA,NA,y,TARA_CO-0001675-S1.pdf
TARA_CO-0001678,C15-C15l-C15n-C15bb-C15br-C15.8,16794.0,S1.pdf,NA,NA,y,TARA_CO-0001678-S1.pdf
TARA_CO-0001307,C15-C15l-C15n-C15bb-C15br-C15.8,74145.0,S1.pdf,NA,NA,y,TARA_CO-0001307-S1.pdf
TARA_CO-0001830,C15-C15l-C15n-C15bb-C15br-C15.8,17872.0,S1.pdf,NA,NA,y,TARA_CO-0001830-S1.pdf
TARA_CO-0004893,C15-C15l-C15n-C15bb-C15br-C15.8,58455.0,S1.pdf,NA,NA,y,TARA_CO-0004893-S1.pdf
TARA_CO-0001076,C15-C15l-C15n-C15bb-C15br-C15.8,62328.0,S1.pdf,NA,NA,y,TARA_CO-0001076-S1.pdf
TARA_CO-0004899,C15-C15l-C15n-C15bb-C15br-C15.8,45891.0,S1.pdf,NA,NA,y,TARA_CO-0004899-S1.pdf
TARA_CO-0004898,C15-C15l-C15n-C15bb-C15br-C15.8,64876.0,S1.pdf,NA,NA,y,TARA_CO-0004898-S1.pdf
TARA_CO-0003577,C15-C15l-C15n-C15bb-C15br-C15.8,45372.0,S1.pdf,NA,NA,y,TARA_CO-0003577-S1.pdf
TARA_CO-0001425,C15-C15l-C15n-C15bb-C15br-C15.8,38299.0,S1.pdf,NA,NA,y,TARA_CO-0001425-S1.pdf
TARA_CO-0001430,C15-C15l-C15n-C15bb-C15br-C15.8,57651.0,S1.pdf,NA,NA,y,TARA_CO-0001430-S1.pdf
TARA_CO-0004894,C15-C15l-C15n-C15bb-C15br-C15.8,51684.0,S1.pdf,NA,NA,y,TARA_CO-0004894-S1.pdf
TARA_CO-0001672,C15-C15l-C15n-C15bb-C15br-C15.8,14124.0,S1.pdf,NA,NA,y,TARA_CO-0001672-S1.pdf
TARA_CO-0001672,G3d/G3e-G3c-G3f-G3g-G3h,2395.0,S1.pdf,NA,NA,y,TARA_CO-0001672-S1.pdf
TARA_CO-0002283,C15bd/C15bh/C15-C116o-C116p-C15r,13249.0,S1.pdf,NA,NA,y,TARA_CO-0002283-S1.pdf
TARA_CO-0002145,C15bd/C15bh/C15-C116o-C116p-C15r,13964.0,S1.pdf,NA,NA,y,TARA_CO-0002145-S1.pdf
TARA_CO-0000800,C15bd/C15bh/C15-C116o-C116p-C15r,16446.0,S1.pdf,NA,NA,y,TARA_CO-0000800-S1.pdf
TARA_CO-0000801,C15bd/C15bh/C15-C116o-C116p-C15r,14437.0,S1.pdf,NA,NA,y,TARA_CO-0000801-S1.pdf
TARA_CO-0000798,C15bd/C15bh/C15-C116o-C116p-C15r,18297.0,S1.pdf,NA,NA,y,TARA_CO-0000798-S1.pdf
TARA_CO-0000797,C15bd/C15bh/C15-C116o-C116p-C15r,16363.0,S1.pdf,NA,NA,y,TARA_CO-0000797-S1.pdf
TARA_CO-0002136,C15bd/C15bh/C15-C116o-C116p-C15r,10732.0,S1.pdf,NA,NA,y,TARA_CO-0002136-S1.pdf
TARA_CO-0000915,C15bd/C15bh/C15-C116o-C116p-C15r,15416.0,S1.pdf,NA,NA,y,TARA_CO-0000915-S1.pdf
TARA_CO-0000963,C15bd/C15bh/C15-C116o-C116p-C15r,39388.0,S1.pdf,NA,NA,y,TARA_CO-0000963-S1.pdf
TARA_CO-0000799,C15bd/C15bh/C15-C116o-C116p-C15r,16812.0,S1.pdf,NA,NA,y,TARA_CO-0000799-S1.pdf
TARA_CO-0000964,C15bd/C15bh/C15-C116o-C116p-C15r,55831.0,S1.pdf,NA,NA,y,TARA_CO-0000964-S1.pdf
TARA_CO-0000960,C15bd/C15bh/C15-C116o-C116p-C15r,34723.0,S1.pdf,NA,NA,y,TARA_CO-0000960-S1.pdf
TARA_CO-0002281,C15bd/C15bh/C15-C116o-C116p-C15r,9802.0,S1.pdf,NA,NA,y,TARA_CO-0002281-S1.pdf
TARA_CO-0002285,C15bd/C15bh/C15-C116o-C116p-C15r,12028.0,S1.pdf,NA,NA,y,TARA_CO-0002285-S1.pdf
TARA_CO-0002142,C15bd/C15bh/C15-C116o-C116p-C15r,11234.0,S1.pdf,NA,NA,y,TARA_CO-0002142-S1.pdf
TARA_CO-0000914,C15bd/C15bh/C15-C116o-C116p-C15r,47442.0,S1.pdf,NA,NA,y,TARA_CO-0000914-S1.pdf
TARA_CO-0002139,C15bd/C15bh/C15-C116o-C116p-C15r,10981.0,S1.pdf,NA,NA,y,TARA_CO-0002139-S1.pdf
TARA_CO-0000913,C15bd/C15bh/C15-C116o-C116p-C15r,34785.0,S1.pdf,NA,NA,y,TARA_CO-0000913-S1.pdf
TARA_CO-0002140,C15bd/C15bh/C15-C116o-C116p-C15r,10407.0,S1.pdf,NA,NA,y,TARA_CO-0002140-S1.pdf
TARA_CO-0002137,C15bd/C15bh/C15-C116o-C116p-C15r,14888.0,S1.pdf,NA,NA,y,TARA_CO-0002137-S1.pdf
TARA_CO-0000962,C15bd/C15bh/C15-C116o-C116p-C15r,53475.0,S1.pdf,NA,NA,y,TARA_CO-0000962-S1.pdf
TARA_CO-0002047,C15bd/C15bh/C15-C116o-C116p-C15r,14472.0,S1.pdf,NA,NA,y,TARA_CO-0002047-S1.pdf
TARA_CO-0000908,C15bd/C15bh/C15-C116o-C116p-C15r,53423.0,S1.pdf,NA,NA,y,TARA_CO-0000908-S1.pdf
TARA_CO-0000916,C15bd/C15bh/C15-C116o-C116p-C15r,16932.0,S1.pdf,NA,NA,y,TARA_CO-0000916-S1.pdf
TARA_CO-0005316,C57d-C57a-C57i,68259.0,S1.pdf,NA,NA,y,TARA_CO-0005316-S1.pdf
TARA_CO-0005371,C57d-C57a-C57i,80064.0,S1.pdf,NA,NA,y,TARA_CO-0005371-S1.pdf
TARA_CO-0005374,C57d-C57a-C57i,49180.0,S1.pdf,NA,NA,y,TARA_CO-0005374-S1.pdf
TARA_CO-0005314,C57d-C57a-C57i,81866.0,S1.pdf,NA,NA,y,TARA_CO-0005314-S1.pdf
TARA_CO-0005346,C57d-C57a-C57i,88107.0,S1.pdf,NA,NA,y,TARA_CO-0005346-S1.pdf
TARA_CO-0005380,C57d-C57a-C57i,65222.0,S1.pdf,NA,NA,y,TARA_CO-0005380-S1.pdf
TARA_CO-0005318,C57d-C57a-C57i,82979.0,S1.pdf,NA,NA,y,TARA_CO-0005318-S1.pdf
TARA_CO-0005377,C57d-C57a-C57i,62699.0,S1.pdf,NA,NA,y,TARA_CO-0005377-S1.pdf
TARA_CO-0005317,C57d-C57a-C57i,42285.0,S1.pdf,NA,NA,y,TARA_CO-0005317-S1.pdf
TARA_CO-0005348,C57d-C57a-C57i,30508.0,S1.pdf,NA,NA,y,TARA_CO-0005348-S1.pdf
TARA_CO-0005315,C57d-C57a-C57i,21226.0,S1.pdf,NA,NA,y,TARA_CO-0005315-S1.pdf
TARA_CO-0005378,C57d-C57a-C57i,90246.0,S1.pdf,NA,NA,y,TARA_CO-0005378-S1.pdf
TARA_CO-0005311,C57d-C57a-C57i,58402.0,S1.pdf,NA,NA,y,TARA_CO-0005311-S1.pdf
TARA_CO-0005312,C57d-C57a-C57i,55916.0,S1.pdf,NA,NA,y,TARA_CO-0005312-S1.pdf
TARA_CO-0005319,C57d-C57a-C57i,45448.0,S1.pdf,NA,NA,y,TARA_CO-0005319-S1.pdf
TARA_CO-1014403,C57d-C57a-C57i,40739.0,S1.pdf,NA,NA,y,TARA_CO-1014403-S1.pdf
TARA_CO-0005343,C57d-C57a-C57i,66090.0,S1.pdf,NA,NA,y,TARA_CO-0005343-S1.pdf
TARA_CO-1014402,C57d-C57a-C57i,33205.0,S1.pdf,NA,NA,y,TARA_CO-1014402-S1.pdf
TARA_CO-0003583,C57d-C57a-C57i,56853.0,S1.pdf,NA,NA,y,TARA_CO-0003583-S1.pdf
TARA_CO-0005310,C57d-C57a-C57i,43678.0,S1.pdf,NA,NA,y,TARA_CO-0005310-S1.pdf
TARA_CO-0005345,C57d-C57a-C57i,47610.0,S1.pdf,NA,NA,y,TARA_CO-0005345-S1.pdf
TARA_CO-0005313,C57d-C57a-C57i,55741.0,S1.pdf,NA,NA,y,TARA_CO-0005313-S1.pdf
TARA_CO-0005313,C91,3939.0,S1.pdf,NA,NA,y,TARA_CO-0005313-S1.pdf
TARA_CO-0005342,C57d-C57a-C57i,44347.0,S1.pdf,NA,NA,y,TARA_CO-0005342-S1.pdf
TARA_CO-0005350,C57d-C57a-C57i,41518.0,S1.pdf,NA,NA,y,TARA_CO-0005350-S1.pdf
TARA_CO-0005376,C57d-C57a-C57i,34179.0,S1.pdf,NA,NA,y,TARA_CO-0005376-S1.pdf
TARA_CO-1016947,C15-C15eu,82114.0,S1.pdf,NA,NA,y,TARA_CO-1016947-S1.pdf
TARA_CO-1016948,C15-C15eu,54505.0,S1.pdf,NA,NA,y,TARA_CO-1016948-S1.pdf
TARA_CO-1016592,C15-C15eu,71548.0,S1.pdf,NA,NA,y,TARA_CO-1016592-S1.pdf
TARA_CO-0003054,C15-C15eu,65170.0,S1.pdf,NA,NA,y,TARA_CO-0003054-S1.pdf
TARA_CO-0003053,C15-C15eu,49717.0,S1.pdf,NA,NA,y,TARA_CO-0003053-S1.pdf
TARA_CO-0003456,C15-C15eu,49417.0,S1.pdf,NA,NA,y,TARA_CO-0003456-S1.pdf
TARA_CO-1016946,C15-C15eu,51520.0,S1.pdf,NA,NA,y,TARA_CO-1016946-S1.pdf
TARA_CO-1018824,C15-C15eu,63194.0,S1.pdf,NA,NA,y,TARA_CO-1018824-S1.pdf
TARA_CO-0003450,C15-C15eu,58497.0,S1.pdf,NA,NA,y,TARA_CO-0003450-S1.pdf
TARA_CO-1016696,C15-C15eu,59649.0,S1.pdf,NA,NA,y,TARA_CO-1016696-S1.pdf
TARA_CO-1016596,C15-C15eu,53200.0,S1.pdf,NA,NA,y,TARA_CO-1016596-S1.pdf
TARA_CO-1018829,C15-C15eu,54216.0,S1.pdf,NA,NA,y,TARA_CO-1018829-S1.pdf
TARA_CO-1016704,C15-C15eu,42692.0,S1.pdf,NA,NA,y,TARA_CO-1016704-S1.pdf
TARA_CO-0003364,C15-C15eu,53019.0,S1.pdf,NA,NA,y,TARA_CO-0003364-S1.pdf
TARA_CO-1016112,C15-C15eu,57703.0,S1.pdf,NA,NA,y,TARA_CO-1016112-S1.pdf
TARA_CO-0003360,C15-C15eu,79518.0,S1.pdf,NA,NA,y,TARA_CO-0003360-S1.pdf
TARA_CO-1016944,C15-C15eu,52158.0,S1.pdf,NA,NA,y,TARA_CO-1016944-S1.pdf
TARA_CO-1016698,C15-C15eu,62170.0,S1.pdf,NA,NA,y,TARA_CO-1016698-S1.pdf
TARA_CO-1018827,C15-C15eu,52971.0,S1.pdf,NA,NA,y,TARA_CO-1018827-S1.pdf
TARA_CO-1016697,C15-C15eu,70946.0,S1.pdf,NA,NA,y,TARA_CO-1016697-S1.pdf
TARA_CO-1016117,C15-C15eu,48440.0,S1.pdf,NA,NA,y,TARA_CO-1016117-S1.pdf
TARA_CO-1016595,C15-C15eu,56669.0,S1.pdf,NA,NA,y,TARA_CO-1016595-S1.pdf
TARA_CO-1016600,C15-C15eu,49435.0,S1.pdf,NA,NA,y,TARA_CO-1016600-S1.pdf
TARA_CO-1016940,C15-C15eu,73449.0,S1.pdf,NA,NA,y,TARA_CO-1016940-S1.pdf
TARA_CO-0003049,D1/D2d,59451.0,S1.pdf,NA,NA,y,TARA_CO-0003049-S1.pdf
TARA_CO-0003047,C15h/C15,562.0,S1.pdf,NA,NA,y,TARA_CO-0003047-S1.pdf
TARA_CO-0003047,D1/D2d,54045.0,S1.pdf,NA,NA,y,TARA_CO-0003047-S1.pdf
TARA_CO-0003468,D1/D2d,72735.0,S1.pdf,NA,NA,y,TARA_CO-0003468-S1.pdf
TARA_CO-0003048,C15h-C15-C116,239.0,S1.pdf,NA,NA,y,TARA_CO-0003048-S1.pdf
TARA_CO-0003048,D1/D2d,47162.0,S1.pdf,NA,NA,y,TARA_CO-0003048-S1.pdf
TARA_CO-0003467,D1/D2d,74763.0,S1.pdf,NA,NA,y,TARA_CO-0003467-S1.pdf
TARA_CO-1016961,D1/D2d,80274.0,S1.pdf,NA,NA,y,TARA_CO-1016961-S1.pdf
TARA_CO-0003465,D1/D2d,44036.0,S1.pdf,NA,NA,y,TARA_CO-0003465-S1.pdf
TARA_CO-0003651,C42.2/C116/C1-C1b,2787.0,S1.pdf,NA,NA,y,TARA_CO-0003651-S1.pdf
TARA_CO-0003651,D1/D2d,42504.0,S1.pdf,NA,NA,y,TARA_CO-0003651-S1.pdf
TARA_CO-0001235,D1/D2d,44649.0,S1.pdf,NA,NA,y,TARA_CO-0001235-S1.pdf
TARA_CO-0003646,D1/D2d,44701.0,S1.pdf,NA,NA,y,TARA_CO-0003646-S1.pdf
TARA_CO-1014878,D1/D2d,38028.0,S1.pdf,NA,NA,y,TARA_CO-1014878-S1.pdf
TARA_CO-0003040,C15h-C15do-C116s-C116r-C15dp,6785.0,S1.pdf,NA,NA,y,TARA_CO-0003040-S1.pdf
TARA_CO-0003040,D1/D2d,31977.0,S1.pdf,NA,NA,y,TARA_CO-0003040-S1.pdf
TARA_CO-1014873,D1/D2d,52070.0,S1.pdf,NA,NA,y,TARA_CO-1014873-S1.pdf
TARA_CO-1015082,D1/D2d,25451.0,S1.pdf,NA,NA,y,TARA_CO-1015082-S1.pdf
TARA_CO-1015245,D1/D2d,31148.0,S1.pdf,NA,NA,y,TARA_CO-1015245-S1.pdf
TARA_CO-0003644,D1/D2d,52108.0,S1.pdf,NA,NA,y,TARA_CO-0003644-S1.pdf
TARA_CO-0003652,C15h-C116s-C15dp,18231.0,S1.pdf,NA,NA,y,TARA_CO-0003652-S1.pdf
TARA_CO-0003652,C91k,2062.0,S1.pdf,NA,NA,y,TARA_CO-0003652-S1.pdf
TARA_CO-0003652,C1d/C1/C42.2,674.0,S1.pdf,NA,NA,y,TARA_CO-0003652-S1.pdf
TARA_CO-0003652,D1/D2d,35118.0,S1.pdf,NA,NA,y,TARA_CO-0003652-S1.pdf
TARA_CO-1015247,C42a/C1/C42.2/C1j/C1b-C1ci-C1au,15847.0,S1.pdf,NA,NA,y,TARA_CO-1015247-S1.pdf
TARA_CO-1015247,D1/D2d,35939.0,S1.pdf,NA,NA,y,TARA_CO-1015247-S1.pdf
TARA_CO-0001239,D1/D2d,39547.0,S1.pdf,NA,NA,y,TARA_CO-0001239-S1.pdf
TARA_CO-0003563,D1/D2d,25937.0,S1.pdf,NA,NA,y,TARA_CO-0003563-S1.pdf
TARA_CO-0003276,C116a-C116v-C116x,39329.0,S1.pdf,NA,NA,y,TARA_CO-0003276-S1.pdf
TARA_CO-0003276,D1/D2d,27498.0,S1.pdf,NA,NA,y,TARA_CO-0003276-S1.pdf
TARA_CO-0002382,A7/A16d-A16g-A16f,8580.0,S1.pdf,NA,NA,y,TARA_CO-0002382-S1.pdf
TARA_CO-0005612,A7/A16d-A16g-A16f,35755.0,S1.pdf,NA,NA,y,TARA_CO-0005612-S1.pdf
TARA_CO-0002426,A7/A16d-A16g-A16f,20192.0,S1.pdf,NA,NA,y,TARA_CO-0002426-S1.pdf
TARA_CO-0005344,A7/A16d-A16g-A16f,40116.0,S1.pdf,NA,NA,y,TARA_CO-0005344-S1.pdf
TARA_CO-0005674,A7/A16d-A16g-A16f,52682.0,S1.pdf,NA,NA,y,TARA_CO-0005674-S1.pdf
TARA_CO-1018009,A7/A16d-A16g-A16f,33766.0,S1.pdf,NA,NA,y,TARA_CO-1018009-S1.pdf
TARA_CO-1018009,A3,9311.0,S1.pdf,NA,NA,y,TARA_CO-1018009-S1.pdf
TARA_CO-1018009,C66,51.0,S1.pdf,NA,NA,y,TARA_CO-1018009-S1.pdf
TARA_CO-1018009,C15h/C15,189.0,S1.pdf,NA,NA,y,TARA_CO-1018009-S1.pdf
TARA_CO-0003046,D1/D1aa-D2d-D1ae-D1ag-D1ah-D2e-D1y,108352.0,S1.pdf,NA,NA,y,TARA_CO-0003046-S1.pdf
TARA_CO-0003041,D1/D1aa-D2d-D1ae-D1ag-D1ah-D2e-D1y,66375.0,S1.pdf,NA,NA,y,TARA_CO-0003041-S1.pdf
TARA_CO-1016605,D1/D1aa-D2d-D1ae-D1ag-D1ah-D2e-D1y,95353.0,S1.pdf,NA,NA,y,TARA_CO-1016605-S1.pdf
TARA_CO-1018832,D1/D1aa-D2d-D1ae-D1ag-D1ah-D2e-D1y,106859.0,S1.pdf,NA,NA,y,TARA_CO-1018832-S1.pdf
TARA_CO-1018910,D1/D1aa-D2d-D1ae-D1ag-D1ah-D2e-D1y,57640.0,S1.pdf,NA,NA,y,TARA_CO-1018910-S1.pdf
TARA_CO-1016960,D1/D1aa-D2d-D1ae-D1ag-D1ah-D2e-D1y,63833.0,S1.pdf,NA,NA,y,TARA_CO-1016960-S1.pdf
TARA_CO-1018904,D1/D1aa-D2d-D1ae-D1ag-D1ah-D2e-D1y,64725.0,S1.pdf,NA,NA,y,TARA_CO-1018904-S1.pdf
TARA_CO-0003200,C116a-C116v-C116x,178.0,S1.pdf,NA,NA,y,TARA_CO-0003200-S1.pdf
TARA_CO-0003200,D1/D1aa-D2d-D1ae-D1ag-D1ah-D2e-D1y,95815.0,S1.pdf,NA,NA,y,TARA_CO-0003200-S1.pdf
TARA_CO-1016707,D1/D1aa-D2d-D1ae-D1ag-D1ah-D2e-D1y,68092.0,S1.pdf,NA,NA,y,TARA_CO-1016707-S1.pdf
TARA_CO-1016705,D1/D1aa-D2d-D1ae-D1ag-D1ah-D2e-D1y,55968.0,S1.pdf,NA,NA,y,TARA_CO-1016705-S1.pdf
TARA_CO-0001668,D1/D1aa-D2d-D1ae-D1ag-D1ah-D2e-D1y,14841.0,S1.pdf,NA,NA,y,TARA_CO-0001668-S1.pdf
TARA_CO-1018837,D1/D1aa-D2d-D1ae-D1ag-D1ah-D2e-D1y,54559.0,S1.pdf,NA,NA,y,TARA_CO-1018837-S1.pdf
TARA_CO-0001662,D1/D1aa-D2d-D1ae-D1ag-D1ah-D2e-D1y,11848.0,S1.pdf,NA,NA,y,TARA_CO-0001662-S1.pdf
TARA_CO-1018836,D1/D1aa-D2d-D1ae-D1ag-D1ah-D2e-D1y,70793.0,S1.pdf,NA,NA,y,TARA_CO-1018836-S1.pdf
TARA_CO-1016239,C1-C1c-C72k,274.0,S1.pdf,NA,NA,y,TARA_CO-1016239-S1.pdf
TARA_CO-1016239,D1/D1aa-D2d-D1ae-D1ag-D1ah-D2e-D1y,61739.0,S1.pdf,NA,NA,y,TARA_CO-1016239-S1.pdf
TARA_CO-1016239,D4/D6,666.0,S1.pdf,NA,NA,y,TARA_CO-1016239-S1.pdf
TARA_CO-0001302,D1/D1aa-D2d-D1ae-D1ag-D1ah-D2e-D1y,109675.0,S1.pdf,NA,NA,y,TARA_CO-0001302-S1.pdf
TARA_CO-1016713,D1/D1aa-D2d-D1ae-D1ag-D1ah-D2e-D1y,87100.0,S1.pdf,NA,NA,y,TARA_CO-1016713-S1.pdf
TARA_CO-1016604,D1/D1aa-D2d-D1ae-D1ag-D1ah-D2e-D1y,77884.0,S1.pdf,NA,NA,y,TARA_CO-1016604-S1.pdf
TARA_CO-0003466,C15h-C116s-C15dp,4717.0,S1.pdf,NA,NA,y,TARA_CO-0003466-S1.pdf
TARA_CO-0003466,D1/D1aa-D2d-D1ae-D1ag-D1ah-D2e-D1y,66389.0,S1.pdf,NA,NA,y,TARA_CO-0003466-S1.pdf
TARA_CO-1016706,C15h/C15,16174.0,S1.pdf,NA,NA,y,TARA_CO-1016706-S1.pdf
TARA_CO-1016706,D1/D1aa-D2d-D1ae-D1ag-D1ah-D2e-D1y,54648.0,S1.pdf,NA,NA,y,TARA_CO-1016706-S1.pdf
TARA_CO-1016706,D4/D6,604.0,S1.pdf,NA,NA,y,TARA_CO-1016706-S1.pdf
TARA_CO-1016708,C15h-C116s-C15dp,20348.0,S1.pdf,NA,NA,y,TARA_CO-1016708-S1.pdf
TARA_CO-1016708,D1/D1aa-D2d-D1ae-D1ag-D1ah-D2e-D1y,51884.0,S1.pdf,NA,NA,y,TARA_CO-1016708-S1.pdf
TARA_CO-1018936,C66,66165.0,S1.pdf,NA,NA,y,TARA_CO-1018936-S1.pdf
TARA_CO-1018938,C66,50590.0,S1.pdf,NA,NA,y,TARA_CO-1018938-S1.pdf
TARA_CO-1018933,C66,76009.0,S1.pdf,NA,NA,y,TARA_CO-1018933-S1.pdf
TARA_CO-1016110,C66,92006.0,S1.pdf,NA,NA,y,TARA_CO-1016110-S1.pdf
TARA_CO-0003232,C66,43220.0,S1.pdf,NA,NA,y,TARA_CO-0003232-S1.pdf
TARA_CO-1014290,C66,39528.0,S1.pdf,NA,NA,y,TARA_CO-1014290-S1.pdf
TARA_CO-1014290,C57d,2743.0,S1.pdf,NA,NA,y,TARA_CO-1014290-S1.pdf
TARA_CO-1016498,C66,38160.0,S1.pdf,NA,NA,y,TARA_CO-1016498-S1.pdf
TARA_CO-1014480,C66,39409.0,S1.pdf,NA,NA,y,TARA_CO-1014480-S1.pdf
TARA_CO-1016222,C66,23252.0,S1.pdf,NA,NA,y,TARA_CO-1016222-S1.pdf
TARA_CO-1016620,C66,23362.0,S1.pdf,NA,NA,y,TARA_CO-1016620-S1.pdf
TARA_CO-1016230,C66,42029.0,S1.pdf,NA,NA,y,TARA_CO-1016230-S1.pdf
TARA_CO-1016230,D4s,88.0,S1.pdf,NA,NA,y,TARA_CO-1016230-S1.pdf
TARA_CO-1014475,C66,39632.0,S1.pdf,NA,NA,y,TARA_CO-1014475-S1.pdf
TARA_CO-1016231,C66,32353.0,S1.pdf,NA,NA,y,TARA_CO-1016231-S1.pdf
TARA_CO-1014400,C66,30357.0,S1.pdf,NA,NA,y,TARA_CO-1014400-S1.pdf
TARA_CO-1014400,C57d,11034.0,S1.pdf,NA,NA,y,TARA_CO-1014400-S1.pdf
TARA_CO-1015080,C66,21481.0,S1.pdf,NA,NA,y,TARA_CO-1015080-S1.pdf
TARA_CO-0004224,C66-C66e-C66d-C66f-C66g,27747.0,S1.pdf,NA,NA,y,TARA_CO-0004224-S1.pdf
TARA_CO-0004225,C66-C66e-C66d-C66f-C66g,20369.0,S1.pdf,NA,NA,y,TARA_CO-0004225-S1.pdf
TARA_CO-0004058,C66-C66e-C66d-C66f-C66g,10129.0,S1.pdf,NA,NA,y,TARA_CO-0004058-S1.pdf
TARA_CO-0004055,C66-C66e-C66d-C66f-C66g,8251.0,S1.pdf,NA,NA,y,TARA_CO-0004055-S1.pdf
TARA_CO-0004222,C66-C66e-C66d-C66f-C66g,14876.0,S1.pdf,NA,NA,y,TARA_CO-0004222-S1.pdf
TARA_CO-0004341,C66-C66e-C66d-C66f-C66g,35802.0,S1.pdf,NA,NA,y,TARA_CO-0004341-S1.pdf
TARA_CO-0004053,C66-C66e-C66d-C66f-C66g,9810.0,S1.pdf,NA,NA,y,TARA_CO-0004053-S1.pdf
TARA_CO-0004228,C66-C66e-C66d-C66f-C66g,17475.0,S1.pdf,NA,NA,y,TARA_CO-0004228-S1.pdf
TARA_CO-0004054,C66-C66e-C66d-C66f-C66g,9200.0,S1.pdf,NA,NA,y,TARA_CO-0004054-S1.pdf
TARA_CO-0004057,C66-C66e-C66d-C66f-C66g,8355.0,S1.pdf,NA,NA,y,TARA_CO-0004057-S1.pdf
TARA_CO-0004350,C66-C66e-C66d-C66f-C66g,30247.0,S1.pdf,NA,NA,y,TARA_CO-0004350-S1.pdf
TARA_CO-0004056,C66-C66e-C66d-C66f-C66g,7266.0,S1.pdf,NA,NA,y,TARA_CO-0004056-S1.pdf
TARA_CO-0004345,C66-C66e-C66d-C66f-C66g,15673.0,S1.pdf,NA,NA,y,TARA_CO-0004345-S1.pdf
TARA_CO-0004229,C66-C66e-C66d-C66f-C66g,15009.0,S1.pdf,NA,NA,y,TARA_CO-0004229-S1.pdf
TARA_CO-0004032,C66-C66e-C66d-C66f-C66g,8261.0,S1.pdf,NA,NA,y,TARA_CO-0004032-S1.pdf
TARA_CO-0004226,C66-C66e-C66d-C66f-C66g,20139.0,S1.pdf,NA,NA,y,TARA_CO-0004226-S1.pdf
TARA_CO-0004059,C66-C66e-C66d-C66f-C66g,7551.0,S1.pdf,NA,NA,y,TARA_CO-0004059-S1.pdf
TARA_CO-0004230,C66-C66e-C66d-C66f-C66g,12483.0,S1.pdf,NA,NA,y,TARA_CO-0004230-S1.pdf
TARA_CO-0004342,C66-C66e-C66d-C66f-C66g,27890.0,S1.pdf,NA,NA,y,TARA_CO-0004342-S1.pdf
TARA_CO-0004344,C66-C66e-C66d-C66f-C66g,14707.0,S1.pdf,NA,NA,y,TARA_CO-0004344-S1.pdf
TARA_CO-0000304,A7-A7ar-A7as-A3-A7aq-A7ax,19404.0,S1.pdf,NA,NA,y,TARA_CO-0000304-S1.pdf
TARA_CO-0000305,A7-A7ar-A7as-A3-A7aq-A7ax,12199.0,S1.pdf,NA,NA,y,TARA_CO-0000305-S1.pdf
TARA_CO-1015916,A7-A7ar-A7as-A3-A7aq-A7ax,44375.0,S1.pdf,NA,NA,y,TARA_CO-1015916-S1.pdf
TARA_CO-0000309,A7-A7ar-A7as-A3-A7aq-A7ax,14144.0,S1.pdf,NA,NA,y,TARA_CO-0000309-S1.pdf
TARA_CO-0000200,A7-A7ar-A7as-A3-A7aq-A7ax,24808.0,S1.pdf,NA,NA,y,TARA_CO-0000200-S1.pdf
TARA_CO-0000201,A7-A7ar-A7as-A3-A7aq-A7ax,29326.0,S1.pdf,NA,NA,y,TARA_CO-0000201-S1.pdf
TARA_CO-0000308,A7-A7ar-A7as-A3-A7aq-A7ax,9847.0,S1.pdf,NA,NA,y,TARA_CO-0000308-S1.pdf
TARA_CO-0000306,A7-A7ar-A7as-A3-A7aq-A7ax,8982.0,S1.pdf,NA,NA,y,TARA_CO-0000306-S1.pdf
TARA_CO-0000303,A7-A7ar-A7as-A3-A7aq-A7ax,110027.0,S1.pdf,NA,NA,y,TARA_CO-0000303-S1.pdf
TARA_CO-0000303,C42a/C42.2/C1/C1b-C1au-C1az,160.0,S1.pdf,NA,NA,y,TARA_CO-0000303-S1.pdf
TARA_CO-0000302,A7-A7ar-A7as-A3-A7aq-A7ax,98352.0,S1.pdf,NA,NA,y,TARA_CO-0000302-S1.pdf
TARA_CO-0000302,C42a/C1/C42.2-C1b-C1az-C1au-C115d-C42b-C115l,778.0,S1.pdf,NA,NA,y,TARA_CO-0000302-S1.pdf
TARA_CO-1015908,A7-A7ar-A7as-A3-A7aq-A7ax,61414.0,S1.pdf,NA,NA,y,TARA_CO-1015908-S1.pdf
TARA_CO-0000307,A7-A7ar-A7as-A3-A7aq-A7ax,17760.0,S1.pdf,NA,NA,y,TARA_CO-0000307-S1.pdf
TARA_CO-1015913,A7-A7ar-A7as-A3-A7aq-A7ax,46860.0,S1.pdf,NA,NA,y,TARA_CO-1015913-S1.pdf
TARA_CO-1015911,A7-A7ar-A7as-A3-A7aq-A7ax,53885.0,S1.pdf,NA,NA,y,TARA_CO-1015911-S1.pdf
TARA_CO-1015912,A7-A7ar-A7as-A3-A7aq-A7ax,48842.0,S1.pdf,NA,NA,y,TARA_CO-1015912-S1.pdf
TARA_CO-1015910,A7-A7ar-A7as-A3-A7aq-A7ax,44741.0,S1.pdf,NA,NA,y,TARA_CO-1015910-S1.pdf
TARA_CO-1015915,A7-A7ar-A7as-A3-A7aq-A7ax,91720.0,S1.pdf,NA,NA,y,TARA_CO-1015915-S1.pdf
TARA_CO-1015914,A7-A7ar-A7as-A3-A7aq-A7ax,42483.0,S1.pdf,NA,NA,y,TARA_CO-1015914-S1.pdf
TARA_CO-1015917,A7-A7ar-A7as-A3-A7aq-A7ax,23768.0,S1.pdf,NA,NA,y,TARA_CO-1015917-S1.pdf
TARA_CO-1015909,A7-A7ar-A7as-A3-A7aq-A7ax,56377.0,S1.pdf,NA,NA,y,TARA_CO-1015909-S1.pdf
TARA_CO-1014658,C15-C15ff-C15n-C15bb-C15fg,42064.0,S1.pdf,NA,NA,y,TARA_CO-1014658-S1.pdf
TARA_CO-1014813,C15-C15ff-C15n-C15bb-C15fg,45699.0,S1.pdf,NA,NA,y,TARA_CO-1014813-S1.pdf
TARA_CO-1014715,C15-C15ff-C15n-C15bb-C15fg,23355.0,S1.pdf,NA,NA,y,TARA_CO-1014715-S1.pdf
TARA_CO-1014812,C15-C15ff-C15n-C15bb-C15fg,44449.0,S1.pdf,NA,NA,y,TARA_CO-1014812-S1.pdf
TARA_CO-1014817,C15-C15ff-C15n-C15bb-C15fg,48991.0,S1.pdf,NA,NA,y,TARA_CO-1014817-S1.pdf
TARA_CO-1014653,C15-C15ff-C15n-C15bb-C15fg,46488.0,S1.pdf,NA,NA,y,TARA_CO-1014653-S1.pdf
TARA_CO-1014712,C15-C15ff-C15n-C15bb-C15fg,51847.0,S1.pdf,NA,NA,y,TARA_CO-1014712-S1.pdf
TARA_CO-1014714,C15-C15ff-C15n-C15bb-C15fg,44514.0,S1.pdf,NA,NA,y,TARA_CO-1014714-S1.pdf
TARA_CO-1014654,C15-C15ff-C15n-C15bb-C15fg,38820.0,S1.pdf,NA,NA,y,TARA_CO-1014654-S1.pdf
TARA_CO-1014707,C15-C15ff-C15n-C15bb-C15fg,37520.0,S1.pdf,NA,NA,y,TARA_CO-1014707-S1.pdf
TARA_CO-1014706,C15-C15ff-C15n-C15bb-C15fg,34773.0,S1.pdf,NA,NA,y,TARA_CO-1014706-S1.pdf
TARA_CO-1014655,C15-C15ff-C15n-C15bb-C15fg,37040.0,S1.pdf,NA,NA,y,TARA_CO-1014655-S1.pdf
TARA_CO-1014709,C15-C15ff-C15n-C15bb-C15fg,37777.0,S1.pdf,NA,NA,y,TARA_CO-1014709-S1.pdf
TARA_CO-1014816,C15-C15ff-C15n-C15bb-C15fg,54912.0,S1.pdf,NA,NA,y,TARA_CO-1014816-S1.pdf
TARA_CO-1014815,C15-C15ff-C15n-C15bb-C15fg,57757.0,S1.pdf,NA,NA,y,TARA_CO-1014815-S1.pdf
TARA_CO-1014711,C15-C15ff-C15n-C15bb-C15fg,51968.0,S1.pdf,NA,NA,y,TARA_CO-1014711-S1.pdf
TARA_CO-1014713,C15-C15ff-C15n-C15bb-C15fg,44323.0,S1.pdf,NA,NA,y,TARA_CO-1014713-S1.pdf
TARA_CO-1014710,C15-C15ff-C15n-C15bb-C15fg,54442.0,S1.pdf,NA,NA,y,TARA_CO-1014710-S1.pdf
TARA_CO-1014660,C15-C15ff-C15n-C15bb-C15fg,45328.0,S1.pdf,NA,NA,y,TARA_CO-1014660-S1.pdf
TARA_CO-1014818,C15-C15ff-C15n-C15bb-C15fg,44878.0,S1.pdf,NA,NA,y,TARA_CO-1014818-S1.pdf
TARA_CO-0005166,A7/A16d-A16g-A16f,2975.0,S1.pdf,NA,NA,y,TARA_CO-0005166-S1.pdf
TARA_CO-0005166,A7y-A8b-A7z-A8c-A8d-A7aa,59125.0,S1.pdf,NA,NA,y,TARA_CO-0005166-S1.pdf
TARA_CO-0005045,A7/A16d-A16g-A16f,3780.0,S1.pdf,NA,NA,y,TARA_CO-0005045-S1.pdf
TARA_CO-0005045,A7y-A8b-A7z-A8c-A8d-A7aa,63965.0,S1.pdf,NA,NA,y,TARA_CO-0005045-S1.pdf
TARA_CO-0005162,A7/A16d-A16g-A16f,2762.0,S1.pdf,NA,NA,y,TARA_CO-0005162-S1.pdf
TARA_CO-0005162,A7y-A8b-A7z-A8c-A8d-A7aa,54922.0,S1.pdf,NA,NA,y,TARA_CO-0005162-S1.pdf
TARA_CO-0001954,A7/A16d-A16g-A16f,4264.0,S1.pdf,NA,NA,y,TARA_CO-0001954-S1.pdf
TARA_CO-0001954,A7y-A8b-A7z-A8c-A8d-A7aa,76131.0,S1.pdf,NA,NA,y,TARA_CO-0001954-S1.pdf
TARA_CO-0005041,A7/A16d-A16g-A16f,3548.0,S1.pdf,NA,NA,y,TARA_CO-0005041-S1.pdf
TARA_CO-0005041,A7y-A8b-A7z-A8c-A8d-A7aa,61472.0,S1.pdf,NA,NA,y,TARA_CO-0005041-S1.pdf
TARA_CO-0001955,A7/A16d-A16g-A16f,2113.0,S1.pdf,NA,NA,y,TARA_CO-0001955-S1.pdf
TARA_CO-0001955,A7y-A8b-A7z-A8c-A8d-A7aa,38919.0,S1.pdf,NA,NA,y,TARA_CO-0001955-S1.pdf
TARA_CO-0005043,A7y-A8b-A7z-A8c-A8d-A7aa,85053.0,S1.pdf,NA,NA,y,TARA_CO-0005043-S1.pdf
TARA_CO-0005043,A7/A16d,3577.0,S1.pdf,NA,NA,y,TARA_CO-0005043-S1.pdf
TARA_CO-0001952,A7y-A8b-A7z-A8c-A8d-A7aa,70931.0,S1.pdf,NA,NA,y,TARA_CO-0001952-S1.pdf
TARA_CO-0001952,A7/A16d,3011.0,S1.pdf,NA,NA,y,TARA_CO-0001952-S1.pdf
TARA_CO-0001953,A7y-A8b-A7z-A8c-A8d-A7aa,22619.0,S1.pdf,NA,NA,y,TARA_CO-0001953-S1.pdf
TARA_CO-0001953,A7/A8a/A16d,1172.0,S1.pdf,NA,NA,y,TARA_CO-0001953-S1.pdf
TARA_CO-0005050,A7/A16d-A16g-A16f,2639.0,S1.pdf,NA,NA,y,TARA_CO-0005050-S1.pdf
TARA_CO-0005050,A7y-A8b-A7z-A8c-A8d-A7aa,36335.0,S1.pdf,NA,NA,y,TARA_CO-0005050-S1.pdf
TARA_CO-0001957,A7/A16d-A16g-A16f,2433.0,S1.pdf,NA,NA,y,TARA_CO-0001957-S1.pdf
TARA_CO-0001957,A7y-A8b-A7z-A8c-A8d-A7aa,37458.0,S1.pdf,NA,NA,y,TARA_CO-0001957-S1.pdf
TARA_CO-0005046,A7/A16d-A16g-A16f,2142.0,S1.pdf,NA,NA,y,TARA_CO-0005046-S1.pdf
TARA_CO-0005046,A7y-A8b-A7z-A8c-A8d-A7aa,28321.0,S1.pdf,NA,NA,y,TARA_CO-0005046-S1.pdf
TARA_CO-0005164,A7y-A8b-A7z-A8c-A8d-A7aa,69309.0,S1.pdf,NA,NA,y,TARA_CO-0005164-S1.pdf
TARA_CO-0005164,A7/A16d,3888.0,S1.pdf,NA,NA,y,TARA_CO-0005164-S1.pdf
TARA_CO-0005167,A7y-A8b-A7z-A8c-A8d-A7aa,45953.0,S1.pdf,NA,NA,y,TARA_CO-0005167-S1.pdf
TARA_CO-0005167,A7/A16d,2288.0,S1.pdf,NA,NA,y,TARA_CO-0005167-S1.pdf
TARA_CO-0005168,A7y-A8b-A7z-A8c-A8d-A7aa,58357.0,S1.pdf,NA,NA,y,TARA_CO-0005168-S1.pdf
TARA_CO-0005168,A7/A16d,3329.0,S1.pdf,NA,NA,y,TARA_CO-0005168-S1.pdf
TARA_CO-0005169,A7y-A8b-A7z-A8c-A8d-A7aa,42877.0,S1.pdf,NA,NA,y,TARA_CO-0005169-S1.pdf
TARA_CO-0005169,A7/A16d,2352.0,S1.pdf,NA,NA,y,TARA_CO-0005169-S1.pdf
TARA_CO-0005170,A7/A16d-A16g-A16f,5104.0,S1.pdf,NA,NA,y,TARA_CO-0005170-S1.pdf
TARA_CO-0005170,A7y-A8b-A7z-A8c-A8d-A7aa,56963.0,S1.pdf,NA,NA,y,TARA_CO-0005170-S1.pdf
TARA_CO-0005049,A7/A16d-A16g-A16f,4417.0,S1.pdf,NA,NA,y,TARA_CO-0005049-S1.pdf
TARA_CO-0005049,A7y-A8b-A7z-A8c-A8d-A7aa,44686.0,S1.pdf,NA,NA,y,TARA_CO-0005049-S1.pdf
TARA_CO-0005163,A7/A16d-A16g-A16f,2966.0,S1.pdf,NA,NA,y,TARA_CO-0005163-S1.pdf
TARA_CO-0005163,A7y-A8b-A7z-A8c-A8d-A7aa,34727.0,S1.pdf,NA,NA,y,TARA_CO-0005163-S1.pdf
TARA_CO-0005165,A7/A16d-A16g-A16f,2177.0,S1.pdf,NA,NA,y,TARA_CO-0005165-S1.pdf
TARA_CO-0005165,A7y-A8b-A7z-A8c-A8d-A7aa,31093.0,S1.pdf,NA,NA,y,TARA_CO-0005165-S1.pdf
TARA_CO-1016128,C1/C42.2-C1b-C42u-C1au-C42a-C115l-C1az-C115d,920.0,S1.pdf,NA,NA,y,TARA_CO-1016128-S1.pdf
TARA_CO-1016128,C15h/C15,50.0,S1.pdf,NA,NA,y,TARA_CO-1016128-S1.pdf
TARA_CO-1016128,D1-D2d-D1aj-D1bf,81796.0,S1.pdf,NA,NA,y,TARA_CO-1016128-S1.pdf
TARA_CO-1016235,D1-D2d-D1aj-D1bf,96577.0,S1.pdf,NA,NA,y,TARA_CO-1016235-S1.pdf
TARA_CO-1016606,D1-D2d-D1aj-D1bf,40434.0,S1.pdf,NA,NA,y,TARA_CO-1016606-S1.pdf
TARA_CO-1018840,D1-D2d-D1aj-D1bf,101205.0,S1.pdf,NA,NA,y,TARA_CO-1018840-S1.pdf
TARA_CO-1016959,D1-D2d-D1aj-D1bf,29709.0,S1.pdf,NA,NA,y,TARA_CO-1016959-S1.pdf
TARA_CO-1016611,C116-C15-C15h,624.0,S1.pdf,NA,NA,y,TARA_CO-1016611-S1.pdf
TARA_CO-1016611,D1-D2d-D1aj-D1bf,53818.0,S1.pdf,NA,NA,y,TARA_CO-1016611-S1.pdf
TARA_CO-0003202,D1-D2d-D1aj-D1bf,72638.0,S1.pdf,NA,NA,y,TARA_CO-0003202-S1.pdf
TARA_CO-1018902,C1/C1b,42.0,S1.pdf,NA,NA,y,TARA_CO-1018902-S1.pdf
TARA_CO-1018902,C3/C1n/C3v-C1q,402.0,S1.pdf,NA,NA,y,TARA_CO-1018902-S1.pdf
TARA_CO-1018902,D1-D2d-D1aj-D1bf,75840.0,S1.pdf,NA,NA,y,TARA_CO-1018902-S1.pdf
TARA_CO-1016129,C1/C42.2-C1b-C42u-C1au-C42a-C115l-C1az-C115d,246.0,S1.pdf,NA,NA,y,TARA_CO-1016129-S1.pdf
TARA_CO-1016129,C15h/C15,20.0,S1.pdf,NA,NA,y,TARA_CO-1016129-S1.pdf
TARA_CO-1016129,D1-D2d-D1aj-D1bf,57191.0,S1.pdf,NA,NA,y,TARA_CO-1016129-S1.pdf
TARA_CO-1016241,D1-D2d-D1aj-D1bf,94922.0,S1.pdf,NA,NA,y,TARA_CO-1016241-S1.pdf
TARA_CO-0003461,C1d/C1/C42.2-C1b-C3cg-C45c-C115k-C1au,1317.0,S1.pdf,NA,NA,y,TARA_CO-0003461-S1.pdf
TARA_CO-0003461,D1-D2d-D1aj-D1bf,67088.0,S1.pdf,NA,NA,y,TARA_CO-0003461-S1.pdf
TARA_CO-1016711,C116a-C116v-C116x,3993.0,S1.pdf,NA,NA,y,TARA_CO-1016711-S1.pdf
TARA_CO-1016711,D1-D2d-D1aj-D1bf,78211.0,S1.pdf,NA,NA,y,TARA_CO-1016711-S1.pdf
TARA_CO-1018835,C116a-C116v-C116x,1677.0,S1.pdf,NA,NA,y,TARA_CO-1018835-S1.pdf
TARA_CO-1018835,D1-D2d-D1aj-D1bf,30316.0,S1.pdf,NA,NA,y,TARA_CO-1018835-S1.pdf
TARA_CO-1016238,D1-D2d-D1aj-D1bf,25451.0,S1.pdf,NA,NA,y,TARA_CO-1016238-S1.pdf
TARA_CO-1016125,D1-D2d-D1aj-D1bf,48373.0,S1.pdf,NA,NA,y,TARA_CO-1016125-S1.pdf
TARA_CO-1016966,C15h/C15,3930.0,S1.pdf,NA,NA,y,TARA_CO-1016966-S1.pdf
TARA_CO-1016966,D1-D2d-D1aj-D1bf,40981.0,S1.pdf,NA,NA,y,TARA_CO-1016966-S1.pdf
TARA_CO-1016237,D1-D2d-D1aj-D1bf,83892.0,S1.pdf,NA,NA,y,TARA_CO-1016237-S1.pdf
TARA_CO-0001812,C1bb-C1d-C1-C42.2-C3cg-C1b,1433.0,S1.pdf,NA,NA,y,TARA_CO-0001812-S1.pdf
TARA_CO-0001812,D1-D2d-D1aj-D1bf,14093.0,S1.pdf,NA,NA,y,TARA_CO-0001812-S1.pdf
TARA_CO-0003203,C116a-C116v-C116x,5766.0,S1.pdf,NA,NA,y,TARA_CO-0003203-S1.pdf
TARA_CO-0003203,C116,933.0,S1.pdf,NA,NA,y,TARA_CO-0003203-S1.pdf
TARA_CO-0003203,D1-D2d-D1aj-D1bf,58828.0,S1.pdf,NA,NA,y,TARA_CO-0003203-S1.pdf
TARA_CO-0001819,C1bb-C1d-C1-C42.2-C3cg-C1b,5050.0,S1.pdf,NA,NA,y,TARA_CO-0001819-S1.pdf
TARA_CO-0001819,D1-D2d-D1aj-D1bf,13688.0,S1.pdf,NA,NA,y,TARA_CO-0001819-S1.pdf
TARA_OA-0002266,C1/C1m/C1ag-C42.2-C3cg-C1b-C3cw-C1au,18890.0,S1.pdf,NA,NA,y,TARA_OA-0002266-S1.pdf
TARA_CO-0002596,C1/C1m/C1ag-C42.2-C3cg-C1b-C3cw-C1au,14038.0,S1.pdf,NA,NA,y,TARA_CO-0002596-S1.pdf
TARA_OA-0002459,C1/C1m/C1ag-C42.2-C3cg-C1b-C3cw-C1au,45014.0,S1.pdf,NA,NA,y,TARA_OA-0002459-S1.pdf
TARA_CO-0002605,C1/C1m/C1ag-C42.2-C3cg-C1b-C3cw-C1au,10458.0,S1.pdf,NA,NA,y,TARA_CO-0002605-S1.pdf
TARA_OA-0002257,C1/C1m/C1ag-C42.2-C3cg-C1b-C3cw-C1au,23153.0,S1.pdf,NA,NA,y,TARA_OA-0002257-S1.pdf
TARA_OA-0002452,C1/C1m/C1ag-C42.2-C3cg-C1b-C3cw-C1au,57451.0,S1.pdf,NA,NA,y,TARA_OA-0002452-S1.pdf
TARA_OA-0002457,C1/C1m/C1ag-C42.2-C3cg-C1b-C3cw-C1au,21262.0,S1.pdf,NA,NA,y,TARA_OA-0002457-S1.pdf
TARA_CO-0005697,C1/C1m/C1ag-C42.2-C3cg-C1b-C3cw-C1au,45112.0,S1.pdf,NA,NA,y,TARA_CO-0005697-S1.pdf
TARA_FH-0000958,C1/C1m/C1ag-C42.2-C3cg-C1b-C3cw-C1au,50899.0,S1.pdf,NA,NA,y,TARA_FH-0000958-S1.pdf
TARA_FH-0000960,C1/C1m/C1ag-C42.2-C3cg-C1b-C3cw-C1au,54056.0,S1.pdf,NA,NA,y,TARA_FH-0000960-S1.pdf
TARA_CO-0005700,C1/C1m/C1ag-C42.2-C3cg-C1b-C3cw-C1au,55893.0,S1.pdf,NA,NA,y,TARA_CO-0005700-S1.pdf
TARA_FH-0000956,C1/C1m/C1ag-C42.2-C3cg-C1b-C3cw-C1au,62699.0,S1.pdf,NA,NA,y,TARA_FH-0000956-S1.pdf
TARA_CO-0005694,C1/C1m/C1ag-C42.2-C3cg-C1b-C3cw-C1au,75878.0,S1.pdf,NA,NA,y,TARA_CO-0005694-S1.pdf
TARA_OA-0002323,C1/C1m/C1ag-C42.2-C3cg-C1b-C3cw-C1au,51043.0,S1.pdf,NA,NA,y,TARA_OA-0002323-S1.pdf
TARA_OA-0002329,C1/C1m/C1ag-C42.2-C3cg-C1b-C3cw-C1au,67655.0,S1.pdf,NA,NA,y,TARA_OA-0002329-S1.pdf
TARA_FH-0000957,C1/C1m/C1ag-C42.2-C3cg-C1b-C3cw-C1au,37019.0,S1.pdf,NA,NA,y,TARA_FH-0000957-S1.pdf
TARA_CO-0005702,C1/C1m/C1ag-C42.2-C3cg-C1b-C3cw-C1au,16927.0,S1.pdf,NA,NA,y,TARA_CO-0005702-S1.pdf
TARA_CO-0005701,C1/C1m/C1ag-C42.2-C3cg-C1b-C3cw-C1au,79236.0,S1.pdf,NA,NA,y,TARA_CO-0005701-S1.pdf
TARA_CO-0005698,C1/C1m/C1ag-C42.2-C3cg-C1b-C3cw-C1au,60548.0,S1.pdf,NA,NA,y,TARA_CO-0005698-S1.pdf
TARA_CO-0004818,C15-C15by-C15er,59384.0,S1.pdf,NA,NA,y,TARA_CO-0004818-S1.pdf
TARA_CO-0004819,C15-C15by-C15er,51620.0,S1.pdf,NA,NA,y,TARA_CO-0004819-S1.pdf
TARA_CO-0004824,C15-C15by-C15er,58997.0,S1.pdf,NA,NA,y,TARA_CO-0004824-S1.pdf
TARA_CO-1018821,C15-C15by-C15er,53083.0,S1.pdf,NA,NA,y,TARA_CO-1018821-S1.pdf
TARA_CO-0004816,C15-C15by-C15er,48435.0,S1.pdf,NA,NA,y,TARA_CO-0004816-S1.pdf
TARA_CO-1018918,C15-C15by-C15er,57963.0,S1.pdf,NA,NA,y,TARA_CO-1018918-S1.pdf
TARA_CO-1016423,C15-C15by-C15er,61755.0,S1.pdf,NA,NA,y,TARA_CO-1016423-S1.pdf
TARA_CO-1016598,C15-C15by-C15er,81667.0,S1.pdf,NA,NA,y,TARA_CO-1016598-S1.pdf
TARA_CO-0004817,C15-C15by-C15er,51235.0,S1.pdf,NA,NA,y,TARA_CO-0004817-S1.pdf
TARA_CO-0004822,C15-C15by-C15er,56312.0,S1.pdf,NA,NA,y,TARA_CO-0004822-S1.pdf
TARA_CO-0004823,C15-C15by-C15er,43700.0,S1.pdf,NA,NA,y,TARA_CO-0004823-S1.pdf
TARA_CO-0004048,C15-C15by-C15er,10189.0,S1.pdf,NA,NA,y,TARA_CO-0004048-S1.pdf
TARA_CO-1014471,C15-C15by-C15er,50879.0,S1.pdf,NA,NA,y,TARA_CO-1014471-S1.pdf
TARA_CO-0003107,C15-C15by-C15er,48468.0,S1.pdf,NA,NA,y,TARA_CO-0003107-S1.pdf
TARA_CO-0002964,C15-C15by-C15er,58752.0,S1.pdf,NA,NA,y,TARA_CO-0002964-S1.pdf
TARA_CO-1016120,C15-C15by-C15er,65341.0,S1.pdf,NA,NA,y,TARA_CO-1016120-S1.pdf
TARA_CO-0005558,C15-C15by-C15er,51714.0,S1.pdf,NA,NA,y,TARA_CO-0005558-S1.pdf
TARA_CO-0001429,C15-C15by-C15er,50433.0,S1.pdf,NA,NA,y,TARA_CO-0001429-S1.pdf
TARA_CO-1017057,C15-C15gn,63807.0,S1.pdf,NA,NA,y,TARA_CO-1017057-S1.pdf
TARA_CO-0000150,C15-C15gn,126144.0,S1.pdf,NA,NA,y,TARA_CO-0000150-S1.pdf
TARA_CO-1015964,C15-C15gn,86818.0,S1.pdf,NA,NA,y,TARA_CO-1015964-S1.pdf
TARA_CO-1017059,C15-C15gn,55271.0,S1.pdf,NA,NA,y,TARA_CO-1017059-S1.pdf
TARA_CO-1015873,C15-C15gn,49233.0,S1.pdf,NA,NA,y,TARA_CO-1015873-S1.pdf
TARA_CO-1015965,C15-C15gn,27261.0,S1.pdf,NA,NA,y,TARA_CO-1015965-S1.pdf
TARA_CO-1015960,C15-C15gn,43564.0,S1.pdf,NA,NA,y,TARA_CO-1015960-S1.pdf
TARA_CO-1017056,C15-C15gn,72624.0,S1.pdf,NA,NA,y,TARA_CO-1017056-S1.pdf
TARA_CO-0000236,C15-C15gn,51153.0,S1.pdf,NA,NA,y,TARA_CO-0000236-S1.pdf
TARA_CO-0000230,C15-C15gn,52362.0,S1.pdf,NA,NA,y,TARA_CO-0000230-S1.pdf
TARA_CO-0000544,C15-C15gn,9604.0,S1.pdf,NA,NA,y,TARA_CO-0000544-S1.pdf
TARA_CO-1015866,C15-C15gn,48250.0,S1.pdf,NA,NA,y,TARA_CO-1015866-S1.pdf
TARA_CO-0000157,C15-C15gn,623468.0,S1.pdf,NA,NA,y,TARA_CO-0000157-S1.pdf
TARA_CO-1015867,C15-C15gn,65133.0,S1.pdf,NA,NA,y,TARA_CO-1015867-S1.pdf
TARA_CO-1015698,C15-C15gn,52383.0,S1.pdf,NA,NA,y,TARA_CO-1015698-S1.pdf
TARA_CO-0000154,C15-C15gn,723233.0,S1.pdf,NA,NA,y,TARA_CO-0000154-S1.pdf
TARA_CO-0000153,C15-C15gn,33806.0,S1.pdf,NA,NA,y,TARA_CO-0000153-S1.pdf
TARA_CO-0000159,C15-C15gn,33262.0,S1.pdf,NA,NA,y,TARA_CO-0000159-S1.pdf
TARA_CO-1016417,C15-C15gg-C15l-C15n-C15bb-C15.8,63430.0,S1.pdf,NA,NA,y,TARA_CO-1016417-S1.pdf
TARA_CO-0001310,C15-C15gg-C15l-C15n-C15bb-C15.8,40946.0,S1.pdf,NA,NA,y,TARA_CO-0001310-S1.pdf
TARA_CO-1016115,C15-C15gg-C15l-C15n-C15bb-C15.8,66521.0,S1.pdf,NA,NA,y,TARA_CO-1016115-S1.pdf
TARA_CO-0003573,C15-C15gg-C15l-C15n-C15bb-C15.8,54751.0,S1.pdf,NA,NA,y,TARA_CO-0003573-S1.pdf
TARA_CO-0001304,C15-C15gg-C15l-C15n-C15bb-C15.8,51502.0,S1.pdf,NA,NA,y,TARA_CO-0001304-S1.pdf
TARA_CO-0002963,C15-C15gg-C15l-C15n-C15bb-C15.8,46635.0,S1.pdf,NA,NA,y,TARA_CO-0002963-S1.pdf
TARA_CO-1016215,C15-C15gg-C15l-C15n-C15bb-C15.8,58482.0,S1.pdf,NA,NA,y,TARA_CO-1016215-S1.pdf
TARA_CO-0003757,C15-C15gg-C15l-C15n-C15bb-C15.8,52139.0,S1.pdf,NA,NA,y,TARA_CO-0003757-S1.pdf
TARA_CO-1018920,C15-C15gg-C15l-C15n-C15bb-C15.8,52222.0,S1.pdf,NA,NA,y,TARA_CO-1018920-S1.pdf
TARA_CO-1016213,C15-C15gg-C15l-C15n-C15bb-C15.8,56502.0,S1.pdf,NA,NA,y,TARA_CO-1016213-S1.pdf
TARA_CO-0002965,C15-C15gg-C15l-C15n-C15bb-C15.8,38056.0,S1.pdf,NA,NA,y,TARA_CO-0002965-S1.pdf
TARA_CO-1016485,C15-C15gg-C15l-C15n-C15bb-C15.8,51461.0,S1.pdf,NA,NA,y,TARA_CO-1016485-S1.pdf
TARA_CO-0002967,C15-C15gg-C15l-C15n-C15bb-C15.8,53079.0,S1.pdf,NA,NA,y,TARA_CO-0002967-S1.pdf
TARA_CO-1016214,C15-C15gg-C15l-C15n-C15bb-C15.8,54524.0,S1.pdf,NA,NA,y,TARA_CO-1016214-S1.pdf
TARA_CO-1016220,C15-C15gg-C15l-C15n-C15bb-C15.8,46588.0,S1.pdf,NA,NA,y,TARA_CO-1016220-S1.pdf
TARA_CO-1016217,C15-C15gg-C15l-C15n-C15bb-C15.8,52200.0,S1.pdf,NA,NA,y,TARA_CO-1016217-S1.pdf
TARA_CO-1016419,C15-C15gg-C15l-C15n-C15bb-C15.8,58862.0,S1.pdf,NA,NA,y,TARA_CO-1016419-S1.pdf
TARA_CO-0000504,C42a/C42.2/C1-C1b-C1au-C1j,42500.0,S1.pdf,NA,NA,y,TARA_CO-0000504-S1.pdf
TARA_CO-0000562,C42a/C42.2/C1-C1b-C1au-C1j,18948.0,S1.pdf,NA,NA,y,TARA_CO-0000562-S1.pdf
TARA_CO-0000563,C3/C3dc,189.0,S1.pdf,NA,NA,y,TARA_CO-0000563-S1.pdf
TARA_CO-0000563,C42a/C42.2/C1-C1b-C1au-C1j,14133.0,S1.pdf,NA,NA,y,TARA_CO-0000563-S1.pdf
TARA_CO-0000561,C42a/C42.2/C1-C1b-C1au-C1j,11314.0,S1.pdf,NA,NA,y,TARA_CO-0000561-S1.pdf
TARA_CO-0005746,C42a/C42.2/C1-C1b-C1au-C1j,68912.0,S1.pdf,NA,NA,y,TARA_CO-0005746-S1.pdf
TARA_CO-0000560,C3/C3dc,168.0,S1.pdf,NA,NA,y,TARA_CO-0000560-S1.pdf
TARA_CO-0000560,C42a/C42.2/C1-C1b-C1au-C1j,7785.0,S1.pdf,NA,NA,y,TARA_CO-0000560-S1.pdf
TARA_CO-0000560,D1-D1as-D1at-D4-D6-D1ba-D1bb-D1ax,1075.0,S1.pdf,NA,NA,y,TARA_CO-0000560-S1.pdf
TARA_CO-1018077,C3/C3dc,1368.0,S1.pdf,NA,NA,y,TARA_CO-1018077-S1.pdf
TARA_CO-1018077,C42a/C42.2/C1-C1b-C1au-C1j,28444.0,S1.pdf,NA,NA,y,TARA_CO-1018077-S1.pdf
TARA_CO-0000559,C42a/C42.2/C1-C1b-C1au-C1j,6562.0,S1.pdf,NA,NA,y,TARA_CO-0000559-S1.pdf
TARA_CO-0000559,D1-D1as-D1at-D4-D6-D1ba-D1bb-D1ax,1413.0,S1.pdf,NA,NA,y,TARA_CO-0000559-S1.pdf
TARA_CO-0000564,C3/C3dc,348.0,S1.pdf,NA,NA,y,TARA_CO-0000564-S1.pdf
TARA_CO-0000564,C42a/C42.2/C1-C1b-C1au-C1j,23860.0,S1.pdf,NA,NA,y,TARA_CO-0000564-S1.pdf
TARA_CO-0000564,D1-D1as-D1at-D4-D6-D1ba-D1bb-D1ax,2903.0,S1.pdf,NA,NA,y,TARA_CO-0000564-S1.pdf
TARA_CO-1018079,C3/C3dc,2425.0,S1.pdf,NA,NA,y,TARA_CO-1018079-S1.pdf
TARA_CO-1018079,C42a/C42.2/C1-C1b-C1au-C1j,42140.0,S1.pdf,NA,NA,y,TARA_CO-1018079-S1.pdf
TARA_CO-1015473,C42a/C42.2/C1-C1b-C1au-C1j,43399.0,S1.pdf,NA,NA,y,TARA_CO-1015473-S1.pdf
TARA_CO-1015473,D1/D1as-D1bb-D1ba-D1bh,25917.0,S1.pdf,NA,NA,y,TARA_CO-1015473-S1.pdf
TARA_OA-0002464,C15et/C15-C15ab-C15es,38910.0,S1.pdf,NA,NA,y,TARA_OA-0002464-S1.pdf
TARA_FH-0000969,C15et/C15-C15ab-C15es,44038.0,S1.pdf,NA,NA,y,TARA_FH-0000969-S1.pdf
TARA_OA-0002335,C15et/C15-C15ab-C15es,35758.0,S1.pdf,NA,NA,y,TARA_OA-0002335-S1.pdf
TARA_FH-0000968,C15et/C15-C15ab-C15es,46568.0,S1.pdf,NA,NA,y,TARA_FH-0000968-S1.pdf
TARA_OA-0002466,C15et/C15-C15ab-C15es,53169.0,S1.pdf,NA,NA,y,TARA_OA-0002466-S1.pdf
TARA_FH-0000961,C15et/C15-C15ab-C15es,42269.0,S1.pdf,NA,NA,y,TARA_FH-0000961-S1.pdf
TARA_OA-0002469,C15et/C15-C15ab-C15es,49885.0,S1.pdf,NA,NA,y,TARA_OA-0002469-S1.pdf
TARA_FH-0000964,C15et/C15-C15ab-C15es,57668.0,S1.pdf,NA,NA,y,TARA_FH-0000964-S1.pdf
TARA_OA-0002333,C15et/C15-C15ab-C15es,64155.0,S1.pdf,NA,NA,y,TARA_OA-0002333-S1.pdf
TARA_OA-0002461,C15et/C15-C15ab-C15es,58071.0,S1.pdf,NA,NA,y,TARA_OA-0002461-S1.pdf
TARA_FH-0000965,C15et/C15-C15ab-C15es,37433.0,S1.pdf,NA,NA,y,TARA_FH-0000965-S1.pdf
TARA_OA-0002468,C15et/C15-C15ab-C15es,47451.0,S1.pdf,NA,NA,y,TARA_OA-0002468-S1.pdf
TARA_OA-0002336,C15et/C15-C15ab-C15es,45979.0,S1.pdf,NA,NA,y,TARA_OA-0002336-S1.pdf
TARA_FH-0000966,C15et/C15-C15ab-C15es,56967.0,S1.pdf,NA,NA,y,TARA_FH-0000966-S1.pdf
TARA_FH-0000970,C15et/C15-C15ab-C15es,47013.0,S1.pdf,NA,NA,y,TARA_FH-0000970-S1.pdf
TARA_OA-0002467,C15et/C15-C15ab-C15es,35464.0,S1.pdf,NA,NA,y,TARA_OA-0002467-S1.pdf
TARA_OA-0002465,C15et/C15-C15ab-C15es,36398.0,S1.pdf,NA,NA,y,TARA_OA-0002465-S1.pdf
TARA_CO-0001814,C1d-C42.2-C1-C1k-C1b,17850.0,S1.pdf,NA,NA,y,TARA_CO-0001814-S1.pdf
TARA_CO-0002356,C1d-C42.2-C1-C1k-C1b,40995.0,S1.pdf,NA,NA,y,TARA_CO-0002356-S1.pdf
TARA_CO-0002357,C1d-C42.2-C1-C1k-C1b,28445.0,S1.pdf,NA,NA,y,TARA_CO-0002357-S1.pdf
TARA_CO-0001599,C1d-C42.2-C1-C1k-C1b,21207.0,S1.pdf,NA,NA,y,TARA_CO-0001599-S1.pdf
TARA_CO-0002358,C1d-C42.2-C1-C1k-C1b,21240.0,S1.pdf,NA,NA,y,TARA_CO-0002358-S1.pdf
TARA_CO-0002361,C1d-C42.2-C1-C1k-C1b,15757.0,S1.pdf,NA,NA,y,TARA_CO-0002361-S1.pdf
TARA_CO-0002359,C1d-C42.2-C1-C1k-C1b,22050.0,S1.pdf,NA,NA,y,TARA_CO-0002359-S1.pdf
TARA_CO-0002364,C1d-C42.2-C1-C1k-C1b,21175.0,S1.pdf,NA,NA,y,TARA_CO-0002364-S1.pdf
TARA_CO-0002570,C1d-C42.2-C1-C1k-C1b,28864.0,S1.pdf,NA,NA,y,TARA_CO-0002570-S1.pdf
TARA_CO-0002461,C1d-C42.2-C1-C1k-C1b,29205.0,S1.pdf,NA,NA,y,TARA_CO-0002461-S1.pdf
TARA_CO-0003204,C1d-C42.2-C1-C1k-C1b,40312.0,S1.pdf,NA,NA,y,TARA_CO-0003204-S1.pdf
TARA_CO-0003204,D1/D6/D4-D2.2,3070.0,S1.pdf,NA,NA,y,TARA_CO-0003204-S1.pdf
TARA_CO-0002574,C1d-C42.2-C1-C1k-C1b,28803.0,S1.pdf,NA,NA,y,TARA_CO-0002574-S1.pdf
TARA_CO-0002572,C1d-C42.2-C1-C1k-C1b,19372.0,S1.pdf,NA,NA,y,TARA_CO-0002572-S1.pdf
TARA_CO-0002456,C1d-C42.2-C1-C1k-C1b,24974.0,S1.pdf,NA,NA,y,TARA_CO-0002456-S1.pdf
TARA_CO-0002462,C1d-C42.2-C1-C1k-C1b,26967.0,S1.pdf,NA,NA,y,TARA_CO-0002462-S1.pdf
TARA_CO-0001603,C1d-C42.2-C1-C1k-C1b,14891.0,S1.pdf,NA,NA,y,TARA_CO-0001603-S1.pdf
TARA_CO-0001823,C15-C15bi-C15bj-C15bb,26127.0,S1.pdf,NA,NA,y,TARA_CO-0001823-S1.pdf
TARA_CO-0001824,C15-C15bi-C15bj-C15bb,20970.0,S1.pdf,NA,NA,y,TARA_CO-0001824-S1.pdf
TARA_CO-0001829,C15-C15bi-C15bj-C15bb,12023.0,S1.pdf,NA,NA,y,TARA_CO-0001829-S1.pdf
TARA_CO-0001306,C15-C15bi-C15bj-C15bb,49717.0,S1.pdf,NA,NA,y,TARA_CO-0001306-S1.pdf
TARA_CO-0001822,C15-C15bi-C15bj-C15bb,14928.0,S1.pdf,NA,NA,y,TARA_CO-0001822-S1.pdf
TARA_CO-0001312,C15-C15bi-C15bj-C15bb,70726.0,S1.pdf,NA,NA,y,TARA_CO-0001312-S1.pdf
TARA_CO-0001613,C15-C15bi-C15bj-C15bb,13358.0,S1.pdf,NA,NA,y,TARA_CO-0001613-S1.pdf
TARA_CO-0001821,C15-C15bi-C15bj-C15bb,15298.0,S1.pdf,NA,NA,y,TARA_CO-0001821-S1.pdf
TARA_CO-0001314,C15-C15bi-C15bj-C15bb,62854.0,S1.pdf,NA,NA,y,TARA_CO-0001314-S1.pdf
TARA_CO-0001609,C15-C15bi-C15bj-C15bb,16483.0,S1.pdf,NA,NA,y,TARA_CO-0001609-S1.pdf
TARA_CO-0001252,C15-C15bi-C15bj-C15bb,51054.0,S1.pdf,NA,NA,y,TARA_CO-0001252-S1.pdf
TARA_CO-0001305,C15-C15bi-C15bj-C15bb,56189.0,S1.pdf,NA,NA,y,TARA_CO-0001305-S1.pdf
TARA_CO-0001614,C15-C15bi-C15bj-C15bb,13235.0,S1.pdf,NA,NA,y,TARA_CO-0001614-S1.pdf
TARA_CO-0001825,C15-C15bi-C15bj-C15bb,14046.0,S1.pdf,NA,NA,y,TARA_CO-0001825-S1.pdf
TARA_CO-0001825,G3w,1327.0,S1.pdf,NA,NA,y,TARA_CO-0001825-S1.pdf
TARA_CO-0001825,G3i,2693.0,S1.pdf,NA,NA,y,TARA_CO-0001825-S1.pdf
TARA_CO-0001612,C15-C15bi-C15bj-C15bb,7966.0,S1.pdf,NA,NA,y,TARA_CO-0001612-S1.pdf
TARA_CO-0001612,G3d/G3e-G3c-G3f-G3g-G3h,3690.0,S1.pdf,NA,NA,y,TARA_CO-0001612-S1.pdf
TARA_CO-0001610,C15-C15bi-C15bj-C15bb,7937.0,S1.pdf,NA,NA,y,TARA_CO-0001610-S1.pdf
TARA_CO-0001610,G3d/G3e-G3c-G3f-G3g-G3h,5147.0,S1.pdf,NA,NA,y,TARA_CO-0001610-S1.pdf
TARA_CO-0001600,C1d/C42.2/C1/C3cg-C1b-C3cw-C1au,16353.0,S1.pdf,NA,NA,y,TARA_CO-0001600-S1.pdf
TARA_CO-0001816,C1d/C42.2/C1/C3cg-C1b-C3cw-C1au,21717.0,S1.pdf,NA,NA,y,TARA_CO-0001816-S1.pdf
TARA_CO-0001065,C1d/C42.2/C1/C3cg-C1b-C3cw-C1au,89120.0,S1.pdf,NA,NA,y,TARA_CO-0001065-S1.pdf
TARA_CO-0002360,C1d/C42.2/C1/C3cg-C1b-C3cw-C1au,22284.0,S1.pdf,NA,NA,y,TARA_CO-0002360-S1.pdf
TARA_CO-0004615,C1d/C42.2/C1/C3cg-C1b-C3cw-C1au,75384.0,S1.pdf,NA,NA,y,TARA_CO-0004615-S1.pdf
TARA_CO-1018901,C1d/C42.2/C1/C3cg-C1b-C3cw-C1au,53642.0,S1.pdf,NA,NA,y,TARA_CO-1018901-S1.pdf
TARA_CO-0002362,C1d/C42.2/C1/C3cg-C1b-C3cw-C1au,11368.0,S1.pdf,NA,NA,y,TARA_CO-0002362-S1.pdf
TARA_CO-1018903,C1d/C42.2/C1/C3cg-C1b-C3cw-C1au,84844.0,S1.pdf,NA,NA,y,TARA_CO-1018903-S1.pdf
TARA_CO-1014322,C1d/C42.2/C1/C3cg-C1b-C3cw-C1au,65694.0,S1.pdf,NA,NA,y,TARA_CO-1014322-S1.pdf
TARA_CO-1014419,C1d/C42.2/C1/C3cg-C1b-C3cw-C1au,44940.0,S1.pdf,NA,NA,y,TARA_CO-1014419-S1.pdf
TARA_CO-0002568,C1d/C42.2/C1/C3cg-C1b-C3cw-C1au,26521.0,S1.pdf,NA,NA,y,TARA_CO-0002568-S1.pdf
TARA_CO-0005353,C1d/C42.2/C1/C3cg-C1b-C3cw-C1au,58627.0,S1.pdf,NA,NA,y,TARA_CO-0005353-S1.pdf
TARA_CO-1014457,C1d/C42.2/C1/C3cg-C1b-C3cw-C1au,48054.0,S1.pdf,NA,NA,y,TARA_CO-1014457-S1.pdf
TARA_CO-1014422,C1d/C42.2/C1/C3cg-C1b-C3cw-C1au,51415.0,S1.pdf,NA,NA,y,TARA_CO-1014422-S1.pdf
TARA_CO-1014318,C1d/C42.2/C1/C3cg-C1b-C3cw-C1au,57459.0,S1.pdf,NA,NA,y,TARA_CO-1014318-S1.pdf
TARA_CO-0005570,C1d/C42.2/C1/C3cg-C1b-C3cw-C1au,68525.0,S1.pdf,NA,NA,y,TARA_CO-0005570-S1.pdf
TARA_CO-1015440,C15/C15cs-C15cr-C15bb-C15ec,64312.0,S1.pdf,NA,NA,y,TARA_CO-1015440-S1.pdf
TARA_CO-1015591,C15/C15cs-C15cr-C15bb-C15ec,56603.0,S1.pdf,NA,NA,y,TARA_CO-1015591-S1.pdf
TARA_CO-1015445,C15/C15cs-C15cr-C15bb-C15ec,59375.0,S1.pdf,NA,NA,y,TARA_CO-1015445-S1.pdf
TARA_CO-1015399,C15/C15cs-C15cr-C15bb-C15ec,53559.0,S1.pdf,NA,NA,y,TARA_CO-1015399-S1.pdf
TARA_CO-1015398,C15/C15cs-C15cr-C15bb-C15ec,68151.0,S1.pdf,NA,NA,y,TARA_CO-1015398-S1.pdf
TARA_CO-1015442,C15/C15cs-C15cr-C15bb-C15ec,43045.0,S1.pdf,NA,NA,y,TARA_CO-1015442-S1.pdf
TARA_CO-1015439,C15/C15cs-C15cr-C15bb-C15ec,60874.0,S1.pdf,NA,NA,y,TARA_CO-1015439-S1.pdf
TARA_CO-1015446,C15/C15cs-C15cr-C15bb-C15ec,47284.0,S1.pdf,NA,NA,y,TARA_CO-1015446-S1.pdf
TARA_CO-1015393,C15/C15cs-C15cr-C15bb-C15ec,17881.0,S1.pdf,NA,NA,y,TARA_CO-1015393-S1.pdf
TARA_CO-1015585,C15/C15cs-C15cr-C15bb-C15ec,27911.0,S1.pdf,NA,NA,y,TARA_CO-1015585-S1.pdf
TARA_CO-1015395,C15/C15cs-C15cr-C15bb-C15ec,53339.0,S1.pdf,NA,NA,y,TARA_CO-1015395-S1.pdf
TARA_CO-1015394,C15/C15cs-C15cr-C15bb-C15ec,49892.0,S1.pdf,NA,NA,y,TARA_CO-1015394-S1.pdf
TARA_CO-1015397,C15/C15cs-C15cr-C15bb-C15ec,41850.0,S1.pdf,NA,NA,y,TARA_CO-1015397-S1.pdf
TARA_CO-1015396,C15/C15cs-C15cr-C15bb-C15ec,39619.0,S1.pdf,NA,NA,y,TARA_CO-1015396-S1.pdf
TARA_CO-1015441,C15/C15cs-C15cr-C15bb-C15ec,33327.0,S1.pdf,NA,NA,y,TARA_CO-1015441-S1.pdf
TARA_CO-1014466,C15/C15ew,65238.0,S1.pdf,NA,NA,y,TARA_CO-1014466-S1.pdf
TARA_CO-1014139,C15/C15ew,40092.0,S1.pdf,NA,NA,y,TARA_CO-1014139-S1.pdf
TARA_CO-0001947,C15/C15ew,53479.0,S1.pdf,NA,NA,y,TARA_CO-0001947-S1.pdf
TARA_CO-1014474,C15/C15ew,48456.0,S1.pdf,NA,NA,y,TARA_CO-1014474-S1.pdf
TARA_CO-1014473,C116a-C116v-C116x,6642.0,S1.pdf,NA,NA,y,TARA_CO-1014473-S1.pdf
TARA_CO-1014473,C15/C15ew,58181.0,S1.pdf,NA,NA,y,TARA_CO-1014473-S1.pdf
TARA_CO-1014473,G3a-G3ai,178.0,S1.pdf,NA,NA,y,TARA_CO-1014473-S1.pdf
TARA_CO-1014465,C15/C15ew,41971.0,S1.pdf,NA,NA,y,TARA_CO-1014465-S1.pdf
TARA_CO-0005151,C15/C15ew,53323.0,S1.pdf,NA,NA,y,TARA_CO-0005151-S1.pdf
TARA_CO-1014142,C15/C15ew,52848.0,S1.pdf,NA,NA,y,TARA_CO-1014142-S1.pdf
TARA_CO-1014405,C15/C15ew,42509.0,S1.pdf,NA,NA,y,TARA_CO-1014405-S1.pdf
TARA_CO-0001944,C15/C15ew,31216.0,S1.pdf,NA,NA,y,TARA_CO-0001944-S1.pdf
TARA_CO-1014414,C15/C15ew,33401.0,S1.pdf,NA,NA,y,TARA_CO-1014414-S1.pdf
TARA_CO-0005152,C15/C15ew,36468.0,S1.pdf,NA,NA,y,TARA_CO-0005152-S1.pdf
TARA_CO-0005031,C15/C15ew,33041.0,S1.pdf,NA,NA,y,TARA_CO-0005031-S1.pdf
TARA_CO-0005336,C15/C15ew,31948.0,S1.pdf,NA,NA,y,TARA_CO-0005336-S1.pdf
TARA_CO-0001958,A8b/A16d-A3,34575.0,S1.pdf,NA,NA,y,TARA_CO-0001958-S1.pdf
TARA_CO-0005044,A8b/A16d-A3,6905.0,S1.pdf,NA,NA,y,TARA_CO-0005044-S1.pdf
TARA_FH-0000974,A8b/A16d-A3,50429.0,S1.pdf,NA,NA,y,TARA_FH-0000974-S1.pdf
TARA_CO-0001956,A8b/A16d-A3,35837.0,S1.pdf,NA,NA,y,TARA_CO-0001956-S1.pdf
TARA_OA-0002475,A8b/A16d-A3,37122.0,S1.pdf,NA,NA,y,TARA_OA-0002475-S1.pdf
TARA_CO-1016404,A8b/A16d-A3,44265.0,S1.pdf,NA,NA,y,TARA_CO-1016404-S1.pdf
TARA_CO-1018008,A8b/A16d-A3,23009.0,S1.pdf,NA,NA,y,TARA_CO-1018008-S1.pdf
TARA_CO-1018008,G3a-G3ai,625.0,S1.pdf,NA,NA,y,TARA_CO-1018008-S1.pdf
TARA_CO-1016497,A8b/A16d-A3,11240.0,S1.pdf,NA,NA,y,TARA_CO-1016497-S1.pdf
TARA_OA-0002479,A8b/A16d-A3,14925.0,S1.pdf,NA,NA,y,TARA_OA-0002479-S1.pdf
TARA_OA-0002474,A8b/A16d-A3,11984.0,S1.pdf,NA,NA,y,TARA_OA-0002474-S1.pdf
TARA_CO-1018273,A8b/A16d-A3,10913.0,S1.pdf,NA,NA,y,TARA_CO-1018273-S1.pdf
TARA_CO-0002620,A8b/A16d-A3,1165.0,S1.pdf,NA,NA,y,TARA_CO-0002620-S1.pdf
TARA_CO-1018005,A7/A8a/A16d,54939.0,S1.pdf,NA,NA,y,TARA_CO-1018005-S1.pdf
TARA_CO-1018004,A7/A8a/A16d,59617.0,S1.pdf,NA,NA,y,TARA_CO-1018004-S1.pdf
TARA_CO-1018099,A7/A8a/A16d,47622.0,S1.pdf,NA,NA,y,TARA_CO-1018099-S1.pdf
TARA_CO-1018003,A7/A8a/A16d,45751.0,S1.pdf,NA,NA,y,TARA_CO-1018003-S1.pdf
TARA_CO-1018010,A7/A8a/A16d,37133.0,S1.pdf,NA,NA,y,TARA_CO-1018010-S1.pdf
TARA_CO-1018100,A7/A8a/A16d,38367.0,S1.pdf,NA,NA,y,TARA_CO-1018100-S1.pdf
TARA_CO-0005760,A7/A8a/A16d,57533.0,S1.pdf,NA,NA,y,TARA_CO-0005760-S1.pdf
TARA_CO-1018096,A7/A8a/A16d,26303.0,S1.pdf,NA,NA,y,TARA_CO-1018096-S1.pdf
TARA_CO-0005514,A7/A8a/A16d,32960.0,S1.pdf,NA,NA,y,TARA_CO-0005514-S1.pdf
TARA_CO-0005759,A7/A8a/A16d,28345.0,S1.pdf,NA,NA,y,TARA_CO-0005759-S1.pdf
TARA_CO-0005609,A7/A8a/A16d,25559.0,S1.pdf,NA,NA,y,TARA_CO-0005609-S1.pdf
TARA_CO-0005764,A7/A8a/A16d,46461.0,S1.pdf,NA,NA,y,TARA_CO-0005764-S1.pdf
TARA_CO-0005515,A7/A8a/A16d,28463.0,S1.pdf,NA,NA,y,TARA_CO-0005515-S1.pdf
TARA_CO-1018524,C1/C1ag/C42.2-C3cg-C1bi-C1b-C3cw-C45c,51663.0,S1.pdf,NA,NA,y,TARA_CO-1018524-S1.pdf
TARA_CO-1018522,C1/C1ag/C42.2-C3cg-C1bi-C1b-C3cw-C45c,55659.0,S1.pdf,NA,NA,y,TARA_CO-1018522-S1.pdf
TARA_CO-1018169,C1/C1ag/C42.2-C3cg-C1bi-C1b-C3cw-C45c,71282.0,S1.pdf,NA,NA,y,TARA_CO-1018169-S1.pdf
TARA_CO-1018530,C1/C1ag/C42.2-C3cg-C1bi-C1b-C3cw-C45c,72942.0,S1.pdf,NA,NA,y,TARA_CO-1018530-S1.pdf
TARA_CO-1018697,C1/C1ag/C42.2-C3cg-C1bi-C1b-C3cw-C45c,43276.0,S1.pdf,NA,NA,y,TARA_CO-1018697-S1.pdf
TARA_CO-1018528,C1/C1ag/C42.2-C3cg-C1bi-C1b-C3cw-C45c,44292.0,S1.pdf,NA,NA,y,TARA_CO-1018528-S1.pdf
TARA_CO-1018435,C1/C1ag/C42.2-C3cg-C1bi-C1b-C3cw-C45c,52137.0,S1.pdf,NA,NA,y,TARA_CO-1018435-S1.pdf
TARA_CO-1018521,C1/C1ag/C42.2-C3cg-C1bi-C1b-C3cw-C45c,68727.0,S1.pdf,NA,NA,y,TARA_CO-1018521-S1.pdf
TARA_CO-1018434,C1/C1ag/C42.2-C3cg-C1bi-C1b-C3cw-C45c,58639.0,S1.pdf,NA,NA,y,TARA_CO-1018434-S1.pdf
TARA_CO-1018432,C1/C1ag/C42.2-C3cg-C1bi-C1b-C3cw-C45c,24864.0,S1.pdf,NA,NA,y,TARA_CO-1018432-S1.pdf
TARA_CO-0005024,C1/C1ag/C42.2-C3cg-C1bi-C1b-C3cw-C45c,48049.0,S1.pdf,NA,NA,y,TARA_CO-0005024-S1.pdf
TARA_CO-1018437,C1/C1ag/C42.2-C3cg-C1bi-C1b-C3cw-C45c,66110.0,S1.pdf,NA,NA,y,TARA_CO-1018437-S1.pdf
TARA_CO-1018437,G3t,123.0,S1.pdf,NA,NA,y,TARA_CO-1018437-S1.pdf
TARA_CO-0005028,C1/C1ag/C42.2-C3cg-C1bi-C1b-C3cw-C45c,59380.0,S1.pdf,NA,NA,y,TARA_CO-0005028-S1.pdf
TARA_CO-0005023,C1/C1ag/C42.2-C3cg-C1bi-C1b-C3cw-C45c,23311.0,S1.pdf,NA,NA,y,TARA_CO-0005023-S1.pdf
TARA_CO-1015244,C1/C42.2/C1b,38528.0,S1.pdf,NA,NA,y,TARA_CO-1015244-S1.pdf
TARA_CO-0000006,C1/C42.2/C1b,4009.0,S1.pdf,NA,NA,y,TARA_CO-0000006-S1.pdf
TARA_CO-0000006,D1-D1as-D1at-D4-D6-D1ba-D1bb-D1ax,7990.0,S1.pdf,NA,NA,y,TARA_CO-0000006-S1.pdf
TARA_CO-0000013,C1/C42.2/C1b,2824.0,S1.pdf,NA,NA,y,TARA_CO-0000013-S1.pdf
TARA_CO-0000013,D1-D1as-D1bb-D1ba-D4-D1at-D6-D1ax-D1bg-D1au,14969.0,S1.pdf,NA,NA,y,TARA_CO-0000013-S1.pdf
TARA_OA-0002477,A7x/A8b-A16d-A7ac-A3-A7ab,36505.0,S1.pdf,NA,NA,y,TARA_OA-0002477-S1.pdf
TARA_OA-0002350,A7x/A8b-A16d-A7ac-A3-A7ab,63603.0,S1.pdf,NA,NA,y,TARA_OA-0002350-S1.pdf
TARA_FH-0000977,A7x/A8b-A16d-A7ac-A3-A7ab,33886.0,S1.pdf,NA,NA,y,TARA_FH-0000977-S1.pdf
TARA_FH-0000975,A7x/A8b-A16d-A7ac-A3-A7ab,33954.0,S1.pdf,NA,NA,y,TARA_FH-0000975-S1.pdf
TARA_OA-0002478,A7x/A8b-A16d-A7ac-A3-A7ab,35277.0,S1.pdf,NA,NA,y,TARA_OA-0002478-S1.pdf
TARA_OA-0002343,A7x/A8b-A16d-A7ac-A3-A7ab,40218.0,S1.pdf,NA,NA,y,TARA_OA-0002343-S1.pdf
TARA_FH-0000979,A7x/A8b-A16d-A7ac-A3-A7ab,28411.0,S1.pdf,NA,NA,y,TARA_FH-0000979-S1.pdf
TARA_FH-0000972,A7x/A8b-A16d-A7ac-A3-A7ab,31723.0,S1.pdf,NA,NA,y,TARA_FH-0000972-S1.pdf
TARA_FH-0000976,A7x/A8b-A16d-A7ac-A3-A7ab,50921.0,S1.pdf,NA,NA,y,TARA_FH-0000976-S1.pdf
TARA_OA-0002346,A7x/A8b-A16d-A7ac-A3-A7ab,67781.0,S1.pdf,NA,NA,y,TARA_OA-0002346-S1.pdf
TARA_OA-0002345,A7x/A8b-A16d-A7ac-A3-A7ab,44262.0,S1.pdf,NA,NA,y,TARA_OA-0002345-S1.pdf
TARA_OA-0002351,A7x/A8b-A16d-A7ac-A3-A7ab,31299.0,S1.pdf,NA,NA,y,TARA_OA-0002351-S1.pdf
TARA_OA-0002471,A7x/A8b-A16d-A7ac-A3-A7ab,30927.0,S1.pdf,NA,NA,y,TARA_OA-0002471-S1.pdf
TARA_OA-0002480,A7x/A8b-A16d-A7ac-A3-A7ab,30904.0,S1.pdf,NA,NA,y,TARA_OA-0002480-S1.pdf
TARA_CO-1016602,D1/D6/D4-D2.2,56442.0,S1.pdf,NA,NA,y,TARA_CO-1016602-S1.pdf
TARA_CO-1016610,C15h-C15do-C116s-C116r-C15dp,1208.0,S1.pdf,NA,NA,y,TARA_CO-1016610-S1.pdf
TARA_CO-1016610,D1/D6/D4-D2.2,41655.0,S1.pdf,NA,NA,y,TARA_CO-1016610-S1.pdf
TARA_CO-1016603,D1/D6/D4-D2.2,48273.0,S1.pdf,NA,NA,y,TARA_CO-1016603-S1.pdf
TARA_CO-0001009,C1/C42.2/C42g/C42a-C1b-C1az-C1au-C1j,18771.0,S1.pdf,NA,NA,y,TARA_CO-0001009-S1.pdf
TARA_CO-0001009,D1/D6/D4-D2.2,26258.0,S1.pdf,NA,NA,y,TARA_CO-0001009-S1.pdf
TARA_CO-0000209,D1-D1at-D1as-D4-D1ba-D2a-D6,101631.0,S1.pdf,NA,NA,y,TARA_CO-0000209-S1.pdf
TARA_CO-0000228,D1-D1at-D1as-D4-D1ba-D2a-D6,29807.0,S1.pdf,NA,NA,y,TARA_CO-0000228-S1.pdf
TARA_CO-0000226,C42a-C42.2-C1b-C1-C42b,541.0,S1.pdf,NA,NA,y,TARA_CO-0000226-S1.pdf
TARA_CO-0000226,D1-D1at-D1as-D4-D1ba-D2a-D6,32786.0,S1.pdf,NA,NA,y,TARA_CO-0000226-S1.pdf
TARA_CO-0000390,D1-D1at-D1as-D4-D1ba-D2a-D6,32906.0,S1.pdf,NA,NA,y,TARA_CO-0000390-S1.pdf
TARA_CO-0000391,D1-D1at-D1as-D4-D1ba-D2a-D6,31928.0,S1.pdf,NA,NA,y,TARA_CO-0000391-S1.pdf
TARA_CO-0000146,D1-D1at-D1as-D4-D1ba-D2a-D6,33821.0,S1.pdf,NA,NA,y,TARA_CO-0000146-S1.pdf
TARA_CO-0000144,D1-D1at-D1as-D4-D1ba-D2a-D6,25992.0,S1.pdf,NA,NA,y,TARA_CO-0000144-S1.pdf
TARA_CO-0000142,D1-D1at-D1as-D4-D1ba-D2a-D6,23965.0,S1.pdf,NA,NA,y,TARA_CO-0000142-S1.pdf
TARA_CO-1015859,D1-D1at-D1as-D4-D1ba-D2a-D6,35347.0,S1.pdf,NA,NA,y,TARA_CO-1015859-S1.pdf
TARA_CO-0000202,C42.2/C1/C1b-C1au,227.0,S1.pdf,NA,NA,y,TARA_CO-0000202-S1.pdf
TARA_CO-0000202,C15-C15eo-C15ep,147.0,S1.pdf,NA,NA,y,TARA_CO-0000202-S1.pdf
TARA_CO-0000202,D1-D1at-D1as-D4-D1ba-D2a-D6,10452.0,S1.pdf,NA,NA,y,TARA_CO-0000202-S1.pdf
TARA_CO-1015857,C42a/C1/C42.2-C1b-C1az-C1au-C115d-C42b-C115l,4113.0,S1.pdf,NA,NA,y,TARA_CO-1015857-S1.pdf
TARA_CO-1015857,D1-D1at-D1as-D4-D1ba-D2a-D6,43674.0,S1.pdf,NA,NA,y,TARA_CO-1015857-S1.pdf
TARA_CO-1015957,C42a/C1/C42.2-C1b-C1az-C1au-C115d-C42b-C115l,8368.0,S1.pdf,NA,NA,y,TARA_CO-1015957-S1.pdf
TARA_CO-1015957,D1-D1at-D1as-D4-D1ba-D2a-D6,47933.0,S1.pdf,NA,NA,y,TARA_CO-1015957-S1.pdf
TARA_CO-1017055,C15-C15bq,78303.0,S1.pdf,NA,NA,y,TARA_CO-1017055-S1.pdf
TARA_CO-0000151,C15-C15bq,122202.0,S1.pdf,NA,NA,y,TARA_CO-0000151-S1.pdf
TARA_CO-1015966,C15-C15bq,51419.0,S1.pdf,NA,NA,y,TARA_CO-1015966-S1.pdf
TARA_CO-1018442,C15-C15bq,48959.0,S1.pdf,NA,NA,y,TARA_CO-1018442-S1.pdf
TARA_CO-1018710,C15-C15bq,48935.0,S1.pdf,NA,NA,y,TARA_CO-1018710-S1.pdf
TARA_CO-0000397,C15-C15bq,46935.0,S1.pdf,NA,NA,y,TARA_CO-0000397-S1.pdf
TARA_CO-0000397,D1/D1as-D4-D1at,200.0,S1.pdf,NA,NA,y,TARA_CO-0000397-S1.pdf
TARA_CO-0005555,C15-C15bq,67892.0,S1.pdf,NA,NA,y,TARA_CO-0005555-S1.pdf
TARA_CO-1018443,C15-C15bq,47392.0,S1.pdf,NA,NA,y,TARA_CO-1018443-S1.pdf
TARA_CO-0003102,C15-C15bq,43256.0,S1.pdf,NA,NA,y,TARA_CO-0003102-S1.pdf
TARA_CO-1018444,C15-C15bq,47896.0,S1.pdf,NA,NA,y,TARA_CO-1018444-S1.pdf
TARA_CO-0005754,C15-C15bq,49767.0,S1.pdf,NA,NA,y,TARA_CO-0005754-S1.pdf
TARA_CO-0004339,C15-C15bq,24674.0,S1.pdf,NA,NA,y,TARA_CO-0004339-S1.pdf
TARA_CO-0005040,C15-C15bq,46741.0,S1.pdf,NA,NA,y,TARA_CO-0005040-S1.pdf
TARA_CO-1018692,C1/C42.2/C1ag-C3cg-C1b-C3cw-C115k-C45c,31648.0,S1.pdf,NA,NA,y,TARA_CO-1018692-S1.pdf
TARA_CO-1018440,C1/C42.2/C1ag-C3cg-C1b-C3cw-C115k-C45c,35365.0,S1.pdf,NA,NA,y,TARA_CO-1018440-S1.pdf
TARA_CO-1018436,C1/C42.2/C1ag-C3cg-C1b-C3cw-C115k-C45c,73222.0,S1.pdf,NA,NA,y,TARA_CO-1018436-S1.pdf
TARA_CO-1018523,C1/C42.2/C1ag-C3cg-C1b-C3cw-C115k-C45c,46650.0,S1.pdf,NA,NA,y,TARA_CO-1018523-S1.pdf
TARA_FH-0000954,C1/C42.2/C1ag-C3cg-C1b-C3cw-C115k-C45c,34026.0,S1.pdf,NA,NA,y,TARA_FH-0000954-S1.pdf
TARA_CO-1018164,C1/C42.2/C1ag-C3cg-C1b-C3cw-C115k-C45c,25584.0,S1.pdf,NA,NA,y,TARA_CO-1018164-S1.pdf
TARA_CO-1018695,C1/C42.2/C1ag-C3cg-C1b-C3cw-C115k-C45c,25158.0,S1.pdf,NA,NA,y,TARA_CO-1018695-S1.pdf
TARA_CO-1018693,C1/C42.2/C1ag-C3cg-C1b-C3cw-C115k-C45c,27251.0,S1.pdf,NA,NA,y,TARA_CO-1018693-S1.pdf
TARA_OA-0002326,C1/C42.2/C1ag-C3cg-C1b-C3cw-C115k-C45c,48348.0,S1.pdf,NA,NA,y,TARA_OA-0002326-S1.pdf
TARA_CO-1018529,C1/C42.2/C1ag-C3cg-C1b-C3cw-C115k-C45c,53835.0,S1.pdf,NA,NA,y,TARA_CO-1018529-S1.pdf
TARA_CO-1018527,C1/C42.2/C1ag-C3cg-C1b-C3cw-C115k-C45c,48546.0,S1.pdf,NA,NA,y,TARA_CO-1018527-S1.pdf
TARA_CO-1018438,C1/C42.2/C1ag-C3cg-C1b-C3cw-C115k-C45c,56780.0,S1.pdf,NA,NA,y,TARA_CO-1018438-S1.pdf
TARA_CO-1018525,C1/C42.2/C1ag-C3cg-C1b-C3cw-C115k-C45c,50559.0,S1.pdf,NA,NA,y,TARA_CO-1018525-S1.pdf
TARA_CO-0000732,C15bd-C15-C15fp-C15fy,9358.0,S1.pdf,NA,NA,y,TARA_CO-0000732-S1.pdf
TARA_CO-0000675,C15bd-C15-C15fp-C15fy,8714.0,S1.pdf,NA,NA,y,TARA_CO-0000675-S1.pdf
TARA_CO-0000731,C15bd-C15-C15fp-C15fy,10351.0,S1.pdf,NA,NA,y,TARA_CO-0000731-S1.pdf
TARA_CO-0000734,C15bd-C15-C15fp-C15fy,8802.0,S1.pdf,NA,NA,y,TARA_CO-0000734-S1.pdf
TARA_CO-0000680,C15bd-C15-C15fp-C15fy,10505.0,S1.pdf,NA,NA,y,TARA_CO-0000680-S1.pdf
TARA_CO-0000805,C15bd-C15-C15fp-C15fy,19185.0,S1.pdf,NA,NA,y,TARA_CO-0000805-S1.pdf
TARA_CO-0000735,C15bd-C15-C15fp-C15fy,8056.0,S1.pdf,NA,NA,y,TARA_CO-0000735-S1.pdf
TARA_CO-0000681,C15bd-C15-C15fp-C15fy,8600.0,S1.pdf,NA,NA,y,TARA_CO-0000681-S1.pdf
TARA_CO-0000793,C15bd-C15-C15fp-C15fy,12565.0,S1.pdf,NA,NA,y,TARA_CO-0000793-S1.pdf
TARA_CO-0000961,C15bd-C15-C15fp-C15fy,15899.0,S1.pdf,NA,NA,y,TARA_CO-0000961-S1.pdf
TARA_CO-0000806,C15bd-C15-C15fp-C15fy,12554.0,S1.pdf,NA,NA,y,TARA_CO-0000806-S1.pdf
TARA_CO-0000804,C15bd-C15-C15fp-C15fy,16358.0,S1.pdf,NA,NA,y,TARA_CO-0000804-S1.pdf
TARA_CO-0000803,C15bd-C15-C15fp-C15fy,34128.0,S1.pdf,NA,NA,y,TARA_CO-0000803-S1.pdf
TARA_CO-1018939,C66-C66e,52234.0,S1.pdf,NA,NA,y,TARA_CO-1018939-S1.pdf
TARA_CO-1018815,C66-C66e,58375.0,S1.pdf,NA,NA,y,TARA_CO-1018815-S1.pdf
TARA_CO-0003766,C66-C66e,55052.0,S1.pdf,NA,NA,y,TARA_CO-0003766-S1.pdf
TARA_CO-0003624,C66-C66e,21276.0,S1.pdf,NA,NA,y,TARA_CO-0003624-S1.pdf
TARA_CO-0005604,C66-C66e,33151.0,S1.pdf,NA,NA,y,TARA_CO-0005604-S1.pdf
TARA_CO-0003584,C66-C66e,43237.0,S1.pdf,NA,NA,y,TARA_CO-0003584-S1.pdf
TARA_CO-1016496,C66-C66e,31642.0,S1.pdf,NA,NA,y,TARA_CO-1016496-S1.pdf
TARA_CO-1014483,C66-C66e,36495.0,S1.pdf,NA,NA,y,TARA_CO-1014483-S1.pdf
TARA_CO-0003631,C66-C66e,35851.0,S1.pdf,NA,NA,y,TARA_CO-0003631-S1.pdf
TARA_CO-1016105,C66-C66e,36348.0,S1.pdf,NA,NA,y,TARA_CO-1016105-S1.pdf
TARA_CO-1016105,C15h,10773.0,S1.pdf,NA,NA,y,TARA_CO-1016105-S1.pdf
TARA_CO-1016225,C66-C66e,31750.0,S1.pdf,NA,NA,y,TARA_CO-1016225-S1.pdf
TARA_CO-1016499,C66-C66e,28691.0,S1.pdf,NA,NA,y,TARA_CO-1016499-S1.pdf
TARA_CO-0003579,C15-C15by-C15ai,73478.0,S1.pdf,NA,NA,y,TARA_CO-0003579-S1.pdf
TARA_CO-0003642,C15-C15by-C15ai,59847.0,S1.pdf,NA,NA,y,TARA_CO-0003642-S1.pdf
TARA_CO-0003058,C15-C15by-C15ai,49102.0,S1.pdf,NA,NA,y,TARA_CO-0003058-S1.pdf
TARA_CO-0003639,C15-C15by-C15ai,73690.0,S1.pdf,NA,NA,y,TARA_CO-0003639-S1.pdf
TARA_CO-1014469,C15-C15by-C15ai,61681.0,S1.pdf,NA,NA,y,TARA_CO-1014469-S1.pdf
TARA_CO-1016418,C15-C15by-C15ai,56559.0,S1.pdf,NA,NA,y,TARA_CO-1016418-S1.pdf
TARA_CO-1014409,C15-C15by-C15ai,63578.0,S1.pdf,NA,NA,y,TARA_CO-1014409-S1.pdf
TARA_CO-0003457,C15-C15by-C15ai,54697.0,S1.pdf,NA,NA,y,TARA_CO-0003457-S1.pdf
TARA_CO-0003634,C15-C15by-C15ai,58240.0,S1.pdf,NA,NA,y,TARA_CO-0003634-S1.pdf
TARA_CO-0005500,C15-C15by-C15ai,66420.0,S1.pdf,NA,NA,y,TARA_CO-0005500-S1.pdf
TARA_CO-1016703,C15-C15by-C15ai,50590.0,S1.pdf,NA,NA,y,TARA_CO-1016703-S1.pdf
TARA_CO-0003974,C15-C15by-C15ai,36463.0,S1.pdf,NA,NA,y,TARA_CO-0003974-S1.pdf
TARA_CO-1016701,C15h/C15,50984.0,S1.pdf,NA,NA,y,TARA_CO-1016701-S1.pdf
TARA_CO-1018828,C15h/C15,44536.0,S1.pdf,NA,NA,y,TARA_CO-1018828-S1.pdf
TARA_CO-1016212,C15h/C15,63862.0,S1.pdf,NA,NA,y,TARA_CO-1016212-S1.pdf
TARA_CO-0004820,C15-C15dt,40061.0,S1.pdf,NA,NA,y,TARA_CO-0004820-S1.pdf
TARA_CO-1016415,C15-C15dt,50456.0,S1.pdf,NA,NA,y,TARA_CO-1016415-S1.pdf
TARA_CO-1016416,C15-C15dt,71912.0,S1.pdf,NA,NA,y,TARA_CO-1016416-S1.pdf
TARA_CO-0004821,C15-C15dt,43653.0,S1.pdf,NA,NA,y,TARA_CO-0004821-S1.pdf
TARA_CO-0004815,C15-C15dt,44483.0,S1.pdf,NA,NA,y,TARA_CO-0004815-S1.pdf
TARA_CO-0004558,C15-C15dt,57625.0,S1.pdf,NA,NA,y,TARA_CO-0004558-S1.pdf
TARA_CO-0001073,C15-C15dt,47517.0,S1.pdf,NA,NA,y,TARA_CO-0001073-S1.pdf
TARA_CO-1014406,C15-C15dt,49145.0,S1.pdf,NA,NA,y,TARA_CO-1014406-S1.pdf
TARA_CO-1014143,C15-C15dt,41304.0,S1.pdf,NA,NA,y,TARA_CO-1014143-S1.pdf
TARA_CO-0004431,C15-C15dt,13058.0,S1.pdf,NA,NA,y,TARA_CO-0004431-S1.pdf
TARA_CO-0003055,C15-C15dt,46459.0,S1.pdf,NA,NA,y,TARA_CO-0003055-S1.pdf
TARA_CO-0003459,C15-C15dt,39538.0,S1.pdf,NA,NA,y,TARA_CO-0003459-S1.pdf
TARA_CO-0001320,C57k-C57d-C57l,90901.0,S1.pdf,NA,NA,y,TARA_CO-0001320-S1.pdf
TARA_CO-0001322,C57k-C57d-C57l,31827.0,S1.pdf,NA,NA,y,TARA_CO-0001322-S1.pdf
TARA_CO-0001444,C57k-C57d-C57l,42053.0,S1.pdf,NA,NA,y,TARA_CO-0001444-S1.pdf
TARA_CO-0001442,C57k-C57d-C57l,48021.0,S1.pdf,NA,NA,y,TARA_CO-0001442-S1.pdf
TARA_CO-0001443,C57k-C57d-C57l,76201.0,S1.pdf,NA,NA,y,TARA_CO-0001443-S1.pdf
TARA_CO-0001324,C57k-C57d-C57l,48491.0,S1.pdf,NA,NA,y,TARA_CO-0001324-S1.pdf
TARA_CO-0001437,C57k-C57d-C57l,24270.0,S1.pdf,NA,NA,y,TARA_CO-0001437-S1.pdf
TARA_CO-0001440,C57k-C57d-C57l,33040.0,S1.pdf,NA,NA,y,TARA_CO-0001440-S1.pdf
TARA_CO-0001323,C57k-C57d-C57l,14039.0,S1.pdf,NA,NA,y,TARA_CO-0001323-S1.pdf
TARA_CO-0001435,C57k-C57d-C57l,78704.0,S1.pdf,NA,NA,y,TARA_CO-0001435-S1.pdf
TARA_CO-0001436,C57k-C57d-C57l,28283.0,S1.pdf,NA,NA,y,TARA_CO-0001436-S1.pdf
TARA_CO-0001321,C15h/C15,784.0,S1.pdf,NA,NA,y,TARA_CO-0001321-S1.pdf
TARA_CO-0001321,C57k-C57d-C57l,17790.0,S1.pdf,NA,NA,y,TARA_CO-0001321-S1.pdf
TARA_CO-0004901,C15/C15m,43142.0,S1.pdf,NA,NA,y,TARA_CO-0004901-S1.pdf
TARA_CO-0004897,C15/C15m,44940.0,S1.pdf,NA,NA,y,TARA_CO-0004897-S1.pdf
TARA_CO-1015586,C15/C15m,35778.0,S1.pdf,NA,NA,y,TARA_CO-1015586-S1.pdf
TARA_CO-0000538,C15/C15m,9321.0,S1.pdf,NA,NA,y,TARA_CO-0000538-S1.pdf
TARA_CO-0002584,C15/C15m,24998.0,S1.pdf,NA,NA,y,TARA_CO-0002584-S1.pdf
TARA_CO-0000802,C15/C15m,6171.0,S1.pdf,NA,NA,y,TARA_CO-0000802-S1.pdf
TARA_CO-0000802,C116y,1915.0,S1.pdf,NA,NA,y,TARA_CO-0000802-S1.pdf
TARA_CO-0002046,C15m/C15-C15ae-C15ee-C15bk,17293.0,S1.pdf,NA,NA,y,TARA_CO-0002046-S1.pdf
TARA_CO-0002698,C15m/C15-C15ae-C15ee-C15bk,12748.0,S1.pdf,NA,NA,y,TARA_CO-0002698-S1.pdf
TARA_CO-1018262,C15m/C15-C15ae-C15ee-C15bk,53695.0,S1.pdf,NA,NA,y,TARA_CO-1018262-S1.pdf
TARA_CO-1018265,C15m/C15-C15ae-C15ee-C15bk,38355.0,S1.pdf,NA,NA,y,TARA_CO-1018265-S1.pdf
TARA_CO-1018261,C15m/C15-C15ae-C15ee-C15bk,36159.0,S1.pdf,NA,NA,y,TARA_CO-1018261-S1.pdf
TARA_CO-1018359,C15m/C15-C15ae-C15ee-C15bk,55669.0,S1.pdf,NA,NA,y,TARA_CO-1018359-S1.pdf
TARA_CO-1018353,C15m/C15-C15ae-C15ee-C15bk,59041.0,S1.pdf,NA,NA,y,TARA_CO-1018353-S1.pdf
TARA_CO-1018176,C15m/C15-C15ae-C15ee-C15bk,48207.0,S1.pdf,NA,NA,y,TARA_CO-1018176-S1.pdf
TARA_CO-1018351,C15m/C15-C15ae-C15ee-C15bk,54078.0,S1.pdf,NA,NA,y,TARA_CO-1018351-S1.pdf
TARA_CO-0002367,C15m/C15-C15ae-C15ee-C15bk,24076.0,S1.pdf,NA,NA,y,TARA_CO-0002367-S1.pdf
TARA_CO-0002367,G3x-G3ab-G3z-G3aa,1913.0,S1.pdf,NA,NA,y,TARA_CO-0002367-S1.pdf
TARA_CO-1018263,C15m/C15-C15ae-C15ee-C15bk,49268.0,S1.pdf,NA,NA,y,TARA_CO-1018263-S1.pdf
TARA_CO-0003042,C15h-C15do,536.0,S1.pdf,NA,NA,y,TARA_CO-0003042-S1.pdf
TARA_CO-0003042,D1-D2d-D1aa-D1z-D1y,48878.0,S1.pdf,NA,NA,y,TARA_CO-0003042-S1.pdf
TARA_CO-1016236,D1-D2d-D1aa-D1z-D1y,74976.0,S1.pdf,NA,NA,y,TARA_CO-1016236-S1.pdf
TARA_CO-1016964,D1-D2d-D1aa-D1z-D1y,44340.0,S1.pdf,NA,NA,y,TARA_CO-1016964-S1.pdf
TARA_CO-1016964,D4/D6,731.0,S1.pdf,NA,NA,y,TARA_CO-1016964-S1.pdf
TARA_CO-0001243,D1-D2d-D1aa-D1z-D1y,56213.0,S1.pdf,NA,NA,y,TARA_CO-0001243-S1.pdf
TARA_CO-1016123,C1d/C1/C42.2-C1b-C3cg-C45c-C115k-C1au,5572.0,S1.pdf,NA,NA,y,TARA_CO-1016123-S1.pdf
TARA_CO-1016123,D1-D2d-D1aa-D1z-D1y,70198.0,S1.pdf,NA,NA,y,TARA_CO-1016123-S1.pdf
TARA_CO-1016963,C15h-C116s-C15dp,10156.0,S1.pdf,NA,NA,y,TARA_CO-1016963-S1.pdf
TARA_CO-1016963,D1-D2d-D1aa-D1z-D1y,62350.0,S1.pdf,NA,NA,y,TARA_CO-1016963-S1.pdf
TARA_CO-1016965,D1-D2d-D1aa-D1z-D1y,38053.0,S1.pdf,NA,NA,y,TARA_CO-1016965-S1.pdf
TARA_CO-1016965,D4/D6,762.0,S1.pdf,NA,NA,y,TARA_CO-1016965-S1.pdf
TARA_CO-0003391,C1d/C1/C42.2-C1b-C3cg-C45c-C115k-C1au,9052.0,S1.pdf,NA,NA,y,TARA_CO-0003391-S1.pdf
TARA_CO-0003391,D1-D2d-D1aa-D1z-D1y,26508.0,S1.pdf,NA,NA,y,TARA_CO-0003391-S1.pdf
TARA_CO-0003391,D4/D6,4704.0,S1.pdf,NA,NA,y,TARA_CO-0003391-S1.pdf
TARA_CO-0003325,C66-C66e-C66f-C66v,51857.0,S1.pdf,NA,NA,y,TARA_CO-0003325-S1.pdf
TARA_CO-0004060,C66-C66e-C66f-C66v,9537.0,S1.pdf,NA,NA,y,TARA_CO-0004060-S1.pdf
TARA_CO-0004221,C66-C66e-C66f-C66v,13216.0,S1.pdf,NA,NA,y,TARA_CO-0004221-S1.pdf
TARA_CO-0004343,C66-C66e-C66f-C66v,12656.0,S1.pdf,NA,NA,y,TARA_CO-0004343-S1.pdf
TARA_CO-0004346,C66-C66e-C66f-C66v,12497.0,S1.pdf,NA,NA,y,TARA_CO-0004346-S1.pdf
TARA_CO-0004349,C66-C66e-C66f-C66v,39732.0,S1.pdf,NA,NA,y,TARA_CO-0004349-S1.pdf
TARA_CO-1016103,C66-C66e-C66f-C66v,28799.0,S1.pdf,NA,NA,y,TARA_CO-1016103-S1.pdf
TARA_CO-0004227,C66-C66e-C66f-C66v,26781.0,S1.pdf,NA,NA,y,TARA_CO-0004227-S1.pdf
TARA_CO-0004223,C66-C66e-C66f-C66v,12285.0,S1.pdf,NA,NA,y,TARA_CO-0004223-S1.pdf
TARA_CO-0004348,C66-C66e-C66f-C66v,36368.0,S1.pdf,NA,NA,y,TARA_CO-0004348-S1.pdf
TARA_CO-0004347,C66-C66e-C66f-C66v,25855.0,S1.pdf,NA,NA,y,TARA_CO-0004347-S1.pdf
TARA_CO-0003094,C66-C66w-C66u-C57j-C66y-C66x,65709.0,S1.pdf,NA,NA,y,TARA_CO-0003094-S1.pdf
TARA_CO-0003091,C66-C66w-C66u-C57j-C66y-C66x,59028.0,S1.pdf,NA,NA,y,TARA_CO-0003091-S1.pdf
TARA_CO-0003092,C66-C66w-C66u-C57j-C66y-C66x,72852.0,S1.pdf,NA,NA,y,TARA_CO-0003092-S1.pdf
TARA_CO-0003098,C66-C66w-C66u-C57j-C66y-C66x,43029.0,S1.pdf,NA,NA,y,TARA_CO-0003098-S1.pdf
TARA_CO-0003099,C66-C66w-C66u-C57j-C66y-C66x,70682.0,S1.pdf,NA,NA,y,TARA_CO-0003099-S1.pdf
TARA_CO-0003090,C66-C66w-C66u-C57j-C66y-C66x,48788.0,S1.pdf,NA,NA,y,TARA_CO-0003090-S1.pdf
TARA_CO-0003097,C66-C66w-C66u-C57j-C66y-C66x,34002.0,S1.pdf,NA,NA,y,TARA_CO-0003097-S1.pdf
TARA_CO-0003093,C66-C66w-C66u-C57j-C66y-C66x,52487.0,S1.pdf,NA,NA,y,TARA_CO-0003093-S1.pdf
TARA_CO-0003095,C66-C66w-C66u-C57j-C66y-C66x,59126.0,S1.pdf,NA,NA,y,TARA_CO-0003095-S1.pdf
TARA_CO-0003096,C66-C66w-C66u-C57j-C66y-C66x,33639.0,S1.pdf,NA,NA,y,TARA_CO-0003096-S1.pdf
TARA_CO-0003233,C66-C66w-C66u-C57j-C66y-C66x,47296.0,S1.pdf,NA,NA,y,TARA_CO-0003233-S1.pdf
TARA_CO-0003233,C15h-C15do,3791.0,S1.pdf,NA,NA,y,TARA_CO-0003233-S1.pdf
TARA_CO-0001072,C15-C15fm,59439.0,S1.pdf,NA,NA,y,TARA_CO-0001072-S1.pdf
TARA_CO-0001075,C15-C15fm,54394.0,S1.pdf,NA,NA,y,TARA_CO-0001075-S1.pdf
TARA_CO-0001074,C15-C15fm,48111.0,S1.pdf,NA,NA,y,TARA_CO-0001074-S1.pdf
TARA_CO-0001080,C15-C15fm,57068.0,S1.pdf,NA,NA,y,TARA_CO-0001080-S1.pdf
TARA_CO-0001018,C15-C15fm,40395.0,S1.pdf,NA,NA,y,TARA_CO-0001018-S1.pdf
TARA_CO-0001012,C15-C15fm,46285.0,S1.pdf,NA,NA,y,TARA_CO-0001012-S1.pdf
TARA_CO-0001020,C15-C15fm,45185.0,S1.pdf,NA,NA,y,TARA_CO-0001020-S1.pdf
TARA_CO-0001013,C15-C15fm,44363.0,S1.pdf,NA,NA,y,TARA_CO-0001013-S1.pdf
TARA_CO-0001017,C15-C15fm,35169.0,S1.pdf,NA,NA,y,TARA_CO-0001017-S1.pdf
TARA_CO-0001078,C15-C15fm,41416.0,S1.pdf,NA,NA,y,TARA_CO-0001078-S1.pdf
TARA_CO-0001071,C15-C15fm,59972.0,S1.pdf,NA,NA,y,TARA_CO-0001071-S1.pdf
TARA_CO-1014285,C57h/C57d-C57a,58530.0,S1.pdf,NA,NA,y,TARA_CO-1014285-S1.pdf
TARA_CO-1014286,C57h/C57d-C57a,54483.0,S1.pdf,NA,NA,y,TARA_CO-1014286-S1.pdf
TARA_CO-1014291,C57h/C57d-C57a,45430.0,S1.pdf,NA,NA,y,TARA_CO-1014291-S1.pdf
TARA_CO-1014292,C57h/C57d-C57a,73347.0,S1.pdf,NA,NA,y,TARA_CO-1014292-S1.pdf
TARA_CO-1014294,C57h/C57d-C57a,58821.0,S1.pdf,NA,NA,y,TARA_CO-1014294-S1.pdf
TARA_CO-1014476,C57h/C57d-C57a,54532.0,S1.pdf,NA,NA,y,TARA_CO-1014476-S1.pdf
TARA_CO-1014293,C57h/C57d-C57a,55927.0,S1.pdf,NA,NA,y,TARA_CO-1014293-S1.pdf
TARA_CO-1014481,C57h/C57d-C57a,51247.0,S1.pdf,NA,NA,y,TARA_CO-1014481-S1.pdf
TARA_CO-1014287,C57h/C57d-C57a,85851.0,S1.pdf,NA,NA,y,TARA_CO-1014287-S1.pdf
TARA_CO-1014288,C57h/C57d-C57a,66783.0,S1.pdf,NA,NA,y,TARA_CO-1014288-S1.pdf
TARA_CO-1014477,C57h/C57d-C57a,39816.0,S1.pdf,NA,NA,y,TARA_CO-1014477-S1.pdf
TARA_CO-0001946,C15fs-C15-C15ew-C15fq-C15fr-C15ft-C15fu,51719.0,S1.pdf,NA,NA,y,TARA_CO-0001946-S1.pdf
TARA_CO-0005153,C15fs-C15-C15ew-C15fq-C15fr-C15ft-C15fu,50185.0,S1.pdf,NA,NA,y,TARA_CO-0005153-S1.pdf
TARA_CO-0001949,C15fs-C15-C15ew-C15fq-C15fr-C15ft-C15fu,42630.0,S1.pdf,NA,NA,y,TARA_CO-0001949-S1.pdf
TARA_CO-0005281,C15fs-C15-C15ew-C15fq-C15fr-C15ft-C15fu,61613.0,S1.pdf,NA,NA,y,TARA_CO-0005281-S1.pdf
TARA_CO-0005155,C15fs-C15-C15ew-C15fq-C15fr-C15ft-C15fu,80263.0,S1.pdf,NA,NA,y,TARA_CO-0005155-S1.pdf
TARA_CO-0005156,C15fs-C15-C15ew-C15fq-C15fr-C15ft-C15fu,65206.0,S1.pdf,NA,NA,y,TARA_CO-0005156-S1.pdf
TARA_CO-0001942,C15fs-C15-C15ew-C15fq-C15fr-C15ft-C15fu,63427.0,S1.pdf,NA,NA,y,TARA_CO-0001942-S1.pdf
TARA_CO-0001950,C15fs-C15-C15ew-C15fq-C15fr-C15ft-C15fu,49252.0,S1.pdf,NA,NA,y,TARA_CO-0001950-S1.pdf
TARA_CO-0001945,C15fs-C15-C15ew-C15fq-C15fr-C15ft-C15fu,59771.0,S1.pdf,NA,NA,y,TARA_CO-0001945-S1.pdf
TARA_CO-0005037,C15fs-C15-C15ew-C15fq-C15fr-C15ft-C15fu,48406.0,S1.pdf,NA,NA,y,TARA_CO-0005037-S1.pdf
TARA_CO-0005160,C15fs-C15-C15ew-C15fq-C15fr-C15ft-C15fu,42898.0,S1.pdf,NA,NA,y,TARA_CO-0005160-S1.pdf
TARA_CO-0002611,C15-C15ai-C15fi-C15fk-C15fj-C15fh-C15bq,18372.0,S1.pdf,NA,NA,y,TARA_CO-0002611-S1.pdf
TARA_CO-0002701,C15-C15ai-C15fi-C15fk-C15fj-C15fh-C15bq,13142.0,S1.pdf,NA,NA,y,TARA_CO-0002701-S1.pdf
TARA_CO-0002696,C15-C15ai-C15fi-C15fk-C15fj-C15fh-C15bq,12952.0,S1.pdf,NA,NA,y,TARA_CO-0002696-S1.pdf
TARA_CO-0002614,C15-C15ai-C15fi-C15fk-C15fj-C15fh-C15bq,18398.0,S1.pdf,NA,NA,y,TARA_CO-0002614-S1.pdf
TARA_CO-0002702,C15-C15ai-C15fi-C15fk-C15fj-C15fh-C15bq,13935.0,S1.pdf,NA,NA,y,TARA_CO-0002702-S1.pdf
TARA_OA-0002271,C15-C15ai-C15fi-C15fk-C15fj-C15fh-C15bq,32069.0,S1.pdf,NA,NA,y,TARA_OA-0002271-S1.pdf
TARA_CO-0002704,C15-C15ai-C15fi-C15fk-C15fj-C15fh-C15bq,13935.0,S1.pdf,NA,NA,y,TARA_CO-0002704-S1.pdf
TARA_OA-0002273,C15-C15ai-C15fi-C15fk-C15fj-C15fh-C15bq,72410.0,S1.pdf,NA,NA,y,TARA_OA-0002273-S1.pdf
TARA_OA-0002274,C15-C15ai-C15fi-C15fk-C15fj-C15fh-C15bq,57776.0,S1.pdf,NA,NA,y,TARA_OA-0002274-S1.pdf
TARA_CO-0002699,C15-C15ai-C15fi-C15fk-C15fj-C15fh-C15bq,9391.0,S1.pdf,NA,NA,y,TARA_CO-0002699-S1.pdf
TARA_OA-0002269,C15-C15ai-C15fi-C15fk-C15fj-C15fh-C15bq,33047.0,S1.pdf,NA,NA,y,TARA_OA-0002269-S1.pdf
TARA_CO-0001318,C57d,87270.0,S1.pdf,NA,NA,y,TARA_CO-0001318-S1.pdf
TARA_CO-0001315,C57d,66012.0,S1.pdf,NA,NA,y,TARA_CO-0001315-S1.pdf
TARA_CO-0001316,C57d,58581.0,S1.pdf,NA,NA,y,TARA_CO-0001316-S1.pdf
TARA_CO-0001319,C66,3262.0,S1.pdf,NA,NA,y,TARA_CO-0001319-S1.pdf
TARA_CO-0001319,C57d,25031.0,S1.pdf,NA,NA,y,TARA_CO-0001319-S1.pdf
TARA_CO-1016124,C42a/C42.2/C1/C1b-C1au-C1az,1899.0,S1.pdf,NA,NA,y,TARA_CO-1016124-S1.pdf
TARA_CO-1016124,D1-D2d-D1bi-D4-D6,81271.0,S1.pdf,NA,NA,y,TARA_CO-1016124-S1.pdf
TARA_CO-1018908,C1/C42.2/C1b,277.0,S1.pdf,NA,NA,y,TARA_CO-1018908-S1.pdf
TARA_CO-1018908,C15h-C15do-C116s-C116r-C15dp,3242.0,S1.pdf,NA,NA,y,TARA_CO-1018908-S1.pdf
TARA_CO-1018908,D1-D2d-D1bi-D4-D6,51382.0,S1.pdf,NA,NA,y,TARA_CO-1018908-S1.pdf
TARA_CO-1016508,C1/C42.2-C1b-C42u-C1au-C42a-C115l-C1az-C115d,10160.0,S1.pdf,NA,NA,y,TARA_CO-1016508-S1.pdf
TARA_CO-1016508,D1-D2d-D1bi-D4-D6,23466.0,S1.pdf,NA,NA,y,TARA_CO-1016508-S1.pdf
TARA_CO-1018909,C1/C42.2-C1b-C42u-C1au-C42a-C115l-C1az-C115d,40017.0,S1.pdf,NA,NA,y,TARA_CO-1018909-S1.pdf
TARA_CO-1018909,D1-D2d-D1bi-D4-D6,47422.0,S1.pdf,NA,NA,y,TARA_CO-1018909-S1.pdf
TARA_CO-1014864,C1-C1u-93776-C1c,58118.0,S1.pdf,NA,NA,y,TARA_CO-1014864-S1.pdf
TARA_CO-1014863,C1-C1u-93776-C1c,44713.0,S1.pdf,NA,NA,y,TARA_CO-1014863-S1.pdf
TARA_CO-1014862,C1-C1u-93776-C1c,57235.0,S1.pdf,NA,NA,y,TARA_CO-1014862-S1.pdf
TARA_CO-1014865,C1-C1u-93776-C1c,51489.0,S1.pdf,NA,NA,y,TARA_CO-1014865-S1.pdf
TARA_CO-1014870,C1-C1u-93776-C1c,43457.0,S1.pdf,NA,NA,y,TARA_CO-1014870-S1.pdf
TARA_CO-1014867,C1-C1u-93776-C1c,40427.0,S1.pdf,NA,NA,y,TARA_CO-1014867-S1.pdf
TARA_CO-1014869,C1-C1u-93776-C1c,56512.0,S1.pdf,NA,NA,y,TARA_CO-1014869-S1.pdf
TARA_CO-1014866,C1-C1u-93776-C1c,40724.0,S1.pdf,NA,NA,y,TARA_CO-1014866-S1.pdf
TARA_CO-1014871,C1-C1u-93776-C1c,35830.0,S1.pdf,NA,NA,y,TARA_CO-1014871-S1.pdf
TARA_CO-1018533,C15-C15ce-C15cc-C15n-C15cf-C15l-C15.8,59427.0,S1.pdf,NA,NA,y,TARA_CO-1018533-S1.pdf
TARA_CO-1018707,C15-C15ce-C15cc-C15n-C15cf-C15l-C15.8,49436.0,S1.pdf,NA,NA,y,TARA_CO-1018707-S1.pdf
TARA_CO-1018708,C15-C15ce-C15cc-C15n-C15cf-C15l-C15.8,70103.0,S1.pdf,NA,NA,y,TARA_CO-1018708-S1.pdf
TARA_CO-1018703,C15-C15ce-C15cc-C15n-C15cf-C15l-C15.8,55958.0,S1.pdf,NA,NA,y,TARA_CO-1018703-S1.pdf
TARA_CO-1018538,C15-C15ce-C15cc-C15n-C15cf-C15l-C15.8,67591.0,S1.pdf,NA,NA,y,TARA_CO-1018538-S1.pdf
TARA_CO-1018701,C15-C15ce-C15cc-C15n-C15cf-C15l-C15.8,58146.0,S1.pdf,NA,NA,y,TARA_CO-1018701-S1.pdf
TARA_CO-1018540,C15-C15ce-C15cc-C15n-C15cf-C15l-C15.8,59332.0,S1.pdf,NA,NA,y,TARA_CO-1018540-S1.pdf
TARA_CO-1018709,C15-C15ce-C15cc-C15n-C15cf-C15l-C15.8,60356.0,S1.pdf,NA,NA,y,TARA_CO-1018709-S1.pdf
TARA_CO-1018534,C15-C15ce-C15cc-C15n-C15cf-C15l-C15.8,46659.0,S1.pdf,NA,NA,y,TARA_CO-1018534-S1.pdf
TARA_CO-1018535,C15-C15ce-C15cc-C15n-C15cf-C15l-C15.8,44990.0,S1.pdf,NA,NA,y,TARA_CO-1018535-S1.pdf
TARA_CO-0005341,C57d/C57a,46209.0,S1.pdf,NA,NA,y,TARA_CO-0005341-S1.pdf
TARA_CO-0005375,C57d/C57a,57680.0,S1.pdf,NA,NA,y,TARA_CO-0005375-S1.pdf
TARA_CO-1016688,C57d/C57a,76166.0,S1.pdf,NA,NA,y,TARA_CO-1016688-S1.pdf
TARA_CO-0005373,C57d/C57a,37084.0,S1.pdf,NA,NA,y,TARA_CO-0005373-S1.pdf
TARA_CO-0005372,C57d/C57a,42657.0,S1.pdf,NA,NA,y,TARA_CO-0005372-S1.pdf
TARA_CO-0005347,C57d/C57a,42211.0,S1.pdf,NA,NA,y,TARA_CO-0005347-S1.pdf
TARA_CO-0005347,D1/D6-D4-D2.2-D17,242.0,S1.pdf,NA,NA,y,TARA_CO-0005347-S1.pdf
TARA_CO-0005379,C57d/C57a,18047.0,S1.pdf,NA,NA,y,TARA_CO-0005379-S1.pdf
TARA_CO-0003590,C57d/C57a,33161.0,S1.pdf,NA,NA,y,TARA_CO-0003590-S1.pdf
TARA_CO-0003591,C57d/C57a,55033.0,S1.pdf,NA,NA,y,TARA_CO-0003591-S1.pdf
TARA_CO-1016689,C57d/C57a,9559.0,S1.pdf,NA,NA,y,TARA_CO-1016689-S1.pdf
TARA_CO-0001840,C66-C66h-C66f-C66i-C66r,18567.0,S1.pdf,NA,NA,y,TARA_CO-0001840-S1.pdf
TARA_CO-0001627,C66-C66h-C66f-C66i-C66r,19741.0,S1.pdf,NA,NA,y,TARA_CO-0001627-S1.pdf
TARA_CO-0001832,C66-C66h-C66f-C66i-C66r,16880.0,S1.pdf,NA,NA,y,TARA_CO-0001832-S1.pdf
TARA_CO-0001621,C66-C66h-C66f-C66i-C66r,15520.0,S1.pdf,NA,NA,y,TARA_CO-0001621-S1.pdf
TARA_CO-0001624,C66-C66h-C66f-C66i-C66r,14335.0,S1.pdf,NA,NA,y,TARA_CO-0001624-S1.pdf
TARA_CO-0001625,C66-C66h-C66f-C66i-C66r,13354.0,S1.pdf,NA,NA,y,TARA_CO-0001625-S1.pdf
TARA_CO-0001831,C66-C66h-C66f-C66i-C66r,28256.0,S1.pdf,NA,NA,y,TARA_CO-0001831-S1.pdf
TARA_CO-0001834,C66-C66h-C66f-C66i-C66r,16954.0,S1.pdf,NA,NA,y,TARA_CO-0001834-S1.pdf
TARA_CO-0001622,C66-C66h-C66f-C66i-C66r,16039.0,S1.pdf,NA,NA,y,TARA_CO-0001622-S1.pdf
TARA_CO-0001838,C66-C66h-C66f-C66i-C66r,13829.0,S1.pdf,NA,NA,y,TARA_CO-0001838-S1.pdf
TARA_CO-0005748,C15/C116,71588.0,S1.pdf,NA,NA,y,TARA_CO-0005748-S1.pdf
TARA_CO-0005752,C15/C116,22809.0,S1.pdf,NA,NA,y,TARA_CO-0005752-S1.pdf
TARA_CO-0005752,G3a/G3ac-G3ai,909.0,S1.pdf,NA,NA,y,TARA_CO-0005752-S1.pdf
TARA_CO-0001948,C15/C116,41186.0,S1.pdf,NA,NA,y,TARA_CO-0001948-S1.pdf
TARA_CO-0005332,C15/C116,31121.0,S1.pdf,NA,NA,y,TARA_CO-0005332-S1.pdf
TARA_CO-1018171,C15/C116,34946.0,S1.pdf,NA,NA,y,TARA_CO-1018171-S1.pdf
TARA_CO-1016421,C15/C116,33168.0,S1.pdf,NA,NA,y,TARA_CO-1016421-S1.pdf
TARA_CO-0005991,A3o,623.0,S1.pdf,NA,NA,y,TARA_CO-0005991-S1.pdf
TARA_CO-0005991,C15/C116,36950.0,S1.pdf,NA,NA,y,TARA_CO-0005991-S1.pdf
TARA_CO-0002277,C15/C116,4570.0,S1.pdf,NA,NA,y,TARA_CO-0002277-S1.pdf
TARA_CO-0005751,C15/C116,17720.0,S1.pdf,NA,NA,y,TARA_CO-0005751-S1.pdf
TARA_CO-1015583,C15/C15ei-C116w-C15fo-C15dy-C15fn,56706.0,S1.pdf,NA,NA,y,TARA_CO-1015583-S1.pdf
TARA_CO-1015589,C15/C15ei-C116w-C15fo-C15dy-C15fn,66740.0,S1.pdf,NA,NA,y,TARA_CO-1015589-S1.pdf
TARA_CO-1015447,C15/C15ei-C116w-C15fo-C15dy-C15fn,55008.0,S1.pdf,NA,NA,y,TARA_CO-1015447-S1.pdf
TARA_CO-1015590,C15/C15ei-C116w-C15fo-C15dy-C15fn,57447.0,S1.pdf,NA,NA,y,TARA_CO-1015590-S1.pdf
TARA_CO-1015444,C15/C15ei-C116w-C15fo-C15dy-C15fn,56429.0,S1.pdf,NA,NA,y,TARA_CO-1015444-S1.pdf
TARA_CO-1015400,C15/C15ei-C116w-C15fo-C15dy-C15fn,54956.0,S1.pdf,NA,NA,y,TARA_CO-1015400-S1.pdf
TARA_CO-1015587,C15/C15ei-C116w-C15fo-C15dy-C15fn,51703.0,S1.pdf,NA,NA,y,TARA_CO-1015587-S1.pdf
TARA_CO-1015584,C15/C15ei-C116w-C15fo-C15dy-C15fn,68519.0,S1.pdf,NA,NA,y,TARA_CO-1015584-S1.pdf
TARA_CO-1015401,C15/C15ei-C116w-C15fo-C15dy-C15fn,44891.0,S1.pdf,NA,NA,y,TARA_CO-1015401-S1.pdf
TARA_CO-1015402,C15/C15ei-C116w-C15fo-C15dy-C15fn,48274.0,S1.pdf,NA,NA,y,TARA_CO-1015402-S1.pdf
TARA_CO-1015595,D1/D1as-D1bb-D1ba-D1bh,52897.0,S1.pdf,NA,NA,y,TARA_CO-1015595-S1.pdf
TARA_CO-1015412,D1/D1as-D1bb-D1ba-D1bh,62827.0,S1.pdf,NA,NA,y,TARA_CO-1015412-S1.pdf
TARA_CO-1015592,C42a/C42.2/C1/C1b-C1au-C1az,297.0,S1.pdf,NA,NA,y,TARA_CO-1015592-S1.pdf
TARA_CO-1015592,D1/D1as-D1bb-D1ba-D1bh,48190.0,S1.pdf,NA,NA,y,TARA_CO-1015592-S1.pdf
TARA_CO-1015403,C42a/C1/C42.2/C1j/C1b-C1ci-C1au,6515.0,S1.pdf,NA,NA,y,TARA_CO-1015403-S1.pdf
TARA_CO-1015403,C3/C3dc,146.0,S1.pdf,NA,NA,y,TARA_CO-1015403-S1.pdf
TARA_CO-1015403,D1/D1as-D1bb-D1ba-D1bh,27814.0,S1.pdf,NA,NA,y,TARA_CO-1015403-S1.pdf
TARA_OA-0002334,C15/C15m-C15bx-C15fv,42851.0,S1.pdf,NA,NA,y,TARA_OA-0002334-S1.pdf
TARA_CO-0004043,C15/C15m-C15bx-C15fv,8700.0,S1.pdf,NA,NA,y,TARA_CO-0004043-S1.pdf
TARA_CO-0004478,C15/C15m-C15bx-C15fv,6923.0,S1.pdf,NA,NA,y,TARA_CO-0004478-S1.pdf
TARA_CO-0004044,C15/C15m-C15bx-C15fv,8972.0,S1.pdf,NA,NA,y,TARA_CO-0004044-S1.pdf
TARA_CO-0004432,C15/C15m-C15bx-C15fv,12318.0,S1.pdf,NA,NA,y,TARA_CO-0004432-S1.pdf
TARA_CO-0004429,C15/C15m-C15bx-C15fv,13450.0,S1.pdf,NA,NA,y,TARA_CO-0004429-S1.pdf
TARA_CO-0004428,C15/C15m-C15bx-C15fv,9733.0,S1.pdf,NA,NA,y,TARA_CO-0004428-S1.pdf
TARA_CO-0004475,C15/C15m-C15bx-C15fv,248720.0,S1.pdf,NA,NA,y,TARA_CO-0004475-S1.pdf
TARA_CO-0004477,C15/C15m-C15bx-C15fv,5545.0,S1.pdf,NA,NA,y,TARA_CO-0004477-S1.pdf
TARA_CO-0000820,C42t/C42.2/C42q-C1-C42v-C1b,11912.0,S1.pdf,NA,NA,y,TARA_CO-0000820-S1.pdf
TARA_CO-0002065,C42t/C42.2/C42q-C1-C42v-C1b,7468.0,S1.pdf,NA,NA,y,TARA_CO-0002065-S1.pdf
TARA_CO-0002135,C42t/C42.2/C42q-C1-C42v-C1b,8786.0,S1.pdf,NA,NA,y,TARA_CO-0002135-S1.pdf
TARA_CO-0000817,C42t/C42.2/C42q-C1-C42v-C1b,9481.0,S1.pdf,NA,NA,y,TARA_CO-0000817-S1.pdf
TARA_CO-0000825,C42t/C42.2/C42q-C1-C42v-C1b,12976.0,S1.pdf,NA,NA,y,TARA_CO-0000825-S1.pdf
TARA_CO-0000950,C42t/C42.2/C42q-C1-C42v-C1b,15249.0,S1.pdf,NA,NA,y,TARA_CO-0000950-S1.pdf
TARA_CO-0002132,C42t/C42.2/C42q-C1-C42v-C1b,7595.0,S1.pdf,NA,NA,y,TARA_CO-0002132-S1.pdf
TARA_CO-0000822,C42t/C42.2/C42q-C1-C42v-C1b,8757.0,S1.pdf,NA,NA,y,TARA_CO-0000822-S1.pdf
TARA_CO-0002062,A1-A1dl,3728.0,S1.pdf,NA,NA,y,TARA_CO-0002062-S1.pdf
TARA_CO-0002062,C42t/C42.2/C42q-C1-C42v-C1b,3806.0,S1.pdf,NA,NA,y,TARA_CO-0002062-S1.pdf
TARA_CO-0005511,A7-A7av-A8l-A7at-A7au-A8k-A7aw,68690.0,S1.pdf,NA,NA,y,TARA_CO-0005511-S1.pdf
TARA_CO-0005607,A7-A7av-A8l-A7at-A7au-A8k-A7aw,58226.0,S1.pdf,NA,NA,y,TARA_CO-0005607-S1.pdf
TARA_CO-0005520,A7-A7av-A8l-A7at-A7au-A8k-A7aw,59589.0,S1.pdf,NA,NA,y,TARA_CO-0005520-S1.pdf
TARA_CO-0005683,A7-A7av-A8l-A7at-A7au-A8k-A7aw,59891.0,S1.pdf,NA,NA,y,TARA_CO-0005683-S1.pdf
TARA_CO-0005513,A7-A7av-A8l-A7at-A7au-A8k-A7aw,65078.0,S1.pdf,NA,NA,y,TARA_CO-0005513-S1.pdf
TARA_CO-0005605,A7-A7av-A8l-A7at-A7au-A8k-A7aw,44059.0,S1.pdf,NA,NA,y,TARA_CO-0005605-S1.pdf
TARA_CO-0005606,A7-A7av-A8l-A7at-A7au-A8k-A7aw,33817.0,S1.pdf,NA,NA,y,TARA_CO-0005606-S1.pdf
TARA_CO-0005613,A7-A7av-A8l-A7at-A7au-A8k-A7aw,56793.0,S1.pdf,NA,NA,y,TARA_CO-0005613-S1.pdf
TARA_CO-0005613,C15h-C15as-C15at-C15au,4136.0,S1.pdf,NA,NA,y,TARA_CO-0005613-S1.pdf
TARA_CO-0005512,A7-A7av-A8l-A7at-A7au-A8k-A7aw,27848.0,S1.pdf,NA,NA,y,TARA_CO-0005512-S1.pdf
TARA_OA-0002463,C15/C15cp,39592.0,S1.pdf,NA,NA,y,TARA_OA-0002463-S1.pdf
TARA_CO-0003455,C15/C15cp,36303.0,S1.pdf,NA,NA,y,TARA_CO-0003455-S1.pdf
TARA_CO-0003361,C15/C15cp,35875.0,S1.pdf,NA,NA,y,TARA_CO-0003361-S1.pdf
TARA_OA-0002275,C15/C15cp,94894.0,S1.pdf,NA,NA,y,TARA_OA-0002275-S1.pdf
TARA_CO-0002609,C15/C15cp,7494.0,S1.pdf,NA,NA,y,TARA_CO-0002609-S1.pdf
TARA_CO-0003301,C15/C15cp,20145.0,S1.pdf,NA,NA,y,TARA_CO-0003301-S1.pdf
TARA_CO-1015224,C3eu-C3-C3es-C3er-C3et,42701.0,S1.pdf,NA,NA,y,TARA_CO-1015224-S1.pdf
TARA_CO-1015232,C3eu-C3-C3es-C3er-C3et,29369.0,S1.pdf,NA,NA,y,TARA_CO-1015232-S1.pdf
TARA_CO-1015231,C3eu-C3-C3es-C3er-C3et,30747.0,S1.pdf,NA,NA,y,TARA_CO-1015231-S1.pdf
TARA_CO-1015229,C3eu-C3-C3es-C3er-C3et,32446.0,S1.pdf,NA,NA,y,TARA_CO-1015229-S1.pdf
TARA_CO-1015226,C3eu-C3-C3es-C3er-C3et,28070.0,S1.pdf,NA,NA,y,TARA_CO-1015226-S1.pdf
TARA_CO-1015228,C3eu-C3-C3es-C3er-C3et,40500.0,S1.pdf,NA,NA,y,TARA_CO-1015228-S1.pdf
TARA_CO-1015230,C3eu-C3-C3es-C3er-C3et,44934.0,S1.pdf,NA,NA,y,TARA_CO-1015230-S1.pdf
TARA_CO-1015233,C3eu-C3-C3es-C3er-C3et,29712.0,S1.pdf,NA,NA,y,TARA_CO-1015233-S1.pdf
TARA_CO-1015227,C3eu-C3-C3es-C3er-C3et,28607.0,S1.pdf,NA,NA,y,TARA_CO-1015227-S1.pdf
TARA_CO-0001606,C1bb-C1d-C1-C42.2-C3cg-C1b,17610.0,S1.pdf,NA,NA,y,TARA_CO-0001606-S1.pdf
TARA_CO-0001608,C1bb-C1d-C1-C42.2-C3cg-C1b,15089.0,S1.pdf,NA,NA,y,TARA_CO-0001608-S1.pdf
TARA_CO-0001813,C1bb-C1d-C1-C42.2-C3cg-C1b,13861.0,S1.pdf,NA,NA,y,TARA_CO-0001813-S1.pdf
TARA_CO-0001813,G3w,175.0,S1.pdf,NA,NA,y,TARA_CO-0001813-S1.pdf
TARA_CO-0001813,G3i,131.0,S1.pdf,NA,NA,y,TARA_CO-0001813-S1.pdf
TARA_CO-0001659,C1bb-C1d-C1-C42.2-C3cg-C1b,11383.0,S1.pdf,NA,NA,y,TARA_CO-0001659-S1.pdf
TARA_CO-0001659,D1-D2d-D1z-D1aa,1712.0,S1.pdf,NA,NA,y,TARA_CO-0001659-S1.pdf
TARA_CO-0001666,C1bb-C1d-C1-C42.2-C3cg-C1b,10083.0,S1.pdf,NA,NA,y,TARA_CO-0001666-S1.pdf
TARA_CO-0001666,D1-D2d-D1aa-D1z-D1y,3979.0,S1.pdf,NA,NA,y,TARA_CO-0001666-S1.pdf
TARA_CO-0001666,G3d/G3e-G3c-G3f-G3g-G3h,626.0,S1.pdf,NA,NA,y,TARA_CO-0001666-S1.pdf
TARA_CO-1015071,C1-C1cp-C1c,36511.0,S1.pdf,NA,NA,y,TARA_CO-1015071-S1.pdf
TARA_CO-1015072,C1-C1cp-C1c,52117.0,S1.pdf,NA,NA,y,TARA_CO-1015072-S1.pdf
TARA_CO-1015073,C1-C1cp-C1c,44170.0,S1.pdf,NA,NA,y,TARA_CO-1015073-S1.pdf
TARA_CO-1015079,C1-C1cp-C1c,39542.0,S1.pdf,NA,NA,y,TARA_CO-1015079-S1.pdf
TARA_CO-1015078,C1-C1cp-C1c,36972.0,S1.pdf,NA,NA,y,TARA_CO-1015078-S1.pdf
TARA_CO-1015078,C3,2870.0,S1.pdf,NA,NA,y,TARA_CO-1015078-S1.pdf
TARA_CO-1015077,C1-C1cp-C1c,37270.0,S1.pdf,NA,NA,y,TARA_CO-1015077-S1.pdf
TARA_CO-1015077,C3,2610.0,S1.pdf,NA,NA,y,TARA_CO-1015077-S1.pdf
TARA_CO-1015074,C1-C1cp-C1c,47972.0,S1.pdf,NA,NA,y,TARA_CO-1015074-S1.pdf
TARA_CO-1015076,C1-C1cp-C1c,33909.0,S1.pdf,NA,NA,y,TARA_CO-1015076-S1.pdf
TARA_CO-0005563,C15-C15ed-C15s,46760.0,S1.pdf,NA,NA,y,TARA_CO-0005563-S1.pdf
TARA_CO-0005556,C15-C15ed-C15s,72305.0,S1.pdf,NA,NA,y,TARA_CO-0005556-S1.pdf
TARA_CO-0005491,C15-C15ed-C15s,58500.0,S1.pdf,NA,NA,y,TARA_CO-0005491-S1.pdf
TARA_CO-0005562,C15-C15ed-C15s,45102.0,S1.pdf,NA,NA,y,TARA_CO-0005562-S1.pdf
TARA_CO-0005495,C15-C15ed-C15s,42867.0,S1.pdf,NA,NA,y,TARA_CO-0005495-S1.pdf
TARA_CO-0005498,C15-C15ed-C15s,40947.0,S1.pdf,NA,NA,y,TARA_CO-0005498-S1.pdf
TARA_CO-0005494,C15-C15ed-C15s,52701.0,S1.pdf,NA,NA,y,TARA_CO-0005494-S1.pdf
TARA_CO-0005034,A1,2428.0,S1.pdf,NA,NA,y,TARA_CO-0005034-S1.pdf
TARA_CO-0005034,A1et,2662.0,S1.pdf,NA,NA,y,TARA_CO-0005034-S1.pdf
TARA_CO-0005034,C15-C15ed-C15s,10334.0,S1.pdf,NA,NA,y,TARA_CO-0005034-S1.pdf
TARA_CO-0005034,G3x-G3af,3135.0,S1.pdf,NA,NA,y,TARA_CO-0005034-S1.pdf
TARA_CO-1016699,C15-C15l-C15n-C15bb-C15ai,51285.0,S1.pdf,NA,NA,y,TARA_CO-1016699-S1.pdf
TARA_CO-0002371,C15-C15l-C15n-C15bb-C15ai,12287.0,S1.pdf,NA,NA,y,TARA_CO-0002371-S1.pdf
TARA_CO-0002369,C15-C15l-C15n-C15bb-C15ai,15528.0,S1.pdf,NA,NA,y,TARA_CO-0002369-S1.pdf
TARA_OA-0002272,C15-C15l-C15n-C15bb-C15ai,11905.0,S1.pdf,NA,NA,y,TARA_OA-0002272-S1.pdf
TARA_CO-0002448,C15-C15l-C15n-C15bb-C15ai,21827.0,S1.pdf,NA,NA,y,TARA_CO-0002448-S1.pdf
TARA_CO-1014809,C15-C15l-C15n-C15bb-C15ai,48253.0,S1.pdf,NA,NA,y,TARA_CO-1014809-S1.pdf
TARA_CO-0002452,C15-C15l-C15n-C15bb-C15ai,27231.0,S1.pdf,NA,NA,y,TARA_CO-0002452-S1.pdf
TARA_CO-0002452,G3x-G3ab-G3z-G3aa,318.0,S1.pdf,NA,NA,y,TARA_CO-0002452-S1.pdf
TARA_CO-1016221,C15-C15l-C15n-C15bb-C15ai,29211.0,S1.pdf,NA,NA,y,TARA_CO-1016221-S1.pdf
TARA_CO-0003105,C15/C15ej-C15cq,74921.0,S1.pdf,NA,NA,y,TARA_CO-0003105-S1.pdf
TARA_CO-0003368,C15/C15ej-C15cq,72632.0,S1.pdf,NA,NA,y,TARA_CO-0003368-S1.pdf
TARA_CO-0003367,C15/C15ej-C15cq,63570.0,S1.pdf,NA,NA,y,TARA_CO-0003367-S1.pdf
TARA_CO-0003303,C15/C15ej-C15cq,39274.0,S1.pdf,NA,NA,y,TARA_CO-0003303-S1.pdf
TARA_CO-0003104,C15/C15ej-C15cq,49144.0,S1.pdf,NA,NA,y,TARA_CO-0003104-S1.pdf
TARA_CO-0003453,C15/C15ej-C15cq,70446.0,S1.pdf,NA,NA,y,TARA_CO-0003453-S1.pdf
TARA_CO-0003106,C15/C15ej-C15cq,54309.0,S1.pdf,NA,NA,y,TARA_CO-0003106-S1.pdf
TARA_CO-1016484,C15/C15ej-C15cq,36802.0,S1.pdf,NA,NA,y,TARA_CO-1016484-S1.pdf
TARA_CO-0000699,C1cf/C1cd-C1-C1ce-C1cg-C1ch-C1cl,5608.0,S1.pdf,NA,NA,y,TARA_CO-0000699-S1.pdf
TARA_CO-0000660,C1cf/C1cd-C1-C1ce-C1cg-C1ch-C1cl,4496.0,S1.pdf,NA,NA,y,TARA_CO-0000660-S1.pdf
TARA_CO-0000585,C1cf/C1cd-C1-C1ce-C1cg-C1ch-C1cl,8376.0,S1.pdf,NA,NA,y,TARA_CO-0000585-S1.pdf
TARA_CO-0000781,C1cf/C1cd-C1-C1ce-C1cg-C1ch-C1cl,4311.0,S1.pdf,NA,NA,y,TARA_CO-0000781-S1.pdf
TARA_CO-0000661,C1cf/C1cd-C1-C1ce-C1cg-C1ch-C1cl,5912.0,S1.pdf,NA,NA,y,TARA_CO-0000661-S1.pdf
TARA_CO-0000706,C1cf/C1cd-C1-C1ce-C1cg-C1ch-C1cl,4659.0,S1.pdf,NA,NA,y,TARA_CO-0000706-S1.pdf
TARA_CO-0000782,C1cf/C1cd-C1-C1ce-C1cg-C1ch-C1cl,4528.0,S1.pdf,NA,NA,y,TARA_CO-0000782-S1.pdf
TARA_CO-0000701,C1cf/C1cd-C1-C1ce-C1cg-C1ch-C1cl,5296.0,S1.pdf,NA,NA,y,TARA_CO-0000701-S1.pdf
TARA_CO-0003965,C15fa-C15fb-C15fc-C15aj-C15-C15fd-C15fe,79344.0,S1.pdf,NA,NA,y,TARA_CO-0003965-S1.pdf
TARA_CO-1014132,C15fa-C15fb-C15fc-C15aj-C15-C15fd-C15fe,38238.0,S1.pdf,NA,NA,y,TARA_CO-1014132-S1.pdf
TARA_CO-1014126,C15fa-C15fb-C15fc-C15aj-C15-C15fd-C15fe,56573.0,S1.pdf,NA,NA,y,TARA_CO-1014126-S1.pdf
TARA_CO-1014133,C15fa-C15fb-C15fc-C15aj-C15-C15fd-C15fe,53650.0,S1.pdf,NA,NA,y,TARA_CO-1014133-S1.pdf
TARA_CO-1014128,C15fa-C15fb-C15fc-C15aj-C15-C15fd-C15fe,55196.0,S1.pdf,NA,NA,y,TARA_CO-1014128-S1.pdf
TARA_CO-1014134,C15fa-C15fb-C15fc-C15aj-C15-C15fd-C15fe,49704.0,S1.pdf,NA,NA,y,TARA_CO-1014134-S1.pdf
TARA_CO-1014125,C15fa-C15fb-C15fc-C15aj-C15-C15fd-C15fe,39303.0,S1.pdf,NA,NA,y,TARA_CO-1014125-S1.pdf
TARA_CO-1014127,C15fa-C15fb-C15fc-C15aj-C15-C15fd-C15fe,31693.0,S1.pdf,NA,NA,y,TARA_CO-1014127-S1.pdf
TARA_CO-0005333,C15/C15bn-C15en,44431.0,S1.pdf,NA,NA,y,TARA_CO-0005333-S1.pdf
TARA_CO-0001941,C15/C15bn-C15en,98203.0,S1.pdf,NA,NA,y,TARA_CO-0001941-S1.pdf
TARA_CO-0005304,C15/C15bn-C15en,50940.0,S1.pdf,NA,NA,y,TARA_CO-0005304-S1.pdf
TARA_CO-0005307,C15/C15bn-C15en,46905.0,S1.pdf,NA,NA,y,TARA_CO-0005307-S1.pdf
TARA_CO-0005306,C15/C15bn-C15en,28608.0,S1.pdf,NA,NA,y,TARA_CO-0005306-S1.pdf
TARA_CO-0005305,C15/C15bn-C15en,28935.0,S1.pdf,NA,NA,y,TARA_CO-0005305-S1.pdf
TARA_CO-0005340,C15/C15bn-C15en,47235.0,S1.pdf,NA,NA,y,TARA_CO-0005340-S1.pdf
TARA_CO-0005338,C15/C15bn-C15en,33555.0,S1.pdf,NA,NA,y,TARA_CO-0005338-S1.pdf
TARA_CO-0005338,G3a-G3ai,174.0,S1.pdf,NA,NA,y,TARA_CO-0005338-S1.pdf
TARA_CO-0005338,G3ag,195.0,S1.pdf,NA,NA,y,TARA_CO-0005338-S1.pdf
TARA_CO-0001021,A7/A16d,26958.0,S1.pdf,NA,NA,y,TARA_CO-0001021-S1.pdf
TARA_CO-1018001,A7/A16d,13098.0,S1.pdf,NA,NA,y,TARA_CO-1018001-S1.pdf
TARA_CO-1018001,A3,3301.0,S1.pdf,NA,NA,y,TARA_CO-1018001-S1.pdf
TARA_CO-1018001,C15h-C15do,1396.0,S1.pdf,NA,NA,y,TARA_CO-1018001-S1.pdf
TARA_CO-1018001,C116z,190.0,S1.pdf,NA,NA,y,TARA_CO-1018001-S1.pdf
TARA_CO-0004629,A3y/A3x/A3-A3z-A3w,32058.0,S1.pdf,NA,NA,y,TARA_CO-0004629-S1.pdf
TARA_CO-0004553,A3y/A3x/A3-A3z-A3w,54525.0,S1.pdf,NA,NA,y,TARA_CO-0004553-S1.pdf
TARA_CO-0004554,A3y/A3x/A3-A3z-A3w,44688.0,S1.pdf,NA,NA,y,TARA_CO-0004554-S1.pdf
TARA_CO-0004632,A3y/A3x/A3-A3z-A3w,67528.0,S1.pdf,NA,NA,y,TARA_CO-0004632-S1.pdf
TARA_CO-0004555,A3y/A3x/A3-A3z-A3w,59752.0,S1.pdf,NA,NA,y,TARA_CO-0004555-S1.pdf
TARA_CO-0004557,A3y/A3x/A3-A3z-A3w,53859.0,S1.pdf,NA,NA,y,TARA_CO-0004557-S1.pdf
TARA_CO-0004628,A3y/A3x/A3-A3z-A3w,77826.0,S1.pdf,NA,NA,y,TARA_CO-0004628-S1.pdf
TARA_CO-0004556,A3y/A3x/A3-A3z-A3w,53793.0,S1.pdf,NA,NA,y,TARA_CO-0004556-S1.pdf
TARA_CO-0004556,C116a-C116v-C116x,5187.0,S1.pdf,NA,NA,y,TARA_CO-0004556-S1.pdf
TARA_CO-0005688,C15-C15ez,55319.0,S1.pdf,NA,NA,y,TARA_CO-0005688-S1.pdf
TARA_CO-0005684,C15-C15ez,62242.0,S1.pdf,NA,NA,y,TARA_CO-0005684-S1.pdf
TARA_CO-1016942,C15-C15ez,58667.0,S1.pdf,NA,NA,y,TARA_CO-1016942-S1.pdf
TARA_CO-0005686,C15-C15ez,69036.0,S1.pdf,NA,NA,y,TARA_CO-0005686-S1.pdf
TARA_CO-1016216,C15-C15ez,57130.0,S1.pdf,NA,NA,y,TARA_CO-1016216-S1.pdf
TARA_CO-1018264,C15-C15ez,40612.0,S1.pdf,NA,NA,y,TARA_CO-1018264-S1.pdf
TARA_CO-1018175,C15-C15ez,30030.0,S1.pdf,NA,NA,y,TARA_CO-1018175-S1.pdf
TARA_CO-0005691,C15-C15ez,45543.0,S1.pdf,NA,NA,y,TARA_CO-0005691-S1.pdf
TARA_CO-1016962,D1-D2d-D1z-D1aa,57928.0,S1.pdf,NA,NA,y,TARA_CO-1016962-S1.pdf
TARA_CO-0001294,D4/D6,516.0,S1.pdf,NA,NA,y,TARA_CO-0001294-S1.pdf
TARA_CO-0001294,D1-D2d-D1z-D1aa,43463.0,S1.pdf,NA,NA,y,TARA_CO-0001294-S1.pdf
TARA_CO-0001296,D4/D6,1199.0,S1.pdf,NA,NA,y,TARA_CO-0001296-S1.pdf
TARA_CO-0001296,D1-D2d-D1z-D1aa,36276.0,S1.pdf,NA,NA,y,TARA_CO-0001296-S1.pdf
TARA_CO-1016240,C116a-C116v-C116x,2032.0,S1.pdf,NA,NA,y,TARA_CO-1016240-S1.pdf
TARA_CO-1016240,C116,399.0,S1.pdf,NA,NA,y,TARA_CO-1016240-S1.pdf
TARA_CO-1016240,D1-D2d-D1z-D1aa,46197.0,S1.pdf,NA,NA,y,TARA_CO-1016240-S1.pdf
TARA_CO-1016709,D1-D2d-D1z-D1aa,89203.0,S1.pdf,NA,NA,y,TARA_CO-1016709-S1.pdf
TARA_CO-0003045,D1-D2d-D1z-D1aa,57603.0,S1.pdf,NA,NA,y,TARA_CO-0003045-S1.pdf
TARA_CO-0003747,C1d/C1/C42.2-C1b-C3cg-C45c-C115k-C1au,11837.0,S1.pdf,NA,NA,y,TARA_CO-0003747-S1.pdf
TARA_CO-0003747,D1-D2d-D1z-D1aa,54963.0,S1.pdf,NA,NA,y,TARA_CO-0003747-S1.pdf
TARA_CO-1015084,D1-D1at-D1bb-D1as-D1bd-D1bc-D1be,47223.0,S1.pdf,NA,NA,y,TARA_CO-1015084-S1.pdf
TARA_CO-1015095,D1-D1at-D1bb-D1as-D1bd-D1bc-D1be,52382.0,S1.pdf,NA,NA,y,TARA_CO-1015095-S1.pdf
TARA_CO-1015085,D1-D1at-D1bb-D1as-D1bd-D1bc-D1be,22296.0,S1.pdf,NA,NA,y,TARA_CO-1015085-S1.pdf
TARA_CO-1015083,D1-D1at-D1bb-D1as-D1bd-D1bc-D1be,41795.0,S1.pdf,NA,NA,y,TARA_CO-1015083-S1.pdf
TARA_CO-1015093,D1-D1at-D1bb-D1as-D1bd-D1bc-D1be,36681.0,S1.pdf,NA,NA,y,TARA_CO-1015093-S1.pdf
TARA_CO-1015081,D1-D1at-D1bb-D1as-D1bd-D1bc-D1be,49852.0,S1.pdf,NA,NA,y,TARA_CO-1015081-S1.pdf
TARA_CO-1015088,D1-D1at-D1bb-D1as-D1bd-D1bc-D1be,22504.0,S1.pdf,NA,NA,y,TARA_CO-1015088-S1.pdf
TARA_CO-1016687,C66-C66u-C66t-C66r,68270.0,S1.pdf,NA,NA,y,TARA_CO-1016687-S1.pdf
TARA_CO-1016614,C66-C66u-C66t-C66r,80937.0,S1.pdf,NA,NA,y,TARA_CO-1016614-S1.pdf
TARA_CO-1016612,C66-C66u-C66t-C66r,43727.0,S1.pdf,NA,NA,y,TARA_CO-1016612-S1.pdf
TARA_CO-1016915,C66-C66u-C66t-C66r,24924.0,S1.pdf,NA,NA,y,TARA_CO-1016915-S1.pdf
TARA_CO-1016621,C66-C66u-C66t-C66r,39741.0,S1.pdf,NA,NA,y,TARA_CO-1016621-S1.pdf
TARA_CO-1016685,C66-C66u-C66t-C66r,52487.0,S1.pdf,NA,NA,y,TARA_CO-1016685-S1.pdf
TARA_CO-1016616,C66-C66u-C66t-C66r,12536.0,S1.pdf,NA,NA,y,TARA_CO-1016616-S1.pdf
TARA_CO-0002961,C15cn/C15-C15dz-C15cq-C15fz,36581.0,S1.pdf,NA,NA,y,TARA_CO-0002961-S1.pdf
TARA_CO-0002961,C116,2679.0,S1.pdf,NA,NA,y,TARA_CO-0002961-S1.pdf
TARA_CO-0002962,C15cn/C15-C15dz-C15cq-C15fz,31302.0,S1.pdf,NA,NA,y,TARA_CO-0002962-S1.pdf
TARA_CO-0002958,C15cn/C15-C15dz-C15cq-C15fz,36777.0,S1.pdf,NA,NA,y,TARA_CO-0002958-S1.pdf
TARA_CO-0002966,C15cn/C15-C15dz-C15cq-C15fz,44428.0,S1.pdf,NA,NA,y,TARA_CO-0002966-S1.pdf
TARA_CO-0002960,C15cn/C15-C15dz-C15cq-C15fz,45661.0,S1.pdf,NA,NA,y,TARA_CO-0002960-S1.pdf
TARA_CO-0003452,C15cn/C15-C15dz-C15cq-C15fz,37315.0,S1.pdf,NA,NA,y,TARA_CO-0003452-S1.pdf
TARA_CO-0002959,C15cn/C15-C15dz-C15cq-C15fz,31118.0,S1.pdf,NA,NA,y,TARA_CO-0002959-S1.pdf
TARA_CO-1015746,C42a/C42.2/C1-C1b-C42ak-C1j,47032.0,S1.pdf,NA,NA,y,TARA_CO-1015746-S1.pdf
TARA_CO-1015746,D1-D1as-D1at-D4-D6-D1ba-D1bb-D1ax,1258.0,S1.pdf,NA,NA,y,TARA_CO-1015746-S1.pdf
TARA_CO-1015405,C3/C3dc,1664.0,S1.pdf,NA,NA,y,TARA_CO-1015405-S1.pdf
TARA_CO-1015405,C42a/C42.2/C1-C1b-C42ak-C1j,41555.0,S1.pdf,NA,NA,y,TARA_CO-1015405-S1.pdf
TARA_CO-1015406,C3/C3dc,2291.0,S1.pdf,NA,NA,y,TARA_CO-1015406-S1.pdf
TARA_CO-1015406,C42a/C42.2/C1-C1b-C42ak-C1j,56780.0,S1.pdf,NA,NA,y,TARA_CO-1015406-S1.pdf
TARA_CO-1015743,C3/C3dc,816.0,S1.pdf,NA,NA,y,TARA_CO-1015743-S1.pdf
TARA_CO-1015743,C42a/C42.2/C1-C1b-C42ak-C1j,22465.0,S1.pdf,NA,NA,y,TARA_CO-1015743-S1.pdf
TARA_CO-1015743,D1-D1at-D1as-D4-D1ba-D2a-D6,24511.0,S1.pdf,NA,NA,y,TARA_CO-1015743-S1.pdf
TARA_CO-0005766,A16a/A16/A3,39183.0,S1.pdf,NA,NA,y,TARA_CO-0005766-S1.pdf
TARA_CO-0004551,A16a/A16/A3,4705.0,S1.pdf,NA,NA,y,TARA_CO-0004551-S1.pdf
TARA_CO-0004444,A16a/A16/A3,4482.0,S1.pdf,NA,NA,y,TARA_CO-0004444-S1.pdf
TARA_CO-1014472,C15/C15bo,61483.0,S1.pdf,NA,NA,y,TARA_CO-1014472-S1.pdf
TARA_CO-1014411,C15/C15bo,53633.0,S1.pdf,NA,NA,y,TARA_CO-1014411-S1.pdf
TARA_CO-0005995,C15/C15bo,23713.0,S1.pdf,NA,NA,y,TARA_CO-0005995-S1.pdf
TARA_CO-0005994,C15/C15bo,30664.0,S1.pdf,NA,NA,y,TARA_CO-0005994-S1.pdf
TARA_CO-0005993,C15/C15bo,38428.0,S1.pdf,NA,NA,y,TARA_CO-0005993-S1.pdf
TARA_CO-1018915,C15/C15bo,26430.0,S1.pdf,NA,NA,y,TARA_CO-1018915-S1.pdf
TARA_CO-1018455,A7al-A8b-A7ab-A3,51564.0,S1.pdf,NA,NA,y,TARA_CO-1018455-S1.pdf
TARA_CO-1018454,A7al-A8b-A7ab-A3,65572.0,S1.pdf,NA,NA,y,TARA_CO-1018454-S1.pdf
TARA_CO-1018456,A7al-A8b-A7ab-A3,59018.0,S1.pdf,NA,NA,y,TARA_CO-1018456-S1.pdf
TARA_CO-1018459,A7al-A8b-A7ab-A3,42215.0,S1.pdf,NA,NA,y,TARA_CO-1018459-S1.pdf
TARA_CO-1018452,A7al-A8b-A7ab-A3,49229.0,S1.pdf,NA,NA,y,TARA_CO-1018452-S1.pdf
TARA_CO-1018718,A7al-A8b-A7ab-A3,50368.0,S1.pdf,NA,NA,y,TARA_CO-1018718-S1.pdf
TARA_CO-1018453,A7al-A8b-A7ab-A3,36789.0,S1.pdf,NA,NA,y,TARA_CO-1018453-S1.pdf
TARA_OA-0002472,A8b/A7x-A7am-A16d,39998.0,S1.pdf,NA,NA,y,TARA_OA-0002472-S1.pdf
TARA_FH-0000980,A8b/A7x-A7am-A16d,24613.0,S1.pdf,NA,NA,y,TARA_FH-0000980-S1.pdf
TARA_OA-0002349,A8b/A7x-A7am-A16d,22843.0,S1.pdf,NA,NA,y,TARA_OA-0002349-S1.pdf
TARA_FH-0000978,A8b/A7x-A7am-A16d,32804.0,S1.pdf,NA,NA,y,TARA_FH-0000978-S1.pdf
TARA_OA-0002347,A8b/A7x-A7am-A16d,14136.0,S1.pdf,NA,NA,y,TARA_OA-0002347-S1.pdf
TARA_FH-0000971,A8b/A7x-A7am-A16d,45504.0,S1.pdf,NA,NA,y,TARA_FH-0000971-S1.pdf
TARA_OA-0002476,A8b/A7x-A7am-A16d,17068.0,S1.pdf,NA,NA,y,TARA_OA-0002476-S1.pdf
TARA_CO-0003754,C15/C15ed,56416.0,S1.pdf,NA,NA,y,TARA_CO-0003754-S1.pdf
TARA_CO-0005747,C15/C15ed,44683.0,S1.pdf,NA,NA,y,TARA_CO-0005747-S1.pdf
TARA_CO-0004563,C15/C15ed,15284.0,S1.pdf,NA,NA,y,TARA_CO-0004563-S1.pdf
TARA_CO-1014141,C15/C15ed,41621.0,S1.pdf,NA,NA,y,TARA_CO-1014141-S1.pdf
TARA_CO-1014141,C116,3884.0,S1.pdf,NA,NA,y,TARA_CO-1014141-S1.pdf
TARA_CO-1014141,G3a-G3ai,29.0,S1.pdf,NA,NA,y,TARA_CO-1014141-S1.pdf
TARA_CO-1014141,G3l,74.0,S1.pdf,NA,NA,y,TARA_CO-1014141-S1.pdf
TARA_CO-0003307,C15/C15ed,44573.0,S1.pdf,NA,NA,y,TARA_CO-0003307-S1.pdf
TARA_CO-1018539,C15/C15ed,35221.0,S1.pdf,NA,NA,y,TARA_CO-1018539-S1.pdf
TARA_CO-0002295,C42.2-C1-C42s-C1au-C1b,10393.0,S1.pdf,NA,NA,y,TARA_CO-0002295-S1.pdf
TARA_CO-0002294,C42.2-C1-C42s-C1au-C1b,9560.0,S1.pdf,NA,NA,y,TARA_CO-0002294-S1.pdf
TARA_CO-0002134,C42.2-C1-C42s-C1au-C1b,10618.0,S1.pdf,NA,NA,y,TARA_CO-0002134-S1.pdf
TARA_CO-0002293,A7u/A8b/A7v-A7w-A16d-A8a-A3-A7x,362.0,S1.pdf,NA,NA,y,TARA_CO-0002293-S1.pdf
TARA_CO-0002293,C42.2-C1-C42s-C1au-C1b,11003.0,S1.pdf,NA,NA,y,TARA_CO-0002293-S1.pdf
TARA_CO-0002127,C42.2-C1-C42s-C1au-C1b,10012.0,S1.pdf,NA,NA,y,TARA_CO-0002127-S1.pdf
TARA_CO-0002129,C3/C3dc,359.0,S1.pdf,NA,NA,y,TARA_CO-0002129-S1.pdf
TARA_CO-0002129,C15h,1255.0,S1.pdf,NA,NA,y,TARA_CO-0002129-S1.pdf
TARA_CO-0002129,C42.2-C1-C42s-C1au-C1b,7250.0,S1.pdf,NA,NA,y,TARA_CO-0002129-S1.pdf
TARA_CO-0005989,C15-C15l-C15bp-C15n-C15bb,50683.0,S1.pdf,NA,NA,y,TARA_CO-0005989-S1.pdf
TARA_CO-0005992,C15-C15l-C15bp-C15n-C15bb,65703.0,S1.pdf,NA,NA,y,TARA_CO-0005992-S1.pdf
TARA_CO-0005753,C15-C15l-C15bp-C15n-C15bb,40372.0,S1.pdf,NA,NA,y,TARA_CO-0005753-S1.pdf
TARA_CO-0005898,C15-C15l-C15bp-C15n-C15bb,45123.0,S1.pdf,NA,NA,y,TARA_CO-0005898-S1.pdf
TARA_CO-1018085,C15-C15l-C15bp-C15n-C15bb,56419.0,S1.pdf,NA,NA,y,TARA_CO-1018085-S1.pdf
TARA_CO-0005900,C15-C15l-C15bp-C15n-C15bb,45278.0,S1.pdf,NA,NA,y,TARA_CO-0005900-S1.pdf
TARA_CO-0005337,C15-C15bn-C15cn,42632.0,S1.pdf,NA,NA,y,TARA_CO-0005337-S1.pdf
TARA_CO-0005331,C15-C15bn-C15cn,44599.0,S1.pdf,NA,NA,y,TARA_CO-0005331-S1.pdf
TARA_CO-0005309,C15-C15bn-C15cn,54432.0,S1.pdf,NA,NA,y,TARA_CO-0005309-S1.pdf
TARA_CO-0005335,C15-C15bn-C15cn,48604.0,S1.pdf,NA,NA,y,TARA_CO-0005335-S1.pdf
TARA_CO-1018173,C15-C15bn-C15cn,33437.0,S1.pdf,NA,NA,y,TARA_CO-1018173-S1.pdf
TARA_CO-0005370,C15-C15bn-C15cn,31854.0,S1.pdf,NA,NA,y,TARA_CO-0005370-S1.pdf
TARA_CO-0005365,C15-C15gj-C15cn,45463.0,S1.pdf,NA,NA,y,TARA_CO-0005365-S1.pdf
TARA_CO-0005367,C15-C15gj-C15cn,56030.0,S1.pdf,NA,NA,y,TARA_CO-0005367-S1.pdf
TARA_CO-0005363,C15-C15gj-C15cn,40761.0,S1.pdf,NA,NA,y,TARA_CO-0005363-S1.pdf
TARA_CO-0005369,C15-C15gj-C15cn,33370.0,S1.pdf,NA,NA,y,TARA_CO-0005369-S1.pdf
TARA_CO-1016414,C15-C15gj-C15cn,58061.0,S1.pdf,NA,NA,y,TARA_CO-1016414-S1.pdf
TARA_CO-1018826,C15-C15gj-C15cn,48229.0,S1.pdf,NA,NA,y,TARA_CO-1018826-S1.pdf
TARA_CO-0000401,C15-C15eo-C15ep,54702.0,S1.pdf,NA,NA,y,TARA_CO-0000401-S1.pdf
TARA_CO-0005996,C15-C15eo-C15ep,39463.0,S1.pdf,NA,NA,y,TARA_CO-0005996-S1.pdf
TARA_CO-0005990,C15-C15eo-C15ep,47220.0,S1.pdf,NA,NA,y,TARA_CO-0005990-S1.pdf
TARA_CO-1014810,C15-C15eo-C15ep,46123.0,S1.pdf,NA,NA,y,TARA_CO-1014810-S1.pdf
TARA_CO-1015959,C15-C15eo-C15ep,29356.0,S1.pdf,NA,NA,y,TARA_CO-1015959-S1.pdf
TARA_CO-0000910,C15cu/C15cv-C15-C15co-C15fx,45627.0,S1.pdf,NA,NA,y,TARA_CO-0000910-S1.pdf
TARA_CO-0000917,C15cu/C15cv-C15-C15co-C15fx,11781.0,S1.pdf,NA,NA,y,TARA_CO-0000917-S1.pdf
TARA_CO-0000912,C15cu/C15cv-C15-C15co-C15fx,61406.0,S1.pdf,NA,NA,y,TARA_CO-0000912-S1.pdf
TARA_CO-0000911,C15cu/C15cv-C15-C15co-C15fx,29474.0,S1.pdf,NA,NA,y,TARA_CO-0000911-S1.pdf
TARA_CO-0000909,C15cu/C15cv-C15-C15co-C15fx,46312.0,S1.pdf,NA,NA,y,TARA_CO-0000909-S1.pdf
TARA_CO-0000965,C15cu/C15cv-C15-C15co-C15fx,151075.0,S1.pdf,NA,NA,y,TARA_CO-0000965-S1.pdf
TARA_CO-0001664,C42u/C42a/C1-C42.2-C42b-C1b-C1au,16162.0,S1.pdf,NA,NA,y,TARA_CO-0001664-S1.pdf
TARA_CO-0004207,C42u/C42a/C1-C42.2-C42b-C1b-C1au,10970.0,S1.pdf,NA,NA,y,TARA_CO-0004207-S1.pdf
TARA_CO-0005527,C42u/C42a/C1-C42.2-C42b-C1b-C1au,80924.0,S1.pdf,NA,NA,y,TARA_CO-0005527-S1.pdf
TARA_CO-1016425,C42u/C42a/C1-C42.2-C42b-C1b-C1au,72826.0,S1.pdf,NA,NA,y,TARA_CO-1016425-S1.pdf
TARA_CO-1018839,C42u/C42a/C1-C42.2-C42b-C1b-C1au,45614.0,S1.pdf,NA,NA,y,TARA_CO-1018839-S1.pdf
TARA_CO-1018839,D1/D1aa-D2d-D1ae-D1ag-D1ah-D2e-D1y,1978.0,S1.pdf,NA,NA,y,TARA_CO-1018839-S1.pdf
TARA_CO-0003645,C42u/C42a/C1-C42.2-C42b-C1b-C1au,39096.0,S1.pdf,NA,NA,y,TARA_CO-0003645-S1.pdf
TARA_CO-1014401,C66o-C66-C66q-C66p,38050.0,S1.pdf,NA,NA,y,TARA_CO-1014401-S1.pdf
TARA_CO-1014289,C66o-C66-C66q-C66p,42915.0,S1.pdf,NA,NA,y,TARA_CO-1014289-S1.pdf
TARA_CO-1014482,C66o-C66-C66q-C66p,46804.0,S1.pdf,NA,NA,y,TARA_CO-1014482-S1.pdf
TARA_CO-1014396,C66o-C66-C66q-C66p,57731.0,S1.pdf,NA,NA,y,TARA_CO-1014396-S1.pdf
TARA_CO-1014479,C66o-C66-C66q-C66p,55761.0,S1.pdf,NA,NA,y,TARA_CO-1014479-S1.pdf
TARA_CO-1014478,C66o-C66-C66q-C66p,31181.0,S1.pdf,NA,NA,y,TARA_CO-1014478-S1.pdf
TARA_CO-0005910,A7-A8b-A3-A8e-A3a,55956.0,S1.pdf,NA,NA,y,TARA_CO-0005910-S1.pdf
TARA_CO-0005907,A7-A8b-A3-A8e-A3a,48381.0,S1.pdf,NA,NA,y,TARA_CO-0005907-S1.pdf
TARA_CO-0005911,A7-A8b-A3-A8e-A3a,62990.0,S1.pdf,NA,NA,y,TARA_CO-0005911-S1.pdf
TARA_CO-0005908,A7-A8b-A3-A8e-A3a,44781.0,S1.pdf,NA,NA,y,TARA_CO-0005908-S1.pdf
TARA_CO-0005909,A7-A8b-A3-A8e-A3a,55900.0,S1.pdf,NA,NA,y,TARA_CO-0005909-S1.pdf
TARA_CO-0004549,C15fv/C15-C15m,17535.0,S1.pdf,NA,NA,y,TARA_CO-0004549-S1.pdf
TARA_CO-0004559,C15fv/C15-C15m,9220.0,S1.pdf,NA,NA,y,TARA_CO-0004559-S1.pdf
TARA_CO-0004434,C15fv/C15-C15m,7375.0,S1.pdf,NA,NA,y,TARA_CO-0004434-S1.pdf
TARA_CO-0004425,C15fv/C15-C15m,484272.0,S1.pdf,NA,NA,y,TARA_CO-0004425-S1.pdf
TARA_CO-0004427,C15fv/C15-C15m,6447.0,S1.pdf,NA,NA,y,TARA_CO-0004427-S1.pdf
TARA_CO-0004426,C15fv/C15-C15m,5309.0,S1.pdf,NA,NA,y,TARA_CO-0004426-S1.pdf
TARA_CO-0003043,D1-D2d-D1y,59539.0,S1.pdf,NA,NA,y,TARA_CO-0003043-S1.pdf
TARA_CO-1016122,D1-D2d-D1y,90980.0,S1.pdf,NA,NA,y,TARA_CO-1016122-S1.pdf
TARA_CO-1018838,C15-C15eu,28.0,S1.pdf,NA,NA,y,TARA_CO-1018838-S1.pdf
TARA_CO-1018838,C116a/C1d-C1-C42.2-C116v,747.0,S1.pdf,NA,NA,y,TARA_CO-1018838-S1.pdf
TARA_CO-1018838,D1-D2d-D1y,87302.0,S1.pdf,NA,NA,y,TARA_CO-1018838-S1.pdf
TARA_CO-0001241,C15h-C15do,11082.0,S1.pdf,NA,NA,y,TARA_CO-0001241-S1.pdf
TARA_CO-0001241,D1-D2d-D1y,66339.0,S1.pdf,NA,NA,y,TARA_CO-0001241-S1.pdf
TARA_CO-1016714,C15h-C116s-C15dp,13632.0,S1.pdf,NA,NA,y,TARA_CO-1016714-S1.pdf
TARA_CO-1016714,D1-D2d-D1y,38989.0,S1.pdf,NA,NA,y,TARA_CO-1016714-S1.pdf
TARA_CO-1015860,D1/D1as-D1at-D1aw-D1bg-D1ba-D4,34818.0,S1.pdf,NA,NA,y,TARA_CO-1015860-S1.pdf
TARA_CO-0000225,D1/D1as-D1at-D1aw-D1bg-D1ba-D4,24800.0,S1.pdf,NA,NA,y,TARA_CO-0000225-S1.pdf
TARA_CO-0000311,D1/D1as-D1at-D1aw-D1bg-D1ba-D4,22935.0,S1.pdf,NA,NA,y,TARA_CO-0000311-S1.pdf
TARA_CO-0000204,D1/D1as-D1at-D1aw-D1bg-D1ba-D4,9656.0,S1.pdf,NA,NA,y,TARA_CO-0000204-S1.pdf
TARA_CO-0002138,C15bd-C15-C15bh-C116o-C15bu,10554.0,S1.pdf,NA,NA,y,TARA_CO-0002138-S1.pdf
TARA_CO-0002144,C15bd-C15-C15bh-C116o-C15bu,11626.0,S1.pdf,NA,NA,y,TARA_CO-0002144-S1.pdf
TARA_CO-0000958,C15bd-C15-C15bh-C116o-C15bu,58705.0,S1.pdf,NA,NA,y,TARA_CO-0000958-S1.pdf
TARA_CO-0002284,C15bd-C15-C15bh-C116o-C15bu,11278.0,S1.pdf,NA,NA,y,TARA_CO-0002284-S1.pdf
TARA_CO-0002141,C15bd-C15-C15bh-C116o-C15bu,9726.0,S1.pdf,NA,NA,y,TARA_CO-0002141-S1.pdf
TARA_CO-0002048,C15-C15be-C15bc-C15bf,13152.0,S1.pdf,NA,NA,y,TARA_CO-0002048-S1.pdf
TARA_CO-0002049,C15-C15be-C15bc-C15bf,8970.0,S1.pdf,NA,NA,y,TARA_CO-0002049-S1.pdf
TARA_CO-0002050,C15-C15be-C15bc-C15bf,11978.0,S1.pdf,NA,NA,y,TARA_CO-0002050-S1.pdf
TARA_CO-0002143,C15-C15be-C15bc-C15bf,9495.0,S1.pdf,NA,NA,y,TARA_CO-0002143-S1.pdf
TARA_CO-1018354,C15-C15be-C15bc-C15bf,38384.0,S1.pdf,NA,NA,y,TARA_CO-1018354-S1.pdf
TARA_CO-0002064,C42.2/C1-C42i-C1b-C1au,11002.0,S1.pdf,NA,NA,y,TARA_CO-0002064-S1.pdf
TARA_CO-0002126,C3/C3dc,364.0,S1.pdf,NA,NA,y,TARA_CO-0002126-S1.pdf
TARA_CO-0002126,C42.2/C1-C42i-C1b-C1au,10042.0,S1.pdf,NA,NA,y,TARA_CO-0002126-S1.pdf
TARA_CO-0002056,C42.2/C1-C42i-C1b-C1au,11739.0,S1.pdf,NA,NA,y,TARA_CO-0002056-S1.pdf
TARA_CO-0002061,C42.2/C1-C42i-C1b-C1au,8413.0,S1.pdf,NA,NA,y,TARA_CO-0002061-S1.pdf
TARA_CO-0000826,C3/C3dc,606.0,S1.pdf,NA,NA,y,TARA_CO-0000826-S1.pdf
TARA_CO-0000826,C42.2/C1-C42i-C1b-C1au,9869.0,S1.pdf,NA,NA,y,TARA_CO-0000826-S1.pdf
TARA_CO-0005364,C15-C15cn,48838.0,S1.pdf,NA,NA,y,TARA_CO-0005364-S1.pdf
TARA_CO-1018447,C15-C15cn,69672.0,S1.pdf,NA,NA,y,TARA_CO-1018447-S1.pdf
TARA_CO-0004433,C15-C15cn,9507.0,S1.pdf,NA,NA,y,TARA_CO-0004433-S1.pdf
TARA_CO-0005368,C15-C15cn,46285.0,S1.pdf,NA,NA,y,TARA_CO-0005368-S1.pdf
TARA_CO-0005366,C15-C15cn,41013.0,S1.pdf,NA,NA,y,TARA_CO-0005366-S1.pdf
TARA_CO-0005366,G3a-G3ai,104.0,S1.pdf,NA,NA,y,TARA_CO-0005366-S1.pdf
TARA_CO-0005366,G3ag,185.0,S1.pdf,NA,NA,y,TARA_CO-0005366-S1.pdf
TARA_CO-0005692,C15-C15ar,37385.0,S1.pdf,NA,NA,y,TARA_CO-0005692-S1.pdf
TARA_CO-1014659,C15-C15ar,33964.0,S1.pdf,NA,NA,y,TARA_CO-1014659-S1.pdf
TARA_CO-1014657,C15-C15ar,35693.0,S1.pdf,NA,NA,y,TARA_CO-1014657-S1.pdf
TARA_CO-1014656,C15-C15ar,26349.0,S1.pdf,NA,NA,y,TARA_CO-1014656-S1.pdf
TARA_CO-1014814,C15-C15ar,20621.0,S1.pdf,NA,NA,y,TARA_CO-1014814-S1.pdf
TARA_CO-0004552,A16a/A16/A3,143.0,S1.pdf,NA,NA,y,TARA_CO-0004552-S1.pdf
TARA_CO-0004552,C15-C15ek-C15gk-C15el,45907.0,S1.pdf,NA,NA,y,TARA_CO-0004552-S1.pdf
TARA_CO-0004494,C15-C15ek-C15gk-C15el,15352.0,S1.pdf,NA,NA,y,TARA_CO-0004494-S1.pdf
TARA_CO-1018917,C15-C15ek-C15gk-C15el,55474.0,S1.pdf,NA,NA,y,TARA_CO-1018917-S1.pdf
TARA_CO-0004495,C15-C15ek-C15gk-C15el,23002.0,S1.pdf,NA,NA,y,TARA_CO-0004495-S1.pdf
TARA_CO-0004548,C15-C15ek-C15gk-C15el,46832.0,S1.pdf,NA,NA,y,TARA_CO-0004548-S1.pdf
TARA_CO-1018088,C15/C15ev-C15bt-C116,54078.0,S1.pdf,NA,NA,y,TARA_CO-1018088-S1.pdf
TARA_CO-1018088,G3a,1284.0,S1.pdf,NA,NA,y,TARA_CO-1018088-S1.pdf
TARA_CO-1018090,C15/C15ev-C15bt-C116,36764.0,S1.pdf,NA,NA,y,TARA_CO-1018090-S1.pdf
TARA_CO-1018086,C15/C15ev-C15bt-C116,40074.0,S1.pdf,NA,NA,y,TARA_CO-1018086-S1.pdf
TARA_CO-1018086,G3a/G3ac-G3ai,794.0,S1.pdf,NA,NA,y,TARA_CO-1018086-S1.pdf
TARA_CO-1018087,C15/C15ev-C15bt-C116,51846.0,S1.pdf,NA,NA,y,TARA_CO-1018087-S1.pdf
TARA_CO-1018087,G3a/G3ac-G3ai,10036.0,S1.pdf,NA,NA,y,TARA_CO-1018087-S1.pdf
TARA_CO-1018089,C15/C15ev-C15bt-C116,34059.0,S1.pdf,NA,NA,y,TARA_CO-1018089-S1.pdf
TARA_CO-1018089,G3a/G3ac-G3ai,9283.0,S1.pdf,NA,NA,y,TARA_CO-1018089-S1.pdf
TARA_CO-0005035,C15-C15ga-C15gb,38663.0,S1.pdf,NA,NA,y,TARA_CO-0005035-S1.pdf
TARA_CO-0005284,C15-C15ga-C15gb,64544.0,S1.pdf,NA,NA,y,TARA_CO-0005284-S1.pdf
TARA_CO-0005032,C15-C15ga-C15gb,69053.0,S1.pdf,NA,NA,y,TARA_CO-0005032-S1.pdf
TARA_CO-0005154,C15-C15ga-C15gb,54086.0,S1.pdf,NA,NA,y,TARA_CO-0005154-S1.pdf
TARA_CO-0005157,C15-C15ga-C15gb,32576.0,S1.pdf,NA,NA,y,TARA_CO-0005157-S1.pdf
TARA_CO-1015678,A7ag-A8b-A8f-A16d-A7-A16f-A7af-A8g-A16g,28219.0,S1.pdf,NA,NA,y,TARA_CO-1015678-S1.pdf
TARA_CO-1015676,A7ag-A8b-A8f-A16d-A7-A16f-A7af-A8g-A16g,68130.0,S1.pdf,NA,NA,y,TARA_CO-1015676-S1.pdf
TARA_CO-1015675,A7ag-A8b-A8f-A16d-A7-A16f-A7af-A8g-A16g,42224.0,S1.pdf,NA,NA,y,TARA_CO-1015675-S1.pdf
TARA_CO-1015675,C1/C42.2/C1b,148.0,S1.pdf,NA,NA,y,TARA_CO-1015675-S1.pdf
TARA_CO-1015677,A7ag-A8b-A8f-A16d-A7-A16f-A7af-A8g-A16g,21750.0,S1.pdf,NA,NA,y,TARA_CO-1015677-S1.pdf
TARA_CO-1015684,A7ag-A8b-A8f-A16d-A7-A16f-A7af-A8g-A16g,34299.0,S1.pdf,NA,NA,y,TARA_CO-1015684-S1.pdf
TARA_CO-0005042,A7/A16d-A16g-A16f,3482.0,S1.pdf,NA,NA,y,TARA_CO-0005042-S1.pdf
TARA_CO-0005042,A7y-A8b-A8c-A8d-A7aa,43470.0,S1.pdf,NA,NA,y,TARA_CO-0005042-S1.pdf
TARA_CO-0005047,A7/A16d-A16g-A16f,5331.0,S1.pdf,NA,NA,y,TARA_CO-0005047-S1.pdf
TARA_CO-0005047,A7y-A8b-A8c-A8d-A7aa,65651.0,S1.pdf,NA,NA,y,TARA_CO-0005047-S1.pdf
TARA_CO-0005048,A7/A16d-A16g-A16f,3295.0,S1.pdf,NA,NA,y,TARA_CO-0005048-S1.pdf
TARA_CO-0005048,A7y-A8b-A8c-A8d-A7aa,27303.0,S1.pdf,NA,NA,y,TARA_CO-0005048-S1.pdf
TARA_CO-0005161,A7/A16d-A16g-A16f,5971.0,S1.pdf,NA,NA,y,TARA_CO-0005161-S1.pdf
TARA_CO-0005161,A7y-A8b-A8c-A8d-A7aa,52491.0,S1.pdf,NA,NA,y,TARA_CO-0005161-S1.pdf
TARA_CO-0005161,C15/C15ew,121.0,S1.pdf,NA,NA,y,TARA_CO-0005161-S1.pdf
TARA_CO-0001951,A7/A16d-A16g-A16f,8295.0,S1.pdf,NA,NA,y,TARA_CO-0001951-S1.pdf
TARA_CO-0001951,A7y-A8b-A8c-A8d-A7aa,58883.0,S1.pdf,NA,NA,y,TARA_CO-0001951-S1.pdf
TARA_CO-0001951,C15/C15m,167.0,S1.pdf,NA,NA,y,TARA_CO-0001951-S1.pdf
TARA_CO-0001951,C1/C42.2,23.0,S1.pdf,NA,NA,y,TARA_CO-0001951-S1.pdf
TARA_CO-1018720,A16u-A16w-A16v-A16d-A16x,55989.0,S1.pdf,NA,NA,y,TARA_CO-1018720-S1.pdf
TARA_CO-1018458,A16u-A16w-A16v-A16d-A16x,62117.0,S1.pdf,NA,NA,y,TARA_CO-1018458-S1.pdf
TARA_CO-1018714,A16u-A16w-A16v-A16d-A16x,66067.0,S1.pdf,NA,NA,y,TARA_CO-1018714-S1.pdf
TARA_CO-1018716,A16u-A16w-A16v-A16d-A16x,85356.0,S1.pdf,NA,NA,y,TARA_CO-1018716-S1.pdf
TARA_CO-1018457,A3,5675.0,S1.pdf,NA,NA,y,TARA_CO-1018457-S1.pdf
TARA_CO-1018457,A16u-A16w-A16v-A16d-A16x,55928.0,S1.pdf,NA,NA,y,TARA_CO-1018457-S1.pdf
TARA_OA-0002344,A8b/A7x-A7ad-A16d-A3,66969.0,S1.pdf,NA,NA,y,TARA_OA-0002344-S1.pdf
TARA_OA-0002352,A8b/A7x-A7ad-A16d-A3,42556.0,S1.pdf,NA,NA,y,TARA_OA-0002352-S1.pdf
TARA_OA-0002348,A8b/A7x-A7ad-A16d-A3,61485.0,S1.pdf,NA,NA,y,TARA_OA-0002348-S1.pdf
TARA_OA-0002473,A8b/A7x-A7ad-A16d-A3,49586.0,S1.pdf,NA,NA,y,TARA_OA-0002473-S1.pdf
TARA_FH-0000973,A8b/A7x-A7ad-A16d-A3,26175.0,S1.pdf,NA,NA,y,TARA_FH-0000973-S1.pdf
TARA_CO-0005765,A7/A8a/A7ak-A8j-A3,40291.0,S1.pdf,NA,NA,y,TARA_CO-0005765-S1.pdf
TARA_CO-0005763,A7/A8a/A7ak-A8j-A3,41100.0,S1.pdf,NA,NA,y,TARA_CO-0005763-S1.pdf
TARA_CO-0005758,A7/A8a/A7ak-A8j-A3,27234.0,S1.pdf,NA,NA,y,TARA_CO-0005758-S1.pdf
TARA_CO-0005757,A7/A8a/A7ak-A8j-A3,37591.0,S1.pdf,NA,NA,y,TARA_CO-0005757-S1.pdf
TARA_CO-0005761,A7/A8a/A7ak-A8j-A3,24039.0,S1.pdf,NA,NA,y,TARA_CO-0005761-S1.pdf
TARA_CO-1016607,D1/D6/D4,54155.0,S1.pdf,NA,NA,y,TARA_CO-1016607-S1.pdf
TARA_CO-1016968,D1/D6/D4,44553.0,S1.pdf,NA,NA,y,TARA_CO-1016968-S1.pdf
TARA_CO-1016712,C116a-C116v-C116x,2571.0,S1.pdf,NA,NA,y,TARA_CO-1016712-S1.pdf
TARA_CO-1016712,C15h/C15,1632.0,S1.pdf,NA,NA,y,TARA_CO-1016712-S1.pdf
TARA_CO-1016712,D1/D6/D4,37635.0,S1.pdf,NA,NA,y,TARA_CO-1016712-S1.pdf
TARA_CO-1015236,D1/D6/D4,48342.0,S1.pdf,NA,NA,y,TARA_CO-1015236-S1.pdf
TARA_CO-0001420,D1/D2d-D1y-D1x-D1z-D1aa,66421.0,S1.pdf,NA,NA,y,TARA_CO-0001420-S1.pdf
TARA_CO-0003647,D1/D2d-D1y-D1x-D1z-D1aa,61818.0,S1.pdf,NA,NA,y,TARA_CO-0003647-S1.pdf
TARA_CO-1016232,D1/D2d-D1y-D1x-D1z-D1aa,82158.0,S1.pdf,NA,NA,y,TARA_CO-1016232-S1.pdf
TARA_CO-0001663,C15h-C15do-C116s-C116r-C15dp,4347.0,S1.pdf,NA,NA,y,TARA_CO-0001663-S1.pdf
TARA_CO-0001663,D1/D2d-D1y-D1x-D1z-D1aa,10146.0,S1.pdf,NA,NA,y,TARA_CO-0001663-S1.pdf
TARA_CO-0001667,C1bb-C1d-C1-C42.2-C3cg-C1b,5569.0,S1.pdf,NA,NA,y,TARA_CO-0001667-S1.pdf
TARA_CO-0001667,D4/D6,123.0,S1.pdf,NA,NA,y,TARA_CO-0001667-S1.pdf
TARA_CO-0001667,D1/D2d-D1y-D1x-D1z-D1aa,7684.0,S1.pdf,NA,NA,y,TARA_CO-0001667-S1.pdf
TARA_CO-0001667,G3d/G3e-G3c-G3f-G3g-G3h,1477.0,S1.pdf,NA,NA,y,TARA_CO-0001667-S1.pdf
TARA_CO-0004036,C116a/C1d-C1-C42.2-C116v,8418.0,S1.pdf,NA,NA,y,TARA_CO-0004036-S1.pdf
TARA_CO-1016511,C116a/C1d-C1-C42.2-C116v,37034.0,S1.pdf,NA,NA,y,TARA_CO-1016511-S1.pdf
TARA_CO-0003752,C116a/C1d-C1-C42.2-C116v,42552.0,S1.pdf,NA,NA,y,TARA_CO-0003752-S1.pdf
TARA_CO-0003752,C1b,3472.0,S1.pdf,NA,NA,y,TARA_CO-0003752-S1.pdf
TARA_CO-0000543,C15/C15m-C15ae,9415.0,S1.pdf,NA,NA,y,TARA_CO-0000543-S1.pdf
TARA_CO-0002607,C15/C15m-C15ae,438490.0,S1.pdf,NA,NA,y,TARA_CO-0002607-S1.pdf
TARA_CO-1018702,C15/C15m-C15ae,28047.0,S1.pdf,NA,NA,y,TARA_CO-1018702-S1.pdf
TARA_CO-0001679,C66-C66h-C66i-C66f-C66j-C66k,14968.0,S1.pdf,NA,NA,y,TARA_CO-0001679-S1.pdf
TARA_CO-0001681,C66-C66h-C66i-C66f-C66j-C66k,17109.0,S1.pdf,NA,NA,y,TARA_CO-0001681-S1.pdf
TARA_CO-0001682,C66-C66h-C66i-C66f-C66j-C66k,19216.0,S1.pdf,NA,NA,y,TARA_CO-0001682-S1.pdf
TARA_CO-0001683,C66-C66h-C66i-C66f-C66j-C66k,17302.0,S1.pdf,NA,NA,y,TARA_CO-0001683-S1.pdf
TARA_CO-0001620,C66-C66h-C66f-C66i,18732.0,S1.pdf,NA,NA,y,TARA_CO-0001620-S1.pdf
TARA_CO-0001833,C66-C66h-C66f-C66i,20945.0,S1.pdf,NA,NA,y,TARA_CO-0001833-S1.pdf
TARA_CO-0001836,C66-C66h-C66f-C66i,16854.0,S1.pdf,NA,NA,y,TARA_CO-0001836-S1.pdf
TARA_CO-0001626,C66-C66h-C66f-C66i,15777.0,S1.pdf,NA,NA,y,TARA_CO-0001626-S1.pdf
TARA_CO-1018450,C15-C15cb-C15l-C15.8-C15n,70931.0,S1.pdf,NA,NA,y,TARA_CO-1018450-S1.pdf
TARA_CO-1018704,C15-C15cb-C15l-C15.8-C15n,53764.0,S1.pdf,NA,NA,y,TARA_CO-1018704-S1.pdf
TARA_CO-1018705,C15-C15cb-C15l-C15.8-C15n,38927.0,S1.pdf,NA,NA,y,TARA_CO-1018705-S1.pdf
TARA_CO-1018532,C15-C15cb-C15l-C15.8-C15n,60342.0,S1.pdf,NA,NA,y,TARA_CO-1018532-S1.pdf
TARA_CO-1014662,C15-C15ci-C15n-C15cf-C15ck-C15l,35577.0,S1.pdf,NA,NA,y,TARA_CO-1014662-S1.pdf
TARA_CO-1014708,C15-C15ci-C15n-C15cf-C15ck-C15l,47799.0,S1.pdf,NA,NA,y,TARA_CO-1014708-S1.pdf
TARA_CO-1014811,C15-C15ci-C15n-C15cf-C15ck-C15l,44390.0,S1.pdf,NA,NA,y,TARA_CO-1014811-S1.pdf
TARA_CO-1014661,C15-C15ci-C15n-C15cf-C15ck-C15l,37418.0,S1.pdf,NA,NA,y,TARA_CO-1014661-S1.pdf
TARA_CO-1016114,C15/C15bi,50822.0,S1.pdf,NA,NA,y,TARA_CO-1016114-S1.pdf
TARA_CO-1016594,C15/C15bi,51570.0,S1.pdf,NA,NA,y,TARA_CO-1016594-S1.pdf
TARA_CO-0001617,C15/C15bi,13367.0,S1.pdf,NA,NA,y,TARA_CO-0001617-S1.pdf
TARA_CO-0001427,C15/C15bi,31315.0,S1.pdf,NA,NA,y,TARA_CO-0001427-S1.pdf
TARA_CO-1018439,C1ah/C1ag/C1-C42.2-C3cg-C1b,83301.0,S1.pdf,NA,NA,y,TARA_CO-1018439-S1.pdf
TARA_CO-1018161,C1ah/C1ag/C1-C42.2-C3cg-C1b,34838.0,S1.pdf,NA,NA,y,TARA_CO-1018161-S1.pdf
TARA_CO-1018165,C1ah/C1ag/C1-C42.2-C3cg-C1b,21747.0,S1.pdf,NA,NA,y,TARA_CO-1018165-S1.pdf
TARA_CO-1018526,C1ah/C1ag/C1-C42.2-C3cg-C1b,33639.0,S1.pdf,NA,NA,y,TARA_CO-1018526-S1.pdf
TARA_CO-1016228,C66-C66ab-C66a,42739.0,S1.pdf,NA,NA,y,TARA_CO-1016228-S1.pdf
TARA_CO-1016224,C66-C66ab-C66a,44976.0,S1.pdf,NA,NA,y,TARA_CO-1016224-S1.pdf
TARA_CO-1016226,C66-C66ab-C66a,35215.0,S1.pdf,NA,NA,y,TARA_CO-1016226-S1.pdf
TARA_CO-1016223,C66-C66ab-C66a,56282.0,S1.pdf,NA,NA,y,TARA_CO-1016223-S1.pdf
TARA_CO-1016223,G3a-G3ai,841.0,S1.pdf,NA,NA,y,TARA_CO-1016223-S1.pdf
TARA_CO-1016223,G3b,742.0,S1.pdf,NA,NA,y,TARA_CO-1016223-S1.pdf
TARA_CO-0003454,C15/C15r,57590.0,S1.pdf,NA,NA,y,TARA_CO-0003454-S1.pdf
TARA_CO-0000152,C15/C15r,34787.0,S1.pdf,NA,NA,y,TARA_CO-0000152-S1.pdf
TARA_CO-1018174,C15/C15r,13225.0,S1.pdf,NA,NA,y,TARA_CO-1018174-S1.pdf
TARA_CO-1015475,C42a/C42.2/C1-C1b-C42ad-C42ac-C1az-C1au-C42g,60673.0,S1.pdf,NA,NA,y,TARA_CO-1015475-S1.pdf
TARA_CO-0001811,C42a/C42.2/C1-C1b-C42ad-C42ac-C1az-C1au-C42g,15346.0,S1.pdf,NA,NA,y,TARA_CO-0001811-S1.pdf
TARA_CO-1016691,C66-C66r-C66u-C66t-C66s,33470.0,S1.pdf,NA,NA,y,TARA_CO-1016691-S1.pdf
TARA_CO-1016692,C66-C66r-C66u-C66t-C66s,83636.0,S1.pdf,NA,NA,y,TARA_CO-1016692-S1.pdf
TARA_CO-1016693,C66-C66r-C66u-C66t-C66s,38486.0,S1.pdf,NA,NA,y,TARA_CO-1016693-S1.pdf
TARA_CO-1016690,C66-C66r-C66u-C66t-C66s,33102.0,S1.pdf,NA,NA,y,TARA_CO-1016690-S1.pdf
TARA_CO-0005611,A7,53273.0,S1.pdf,NA,NA,y,TARA_CO-0005611-S1.pdf
TARA_CO-1018091,A3,5630.0,S1.pdf,NA,NA,y,TARA_CO-1018091-S1.pdf
TARA_CO-1018091,A7,12948.0,S1.pdf,NA,NA,y,TARA_CO-1018091-S1.pdf
TARA_CO-1018091,C1/C1j-C42.2-C1b-C42am-C1au,486.0,S1.pdf,NA,NA,y,TARA_CO-1018091-S1.pdf
TARA_CO-1018076,C1/C1j-C42.2-C1b-C42am-C1au,60117.0,S1.pdf,NA,NA,y,TARA_CO-1018076-S1.pdf
TARA_CO-1018078,C3/C3dc,3512.0,S1.pdf,NA,NA,y,TARA_CO-1018078-S1.pdf
TARA_CO-1018078,C1/C1j-C42.2-C1b-C42am-C1au,58368.0,S1.pdf,NA,NA,y,TARA_CO-1018078-S1.pdf
TARA_CO-1018080,C1/C1j-C42.2-C1b-C42am-C1au,48534.0,S1.pdf,NA,NA,y,TARA_CO-1018080-S1.pdf
TARA_CO-0001317,C57d,24225.0,S1.pdf,NA,NA,y,TARA_CO-0001317-S1.pdf
TARA_CO-0001317,C91k,27906.0,S1.pdf,NA,NA,y,TARA_CO-0001317-S1.pdf
TARA_CO-1018095,A8i-A7ah-A7-A8h-A3-A3a-A7aj-A7ai,52319.0,S1.pdf,NA,NA,y,TARA_CO-1018095-S1.pdf
TARA_CO-1018094,A8i-A7ah-A7-A8h-A3-A3a-A7aj-A7ai,29448.0,S1.pdf,NA,NA,y,TARA_CO-1018094-S1.pdf
TARA_CO-1018092,A8i-A7ah-A7-A8h-A3-A3a-A7aj-A7ai,25786.0,S1.pdf,NA,NA,y,TARA_CO-1018092-S1.pdf
TARA_CO-1018093,A8i-A7ah-A7-A8h-A3-A3a-A7aj-A7ai,79511.0,S1.pdf,NA,NA,y,TARA_CO-1018093-S1.pdf
TARA_CO-1018093,C42a/C1/C42.2/C1j/C1b-C1ci-C1au,149.0,S1.pdf,NA,NA,y,TARA_CO-1018093-S1.pdf
TARA_CO-0000821,C42q/C42.2-C1-C1b,15291.0,S1.pdf,NA,NA,y,TARA_CO-0000821-S1.pdf
TARA_CO-0000823,C42q/C42.2-C1-C1b,9024.0,S1.pdf,NA,NA,y,TARA_CO-0000823-S1.pdf
TARA_CO-0002133,A1-A1dl,594.0,S1.pdf,NA,NA,y,TARA_CO-0002133-S1.pdf
TARA_CO-0002133,C42q/C42.2-C1-C1b,5427.0,S1.pdf,NA,NA,y,TARA_CO-0002133-S1.pdf
TARA_CO-1018441,C15cd/C15-C15az-C15cg-C15ef-C15eg,59901.0,S1.pdf,NA,NA,y,TARA_CO-1018441-S1.pdf
TARA_CO-1018449,C15cd/C15-C15az-C15cg-C15ef-C15eg,67079.0,S1.pdf,NA,NA,y,TARA_CO-1018449-S1.pdf
TARA_CO-1018448,C15cd/C15-C15az-C15cg-C15ef-C15eg,62639.0,S1.pdf,NA,NA,y,TARA_CO-1018448-S1.pdf
TARA_CO-0003640,C15-C15bn-C15by,52050.0,S1.pdf,NA,NA,y,TARA_CO-0003640-S1.pdf
TARA_CO-1014412,C15-C15bn-C15by,51018.0,S1.pdf,NA,NA,y,TARA_CO-1014412-S1.pdf
TARA_CO-1014412,G3y,1931.0,S1.pdf,NA,NA,y,TARA_CO-1014412-S1.pdf
TARA_CO-1014408,C15-C15bn-C15by,29846.0,S1.pdf,NA,NA,y,TARA_CO-1014408-S1.pdf
TARA_CO-1018937,C66-C66a,30723.0,S1.pdf,NA,NA,y,TARA_CO-1018937-S1.pdf
TARA_CO-1016913,C66-C66a,72600.0,S1.pdf,NA,NA,y,TARA_CO-1016913-S1.pdf
TARA_CO-1016405,C66-C66a,22148.0,S1.pdf,NA,NA,y,TARA_CO-1016405-S1.pdf
TARA_CO-0002291,C42.2/C116/C1-C1b,8995.0,S1.pdf,NA,NA,y,TARA_CO-0002291-S1.pdf
TARA_CO-0002292,C42.2/C116/C1-C1b,7925.0,S1.pdf,NA,NA,y,TARA_CO-0002292-S1.pdf
TARA_CO-1015582,C15ei/C15/C15dy-C116w,51067.0,S1.pdf,NA,NA,y,TARA_CO-1015582-S1.pdf
TARA_CO-0003362,C15ei/C15/C15dy-C116w,77364.0,S1.pdf,NA,NA,y,TARA_CO-0003362-S1.pdf
TARA_CO-0003101,C15ei/C15/C15dy-C116w,39407.0,S1.pdf,NA,NA,y,TARA_CO-0003101-S1.pdf
TARA_CO-0002383,A7-A16d-A16f-A7o-A7a-A16g,9114.0,S1.pdf,NA,NA,y,TARA_CO-0002383-S1.pdf
TARA_CO-0002428,A7-A16d-A16f-A7o-A7a-A16g,26075.0,S1.pdf,NA,NA,y,TARA_CO-0002428-S1.pdf
TARA_CO-0002434,A7-A16d-A16f-A7o-A7a-A16g,28949.0,S1.pdf,NA,NA,y,TARA_CO-0002434-S1.pdf
TARA_CO-1015474,C42a/C42.2/C1-C1b-C1au-C1j,2136.0,S1.pdf,NA,NA,y,TARA_CO-1015474-S1.pdf
TARA_CO-1015474,D1/D1as-D4-D1at,43494.0,S1.pdf,NA,NA,y,TARA_CO-1015474-S1.pdf
TARA_CO-0000205,C42a/C1/C42.2-C1b-C1az-C1au-C115d-C42b-C115l,562.0,S1.pdf,NA,NA,y,TARA_CO-0000205-S1.pdf
TARA_CO-0000205,D1/D1as-D4-D1at,7610.0,S1.pdf,NA,NA,y,TARA_CO-0000205-S1.pdf
TARA_FH-0000963,C15ex/C15-C15ey,46262.0,S1.pdf,NA,NA,y,TARA_FH-0000963-S1.pdf
TARA_OA-0002276,C15ex/C15-C15ey,54689.0,S1.pdf,NA,NA,y,TARA_OA-0002276-S1.pdf
TARA_CO-0002051,C15ex/C15-C15ey,5926.0,S1.pdf,NA,NA,y,TARA_CO-0002051-S1.pdf
TARA_CO-0005913,C3an-C3,27499.0,S1.pdf,NA,NA,y,TARA_CO-0005913-S1.pdf
TARA_CO-0005915,C3an-C3,21463.0,S1.pdf,NA,NA,y,TARA_CO-0005915-S1.pdf
TARA_CO-0005912,A7-A8b-A3-A8e-A3a,188.0,S1.pdf,NA,NA,y,TARA_CO-0005912-S1.pdf
TARA_CO-0005912,C3an-C3,27877.0,S1.pdf,NA,NA,y,TARA_CO-0005912-S1.pdf
TARA_CO-1014399,C66/C66o,34909.0,S1.pdf,NA,NA,y,TARA_CO-1014399-S1.pdf
TARA_CO-1014484,C66/C66o,67357.0,S1.pdf,NA,NA,y,TARA_CO-1014484-S1.pdf
TARA_CO-1014404,C66/C66o,39772.0,S1.pdf,NA,NA,y,TARA_CO-1014404-S1.pdf
TARA_CO-1014398,C66,10133.0,S1.pdf,NA,NA,y,TARA_CO-1014398-S1.pdf
TARA_CO-1014398,C66z,39088.0,S1.pdf,NA,NA,y,TARA_CO-1014398-S1.pdf
TARA_CO-1014398,C66aa,8179.0,S1.pdf,NA,NA,y,TARA_CO-1014398-S1.pdf
TARA_CO-1014397,C66,4612.0,S1.pdf,NA,NA,y,TARA_CO-1014397-S1.pdf
TARA_CO-1014397,C66z,15171.0,S1.pdf,NA,NA,y,TARA_CO-1014397-S1.pdf
TARA_CO-1014397,C66aa,23366.0,S1.pdf,NA,NA,y,TARA_CO-1014397-S1.pdf
TARA_CO-1014395,C66,12172.0,S1.pdf,NA,NA,y,TARA_CO-1014395-S1.pdf
TARA_CO-1014395,C57d,5981.0,S1.pdf,NA,NA,y,TARA_CO-1014395-S1.pdf
TARA_CO-1014395,C66z,17967.0,S1.pdf,NA,NA,y,TARA_CO-1014395-S1.pdf
TARA_CO-1014395,C66aa,32585.0,S1.pdf,NA,NA,y,TARA_CO-1014395-S1.pdf
TARA_OA-0002340,C15/C15cp,26875.0,S1.pdf,NA,NA,y,TARA_OA-0002340-S1.pdf
TARA_OA-0002340,C15gd,32951.0,S1.pdf,NA,NA,y,TARA_OA-0002340-S1.pdf
TARA_OA-0002338,C15/C15cp,16658.0,S1.pdf,NA,NA,y,TARA_OA-0002338-S1.pdf
TARA_OA-0002338,C15gd,21830.0,S1.pdf,NA,NA,y,TARA_OA-0002338-S1.pdf
TARA_FH-0000967,C15/C15cp,23175.0,S1.pdf,NA,NA,y,TARA_FH-0000967-S1.pdf
TARA_FH-0000967,C15gd,27162.0,S1.pdf,NA,NA,y,TARA_FH-0000967-S1.pdf
TARA_CO-1014413,C15ed,49141.0,S1.pdf,NA,NA,y,TARA_CO-1014413-S1.pdf
TARA_CO-1014468,C15ed,53483.0,S1.pdf,NA,NA,y,TARA_CO-1014468-S1.pdf
TARA_CO-1014407,C15ed,44036.0,S1.pdf,NA,NA,y,TARA_CO-1014407-S1.pdf
TARA_CO-1014407,G3y,136.0,S1.pdf,NA,NA,y,TARA_CO-1014407-S1.pdf
TARA_CO-1014407,G3ah,429.0,S1.pdf,NA,NA,y,TARA_CO-1014407-S1.pdf
TARA_CO-0000922,C1/C42.2/C1b,2957.0,S1.pdf,NA,NA,y,TARA_CO-0000922-S1.pdf
TARA_CO-0000922,C1cj,22364.0,S1.pdf,NA,NA,y,TARA_CO-0000922-S1.pdf
TARA_CO-0000919,C42.2/C1/C1b-C1au,10414.0,S1.pdf,NA,NA,y,TARA_CO-0000919-S1.pdf
TARA_CO-0000919,C1cj,12473.0,S1.pdf,NA,NA,y,TARA_CO-0000919-S1.pdf
TARA_CO-0003044,C15h,2239.0,S1.pdf,NA,NA,y,TARA_CO-0003044-S1.pdf
TARA_CO-0003044,D1/D1aa/D1ae,60977.0,S1.pdf,NA,NA,y,TARA_CO-0003044-S1.pdf
TARA_CO-0001660,C15h-C15do,2590.0,S1.pdf,NA,NA,y,TARA_CO-0001660-S1.pdf
TARA_CO-0001660,C1d/C1/C42.2,10590.0,S1.pdf,NA,NA,y,TARA_CO-0001660-S1.pdf
TARA_CO-0001660,D1-D2d-D1aa-D1z-D1y,1859.0,S1.pdf,NA,NA,y,TARA_CO-0001660-S1.pdf
TARA_CO-1018913,C15-C116f-C15dz-C15dl,53823.0,S1.pdf,NA,NA,y,TARA_CO-1018913-S1.pdf
TARA_CO-0003309,C15-C116f-C15dz-C15dl,42028.0,S1.pdf,NA,NA,y,TARA_CO-0003309-S1.pdf
TARA_CO-0003309,G3x,3874.0,S1.pdf,NA,NA,y,TARA_CO-0003309-S1.pdf
TARA_CO-1014135,C15-C15eh,39432.0,S1.pdf,NA,NA,y,TARA_CO-1014135-S1.pdf
TARA_CO-1018446,C15-C15eh,61160.0,S1.pdf,NA,NA,y,TARA_CO-1018446-S1.pdf
TARA_CO-0000949,C42aj,77147.0,S1.pdf,NA,NA,y,TARA_CO-0000949-S1.pdf
TARA_CO-0000819,C42aj,9993.0,S1.pdf,NA,NA,y,TARA_CO-0000819-S1.pdf
TARA_CO-0001669,C15-C15bt-C15bv-C15bl-C15bw-C15bs,15178.0,S1.pdf,NA,NA,y,TARA_CO-0001669-S1.pdf
TARA_CO-0001611,C15-C15bt-C15bv-C15bl-C15bw-C15bs,13946.0,S1.pdf,NA,NA,y,TARA_CO-0001611-S1.pdf
TARA_CO-0005914,C3ej,20318.0,S1.pdf,NA,NA,y,TARA_CO-0005914-S1.pdf
TARA_CO-0000959,C15/C15m,2171.0,S1.pdf,NA,NA,y,TARA_CO-0000959-S1.pdf
TARA_CO-0000959,C116y,3091.0,S1.pdf,NA,NA,y,TARA_CO-0000959-S1.pdf
TARA_CO-0004631,A16a/A16/A3,13998.0,S1.pdf,NA,NA,y,TARA_CO-0004631-S1.pdf
TARA_CO-0004631,A16y,29145.0,S1.pdf,NA,NA,y,TARA_CO-0004631-S1.pdf
TARA_CO-0004630,A16a/A16/A3,19220.0,S1.pdf,NA,NA,y,TARA_CO-0004630-S1.pdf
TARA_CO-0004630,A16y,41173.0,S1.pdf,NA,NA,y,TARA_CO-0004630-S1.pdf
TARA_CO-0001937,C1bi/C1-C42.2-C3cg-C3cw-C1b,27922.0,S1.pdf,NA,NA,y,TARA_CO-0001937-S1.pdf
TARA_CO-0005029,C1bi/C1-C42.2-C3cg-C3cw-C1b,43716.0,S1.pdf,NA,NA,y,TARA_CO-0005029-S1.pdf
TARA_CO-0003745,C1d/C1/C42.2-C1b-C3cg-C45c-C115k-C1au,1920.0,S1.pdf,NA,NA,y,TARA_CO-0003745-S1.pdf
TARA_CO-0003745,D1-D2d-D10a,101443.0,S1.pdf,NA,NA,y,TARA_CO-0003745-S1.pdf
TARA_CO-0003564,C1d/C1/C42.2-C1b-C3cg-C45c-C115k-C1au,12973.0,S1.pdf,NA,NA,y,TARA_CO-0003564-S1.pdf
TARA_CO-0003564,D1-D2d-D10a,24642.0,S1.pdf,NA,NA,y,TARA_CO-0003564-S1.pdf
TARA_CO-0004039,C1d-C1ba-C42.2-C1,8870.0,S1.pdf,NA,NA,y,TARA_CO-0004039-S1.pdf
TARA_CO-0004031,C66-C66e-C66g,7098.0,S1.pdf,NA,NA,y,TARA_CO-0004031-S1.pdf
TARA_CO-0005899,C15-C15az-C15ai,62534.0,S1.pdf,NA,NA,y,TARA_CO-0005899-S1.pdf
TARA_CO-0003103,C15/C15ch-C15cq,34659.0,S1.pdf,NA,NA,y,TARA_CO-0003103-S1.pdf
TARA_CO-0003575,C15-C15ad-C15ai,45167.0,S1.pdf,NA,NA,y,TARA_CO-0003575-S1.pdf
TARA_CO-0004826,C1-C1b-C1c-C42.2-C1br-C1bh-C1cb-C72k,57258.0,S1.pdf,NA,NA,y,TARA_CO-0004826-S1.pdf
TARA_CO-0004443,A16-A16d-A3a-A3,2892.0,S1.pdf,NA,NA,y,TARA_CO-0004443-S1.pdf
TARA_CO-0001441,C57k,70693.0,S1.pdf,NA,NA,y,TARA_CO-0001441-S1.pdf
TARA_CO-0003581,C15/C116-C15h,54105.0,S1.pdf,NA,NA,y,TARA_CO-0003581-S1.pdf
TARA_CO-1018097,A16a/A16/A3,20084.0,S1.pdf,NA,NA,y,TARA_CO-1018097-S1.pdf
TARA_CO-1018097,A16l,40294.0,S1.pdf,NA,NA,y,TARA_CO-1018097-S1.pdf
TARA_CO-1018365,C3,3170.0,S1.pdf,NA,NA,y,TARA_CO-1018365-S1.pdf
TARA_CO-1018365,C3ej,3698.0,S1.pdf,NA,NA,y,TARA_CO-1018365-S1.pdf
TARA_CO-1018365,C3ei,12146.0,S1.pdf,NA,NA,y,TARA_CO-1018365-S1.pdf
TARA_CO-0005349,C66,11922.0,S1.pdf,NA,NA,y,TARA_CO-0005349-S1.pdf
TARA_CO-0005349,C57m,12979.0,S1.pdf,NA,NA,y,TARA_CO-0005349-S1.pdf
TARA_CO-1018267,C15,13244.0,S1.pdf,NA,NA,y,TARA_CO-1018267-S1.pdf
TARA_CO-1018267,C15ex,43287.0,S1.pdf,NA,NA,y,TARA_CO-1018267-S1.pdf
TARA_CO-1018355,C15/C15r,10815.0,S1.pdf,NA,NA,y,TARA_CO-1018355-S1.pdf
TARA_CO-1018355,C116o,19078.0,S1.pdf,NA,NA,y,TARA_CO-1018355-S1.pdf
TARA_CO-0002380,A7-A16d-A7t-A7r,24008.0,S1.pdf,NA,NA,y,TARA_CO-0002380-S1.pdf
TARA_CO-0002385,A7-A7e-A7f-A16d-A7k-A7m,24809.0,S1.pdf,NA,NA,y,TARA_CO-0002385-S1.pdf
TARA_CO-0005906,C15/C15bo,3326.0,S1.pdf,NA,NA,y,TARA_CO-0005906-S1.pdf
TARA_CO-0005906,C15gc,26070.0,S1.pdf,NA,NA,y,TARA_CO-0005906-S1.pdf
TARA_CO-0001837,C57d,1354.0,S1.pdf,NA,NA,y,TARA_CO-0001837-S1.pdf
TARA_CO-0001837,C57c,10689.0,S1.pdf,NA,NA,y,TARA_CO-0001837-S1.pdf
TARA_CO-1018348,C1/C42.2,18561.0,S1.pdf,NA,NA,y,TARA_CO-1018348-S1.pdf
TARA_CO-1018348,C8,30192.0,S1.pdf,NA,NA,y,TARA_CO-1018348-S1.pdf
TARA_CO-0001619,C57d,1818.0,S1.pdf,NA,NA,y,TARA_CO-0001619-S1.pdf
TARA_CO-0001619,C57b,17078.0,S1.pdf,NA,NA,y,TARA_CO-0001619-S1.pdf
TARA_CO-0003100,C15,7616.0,S1.pdf,NA,NA,y,TARA_CO-0003100-S1.pdf
TARA_CO-0003100,C15gf,43025.0,S1.pdf,NA,NA,y,TARA_CO-0003100-S1.pdf
TARA_CO-1014696,C34,49696.0,S1.pdf,NA,NA,y,TARA_CO-1014696-S1.pdf
TARA_CO-0005916,C3ek,55476.0,S1.pdf,NA,NA,y,TARA_CO-0005916-S1.pdf
TARA_CO-1018368,A8b/A16d-A3,59.0,S1.pdf,NA,NA,y,TARA_CO-1018368-S1.pdf
TARA_CO-1018368,C3el,57622.0,S1.pdf,NA,NA,y,TARA_CO-1018368-S1.pdf
TARA_CO-1018272,C3-C3an,18547.0,S1.pdf,NA,NA,y,TARA_CO-1018272-S1.pdf
TARA_CO-1018272,C3en,37668.0,S1.pdf,NA,NA,y,TARA_CO-1018272-S1.pdf
TARA_CO-1018098,A3,5127.0,S1.pdf,NA,NA,y,TARA_CO-1018098-S1.pdf
TARA_CO-1018098,A7,2245.0,S1.pdf,NA,NA,y,TARA_CO-1018098-S1.pdf
TARA_CO-1018098,A8h,5237.0,S1.pdf,NA,NA,y,TARA_CO-1018098-S1.pdf
TARA_CO-1018451,A8b/A16d-A3,10000.0,S1.pdf,NA,NA,y,TARA_CO-1018451-S1.pdf
TARA_CO-1018451,A7an,14145.0,S1.pdf,NA,NA,y,TARA_CO-1018451-S1.pdf
TARA_CO-1018002,A8b/A16d-A3,14623.0,S1.pdf,NA,NA,y,TARA_CO-1018002-S1.pdf
TARA_CO-1018002,A16z,20230.0,S1.pdf,NA,NA,y,TARA_CO-1018002-S1.pdf
TARA_CO-0005762,A7ao,60697.0,S1.pdf,NA,NA,y,TARA_CO-0005762-S1.pdf
113,C40-C3-C115,90495.0,S10.pdf,Echinopora,lamellosa,y,113-S10.pdf
23,C40-C3-C115,106520.0,S10.pdf,Echinopora,lamellosa,y,23-S10.pdf
25,C40-C3-C115,99829.0,S10.pdf,Echinopora,lamellosa,y,25-S10.pdf
57,C40-C3-C115,70138.0,S10.pdf,Echinopora,lamellosa,y,57-S10.pdf
63,C40-C3-C115,93496.0,S10.pdf,Echinopora,lamellosa,y,63-S10.pdf
27,C40-C3-C115,114492.0,S10.pdf,Echinopora,lamellosa,y,27-S10.pdf
61,C40-C3-C115,105619.0,S10.pdf,Echinopora,lamellosa,y,61-S10.pdf
59,C40-C3-C115,111906.0,S10.pdf,Echinopora,lamellosa,y,59-S10.pdf
1,C40-C3-C115,109224.0,S10.pdf,Echinopora,lamellosa,y,1-S10.pdf
13,C40-C3-C115,143653.0,S10.pdf,Echinopora,lamellosa,y,13-S10.pdf
9,C40-C3-C115,84247.0,S10.pdf,Echinopora,lamellosa,y,9-S10.pdf
17,C40-C3-C115,135724.0,S10.pdf,Echinopora,lamellosa,y,17-S10.pdf
29,C40-C3-C115,118943.0,S10.pdf,Acropora,hyacinthus,y,29-S10.pdf
3,C40-C3-C115,97095.0,S10.pdf,Echinopora,lamellosa,y,3-S10.pdf
31,C40-C3-C115,124699.0,S10.pdf,Echinopora,lamellosa,y,31-S10.pdf
11,C40-C3-C115,113462.0,S10.pdf,Echinopora,lamellosa,y,11-S10.pdf
37,C40-C3-C115,113529.0,S10.pdf,Echinopora,lamellosa,y,37-S10.pdf
65,C1d/C1/C42.2/C3-C1b-C3cg-C45c-C115k-C1au-C41p,107555.0,S10.pdf,Pocillopora,sp,y,65-S10.pdf
105,C1d/C1/C42.2/C3-C1b-C3cg-C45c-C115k-C1au-C41p,99021.0,S10.pdf,Pocillopora,sp,y,105-S10.pdf
97,C1d/C1/C42.2/C3-C1b-C3cg-C45c-C115k-C1au-C41p,94384.0,S10.pdf,Pocillopora,sp,y,97-S10.pdf
103,C1d/C1/C42.2/C3-C1b-C3cg-C45c-C115k-C1au-C41p,119274.0,S10.pdf,Pocillopora,sp,y,103-S10.pdf
107,C1d/C1/C42.2/C3-C1b-C3cg-C45c-C115k-C1au-C41p,129894.0,S10.pdf,Pocillopora,sp,y,107-S10.pdf
89,C1d/C1/C42.2/C3-C1b-C3cg-C45c-C115k-C1au-C41p,115383.0,S10.pdf,Pocillopora,sp,y,89-S10.pdf
95,C1d/C1/C42.2/C3-C1b-C3cg-C45c-C115k-C1au-C41p,88287.0,S10.pdf,Pocillopora,sp,y,95-S10.pdf
87,C1d/C1/C42.2/C3-C1b-C3cg-C45c-C115k-C1au-C41p,94188.0,S10.pdf,Pocillopora,sp,y,87-S10.pdf
111,C1d/C1/C42.2/C3-C1b-C3cg-C45c-C115k-C1au-C41p,49178.0,S10.pdf,Pocillopora,sp,y,111-S10.pdf
129,C1d/C1/C42.2/C3-C1b-C3cg-C45c-C115k-C1au-C41p,116985.0,S10.pdf,Pocillopora,sp,y,129-S10.pdf
127,C1d/C1/C42.2/C3-C1b-C3cg-C45c-C115k-C1au-C41p,69692.0,S10.pdf,Pocillopora,sp,y,127-S10.pdf
81,C1d/C1/C42.2/C3-C1b-C3cg-C45c-C115k-C1au-C41p,65705.0,S10.pdf,Pocillopora,sp,y,81-S10.pdf
49,C3-C3.10-C3b-C29,8621.0,S10.pdf,Acropora,hyacinthus,y,49-S10.pdf
123,C3-C3.10-C3b-C29,44592.0,S10.pdf,Acropora,hyacinthus,y,123-S10.pdf
77,C3-C3.10-C3b-C29,41159.0,S10.pdf,Acropora,hyacinthus,y,77-S10.pdf
45,C3-C3.10-C3b-C29,36848.0,S10.pdf,Acropora,hyacinthus,y,45-S10.pdf
133,C3-C3.10-C3b-C29,58688.0,S10.pdf,Acropora,hyacinthus,y,133-S10.pdf
115,C3-C3.10-C3b-C29,43505.0,S10.pdf,Acropora,hyacinthus,y,115-S10.pdf
33,C3-C3.10-C3b-C29,24694.0,S10.pdf,Acropora,hyacinthus,y,33-S10.pdf
41,C3-C3.10-C3b-C29,41906.0,S10.pdf,Acropora,hyacinthus,y,41-S10.pdf
41,C21,4613.0,S10.pdf,Acropora,hyacinthus,y,41-S10.pdf
83,C42.2/C1-C1b-C3-C1au,77876.0,S10.pdf,Pocillopora,sp,y,83-S10.pdf
117,C42.2/C1-C1b-C3-C1au,67493.0,S10.pdf,Pocillopora,sp,y,117-S10.pdf
99,C42.2/C1-C1b-C3-C1au,31251.0,S10.pdf,Pocillopora,sp,y,99-S10.pdf
91,C1/C42.2/C3-C1b,49401.0,S10.pdf,Pocillopora,sp,y,91-S10.pdf
119,C1/C42.2/C3-C1b,52218.0,S10.pdf,Pocillopora,sp,y,119-S10.pdf
21,C3/C3b,46369.0,S10.pdf,Echinopora,lamellosa,y,21-S10.pdf
5,C3/C3b,39740.0,S10.pdf,Echinopora,lamellosa,y,5-S10.pdf
109,C1/C42.2/C42a/C1b-C1az-C1au-C3-C115d-C1j,98162.0,S10.pdf,Pocillopora,sp,y,109-S10.pdf
131,C1/C42.2/C42a/C1b-C1az-C1au-C3-C115d-C1j,40497.0,S10.pdf,Pocillopora,sp,y,131-S10.pdf
125,C42.2,352.0,S10.pdf,Acropora,hyacinthus,y,125-S10.pdf
85,C42.2,12244.0,S10.pdf,Acropora,hyacinthus,y,85-S10.pdf
85,C1,6167.0,S10.pdf,Acropora,hyacinthus,y,85-S10.pdf
19,C3/C21/C3av-C3at-C3b-C3dp,95380.0,S10.pdf,Echinopora,lamellosa,y,19-S10.pdf
15,C3/C21/C3av-C3at-C3b-C3dp,100705.0,S10.pdf,Echinopora,lamellosa,y,15-S10.pdf
51,B18a,4306.0,S10.pdf,Acropora,hyacinthus,y,51-S10.pdf
35,C3k,353.0,S10.pdf,Acropora,hyacinthus,y,35-S10.pdf
35,C50x,592.0,S10.pdf,Acropora,hyacinthus,y,35-S10.pdf
79,C1/C42.2-C1b-C42u-C1au-C42a-C115l-C1az-C115d,25567.0,S10.pdf,Acropora,hyacinthus,y,79-S10.pdf
D3-8,C3u/C3/C115-C21ab,38374.0,S11.pdf,NA,NA,y,D3-8-S11.pdf
Sym7,C3u/C3/C115-C21ab,18196.0,S11.pdf,NA,NA,y,Sym7-S11.pdf
Sym24,C3u/C3/C115-C21ab,25751.0,S11.pdf,NA,NA,y,Sym24-S11.pdf
D2-1,C3u/C3/C115-C21ab,48112.0,S11.pdf,NA,NA,y,D2-1-S11.pdf
D5-3,C3u/C3/C115-C21ab,43422.0,S11.pdf,NA,NA,y,D5-3-S11.pdf
Syb03,C3u/C3/C115-C21ab,87337.0,S11.pdf,NA,NA,y,Syb03-S11.pdf
Syb02,C3u/C3/C115-C21ab,80641.0,S11.pdf,NA,NA,y,Syb02-S11.pdf
Syb01,C3u/C3/C115-C21ab,99486.0,S11.pdf,NA,NA,y,Syb01-S11.pdf
Syb09,C3u/C3/C115-C21ab,92736.0,S11.pdf,NA,NA,y,Syb09-S11.pdf
D3-6,C3u/C3/C115-C21ab,49593.0,S11.pdf,NA,NA,y,D3-6-S11.pdf
Syb04,C3u/C3/C115-C21ab,79508.0,S11.pdf,NA,NA,y,Syb04-S11.pdf
D4-1,C3u/C3/C115-C21ab,49492.0,S11.pdf,NA,NA,y,D4-1-S11.pdf
D1-2,C3u/C3/C115-C21ab,41338.0,S11.pdf,NA,NA,y,D1-2-S11.pdf
D4-8,C3u/C3/C115-C21ab,36054.0,S11.pdf,NA,NA,y,D4-8-S11.pdf
D1-6,C3u/C3/C115-C21ab,51585.0,S11.pdf,NA,NA,y,D1-6-S11.pdf
Sym26,C3u/C3/C115-C21ab,3122.0,S11.pdf,NA,NA,y,Sym26-S11.pdf
Sym3,C3u/C3/C115-C21ab,4459.0,S11.pdf,NA,NA,y,Sym3-S11.pdf
Sym2,C3u/C3/C115-C21ab,10878.0,S11.pdf,NA,NA,y,Sym2-S11.pdf
D3-1,C3u/C3/C115-C21ab,37040.0,S11.pdf,NA,NA,y,D3-1-S11.pdf
D3-9,C3u/C3/C115-C21ab,34230.0,S11.pdf,NA,NA,y,D3-9-S11.pdf
D3-9,D1/D4-D4c-D1h-D1c-D2,11184.0,S11.pdf,NA,NA,y,D3-9-S11.pdf
D3-3,C3u/C3/C115-C21ab,24113.0,S11.pdf,NA,NA,y,D3-3-S11.pdf
D3-3,D1/D4-D4c-D1h-D1c-D2,11848.0,S11.pdf,NA,NA,y,D3-3-S11.pdf
D1-7,C3u/C3/C115-C21ab,4018.0,S11.pdf,NA,NA,y,D1-7-S11.pdf
D1-7,C15-C15ed-C15he,1043.0,S11.pdf,NA,NA,y,D1-7-S11.pdf
D1-7,D1/D4,2943.0,S11.pdf,NA,NA,y,D1-7-S11.pdf
Sym10,C3u-C3-C115,22643.0,S11.pdf,NA,NA,y,Sym10-S11.pdf
Sym12,C3u-C3-C115,24154.0,S11.pdf,NA,NA,y,Sym12-S11.pdf
Sym20,C3u-C3-C115,21695.0,S11.pdf,NA,NA,y,Sym20-S11.pdf
sym14_1,C3u-C3-C115,75204.0,S11.pdf,NA,NA,y,sym14_1-S11.pdf
sym18_1,C3u-C3-C115,69993.0,S11.pdf,NA,NA,y,sym18_1-S11.pdf
D2-5,C3u-C3-C115,46032.0,S11.pdf,NA,NA,y,D2-5-S11.pdf
Sym28,C3u-C3-C115,21983.0,S11.pdf,NA,NA,y,Sym28-S11.pdf
D5-6,C3u-C3-C115,49336.0,S11.pdf,NA,NA,y,D5-6-S11.pdf
Sym11,C3u-C3-C115,16708.0,S11.pdf,NA,NA,y,Sym11-S11.pdf
Sym11,D1-D4-D17d-D4c-D17c-D1r-D17e-D2-D17j-D17l,761.0,S11.pdf,NA,NA,y,Sym11-S11.pdf
Syb10,C27-C3-C27a-C21,52675.0,S11.pdf,NA,NA,y,Syb10-S11.pdf
D3-4,C27-C3-C27a-C21,34923.0,S11.pdf,NA,NA,y,D3-4-S11.pdf
Sym8,C27-C3-C27a-C21,5447.0,S11.pdf,NA,NA,y,Sym8-S11.pdf
Syb12,C27-C3-C27a-C21,40012.0,S11.pdf,NA,NA,y,Syb12-S11.pdf
D3-10,C27-C3-C27a-C21,33229.0,S11.pdf,NA,NA,y,D3-10-S11.pdf
D3-7,C27-C3-C27a-C21,38001.0,S11.pdf,NA,NA,y,D3-7-S11.pdf
D5-8,C27-C3-C27a-C21,31084.0,S11.pdf,NA,NA,y,D5-8-S11.pdf
D5-8,D1-D4-D17d-D4c-D17e-D1r-D17c,1283.0,S11.pdf,NA,NA,y,D5-8-S11.pdf
D5-2,C27/C3u-C3,182.0,S11.pdf,NA,NA,y,D5-2-S11.pdf
D5-2,C15/C1,40.0,S11.pdf,NA,NA,y,D5-2-S11.pdf
D5-2,D1/D4-D4c-D1h-D1c-D2,49000.0,S11.pdf,NA,NA,y,D5-2-S11.pdf
Sym6,C3u/C3,39.0,S11.pdf,NA,NA,y,Sym6-S11.pdf
Sym6,C116-C15,31.0,S11.pdf,NA,NA,y,Sym6-S11.pdf
Sym6,C116ae,382.0,S11.pdf,NA,NA,y,Sym6-S11.pdf
Sym6,D1/D4-D4c-D1h-D1c-D2,20782.0,S11.pdf,NA,NA,y,Sym6-S11.pdf
Sym5,D1/D4-D4c-D1h-D1c-D2,16886.0,S11.pdf,NA,NA,y,Sym5-S11.pdf
D4-4,C3u/C3,50764.0,S11.pdf,NA,NA,y,D4-4-S11.pdf
D2-8,C3u/C3,44138.0,S11.pdf,NA,NA,y,D2-8-S11.pdf
D5-1,C3u/C3,54814.0,S11.pdf,NA,NA,y,D5-1-S11.pdf
D5-1,D1-D4-D17d-D4c-D17c-D1r-D17e-D2-D17j-D17l,1492.0,S11.pdf,NA,NA,y,D5-1-S11.pdf
Sym16,C3u/C3,7527.0,S11.pdf,NA,NA,y,Sym16-S11.pdf
Sym16,C15h,4147.0,S11.pdf,NA,NA,y,Sym16-S11.pdf
Sym16,D1/D4-D4c-D1h-D1c-D2,2561.0,S11.pdf,NA,NA,y,Sym16-S11.pdf
Sym4,C27/C3u-C3,567.0,S11.pdf,NA,NA,y,Sym4-S11.pdf
D2-3,C15-C15ed-C15he,31938.0,S11.pdf,NA,NA,y,D2-3-S11.pdf
D2-3,D5/D4,135.0,S11.pdf,NA,NA,y,D2-3-S11.pdf
D5-4,C15-C15ed-C15he,44916.0,S11.pdf,NA,NA,y,D5-4-S11.pdf
Syb11,C15-C15ed-C15he,62878.0,S11.pdf,NA,NA,y,Syb11-S11.pdf
D1-4,D1/D4-D2-D4c,34897.0,S11.pdf,NA,NA,y,D1-4-S11.pdf
Sym27,D1/D4-D2-D4c,11278.0,S11.pdf,NA,NA,y,Sym27-S11.pdf
Sym1,C15/C15ai,6657.0,S11.pdf,NA,NA,y,Sym1-S11.pdf
Sym19,C15/C15ai,1629.0,S11.pdf,NA,NA,y,Sym19-S11.pdf
D1-3,C3u/C3/C115-C21ab,854.0,S11.pdf,NA,NA,y,D1-3-S11.pdf
D1-3,D1/D2d,43918.0,S11.pdf,NA,NA,y,D1-3-S11.pdf
D1-1,C3u/C3/C115-C21ab,3419.0,S11.pdf,NA,NA,y,D1-1-S11.pdf
D1-1,D1/D2d,40234.0,S11.pdf,NA,NA,y,D1-1-S11.pdf
Sym29,D1/D2d/D6-D4,22052.0,S11.pdf,NA,NA,y,Sym29-S11.pdf
D2-4,C27/C3u-C3,391.0,S11.pdf,NA,NA,y,D2-4-S11.pdf
D2-4,C15/C15dn-C15dm,65.0,S11.pdf,NA,NA,y,D2-4-S11.pdf
D2-4,D1/D2d/D6-D4,43739.0,S11.pdf,NA,NA,y,D2-4-S11.pdf
D3-5,C1/C3,694.0,S11.pdf,NA,NA,y,D3-5-S11.pdf
D3-5,C71,3398.0,S11.pdf,NA,NA,y,D3-5-S11.pdf
D3-5,D5/D4,8992.0,S11.pdf,NA,NA,y,D3-5-S11.pdf
D4-2,C27/C3u-C3,467.0,S11.pdf,NA,NA,y,D4-2-S11.pdf
D4-2,D1/D4-D4c-D1c,30713.0,S11.pdf,NA,NA,y,D4-2-S11.pdf
D2-6,C15-C116,10799.0,S11.pdf,NA,NA,y,D2-6-S11.pdf
D4-6,C1/C1c/C3-C1b-C72k,48855.0,S11.pdf,NA,NA,y,D4-6-S11.pdf
Sym25,D1-D4c-D4-D6-D1h,4128.0,S11.pdf,NA,NA,y,Sym25-S11.pdf
Sym13,C1/C39/C1b,10626.0,S11.pdf,NA,NA,y,Sym13-S11.pdf
Sym13,D1-D4-D4c-D1c-D2,296.0,S11.pdf,NA,NA,y,Sym13-S11.pdf
D5-5,C27/C3u-C3,478.0,S11.pdf,NA,NA,y,D5-5-S11.pdf
D5-5,C15/C15ed,15.0,S11.pdf,NA,NA,y,D5-5-S11.pdf
D5-5,D1/D6-D4-D2.2,11922.0,S11.pdf,NA,NA,y,D5-5-S11.pdf
D5-5,D4w,20000.0,S11.pdf,NA,NA,y,D5-5-S11.pdf
U107A,A3-A3ah-A3ac-A3m-A3ae,98991.0,S12.pdf,NA,NA,y,U107A-S12.pdf
U105A,A3-A3ah-A3ac-A3m-A3ae,24634.0,S12.pdf,NA,NA,y,U105A-S12.pdf
U6A,A3-A3ah-A3ac-A3m-A3ae,220.0,S12.pdf,NA,NA,y,U6A-S12.pdf
U20A,A3-A3ah-A3ac-A3m-A3ae,118799.0,S12.pdf,NA,NA,y,U20A-S12.pdf
M11A,A3-A3ah-A3ac-A3m-A3ae,90308.0,S12.pdf,NA,NA,y,M11A-S12.pdf
U69,A3-A3ah-A3ac-A3m-A3ae,118436.0,S12.pdf,NA,NA,y,U69-S12.pdf
U38,A3-A3ah-A3ac-A3m-A3ae,174816.0,S12.pdf,NA,NA,y,U38-S12.pdf
U91,A3-A3ah-A3ac-A3m-A3ae,79379.0,S12.pdf,NA,NA,y,U91-S12.pdf
U106,A3-A3ah-A3ac-A3m-A3ae,121197.0,S12.pdf,NA,NA,y,U106-S12.pdf
U20T,A3-A3ah-A3ac-A3m-A3ae,108008.0,S12.pdf,NA,NA,y,U20T-S12.pdf
M11T,A3-A3ah-A3ac-A3m-A3ae,121583.0,S12.pdf,NA,NA,y,M11T-S12.pdf
U101T,A3-A3ah-A3ac-A3m-A3ae,104942.0,S12.pdf,NA,NA,y,U101T-S12.pdf
U38T,A3-A3ah-A3ac-A3m-A3ae,263504.0,S12.pdf,NA,NA,y,U38T-S12.pdf
U91A,A3-A3ah-A3ac-A3m-A3ae,117188.0,S12.pdf,NA,NA,y,U91A-S12.pdf
U106A,A3-A3ah-A3ac-A3m-A3ae,121745.0,S12.pdf,NA,NA,y,U106A-S12.pdf
M21,A3-A3ah-A3ac-A3m-A3ae,82572.0,S12.pdf,NA,NA,y,M21-S12.pdf
U9A,A3-A3ah-A3ac-A3m-A3ae,98967.0,S12.pdf,NA,NA,y,U9A-S12.pdf
U67,A3-A3ah-A3ac-A3m-A3ae,94461.0,S12.pdf,NA,NA,y,U67-S12.pdf
M18A,A3-A3ah-A3ac-A3m-A3ae,212447.0,S12.pdf,NA,NA,y,M18A-S12.pdf
U37A,A3-A3ah-A3ac-A3m-A3ae,51501.0,S12.pdf,NA,NA,y,U37A-S12.pdf
U107T,A3-A3ah-A3ac-A3m-A3ae,81265.0,S12.pdf,NA,NA,y,U107T-S12.pdf
U104A,A3-A3ah-A3ac-A3m-A3ae,74587.0,S12.pdf,NA,NA,y,U104A-S12.pdf
U105,A3-A3ah-A3ac-A3m-A3ay-A3ae,67546.0,S12.pdf,NA,NA,y,U105-S12.pdf
U69T,A3-A3ah-A3ac-A3m-A3ay-A3ae,112117.0,S12.pdf,NA,NA,y,U69T-S12.pdf
U105T,A3-A3ah-A3ac-A3m-A3ay-A3ae,77535.0,S12.pdf,NA,NA,y,U105T-S12.pdf
U40T,A3-A3ah-A3ac-A3m-A3ay-A3ae,175383.0,S12.pdf,NA,NA,y,U40T-S12.pdf
U9T,A3-A3ah-A3ac-A3m-A3ay-A3ae,95114.0,S12.pdf,NA,NA,y,U9T-S12.pdf
U9,A3-A3ah-A3ac-A3m-A3ay-A3ae,50579.0,S12.pdf,NA,NA,y,U9-S12.pdf
U91T,A3-A3ah-A3ac-A3m-A3ay-A3ae,144169.0,S12.pdf,NA,NA,y,U91T-S12.pdf
U107,A3-A3ah-A3ac-A3m-A3ay-A3ae,110456.0,S12.pdf,NA,NA,y,U107-S12.pdf
U67T,A3-A3ah-A3ac-A3m-A3ay-A3ae,92965.0,S12.pdf,NA,NA,y,U67T-S12.pdf
U69A,A3-A3ah-A3ac-A3m-A3ay-A3ae,113145.0,S12.pdf,NA,NA,y,U69A-S12.pdf
U40A,A3-A3ah-A3ac-A3m-A3ay-A3ae,88970.0,S12.pdf,NA,NA,y,U40A-S12.pdf
U104,A3-A3ah-A3ac-A3m-A3ay-A3ae,100021.0,S12.pdf,NA,NA,y,U104-S12.pdf
U38A,A3-A3ah-A3ac-A3m-A3ay-A3ae,105513.0,S12.pdf,NA,NA,y,U38A-S12.pdf
M18T,A3-A3ah-A3ac-A3m-A3ay-A3ae,179142.0,S12.pdf,NA,NA,y,M18T-S12.pdf
U104T,A3-A3ah-A3ac-A3m-A3ay-A3ae,84393.0,S12.pdf,NA,NA,y,U104T-S12.pdf
U67A,A3-A3ah-A3ac-A3m-A3ay-A3ae,134876.0,S12.pdf,NA,NA,y,U67A-S12.pdf
U63A,A3-A3ah-A3ac-A3m-A3ay-A3ae,106230.0,S12.pdf,NA,NA,y,U63A-S12.pdf
U63,A3-A3ah-A3ac-A3m-A3ay-A3ae,136210.0,S12.pdf,NA,NA,y,U63-S12.pdf
M20T,A3-A3ah-A3ac-A3m-A3ay-A3ae,86116.0,S12.pdf,NA,NA,y,M20T-S12.pdf
M21T,A3-A3ah-A3ac-A3m-A3ay-A3ae,102866.0,S12.pdf,NA,NA,y,M21T-S12.pdf
U40,A3-A3ah-A3ac-A3m-A3ay-A3ae,257597.0,S12.pdf,NA,NA,y,U40-S12.pdf
M21A,A3-A3ah-A3ac-A3m-A3ay-A3ae,211696.0,S12.pdf,NA,NA,y,M21A-S12.pdf
M20A,A3,326.0,S12.pdf,NA,NA,y,M20A-S12.pdf
M9T,A3,408.0,S12.pdf,NA,NA,y,M9T-S12.pdf
U106T,A3,1209.0,S12.pdf,NA,NA,y,U106T-S12.pdf
U101A,A3,222.0,S12.pdf,NA,NA,y,U101A-S12.pdf
U63T,A3,165199.0,S12.pdf,NA,NA,y,U63T-S12.pdf
U37T,A3,88770.0,S12.pdf,NA,NA,y,U37T-S12.pdf
48,C40-C3-C115-C40h-C40e,7690.0,S13.pdf,NA,NA,y,48-S13.pdf
16,C40-C3-C115-C40h-C40e,5876.0,S13.pdf,NA,NA,y,16-S13.pdf
59,C40-C3-C115-C40h-C40e,8879.0,S13.pdf,NA,NA,y,59-S13.pdf
77,C40-C3-C115-C40h-C40e,5842.0,S13.pdf,NA,NA,y,77-S13.pdf
70,C40-C3-C115-C40h-C40e,5462.0,S13.pdf,NA,NA,y,70-S13.pdf
18,C40-C3-C115-C40h-C40e,9078.0,S13.pdf,NA,NA,y,18-S13.pdf
66,C40-C3-C115-C40h-C40e,3407.0,S13.pdf,NA,NA,y,66-S13.pdf
7,C40-C3-C115-C40h-C40e,9506.0,S13.pdf,NA,NA,y,7-S13.pdf
72,C40-C3-C115-C40h-C40e,5375.0,S13.pdf,NA,NA,y,72-S13.pdf
78,C40-C3-C115-C40h-C40e,5607.0,S13.pdf,NA,NA,y,78-S13.pdf
93,C40-C3-C115-C40h-C40e,6262.0,S13.pdf,NA,NA,y,93-S13.pdf
24,C40-C3-C115-C40h-C40e,7954.0,S13.pdf,NA,NA,y,24-S13.pdf
64,C40-C3-C115-C40h-C40e,6733.0,S13.pdf,NA,NA,y,64-S13.pdf
40,C40-C3-C115-C40h-C40e,5870.0,S13.pdf,NA,NA,y,40-S13.pdf
46,C40-C3-C115-C40h-C40e,6493.0,S13.pdf,NA,NA,y,46-S13.pdf
25,C40-C3-C115-C40h-C40e,5881.0,S13.pdf,NA,NA,y,25-S13.pdf
20,C40-C3-C115-C40h-C40e,3641.0,S13.pdf,NA,NA,y,20-S13.pdf
76,C40-C3-C115-C40h-C40e,5277.0,S13.pdf,NA,NA,y,76-S13.pdf
14,C40-C3-C115-C40h-C40e,8709.0,S13.pdf,NA,NA,y,14-S13.pdf
52,C40-C3-C115-C40h-C40e,7311.0,S13.pdf,NA,NA,y,52-S13.pdf
11,C40-C3-C115-C40h-C40e,2289.0,S13.pdf,NA,NA,y,11-S13.pdf
34,C40-C3-C115-C40h-C40e,7650.0,S13.pdf,NA,NA,y,34-S13.pdf
22,C40-C3-C115-C40h-C40e,8203.0,S13.pdf,NA,NA,y,22-S13.pdf
61,C40-C3-C115-C40h-C40e,2359.0,S13.pdf,NA,NA,y,61-S13.pdf
82,C40-C3-C115-C40h-C40e,4328.0,S13.pdf,NA,NA,y,82-S13.pdf
33,C40-C3-C115-C40h-C40e,6520.0,S13.pdf,NA,NA,y,33-S13.pdf
28,C40-C3-C115-C40h-C40e,6181.0,S13.pdf,NA,NA,y,28-S13.pdf
8,C40-C3-C115-C40h-C40e,6250.0,S13.pdf,NA,NA,y,8-S13.pdf
41,C40-C3-C115-C40h-C40e,6116.0,S13.pdf,NA,NA,y,41-S13.pdf
1521,C40-C3-C115-C40h-C40e,4709.0,S13.pdf,NA,NA,y,1521-S13.pdf
27,C40-C3-C115-C40h-C40e,2637.0,S13.pdf,NA,NA,y,27-S13.pdf
95,C40-C3-C115-C40h-C40e,2578.0,S13.pdf,NA,NA,y,95-S13.pdf
81,C40-C3-C115-C40h-C40e,6522.0,S13.pdf,NA,NA,y,81-S13.pdf
56,C40-C3-C40j,8044.0,S13.pdf,NA,NA,y,56-S13.pdf
43,C40-C3-C40j,7444.0,S13.pdf,NA,NA,y,43-S13.pdf
1523,C40-C3-C40j,6467.0,S13.pdf,NA,NA,y,1523-S13.pdf
44,C40-C3-C40j,4763.0,S13.pdf,NA,NA,y,44-S13.pdf
90,C40-C3-C40j,2494.0,S13.pdf,NA,NA,y,90-S13.pdf
83,C40-C3-C40j,5584.0,S13.pdf,NA,NA,y,83-S13.pdf
89,C40-C3-C40j,5328.0,S13.pdf,NA,NA,y,89-S13.pdf
89,D1-D4-D4c-D1c-D2,2633.0,S13.pdf,NA,NA,y,89-S13.pdf
49,C40/C15h-C3-C115,6478.0,S13.pdf,NA,NA,y,49-S13.pdf
58,C40/C15h-C3-C115,7269.0,S13.pdf,NA,NA,y,58-S13.pdf
35,C40/C15h-C3-C115,7105.0,S13.pdf,NA,NA,y,35-S13.pdf
80,C40/C15h-C3-C115,5201.0,S13.pdf,NA,NA,y,80-S13.pdf
55,C40/C15h-C3-C115,5824.0,S13.pdf,NA,NA,y,55-S13.pdf
30,C40-C3-C116-C115,7987.0,S13.pdf,NA,NA,y,30-S13.pdf
65,C40-C3-C116-C115,5934.0,S13.pdf,NA,NA,y,65-S13.pdf
10,C40-C40i-C3-C115,6034.0,S13.pdf,NA,NA,y,10-S13.pdf
17,C40-C40i-C3-C115,7170.0,S13.pdf,NA,NA,y,17-S13.pdf
15,C40/C15h-C3,2481.0,S13.pdf,NA,NA,y,15-S13.pdf
12,C40-C40i-C3,5048.0,S13.pdf,NA,NA,y,12-S13.pdf
SA4679,C1/C39/C41-C1b-C41j-C39u,46435.0,S14.pdf,NA,NA,y,SA4679-S14.pdf
SA4622,C1/C39/C41-C1b-C41j-C39u,37979.0,S14.pdf,NA,NA,y,SA4622-S14.pdf
SA4570,C1/C39/C41-C1b-C41j-C39u,40271.0,S14.pdf,NA,NA,y,SA4570-S14.pdf
SA4761,C1/C39/C41-C1b-C41j-C39u,53170.0,S14.pdf,NA,NA,y,SA4761-S14.pdf
SA4774,C1/C39/C41-C1b-C41j-C39u,33284.0,S14.pdf,NA,NA,y,SA4774-S14.pdf
SA4615,C1/C39/C41-C1b-C41j-C39u,44026.0,S14.pdf,NA,NA,y,SA4615-S14.pdf
SA4910,C1/C39/C41-C1b-C41j-C39u,91556.0,S14.pdf,NA,NA,y,SA4910-S14.pdf
SA4639,C1/C39/C41-C1b-C41j-C39u,41838.0,S14.pdf,NA,NA,y,SA4639-S14.pdf
SA4648,C1/C39/C41-C1b-C41j-C39u,52699.0,S14.pdf,NA,NA,y,SA4648-S14.pdf
SA4668,C1/C39/C41-C1b-C41j-C39u,54986.0,S14.pdf,NA,NA,y,SA4668-S14.pdf
SA4641,C1/C39/C41-C1b-C41j-C39u,27488.0,S14.pdf,NA,NA,y,SA4641-S14.pdf
NTN0046_11B,C1/C1w-C21ak-C3-C45d-C39w-C3hr,52206.0,S14.pdf,NA,NA,y,NTN0046_11B-S14.pdf
SA4822,C1/C1w-C21ak-C3-C45d-C39w-C3hr,44505.0,S14.pdf,NA,NA,y,SA4822-S14.pdf
NTN0043_20,C1/C1w-C21ak-C3-C45d-C39w-C3hr,40173.0,S14.pdf,NA,NA,y,NTN0043_20-S14.pdf
SA4813,C1/C1w-C21ak-C3-C45d-C39w-C3hr,72940.0,S14.pdf,NA,NA,y,SA4813-S14.pdf
NTN0034_18,C1/C1w-C21ak-C3-C45d-C39w-C3hr,10084.0,S14.pdf,NA,NA,y,NTN0034_18-S14.pdf
NTN0050_14,C1/C1w-C21ak-C3-C45d-C39w-C3hr,34696.0,S14.pdf,NA,NA,y,NTN0050_14-S14.pdf
SA4739,C1/C1w-C21ak-C3-C45d-C39w-C3hr,47880.0,S14.pdf,NA,NA,y,SA4739-S14.pdf
CHR0049_6,C1/C1w-C21ak-C3-C45d-C39w-C3hr,30722.0,S14.pdf,NA,NA,y,CHR0049_6-S14.pdf
CHR0049_6,C39,11276.0,S14.pdf,NA,NA,y,CHR0049_6-S14.pdf
CHR0049_6,D1-D4-D4c-D17d-D1r-D17e-D17c,14004.0,S14.pdf,NA,NA,y,CHR0049_6-S14.pdf
SA4752,C1-C1b-C41-C39-C1w-C1ae,42918.0,S14.pdf,NA,NA,y,SA4752-S14.pdf
SA4881,C1-C1b-C41-C39-C1w-C1ae,17646.0,S14.pdf,NA,NA,y,SA4881-S14.pdf
SA4547,C1-C1b-C41-C39-C1w-C1ae,81424.0,S14.pdf,NA,NA,y,SA4547-S14.pdf
SA4495,C1-C1b-C41-C39-C1w-C1ae,83703.0,S14.pdf,NA,NA,y,SA4495-S14.pdf
SA4840,C1-C1b-C41-C39-C1w-C1ae,26212.0,S14.pdf,NA,NA,y,SA4840-S14.pdf
SA4747,C1-C1b-C41-C39-C1w-C1ae,55961.0,S14.pdf,NA,NA,y,SA4747-S14.pdf
NTN0038_25A,C1-C1b-C41-C39-C1w-C1ae,50747.0,S14.pdf,NA,NA,y,NTN0038_25A-S14.pdf
SA4442,C1-C1b-C1dq-C1dr-C1a,99083.0,S14.pdf,NA,NA,y,SA4442-S14.pdf
SA4470,C1-C1b-C1dq-C1dr-C1a,62737.0,S14.pdf,NA,NA,y,SA4470-S14.pdf
SA4760,C1-C1b-C1dq-C1dr-C1a,41412.0,S14.pdf,NA,NA,y,SA4760-S14.pdf
SA4733,C1-C1b-C1dq-C1dr-C1a,65464.0,S14.pdf,NA,NA,y,SA4733-S14.pdf
NTN0048_14B,C1-C1b-C1dq-C1dr-C1a,93976.0,S14.pdf,NA,NA,y,NTN0048_14B-S14.pdf
NTN0048_14B,D1-D4-D4c-D17d-D1r-D17e-D17c,1856.0,S14.pdf,NA,NA,y,NTN0048_14B-S14.pdf
SA4740,C1-C1b-C1dq-C1dr-C1a,52151.0,S14.pdf,NA,NA,y,SA4740-S14.pdf
SA4740,C116,6671.0,S14.pdf,NA,NA,y,SA4740-S14.pdf
SA4621,C3/C1,18849.0,S14.pdf,NA,NA,y,SA4621-S14.pdf
SA4630,C3/C1,24430.0,S14.pdf,NA,NA,y,SA4630-S14.pdf
SA4633,C3/C1,12771.0,S14.pdf,NA,NA,y,SA4633-S14.pdf
SA4746,C1/C83a-C1dl-C1b-C1ds,55872.0,S14.pdf,NA,NA,y,SA4746-S14.pdf
SA4770,C1/C83a-C1dl-C1b-C1ds,23898.0,S14.pdf,NA,NA,y,SA4770-S14.pdf
SA4775,C1/C83a-C1dl-C1b-C1ds,50524.0,S14.pdf,NA,NA,y,SA4775-S14.pdf
SA4775,C15h/C3,3656.0,S14.pdf,NA,NA,y,SA4775-S14.pdf
SA4546,C1/C39/C41-C1b-C1ae-C41f-C1w,54501.0,S14.pdf,NA,NA,y,SA4546-S14.pdf
SA4769,C1/C39/C41-C1b-C1ae-C41f-C1w,15621.0,S14.pdf,NA,NA,y,SA4769-S14.pdf
SA4458,C1/C39/C41-C1b-C1ae-C41f-C1w,72277.0,S14.pdf,NA,NA,y,SA4458-S14.pdf
SA4645,C1-C3-C1w-C1du-C1dt-C3hs,33526.0,S14.pdf,NA,NA,y,SA4645-S14.pdf
NTN0060-22,C1-C3-C1w-C1du-C1dt-C3hs,16333.0,S14.pdf,NA,NA,y,NTN0060-22-S14.pdf
NTN60-19,C1-C3-C1w-C1du-C1dt-C3hs,58342.0,S14.pdf,NA,NA,y,NTN60-19-S14.pdf
SA4440,C1/C39-C1b-C41-C1af-C39a,80331.0,S14.pdf,NA,NA,y,SA4440-S14.pdf
SA4545,C1-C1b-C39-C41f-C41-C41a-C1ae-C41e-C1f-C1w,50452.0,S14.pdf,NA,NA,y,SA4545-S14.pdf
SA4824,C1,11355.0,S14.pdf,NA,NA,y,SA4824-S14.pdf
SA4681,C1/C39/C1b,52048.0,S14.pdf,NA,NA,y,SA4681-S14.pdf
NTN0046_10,C39-C39q-C1,32826.0,S14.pdf,NA,NA,y,NTN0046_10-S14.pdf
NTN0046_10,C3,3056.0,S14.pdf,NA,NA,y,NTN0046_10-S14.pdf
SA4564,C1/C41/C39-C1b-C1w,24246.0,S14.pdf,NA,NA,y,SA4564-S14.pdf
Mang_3_C_T1,D1bt/D4-D6-D1-D1cf-D1bs-D1ce,49998.0,S15.pdf,NA,NA,y,Mang_3_C_T1-S15.pdf
Mang_3_T_T1,D1bt/D4-D6-D1-D1cf-D1bs-D1ce,133407.0,S15.pdf,NA,NA,y,Mang_3_T_T1-S15.pdf
Mang_3_C_Tx,D1bt/D4-D6-D1-D1cf-D1bs-D1ce,112886.0,S15.pdf,NA,NA,y,Mang_3_C_Tx-S15.pdf
Mang_5_T_T1,D1bt/D4-D6-D1-D1cf-D1bs-D1ce,113043.0,S15.pdf,NA,NA,y,Mang_5_T_T1-S15.pdf
Mang_3_T_Tx,D1bt/D4-D6-D1-D1cf-D1bs-D1ce,119725.0,S15.pdf,NA,NA,y,Mang_3_T_Tx-S15.pdf
Mang_1_T_Tx,D1bt/D4-D6-D1-D1cf-D1bs-D1ce,149060.0,S15.pdf,NA,NA,y,Mang_1_T_Tx-S15.pdf
Mang_1_T_T1,D1bt/D4-D6-D1-D1cf-D1bs-D1ce,115671.0,S15.pdf,NA,NA,y,Mang_1_T_T1-S15.pdf
Mang_1_C_T1,D1bt/D4-D6-D1-D1cf-D1bs-D1ce,50572.0,S15.pdf,NA,NA,y,Mang_1_C_T1-S15.pdf
Mang_5_C_Tx,D1bt/D4-D6-D1-D1cf-D1bs-D1ce,115420.0,S15.pdf,NA,NA,y,Mang_5_C_Tx-S15.pdf
Mang_5_T_Tx,D1bt/D4-D6-D1-D1cf-D1bs-D1ce,88972.0,S15.pdf,NA,NA,y,Mang_5_T_Tx-S15.pdf
Mang_4_T_Tx,D1bt/D4-D6-D1-D1cf-D1bs-D1ce,23450.0,S15.pdf,NA,NA,y,Mang_4_T_Tx-S15.pdf
Mang_1_C_Tx,D1bt/D4-D6-D1-D1cf-D1bs-D1ce,56515.0,S15.pdf,NA,NA,y,Mang_1_C_Tx-S15.pdf
Mang_5_C_T1,D1bt/D4-D6-D1-D1cf-D1bs-D1ce,58145.0,S15.pdf,NA,NA,y,Mang_5_C_T1-S15.pdf
Reef_3_T_T1,C1/C1d/C42.2/C3-C1b-C3cg-C45c-C115k-C1au-C41p,74485.0,S15.pdf,NA,NA,y,Reef_3_T_T1-S15.pdf
Reef_5_T_Tx,C1/C1d/C42.2/C3-C1b-C3cg-C45c-C115k-C1au-C41p,66338.0,S15.pdf,NA,NA,y,Reef_5_T_Tx-S15.pdf
Reef_2_C_T1,C1/C1d/C42.2/C3-C1b-C3cg-C45c-C115k-C1au-C41p,59837.0,S15.pdf,NA,NA,y,Reef_2_C_T1-S15.pdf
Reef_3_T_Tx,C1/C1d/C42.2/C3-C1b-C3cg-C45c-C115k-C1au-C41p,62867.0,S15.pdf,NA,NA,y,Reef_3_T_Tx-S15.pdf
Reef_4_C_T1,C1/C1d/C42.2/C3-C1b-C3cg-C45c-C115k-C1au-C41p,54942.0,S15.pdf,NA,NA,y,Reef_4_C_T1-S15.pdf
Reef_3_C_Tx,C1/C1d/C42.2/C3-C1b-C3cg-C45c-C115k-C1au-C41p,55620.0,S15.pdf,NA,NA,y,Reef_3_C_Tx-S15.pdf
Reef_2_C_Tx,C1/C1d/C42.2/C3-C1b-C3cg-C45c-C115k-C1au-C41p,56638.0,S15.pdf,NA,NA,y,Reef_2_C_Tx-S15.pdf
Reef_4_T_T1,C1/C1d/C42.2/C3-C1b-C3cg-C45c-C115k-C1au-C41p,50480.0,S15.pdf,NA,NA,y,Reef_4_T_T1-S15.pdf
Reef_5_C_Tx,C1/C1d/C42.2/C3-C1b-C3cg-C45c-C115k-C1au-C41p,65937.0,S15.pdf,NA,NA,y,Reef_5_C_Tx-S15.pdf
Reef_5_C_T1,C1/C1d/C42.2/C3-C1b-C3cg-C45c-C115k-C1au-C41p,62692.0,S15.pdf,NA,NA,y,Reef_5_C_T1-S15.pdf
Reef_3_C_T1,C1/C1d/C42.2/C3-C1b-C3cg-C45c-C115k-C1au-C41p,75242.0,S15.pdf,NA,NA,y,Reef_3_C_T1-S15.pdf
Reef_5_T_T1,C1/C1d/C42.2/C3-C1b-C3cg-C45c-C115k-C1au-C41p,64119.0,S15.pdf,NA,NA,y,Reef_5_T_T1-S15.pdf
Mang_4_C_Tx,D4-D1-D6-D1bu-D1h-D2.2-D6b-D1cd,77885.0,S15.pdf,NA,NA,y,Mang_4_C_Tx-S15.pdf
Mang_2_C_T1,D4-D1-D6-D1bu-D1h-D2.2-D6b-D1cd,103142.0,S15.pdf,NA,NA,y,Mang_2_C_T1-S15.pdf
Mang_2_C_Tx,D4-D1-D6-D1bu-D1h-D2.2-D6b-D1cd,101296.0,S15.pdf,NA,NA,y,Mang_2_C_Tx-S15.pdf
Mang_2_T_Tx,D4-D1-D6-D1bu-D1h-D2.2-D6b-D1cd,54115.0,S15.pdf,NA,NA,y,Mang_2_T_Tx-S15.pdf
Mang_4_T_T1,D4-D1-D6-D1bu-D1h-D2.2-D6b-D1cd,140066.0,S15.pdf,NA,NA,y,Mang_4_T_T1-S15.pdf
Mang_2_T_T1,D4-D1-D6-D1bu-D1h-D2.2-D6b-D1cd,73399.0,S15.pdf,NA,NA,y,Mang_2_T_T1-S15.pdf
Reef_4_C_Tx,C3cg,9570.0,S15.pdf,NA,NA,y,Reef_4_C_Tx-S15.pdf
Reef_4_C_Tx,C1/C42.2/C3/C1b,51772.0,S15.pdf,NA,NA,y,Reef_4_C_Tx-S15.pdf
Reef_1_C_Tx,C3cg,10800.0,S15.pdf,NA,NA,y,Reef_1_C_Tx-S15.pdf
Reef_1_C_Tx,C1/C42.2/C3/C1b,52570.0,S15.pdf,NA,NA,y,Reef_1_C_Tx-S15.pdf
Reef_2_T_Tx,C3cg,6846.0,S15.pdf,NA,NA,y,Reef_2_T_Tx-S15.pdf
Reef_2_T_Tx,C1/C42.2/C3/C1b,50221.0,S15.pdf,NA,NA,y,Reef_2_T_Tx-S15.pdf
Reef_1_T_Tx,C1d-C42.2-C1bl-C1-C1k,148028.0,S15.pdf,NA,NA,y,Reef_1_T_Tx-S15.pdf
Reef_1_C_T1,C1d-C42.2-C1bl-C1-C1k,124976.0,S15.pdf,NA,NA,y,Reef_1_C_T1-S15.pdf
Reef_4_T_Tx,C1d/C1/C42.2/C3cg-C1b-C3cw-C45c-C115k-C1au,179291.0,S15.pdf,NA,NA,y,Reef_4_T_Tx-S15.pdf
Reef_2_T_T1,C1d/C1/C42.2/C3cg-C1b-C3cw-C45c-C115k-C1au,115659.0,S15.pdf,NA,NA,y,Reef_2_T_T1-S15.pdf
Reef_2_T_T1,D4-D1-D6-D1bu-D1h-D2.2-D6b-D1cd,1221.0,S15.pdf,NA,NA,y,Reef_2_T_T1-S15.pdf
Reef_1_T_T1,C1d/C42.2/C1-C1bl-C3cg-C1b,48731.0,S15.pdf,NA,NA,y,Reef_1_T_T1-S15.pdf
Mang_4_C_T1,D1/D4-D6-D6b,47489.0,S15.pdf,NA,NA,y,Mang_4_C_T1-S15.pdf
A1,A3-A3ac-A3ae,31139.0,S16.pdf,NA,NA,y,A1-S16.pdf
A1,B2-B2aa-B2z-B2ab,217.0,S16.pdf,NA,NA,y,A1-S16.pdf
A5,A3-A3ac-A3ae,35615.0,S16.pdf,NA,NA,y,A5-S16.pdf
A5,B2-B2aa-B2z-B2ab,360.0,S16.pdf,NA,NA,y,A5-S16.pdf
A4,A3-A3ac-A3ae,37806.0,S16.pdf,NA,NA,y,A4-S16.pdf
A4,B2-B2aa-B2z-B2ab,230.0,S16.pdf,NA,NA,y,A4-S16.pdf
A8,A3-A3ac-A3ae,21105.0,S16.pdf,NA,NA,y,A8-S16.pdf
B11,A3-A3ac-A3ae,26931.0,S16.pdf,NA,NA,y,B11-S16.pdf
A10,A3-A3ac-A3ae,80907.0,S16.pdf,NA,NA,y,A10-S16.pdf
A10,B2-B2aa-B2z-B2ab,249.0,S16.pdf,NA,NA,y,A10-S16.pdf
C12,A3-A3ac-A3ae,24949.0,S16.pdf,NA,NA,y,C12-S16.pdf
C4,A3-A3ac-A3ae,2024.0,S16.pdf,NA,NA,y,C4-S16.pdf
B10,A3-A3ac-A3ae,16374.0,S16.pdf,NA,NA,y,B10-S16.pdf
A12,A3-A3ac-A3ae,103374.0,S16.pdf,NA,NA,y,A12-S16.pdf
A12,B2-B2aa-B2z,184.0,S16.pdf,NA,NA,y,A12-S16.pdf
B3,A3-A3ac-A3ae,24805.0,S16.pdf,NA,NA,y,B3-S16.pdf
B4,A3-A3ac-A3ae,27631.0,S16.pdf,NA,NA,y,B4-S16.pdf
A11,A3-A3ac-A3ae,121279.0,S16.pdf,NA,NA,y,A11-S16.pdf
A11,B2-B2aa-B2z-B2ab,236.0,S16.pdf,NA,NA,y,A11-S16.pdf
A3,A3-A3ac-A3ae,22942.0,S16.pdf,NA,NA,y,A3-S16.pdf
A9,A3-A3ac-A3ae,121280.0,S16.pdf,NA,NA,y,A9-S16.pdf
C10,A3-A3ac-A3ae,20138.0,S16.pdf,NA,NA,y,C10-S16.pdf
C1,A3-A3ac-A3ae,14942.0,S16.pdf,NA,NA,y,C1-S16.pdf
C1,B2-B2aa-B2z-B2ab,141.0,S16.pdf,NA,NA,y,C1-S16.pdf
B5,A3-A3ac-A3ae,101547.0,S16.pdf,NA,NA,y,B5-S16.pdf
B5,B2-B2aa-B2z-B2ab,1799.0,S16.pdf,NA,NA,y,B5-S16.pdf
C11,A3-A3ac-A3ae,27027.0,S16.pdf,NA,NA,y,C11-S16.pdf
C11,B2-B2aa-B2z-B2ab,1057.0,S16.pdf,NA,NA,y,C11-S16.pdf
C8,A3-A3ac-A3ah-A3m-A3ae-A3ay,6671.0,S16.pdf,NA,NA,y,C8-S16.pdf
A2,A3-A3ac-A3ah-A3m-A3ae-A3ay,28775.0,S16.pdf,NA,NA,y,A2-S16.pdf
B7,A3-A3ac-A3ah-A3m-A3ae-A3ay,24561.0,S16.pdf,NA,NA,y,B7-S16.pdf
B12,A3-A3ac-A3ah-A3m-A3ae-A3ay,31105.0,S16.pdf,NA,NA,y,B12-S16.pdf
B2,A3-A3ac-A3ah-A3m-A3ae-A3ay,31979.0,S16.pdf,NA,NA,y,B2-S16.pdf
C6,A3-A3ac-A3ah-A3m-A3ae-A3ay,19693.0,S16.pdf,NA,NA,y,C6-S16.pdf
C9,A3-A3ac-A3ah-A3m-A3ae-A3ay,27857.0,S16.pdf,NA,NA,y,C9-S16.pdf
A6,A3-A3ac-A3ah-A3m-A3ae-A3ay,12393.0,S16.pdf,NA,NA,y,A6-S16.pdf
B1,A3-A3ac-A3ah-A3m-A3ae-A3ay,2071.0,S16.pdf,NA,NA,y,B1-S16.pdf
C7,A3-A3ac-A3ah-A3m-A3ae-A3ay,23043.0,S16.pdf,NA,NA,y,C7-S16.pdf
C7,B2-B2aa-B2z-B2ab,173.0,S16.pdf,NA,NA,y,C7-S16.pdf
B9,A3-A3ac-A3ah-A3m-A3ae-A3ay,20136.0,S16.pdf,NA,NA,y,B9-S16.pdf
B9,B2-B2aa-B2z-B2ab,274.0,S16.pdf,NA,NA,y,B9-S16.pdf
B8,A3-A3ac-A3ah-A3m-A3ae-A3ay,8654.0,S16.pdf,NA,NA,y,B8-S16.pdf
B8,B2-B2aa-B2z-B2ab,163.0,S16.pdf,NA,NA,y,B8-S16.pdf
C2,A3-A3ac-A3ah-A3m-A3ae-A3ay,18471.0,S16.pdf,NA,NA,y,C2-S16.pdf
C2,B2-B2aa-B2z-B2ab,586.0,S16.pdf,NA,NA,y,C2-S16.pdf
C3,A3-A3ac-A3ah-A3m-A3ae-A3ay,14077.0,S16.pdf,NA,NA,y,C3-S16.pdf
C3,B2-B2aa-B2z-B2ab,681.0,S16.pdf,NA,NA,y,C3-S16.pdf
C5,A3-A3ac-A3ah-A3m-A3ae-A3ay,15320.0,S16.pdf,NA,NA,y,C5-S16.pdf
C5,B2-B2aa-B2z-B2ab,763.0,S16.pdf,NA,NA,y,C5-S16.pdf
A7,A3-A3ah-A3ac-A3m-A3ae,25056.0,S16.pdf,NA,NA,y,A7-S16.pdf
A7,B2-B2aa-B2z-B2ab,349.0,S16.pdf,NA,NA,y,A7-S16.pdf
B6,A3-A3ac-A3ah,730.0,S16.pdf,NA,NA,y,B6-S16.pdf
ITS_019,A3-A3t-A3ae,42122.0,S17.pdf,NA,NA,y,ITS_019-S17.pdf
ITS_021,A3-A3t-A3ae,44054.0,S17.pdf,NA,NA,y,ITS_021-S17.pdf
ITS_015,A3-A3t-A3ae,46063.0,S17.pdf,NA,NA,y,ITS_015-S17.pdf
ITS_004,A3-A3t-A3ae,46862.0,S17.pdf,NA,NA,y,ITS_004-S17.pdf
ITS_007,A3-A3t-A3ae,50177.0,S17.pdf,NA,NA,y,ITS_007-S17.pdf
ITS_012,A3-A3t-A3ae,41828.0,S17.pdf,NA,NA,y,ITS_012-S17.pdf
ITS_013,A3-A3t-A3ae,37215.0,S17.pdf,NA,NA,y,ITS_013-S17.pdf
ITS_027,A3-A3t-A3ae,44981.0,S17.pdf,NA,NA,y,ITS_027-S17.pdf
ITS_023,A3-A3t-A3ae,44406.0,S17.pdf,NA,NA,y,ITS_023-S17.pdf
ITS_010,A3-A3t-A3ae,35052.0,S17.pdf,NA,NA,y,ITS_010-S17.pdf
ITS_005,A3-A3t-A3af-A3ae,38526.0,S17.pdf,NA,NA,y,ITS_005-S17.pdf
ITS_011,A3-A3t-A3af-A3ae,30175.0,S17.pdf,NA,NA,y,ITS_011-S17.pdf
ITS_003,A3-A3t-A3af-A3ae,37213.0,S17.pdf,NA,NA,y,ITS_003-S17.pdf
ITS_020,A3-A3t-A3af-A3ae,45872.0,S17.pdf,NA,NA,y,ITS_020-S17.pdf
ITS_008,A3-A3t-A3af-A3ae,41264.0,S17.pdf,NA,NA,y,ITS_008-S17.pdf
ITS_024,A3-A3t-A3af-A3ae,43452.0,S17.pdf,NA,NA,y,ITS_024-S17.pdf
ITS_022,A3-A3t-A3af-A3ae,52580.0,S17.pdf,NA,NA,y,ITS_022-S17.pdf
ITS_028,A3-A3t-A3af-A3ae,45849.0,S17.pdf,NA,NA,y,ITS_028-S17.pdf
ITS_018,A3-A3t-A3af-A3ae,62570.0,S17.pdf,NA,NA,y,ITS_018-S17.pdf
ITS_029,A3-A3t-A3af-A3ae,31621.0,S17.pdf,NA,NA,y,ITS_029-S17.pdf
ITS_017,A3-A3t-A3ad-A3ac,111799.0,S17.pdf,NA,NA,y,ITS_017-S17.pdf
ITS_001,A3-A3t-A3ad-A3ac,39529.0,S17.pdf,NA,NA,y,ITS_001-S17.pdf
ITS_006,A3-A3t-A3ad-A3ac,47701.0,S17.pdf,NA,NA,y,ITS_006-S17.pdf
ITS_030,A3-A3t-A3ad-A3ac,63261.0,S17.pdf,NA,NA,y,ITS_030-S17.pdf
ITS_002,A3-A3t-A3ad-A3ac,58772.0,S17.pdf,NA,NA,y,ITS_002-S17.pdf
ITS_014,A3-A3t-A3ad-A3ac,47849.0,S17.pdf,NA,NA,y,ITS_014-S17.pdf
ITS_009,A3-A3ac-A3ag,58902.0,S17.pdf,NA,NA,y,ITS_009-S17.pdf
ITS_016,A3-A3ac-A3ag,35009.0,S17.pdf,NA,NA,y,ITS_016-S17.pdf
ITS_026,A3-A3ac-A3ag,49493.0,S17.pdf,NA,NA,y,ITS_026-S17.pdf
ITS_025,A3-A3ac-A3ag,38252.0,S17.pdf,NA,NA,y,ITS_025-S17.pdf
B-60-14,C1/C41a/C41e-C1b-C41f-C41-C39-C1ae-C1f,818.0,S18.pdf,NA,NA,y,B-60-14-S18.pdf
S-60-3,C1/C41a/C41e-C1b-C41f-C41-C39-C1ae-C1f,1405.0,S18.pdf,NA,NA,y,S-60-3-S18.pdf
S-60-5,C1/C41a/C41e-C1b-C41f-C41-C39-C1ae-C1f,908.0,S18.pdf,NA,NA,y,S-60-5-S18.pdf
B-60-15,C1/C41a/C41e-C1b-C41f-C41-C39-C1ae-C1f,842.0,S18.pdf,NA,NA,y,B-60-15-S18.pdf
B-53-6,C1/C41a/C41e-C1b-C41f-C41-C39-C1ae-C1f,660.0,S18.pdf,NA,NA,y,B-53-6-S18.pdf
B-53-6,C40/C3,23.0,S18.pdf,NA,NA,y,B-53-6-S18.pdf
S-60-9,C1/C41a/C41e-C1b-C41f-C41-C39-C1ae-C1f,1171.0,S18.pdf,NA,NA,y,S-60-9-S18.pdf
S-br-8,C1/C1c-C1b-C72k-C42.2,1461.0,S18.pdf,NA,NA,y,S-br-8-S18.pdf
B-6-16,C1/C1c-C1b-C72k-C42.2,1475.0,S18.pdf,NA,NA,y,B-6-16-S18.pdf
B-6-7,C40/C3,14.0,S18.pdf,NA,NA,y,B-6-7-S18.pdf
B-6-7,C1-C1c-C72k-C1b,1167.0,S18.pdf,NA,NA,y,B-6-7-S18.pdf
S-53-20,C1-C1c-C72k-C1b,1205.0,S18.pdf,NA,NA,y,S-53-20-S18.pdf
C1,A1-A1m-A1n,733.0,S18.pdf,NA,NA,y,C1-S18.pdf
C1,C1/C41a/C41e-C1b-C41f-C41-C39-C1ae-C1f,576.0,S18.pdf,NA,NA,y,C1-S18.pdf
B-6-24,C1-C1c-C3-C72k,1508.0,S18.pdf,NA,NA,y,B-6-24-S18.pdf
S-53-27,C1/C3-C1c-C1b-C1w,774.0,S18.pdf,NA,NA,y,S-53-27-S18.pdf
S-53-27,D1-D4-D17d-D17c-D1r,304.0,S18.pdf,NA,NA,y,S-53-27-S18.pdf
7,B1-B1o-B1p-B1g,25253.0,S19.pdf,NA,NA,y,7-S19.pdf
7,C66,212.0,S19.pdf,NA,NA,y,7-S19.pdf
7,D1/D4/D5-D4c-D2,12259.0,S19.pdf,NA,NA,y,7-S19.pdf
12,B1-B1o-B1p-B1g,10396.0,S19.pdf,NA,NA,y,12-S19.pdf
12,C93a,197.0,S19.pdf,NA,NA,y,12-S19.pdf
12,C3u/C3,45.0,S19.pdf,NA,NA,y,12-S19.pdf
12,C50a,38.0,S19.pdf,NA,NA,y,12-S19.pdf
12,D1/D4/D4c-D2,9581.0,S19.pdf,NA,NA,y,12-S19.pdf
11,B1-B1o-B1p-B1g,2287.0,S19.pdf,NA,NA,y,11-S19.pdf
11,D1/D4/D4c-D2,2270.0,S19.pdf,NA,NA,y,11-S19.pdf
2,A3-A6b-A3g-A6i,5240.0,S19.pdf,NA,NA,y,2-S19.pdf
2,B1-B1o-B1p-B1g,32067.0,S19.pdf,NA,NA,y,2-S19.pdf
2,D1/D4-D4c-D1h-D1c-D2,28700.0,S19.pdf,NA,NA,y,2-S19.pdf
4,A3-A6b-A3g-A6i,4498.0,S19.pdf,NA,NA,y,4-S19.pdf
4,B1-B1o-B1p-B1g,26492.0,S19.pdf,NA,NA,y,4-S19.pdf
4,D1/D4-D4c-D1h-D1c-D2,23950.0,S19.pdf,NA,NA,y,4-S19.pdf
3,A3-A6b-A3g-A6i,6136.0,S19.pdf,NA,NA,y,3-S19.pdf
3,B1-B1o-B1p-B1g,20694.0,S19.pdf,NA,NA,y,3-S19.pdf
3,D1/D4-D4c-D1h-D1c-D2,18939.0,S19.pdf,NA,NA,y,3-S19.pdf
8,B1-B1o-B1p,14389.0,S19.pdf,NA,NA,y,8-S19.pdf
8,D1/D4/D5-D4c-D2,5462.0,S19.pdf,NA,NA,y,8-S19.pdf
9,A3-A6b-A3g-A6i,610.0,S19.pdf,NA,NA,y,9-S19.pdf
9,B1-B1o-B1p,26437.0,S19.pdf,NA,NA,y,9-S19.pdf
9,D1/D4/D5-D4c-D2,11102.0,S19.pdf,NA,NA,y,9-S19.pdf
10,B1-B1o-B1p,58709.0,S19.pdf,NA,NA,y,10-S19.pdf
10,C66/C93a,380.0,S19.pdf,NA,NA,y,10-S19.pdf
10,D1/D4/D5-D4c-D2,26161.0,S19.pdf,NA,NA,y,10-S19.pdf
6,A6b/A3-A3g-A6d-A3ai-A6c,4388.0,S19.pdf,NA,NA,y,6-S19.pdf
6,B1-B1o-B1p,60500.0,S19.pdf,NA,NA,y,6-S19.pdf
6,C66-C66ad-C93a-C66ac,571.0,S19.pdf,NA,NA,y,6-S19.pdf
6,D1/D4-D4c-D1h-D1c-D2,29215.0,S19.pdf,NA,NA,y,6-S19.pdf
5,A3-A6b-A3g-A6i,763.0,S19.pdf,NA,NA,y,5-S19.pdf
5,B1-B1o-B1p,11401.0,S19.pdf,NA,NA,y,5-S19.pdf
5,D1/D4-D4c-D1h-D1c-D2,14118.0,S19.pdf,NA,NA,y,5-S19.pdf
1,A3-A6b-A3g-A6i,3499.0,S19.pdf,NA,NA,y,1-S19.pdf
1,B1-B1o-B1p,14422.0,S19.pdf,NA,NA,y,1-S19.pdf
1,D1/D4-D4c-D1h-D1c-D2,16500.0,S19.pdf,NA,NA,y,1-S19.pdf
23,C50c/C50a/C3-C50f-C3b-C50u-C3ad,7368.0,S19.pdf,NA,NA,y,23-S19.pdf
22,C50c/C50a/C3-C50f-C3b-C50u-C3ad,12430.0,S19.pdf,NA,NA,y,22-S19.pdf
25,C50c/C50a/C3-C50f-C3b-C50u-C3ad,37802.0,S19.pdf,NA,NA,y,25-S19.pdf
21,C50c/C50a/C3-C50f-C3b-C50u-C3ad,44512.0,S19.pdf,NA,NA,y,21-S19.pdf
24,C50c/C50a/C3-C50f-C3b-C50u-C3ad,46771.0,S19.pdf,NA,NA,y,24-S19.pdf
14,C93a,237.0,S19.pdf,NA,NA,y,14-S19.pdf
14,C3u/C3,62.0,S19.pdf,NA,NA,y,14-S19.pdf
14,C50a,38.0,S19.pdf,NA,NA,y,14-S19.pdf
14,D1-D4c-D4-D6-D1h,5584.0,S19.pdf,NA,NA,y,14-S19.pdf
15,C93a,315.0,S19.pdf,NA,NA,y,15-S19.pdf
15,C3u/C3,54.0,S19.pdf,NA,NA,y,15-S19.pdf
15,C50a,31.0,S19.pdf,NA,NA,y,15-S19.pdf
15,D1-D4c-D4-D6-D1h,5761.0,S19.pdf,NA,NA,y,15-S19.pdf
17,A3-A6b-A3g-A6i,1734.0,S19.pdf,NA,NA,y,17-S19.pdf
17,D1-D4c-D4-D6-D1h,2144.0,S19.pdf,NA,NA,y,17-S19.pdf
19,D1-D4-D4c-D1h,3647.0,S19.pdf,NA,NA,y,19-S19.pdf
18,D1-D4-D4c-D1h,874.0,S19.pdf,NA,NA,y,18-S19.pdf
16,D1-D4-D4c-D1h,655.0,S19.pdf,NA,NA,y,16-S19.pdf
13,B1,2321.0,S19.pdf,NA,NA,y,13-S19.pdf
13,D1-D4c-D4-D6-D1h,2044.0,S19.pdf,NA,NA,y,13-S19.pdf
82_25_t0,C15-C15ci-C15n-C15cf-C15ce-C15ck-C15l-C15hd,6572.0,S2.pdf,NA,NA,y,82_25_t0-S2.pdf
28_HIMB_t3,C15-C15ci-C15n-C15cf-C15ce-C15ck-C15l-C15hd,13347.0,S2.pdf,NA,NA,n,28_HIMB_t3-S2.pdf
28_HIMB_t1,C15-C15ci-C15n-C15cf-C15ce-C15ck-C15l-C15hd,14293.0,S2.pdf,NA,NA,n,28_HIMB_t1-S2.pdf
27_HIMB_t0,C15-C15ci-C15n-C15cf-C15ce-C15ck-C15l-C15hd,8024.0,S2.pdf,NA,NA,n,27_HIMB_t0-S2.pdf
135_44_t2,C15-C15ci-C15n-C15cf-C15ce-C15ck-C15l-C15hd,11000.0,S2.pdf,NA,NA,n,135_44_t2-S2.pdf
82_25_t1,C15-C15ci-C15n-C15cf-C15ce-C15ck-C15l-C15hd,8606.0,S2.pdf,NA,NA,y,82_25_t1-S2.pdf
114_44_t2,C15-C15ci-C15n-C15cf-C15ce-C15ck-C15l-C15hd,10566.0,S2.pdf,NA,NA,n,114_44_t2-S2.pdf
13_HIMB_t2,C15-C15ci-C15n-C15cf-C15ce-C15ck-C15l-C15hd,8433.0,S2.pdf,NA,NA,n,13_HIMB_t2-S2.pdf
107_44_t0,C15-C15ci-C15n-C15cf-C15ce-C15ck-C15l-C15hd,5084.0,S2.pdf,NA,NA,n,107_44_t0-S2.pdf
10_HIMB_t3,C15-C15ci-C15n-C15cf-C15ce-C15ck-C15l-C15hd,14013.0,S2.pdf,NA,NA,n,10_HIMB_t3-S2.pdf
82_25_t3,C15-C15ci-C15n-C15cf-C15ce-C15ck-C15l-C15hd,7450.0,S2.pdf,NA,NA,y,82_25_t3-S2.pdf
13_HIMB_t3,C15-C15ci-C15n-C15cf-C15ce-C15ck-C15l-C15hd,14299.0,S2.pdf,NA,NA,n,13_HIMB_t3-S2.pdf
107_44_t2,C15-C15ci-C15n-C15cf-C15ce-C15ck-C15l-C15hd,9369.0,S2.pdf,NA,NA,n,107_44_t2-S2.pdf
101_44_t3,C15-C15ci-C15n-C15cf-C15ce-C15ck-C15l-C15hd,12170.0,S2.pdf,NA,NA,n,101_44_t3-S2.pdf
118_44_t0,C15-C15ci-C15n-C15cf-C15ce-C15ck-C15l-C15hd,6746.0,S2.pdf,NA,NA,n,118_44_t0-S2.pdf
107_44_t1,C15-C15ci-C15n-C15cf-C15ce-C15ck-C15l-C15hd,8806.0,S2.pdf,NA,NA,n,107_44_t1-S2.pdf
22_HIMB_t3,C15-C15ci-C15n-C15cf-C15ce-C15ck-C15l-C15hd,12194.0,S2.pdf,NA,NA,n,22_HIMB_t3-S2.pdf
139_44_t3,C15-C15ci-C15n-C15cf-C15ce-C15ck-C15l-C15hd,11343.0,S2.pdf,NA,NA,n,139_44_t3-S2.pdf
107_44_t3,C15-C15ci-C15n-C15cf-C15ce-C15ck-C15l-C15hd,10980.0,S2.pdf,NA,NA,n,107_44_t3-S2.pdf
13_HIMB_t1,C15-C15ci-C15n-C15cf-C15ce-C15ck-C15l-C15hd,14500.0,S2.pdf,NA,NA,n,13_HIMB_t1-S2.pdf
118_44_t3,C15-C15ci-C15n-C15cf-C15ce-C15ck-C15l-C15hd,11661.0,S2.pdf,NA,NA,n,118_44_t3-S2.pdf
10_HIMB_t1,C15-C15ci-C15n-C15cf-C15ce-C15ck-C15l-C15hd,10552.0,S2.pdf,NA,NA,n,10_HIMB_t1-S2.pdf
114_44_t3,C15-C15ci-C15n-C15cf-C15ce-C15ck-C15l-C15hd,11098.0,S2.pdf,NA,NA,n,114_44_t3-S2.pdf
63_25_t3,C15-C15ci-C15n-C15cf-C15ce-C15ck-C15l-C15hd,7057.0,S2.pdf,NA,NA,y,63_25_t3-S2.pdf
101_44_t1,C15-C15ci-C15n-C15cf-C15ce-C15ck-C15l-C15hd,6904.0,S2.pdf,NA,NA,n,101_44_t1-S2.pdf
95_25_t0,C15-C15ci-C15n-C15cf-C15ce-C15ck-C15l-C15hd,7464.0,S2.pdf,NA,NA,y,95_25_t0-S2.pdf
61_25_t0,C15-C15ci-C15n-C15cf-C15ce-C15ck-C15l-C15hd,7678.0,S2.pdf,NA,NA,y,61_25_t0-S2.pdf
35_HIMB_t3,C15-C15ci-C15n-C15cf-C15ce-C15ck-C15l-C15hd,14336.0,S2.pdf,NA,NA,n,35_HIMB_t3-S2.pdf
22_HIMB_t0,C15-C15ci-C15n-C15cf-C15ce-C15ck-C15l-C15hd,13415.0,S2.pdf,NA,NA,n,22_HIMB_t0-S2.pdf
103_44_t3,C15-C15ci-C15n-C15cf-C15ce-C15ck-C15l-C15hd,8561.0,S2.pdf,NA,NA,n,103_44_t3-S2.pdf
114_44_t0,C15-C15ci-C15n-C15cf-C15ce-C15ck-C15l-C15hd,11174.0,S2.pdf,NA,NA,n,114_44_t0-S2.pdf
73_25_t3,C15-C15ci-C15n-C15cf-C15ce-C15ck-C15l-C15hd,9255.0,S2.pdf,NA,NA,y,73_25_t3-S2.pdf
95_25_t2,C15-C15ci-C15n-C15cf-C15ce-C15ck-C15l-C15hd,19480.0,S2.pdf,NA,NA,y,95_25_t2-S2.pdf
134_44_t3,C15-C15ci-C15n-C15cf-C15ce-C15ck-C15l-C15hd,13504.0,S2.pdf,NA,NA,n,134_44_t3-S2.pdf
93_25_t3,C15-C15ci-C15n-C15cf-C15ce-C15ck-C15l-C15hd,10947.0,S2.pdf,NA,NA,y,93_25_t3-S2.pdf
61_25_t3,C15-C15ci-C15n-C15cf-C15ce-C15ck-C15l-C15hd,6930.0,S2.pdf,NA,NA,y,61_25_t3-S2.pdf
61_25_t2,C15-C15ci-C15n-C15cf-C15ce-C15ck-C15l-C15hd,6891.0,S2.pdf,NA,NA,y,61_25_t2-S2.pdf
118_44_t2,C15-C15ci-C15n-C15cf-C15ce-C15ck-C15l-C15hd,10008.0,S2.pdf,NA,NA,n,118_44_t2-S2.pdf
95_25_t1,C15-C15ci-C15n-C15cf-C15ce-C15ck-C15l-C15hd,7281.0,S2.pdf,NA,NA,y,95_25_t1-S2.pdf
60_25_t3,C15-C15ci-C15n-C15cf-C15ce-C15ck-C15l-C15hd,10077.0,S2.pdf,NA,NA,y,60_25_t3-S2.pdf
115_44_t3,C15-C15ci-C15n-C15cf-C15ce-C15ck-C15l-C15hd,11772.0,S2.pdf,NA,NA,n,115_44_t3-S2.pdf
49_HIMB_t0,C15-C15ci-C15n-C15cf-C15ce-C15ck-C15l-C15hd,10824.0,S2.pdf,NA,NA,n,49_HIMB_t0-S2.pdf
36_HIMB_t1,C15-C15ci-C15n-C15cf-C15ce-C15ck-C15l-C15hd,12789.0,S2.pdf,NA,NA,n,36_HIMB_t1-S2.pdf
118_44_t1,C15-C15ci-C15n-C15cf-C15ce-C15ck-C15l-C15hd,7352.0,S2.pdf,NA,NA,n,118_44_t1-S2.pdf
101_44_t2,C15-C15ci-C15n-C15cf-C15ce-C15ck-C15l-C15hd,8962.0,S2.pdf,NA,NA,n,101_44_t2-S2.pdf
27_HIMB_t2,C15-C15ci-C15n-C15cf-C15ce-C15ck-C15l-C15hd,11586.0,S2.pdf,NA,NA,n,27_HIMB_t2-S2.pdf
95_25_t3,C15-C15ci-C15n-C15cf-C15ce-C15ck-C15l-C15hd,8868.0,S2.pdf,NA,NA,y,95_25_t3-S2.pdf
49_HIMB_t3,C15-C15ci-C15n-C15cf-C15ce-C15ck-C15l-C15hd,8830.0,S2.pdf,NA,NA,n,49_HIMB_t3-S2.pdf
134_44_t0,C15-C15ci-C15n-C15cf-C15ce-C15ck-C15l-C15hd,6462.0,S2.pdf,NA,NA,n,134_44_t0-S2.pdf
22_HIMB_t2,C15-C15ci-C15n-C15cf-C15ce-C15ck-C15l-C15hd,13768.0,S2.pdf,NA,NA,n,22_HIMB_t2-S2.pdf
61_25_t1,C15-C15ci-C15n-C15cf-C15ce-C15ck-C15l-C15hd,7666.0,S2.pdf,NA,NA,y,61_25_t1-S2.pdf
22_HIMB_t1,C15-C15ci-C15n-C15cf-C15ce-C15ck-C15l-C15hd,14800.0,S2.pdf,NA,NA,n,22_HIMB_t1-S2.pdf
62_25_t3,C15-C15ci-C15n-C15cf-C15ce-C15ck-C15l-C15hd,9393.0,S2.pdf,NA,NA,y,62_25_t3-S2.pdf
36_HIMB_t3,C15-C15ci-C15n-C15cf-C15ce-C15ck-C15l-C15hd,13500.0,S2.pdf,NA,NA,n,36_HIMB_t3-S2.pdf
21_HIMB_t1,C15-C15ci-C15n-C15cf-C15ce-C15ck-C15l-C15hd,10254.0,S2.pdf,NA,NA,n,21_HIMB_t1-S2.pdf
10_HIMB_t0,C15-C15ci-C15n-C15cf-C15ce-C15ck-C15l-C15hd,12716.0,S2.pdf,NA,NA,n,10_HIMB_t0-S2.pdf
93_25_t0,C15-C15ci-C15n-C15cf-C15ce-C15ck-C15l-C15hd,7584.0,S2.pdf,NA,NA,y,93_25_t0-S2.pdf
49_HIMB_t1,C15-C15ci-C15n-C15cf-C15ce-C15ck-C15l-C15hd,8085.0,S2.pdf,NA,NA,n,49_HIMB_t1-S2.pdf
139_44_t2,C15-C15ci-C15n-C15cf-C15ce-C15ck-C15l-C15hd,9915.0,S2.pdf,NA,NA,n,139_44_t2-S2.pdf
134_44_t1,C15-C15ci-C15n-C15cf-C15ce-C15ck-C15l-C15hd,8734.0,S2.pdf,NA,NA,n,134_44_t1-S2.pdf
35_HIMB_t0,C15-C15ci-C15n-C15cf-C15ce-C15ck-C15l-C15hd,9265.0,S2.pdf,NA,NA,n,35_HIMB_t0-S2.pdf
35_HIMB_t1,C15-C15ci-C15n-C15cf-C15ce-C15ck-C15l-C15hd,12797.0,S2.pdf,NA,NA,n,35_HIMB_t1-S2.pdf
35_HIMB_t2,C15-C15ci-C15n-C15cf-C15ce-C15ck-C15l-C15hd,9032.0,S2.pdf,NA,NA,n,35_HIMB_t2-S2.pdf
103_44_t1,C15-C15ci-C15n-C15cf-C15ce-C15ck-C15l-C15hd,9219.0,S2.pdf,NA,NA,n,103_44_t1-S2.pdf
62_25_t2,C15-C15ci-C15n-C15cf-C15ce-C15ck-C15l-C15hd,8160.0,S2.pdf,NA,NA,y,62_25_t2-S2.pdf
27_HIMB_t3,C15-C15ci-C15n-C15cf-C15ce-C15ck-C15l-C15hd,12584.0,S2.pdf,NA,NA,n,27_HIMB_t3-S2.pdf
62_25_t0,C15-C15ci-C15n-C15cf-C15ce-C15ck-C15l-C15hd,8557.0,S2.pdf,NA,NA,y,62_25_t0-S2.pdf
36_HIMB_t2,C15-C15ci-C15n-C15cf-C15ce-C15ck-C15l-C15hd,10867.0,S2.pdf,NA,NA,n,36_HIMB_t2-S2.pdf
10_HIMB_t2,C15-C15ci-C15n-C15cf-C15ce-C15ck-C15l-C15hd,12978.0,S2.pdf,NA,NA,n,10_HIMB_t2-S2.pdf
63_25_t2,C15-C15ci-C15n-C15cf-C15ce-C15ck-C15l-C15hd,6225.0,S2.pdf,NA,NA,y,63_25_t2-S2.pdf
62_25_t1,C15-C15ci-C15n-C15cf-C15ce-C15ck-C15l-C15hd,6544.0,S2.pdf,NA,NA,y,62_25_t1-S2.pdf
21_HIMB_t3,C15-C15ci-C15n-C15cf-C15ce-C15ck-C15l-C15hd,9194.0,S2.pdf,NA,NA,n,21_HIMB_t3-S2.pdf
36_HIMB_t0,C15-C15ci-C15n-C15cf-C15ce-C15ck-C15l-C15hd,13506.0,S2.pdf,NA,NA,n,36_HIMB_t0-S2.pdf
134_44_t2,C15-C15ci-C15n-C15cf-C15ce-C15ck-C15l-C15hd,8871.0,S2.pdf,NA,NA,n,134_44_t2-S2.pdf
103_44_t2,C15-C15ci-C15n-C15cf-C15ce-C15ck-C15l-C15hd,9949.0,S2.pdf,NA,NA,n,103_44_t2-S2.pdf
49_HIMB_t2,C15-C15ci-C15n-C15cf-C15ce-C15ck-C15l-C15hd,12792.0,S2.pdf,NA,NA,n,49_HIMB_t2-S2.pdf
27_HIMB_t1,C15-C15ci-C15n-C15cf-C15ce-C15ck-C15l-C15hd,14035.0,S2.pdf,NA,NA,n,27_HIMB_t1-S2.pdf
114_44_t1,C15-C15ci-C15n-C15cf-C15ce-C15ck-C15l-C15hd,5147.0,S2.pdf,NA,NA,n,114_44_t1-S2.pdf
41_HIMB_t1,C15-C15ci-C15n-C15cf-C15ce-C15ck-C15l-C15hd,10007.0,S2.pdf,NA,NA,n,41_HIMB_t1-S2.pdf
21_HIMB_t2,C15-C15ci-C15n-C15cf-C15ce-C15ck-C15l-C15hd,12689.0,S2.pdf,NA,NA,n,21_HIMB_t2-S2.pdf
14_HIMB_t3,C15-C15ci-C15cc-C15cl-C15n-C15cj-C15l,14854.0,S2.pdf,NA,NA,n,14_HIMB_t3-S2.pdf
14_HIMB_t1,C15-C15ci-C15cc-C15cl-C15n-C15cj-C15l,12684.0,S2.pdf,NA,NA,n,14_HIMB_t1-S2.pdf
14_HIMB_t2,C15-C15ci-C15cc-C15cl-C15n-C15cj-C15l,16200.0,S2.pdf,NA,NA,n,14_HIMB_t2-S2.pdf
136_44_t2,C15-C15ci-C15cc-C15cl-C15n-C15cj-C15l,9449.0,S2.pdf,NA,NA,n,136_44_t2-S2.pdf
14_HIMB_t0,C15-C15ci-C15cc-C15cl-C15n-C15cj-C15l,15973.0,S2.pdf,NA,NA,n,14_HIMB_t0-S2.pdf
96_25_t2,C15-C15ci-C15cc-C15cl-C15n-C15cj-C15l,8738.0,S2.pdf,NA,NA,y,96_25_t2-S2.pdf
50_HIMB_t3,C15-C15ci-C15cc-C15cl-C15n-C15cj-C15l,11810.0,S2.pdf,NA,NA,n,50_HIMB_t3-S2.pdf
94_25_t2,C15-C15ci-C15cc-C15cl-C15n-C15cj-C15l,8488.0,S2.pdf,NA,NA,y,94_25_t2-S2.pdf
96_25_t3,C15-C15ci-C15cc-C15cl-C15n-C15cj-C15l,9588.0,S2.pdf,NA,NA,y,96_25_t3-S2.pdf
96_25_t0,C15-C15ci-C15cc-C15cl-C15n-C15cj-C15l,8183.0,S2.pdf,NA,NA,y,96_25_t0-S2.pdf
94_25_t0,C15-C15ci-C15cc-C15cl-C15n-C15cj-C15l,8993.0,S2.pdf,NA,NA,y,94_25_t0-S2.pdf
96_25_t1,C15-C15ci-C15cc-C15cl-C15n-C15cj-C15l,9887.0,S2.pdf,NA,NA,y,96_25_t1-S2.pdf
50_HIMB_t2,C15-C15ci-C15cc-C15cl-C15n-C15cj-C15l,14311.0,S2.pdf,NA,NA,n,50_HIMB_t2-S2.pdf
15_HIMB_t2,C15-C15ci-C15cc-C15cl-C15n-C15cj-C15l,12161.0,S2.pdf,NA,NA,n,15_HIMB_t2-S2.pdf
55_25_t2,C15-C15ci-C15cc-C15cl-C15n-C15cj-C15l,9383.0,S2.pdf,NA,NA,y,55_25_t2-S2.pdf
74_25_t0,C15-C15ci-C15cc-C15cl-C15n-C15cj-C15l,10746.0,S2.pdf,NA,NA,y,74_25_t0-S2.pdf
104_44_t1,C15-C15ci-C15cc-C15cl-C15n-C15cj-C15l,7666.0,S2.pdf,NA,NA,n,104_44_t1-S2.pdf
104_44_t3,C15-C15ci-C15cc-C15cl-C15n-C15cj-C15l,10989.0,S2.pdf,NA,NA,n,104_44_t3-S2.pdf
136_44_t0,C15-C15ci-C15cc-C15cl-C15n-C15cj-C15l,7294.0,S2.pdf,NA,NA,n,136_44_t0-S2.pdf
55_25_t1,C15-C15ci-C15cc-C15cl-C15n-C15cj-C15l,10018.0,S2.pdf,NA,NA,y,55_25_t1-S2.pdf
74_25_t2,C15-C15ci-C15cc-C15cl-C15n-C15cj-C15l,7773.0,S2.pdf,NA,NA,y,74_25_t2-S2.pdf
105_44_t1,C15-C15ci-C15cc-C15cl-C15n-C15cj-C15l,5529.0,S2.pdf,NA,NA,n,105_44_t1-S2.pdf
113_44_t3,C15-C15ci-C15cc-C15cl-C15n-C15cj-C15l,11085.0,S2.pdf,NA,NA,n,113_44_t3-S2.pdf
136_44_t3,C15-C15ci-C15cc-C15cl-C15n-C15cj-C15l,12392.0,S2.pdf,NA,NA,n,136_44_t3-S2.pdf
86_25_t2,C15-C15ci-C15cc-C15cl-C15n-C15cj-C15l,8869.0,S2.pdf,NA,NA,y,86_25_t2-S2.pdf
64_25_t2,C15-C15ci-C15cc-C15cl-C15n-C15cj-C15l,7528.0,S2.pdf,NA,NA,y,64_25_t2-S2.pdf
16_HIMB_t0,C15-C15ci-C15cc-C15cl-C15n-C15cj-C15l,11763.0,S2.pdf,NA,NA,n,16_HIMB_t0-S2.pdf
9_HIMB_t2,C15-C15ci-C15cc-C15cl-C15n-C15cj-C15l,10016.0,S2.pdf,NA,NA,n,9_HIMB_t2-S2.pdf
9_HIMB_t3,C15-C15ci-C15cc-C15cl-C15n-C15cj-C15l,11294.0,S2.pdf,NA,NA,n,9_HIMB_t3-S2.pdf
136_44_t1,C15-C15ci-C15cc-C15cl-C15n-C15cj-C15l,8629.0,S2.pdf,NA,NA,n,136_44_t1-S2.pdf
105_44_t3,C15-C15ci-C15cc-C15cl-C15n-C15cj-C15l,10304.0,S2.pdf,NA,NA,n,105_44_t3-S2.pdf
55_25_t3,C15-C15ci-C15cc-C15cl-C15n-C15cj-C15l,13108.0,S2.pdf,NA,NA,y,55_25_t3-S2.pdf
73_25_t2,C15-C15ci-C15cc-C15cl-C15n-C15cj-C15l,8445.0,S2.pdf,NA,NA,y,73_25_t2-S2.pdf
113_44_t1,C15-C15ci-C15cc-C15cl-C15n-C15cj-C15l,6684.0,S2.pdf,NA,NA,n,113_44_t1-S2.pdf
42_HIMB_t1,C15-C15ci-C15cc-C15cl-C15n-C15cj-C15l,15225.0,S2.pdf,NA,NA,n,42_HIMB_t1-S2.pdf
60_25_t0,C15-C15ci-C15cc-C15cl-C15n-C15cj-C15l,9650.0,S2.pdf,NA,NA,y,60_25_t0-S2.pdf
113_44_t0,C15-C15ci-C15cc-C15cl-C15n-C15cj-C15l,5407.0,S2.pdf,NA,NA,n,113_44_t0-S2.pdf
50_HIMB_t1,C15-C15ci-C15cc-C15cl-C15n-C15cj-C15l,9924.0,S2.pdf,NA,NA,n,50_HIMB_t1-S2.pdf
104_44_t2,C15-C15ci-C15cc-C15cl-C15n-C15cj-C15l,9106.0,S2.pdf,NA,NA,n,104_44_t2-S2.pdf
9_HIMB_t1,C15-C15ci-C15cc-C15cl-C15n-C15cj-C15l,11335.0,S2.pdf,NA,NA,n,9_HIMB_t1-S2.pdf
16_HIMB_t2,C15-C15ci-C15cc-C15cl-C15n-C15cj-C15l,10234.0,S2.pdf,NA,NA,n,16_HIMB_t2-S2.pdf
64_25_t0,C15-C15ci-C15cc-C15cl-C15n-C15cj-C15l,9519.0,S2.pdf,NA,NA,y,64_25_t0-S2.pdf
82_25_t2,C15-C15ci-C15cc-C15cl-C15n-C15cj-C15l,8316.0,S2.pdf,NA,NA,y,82_25_t2-S2.pdf
104_44_t0,C15-C15ci-C15cc-C15cl-C15n-C15cj-C15l,7684.0,S2.pdf,NA,NA,n,104_44_t0-S2.pdf
73_25_t1,C15-C15ci-C15cc-C15cl-C15n-C15cj-C15l,10194.0,S2.pdf,NA,NA,y,73_25_t1-S2.pdf
86_25_t0,C15-C15ci-C15cc-C15cl-C15n-C15cj-C15l,8967.0,S2.pdf,NA,NA,y,86_25_t0-S2.pdf
50_HIMB_t0,C15-C15ci-C15cc-C15cl-C15n-C15cj-C15l,12644.0,S2.pdf,NA,NA,n,50_HIMB_t0-S2.pdf
50_HIMB_t0,D1/D4/D6,251.0,S2.pdf,NA,NA,n,50_HIMB_t0-S2.pdf
113_44_t2,C15-C15ci-C15cc-C15cl-C15n-C15cj-C15l,8468.0,S2.pdf,NA,NA,n,113_44_t2-S2.pdf
15_HIMB_t3,C15-C15ci-C15cc-C15cl-C15n-C15cj-C15l,9921.0,S2.pdf,NA,NA,n,15_HIMB_t3-S2.pdf
63_25_t0,C15-C15ci-C15cc-C15cl-C15n-C15cj-C15l,7878.0,S2.pdf,NA,NA,y,63_25_t0-S2.pdf
74_25_t1,C15-C15ci-C15cc-C15cl-C15n-C15cj-C15l,12199.0,S2.pdf,NA,NA,y,74_25_t1-S2.pdf
16_HIMB_t3,C15-C15ci-C15cc-C15cl-C15n-C15cj-C15l,11239.0,S2.pdf,NA,NA,n,16_HIMB_t3-S2.pdf
63_25_t1,C15-C15ci-C15cc-C15cl-C15n-C15cj-C15l,7684.0,S2.pdf,NA,NA,y,63_25_t1-S2.pdf
60_25_t1,C15-C15ci-C15cc-C15cl-C15n-C15cj-C15l,9006.0,S2.pdf,NA,NA,y,60_25_t1-S2.pdf
94_25_t3,C15-C15ci-C15cc-C15cl-C15n-C15cj-C15l,11001.0,S2.pdf,NA,NA,y,94_25_t3-S2.pdf
139_44_t0,C15-C15ci-C15cc-C15cl-C15n-C15cj-C15l,4095.0,S2.pdf,NA,NA,n,139_44_t0-S2.pdf
68_25_t2,C15-C15ci-C15cc-C15cl-C15n-C15cj-C15l,6395.0,S2.pdf,NA,NA,y,68_25_t2-S2.pdf
9_HIMB_t0,C15-C15ci-C15cc-C15cl-C15n-C15cj-C15l,5797.0,S2.pdf,NA,NA,n,9_HIMB_t0-S2.pdf
9_HIMB_t0,D1/D4/D6,253.0,S2.pdf,NA,NA,n,9_HIMB_t0-S2.pdf
64_25_t1,C15-C15ci-C15cc-C15cl-C15n-C15cj-C15l,8348.0,S2.pdf,NA,NA,y,64_25_t1-S2.pdf
16_HIMB_t1,C15-C15ci-C15cc-C15cl-C15n-C15cj-C15l,14479.0,S2.pdf,NA,NA,n,16_HIMB_t1-S2.pdf
42_HIMB_t3,C15-C15ci-C15cc-C15cl-C15n-C15cj-C15l,12150.0,S2.pdf,NA,NA,n,42_HIMB_t3-S2.pdf
68_25_t1,C15-C15ci-C15cc-C15cl-C15n-C15cj-C15l,10244.0,S2.pdf,NA,NA,y,68_25_t1-S2.pdf
105_44_t2,C15-C15ci-C15cc-C15cl-C15n-C15cj-C15l,10218.0,S2.pdf,NA,NA,n,105_44_t2-S2.pdf
93_25_t2,C15-C15ci-C15cc-C15cl-C15n-C15cj-C15l,8735.0,S2.pdf,NA,NA,y,93_25_t2-S2.pdf
68_25_t3,C15-C15ci-C15cc-C15cl-C15n-C15cj-C15l,8589.0,S2.pdf,NA,NA,y,68_25_t3-S2.pdf
42_HIMB_t0,C15-C15ci-C15cc-C15cl-C15n-C15cj-C15l,11462.0,S2.pdf,NA,NA,n,42_HIMB_t0-S2.pdf
68_25_t0,C15-C15ci-C15cc-C15cl-C15n-C15cj-C15l,7562.0,S2.pdf,NA,NA,y,68_25_t0-S2.pdf
108_44_t3,C15-C15ci-C15cc-C15cl-C15n-C15cj-C15l,10844.0,S2.pdf,NA,NA,n,108_44_t3-S2.pdf
108_44_t2,C15-C15ci-C15cc-C15cl-C15n-C15cj-C15l,8803.0,S2.pdf,NA,NA,n,108_44_t2-S2.pdf
15_HIMB_t0,C15-C15ci-C15cc-C15cl-C15n-C15cj-C15l,7093.0,S2.pdf,NA,NA,n,15_HIMB_t0-S2.pdf
60_25_t2,C15-C15ci-C15cc-C15cl-C15n-C15cj-C15l,8641.0,S2.pdf,NA,NA,y,60_25_t2-S2.pdf
108_44_t0,C15-C15ci-C15cc-C15cl-C15n-C15cj-C15l,7212.0,S2.pdf,NA,NA,n,108_44_t0-S2.pdf
108_44_t1,C15-C15ci-C15cc-C15cl-C15n-C15cj-C15l,7965.0,S2.pdf,NA,NA,n,108_44_t1-S2.pdf
64_25_t3,C15-C15ci-C15cc-C15cl-C15n-C15cj-C15l,7586.0,S2.pdf,NA,NA,y,64_25_t3-S2.pdf
64_25_t3,C1d,648.0,S2.pdf,NA,NA,y,64_25_t3-S2.pdf
51_25_t0,C31-C17d-C31.1-C31a-C21-C31f-C17e-C31l-C21ac,12574.0,S2.pdf,NA,NA,y,51_25_t0-S2.pdf
7_HIMB_t2,C31-C17d-C31.1-C31a-C21-C31f-C17e-C31l-C21ac,16950.0,S2.pdf,NA,NA,n,7_HIMB_t2-S2.pdf
53_25_t1,C31-C17d-C31.1-C31a-C21-C31f-C17e-C31l-C21ac,15870.0,S2.pdf,NA,NA,y,53_25_t1-S2.pdf
57_25_t1,C31-C17d-C31.1-C31a-C21-C31f-C17e-C31l-C21ac,11672.0,S2.pdf,NA,NA,y,57_25_t1-S2.pdf
131_44_t1,C31-C17d-C31.1-C31a-C21-C31f-C17e-C31l-C21ac,8056.0,S2.pdf,NA,NA,n,131_44_t1-S2.pdf
25_HIMB_t2,C31-C17d-C31.1-C31a-C21-C31f-C17e-C31l-C21ac,10838.0,S2.pdf,NA,NA,n,25_HIMB_t2-S2.pdf
123_44_t2,C31-C17d-C31.1-C31a-C21-C31f-C17e-C31l-C21ac,11077.0,S2.pdf,NA,NA,n,123_44_t2-S2.pdf
131_44_t3,C31-C17d-C31.1-C31a-C21-C31f-C17e-C31l-C21ac,13057.0,S2.pdf,NA,NA,n,131_44_t3-S2.pdf
31_HIMB_t3,C31-C17d-C31.1-C31a-C21-C31f-C17e-C31l-C21ac,12217.0,S2.pdf,NA,NA,n,31_HIMB_t3-S2.pdf
57_25_t3,C31-C17d-C31.1-C31a-C21-C31f-C17e-C31l-C21ac,11279.0,S2.pdf,NA,NA,y,57_25_t3-S2.pdf
53_25_t0,C31-C17d-C31.1-C31a-C21-C31f-C17e-C31l-C21ac,12041.0,S2.pdf,NA,NA,y,53_25_t0-S2.pdf
131_44_t2,C31-C17d-C31.1-C31a-C21-C31f-C17e-C31l-C21ac,11900.0,S2.pdf,NA,NA,n,131_44_t2-S2.pdf
51_25_t3,C31-C17d-C31.1-C31a-C21-C31f-C17e-C31l-C21ac,13313.0,S2.pdf,NA,NA,y,51_25_t3-S2.pdf
7_HIMB_t0,C31-C17d-C31.1-C31a-C21-C31f-C17e-C31l-C21ac,13979.0,S2.pdf,NA,NA,n,7_HIMB_t0-S2.pdf
57_25_t0,C31-C17d-C31.1-C31a-C21-C31f-C17e-C31l-C21ac,9334.0,S2.pdf,NA,NA,y,57_25_t0-S2.pdf
79_25_t2,C31-C17d-C31.1-C31a-C21-C31f-C17e-C31l-C21ac,8760.0,S2.pdf,NA,NA,y,79_25_t2-S2.pdf
31_HIMB_t2,C31-C17d-C31.1-C31a-C21-C31f-C17e-C31l-C21ac,17178.0,S2.pdf,NA,NA,n,31_HIMB_t2-S2.pdf
69_25_t0,C31-C17d-C31.1-C31a-C21-C31f-C17e-C31l-C21ac,14195.0,S2.pdf,NA,NA,y,69_25_t0-S2.pdf
57_25_t2,C31-C17d-C31.1-C31a-C21-C31f-C17e-C31l-C21ac,10428.0,S2.pdf,NA,NA,y,57_25_t2-S2.pdf
83_25_t1,C31-C17d-C31.1-C31a-C21-C31f-C17e-C31l-C21ac,9986.0,S2.pdf,NA,NA,y,83_25_t1-S2.pdf
51_25_t2,C31-C17d-C31.1-C31a-C21-C31f-C17e-C31l-C21ac,11861.0,S2.pdf,NA,NA,y,51_25_t2-S2.pdf
7_HIMB_t3,C31-C17d-C31.1-C31a-C21-C31f-C17e-C31l-C21ac,15018.0,S2.pdf,NA,NA,n,7_HIMB_t3-S2.pdf
119_44_t1,C31-C17d-C31.1-C31a-C21-C31f-C17e-C31l-C21ac,6074.0,S2.pdf,NA,NA,n,119_44_t1-S2.pdf
31_HIMB_t0,C31-C17d-C31.1-C31a-C21-C31f-C17e-C31l-C21ac,23000.0,S2.pdf,NA,NA,n,31_HIMB_t0-S2.pdf
122_44_t1,C31-C17d-C31.1-C31a-C21-C31f-C17e-C31l-C21ac,9462.0,S2.pdf,NA,NA,n,122_44_t1-S2.pdf
79_25_t1,C31-C17d-C31.1-C31a-C21-C31f-C17e-C31l-C21ac,8282.0,S2.pdf,NA,NA,y,79_25_t1-S2.pdf
131_44_t0,C31-C17d-C31.1-C31a-C21-C31f-C17e-C31l-C21ac,8491.0,S2.pdf,NA,NA,n,131_44_t0-S2.pdf
51_25_t1,C31-C17d-C31.1-C31a-C21-C31f-C17e-C31l-C21ac,12176.0,S2.pdf,NA,NA,y,51_25_t1-S2.pdf
109_44_t2,C31-C17d-C31.1-C31a-C21-C31f-C17e-C31l-C21ac,9555.0,S2.pdf,NA,NA,n,109_44_t2-S2.pdf
3_HIMB_t2,C31-C17d-C31.1-C31a-C21-C31f-C17e-C31l-C21ac,14249.0,S2.pdf,NA,NA,n,3_HIMB_t2-S2.pdf
3_HIMB_t3,C31-C17d-C31.1-C31a-C21-C31f-C17e-C31l-C21ac,14464.0,S2.pdf,NA,NA,n,3_HIMB_t3-S2.pdf
79_25_t3,C31-C17d-C31.1-C31a-C21-C31f-C17e-C31l-C21ac,8838.0,S2.pdf,NA,NA,y,79_25_t3-S2.pdf
109_44_t3,C31-C17d-C31.1-C31a-C21-C31f-C17e-C31l-C21ac,12996.0,S2.pdf,NA,NA,n,109_44_t3-S2.pdf
83_25_t2,C31-C17d-C31.1-C31a-C21-C31f-C17e-C31l-C21ac,10624.0,S2.pdf,NA,NA,y,83_25_t2-S2.pdf
69_25_t1,C31-C17d-C31.1-C31a-C21-C31f-C17e-C31l-C21ac,8879.0,S2.pdf,NA,NA,y,69_25_t1-S2.pdf
119_44_t0,C31-C17d-C31.1-C31a-C21-C31f-C17e-C31l-C21ac,10663.0,S2.pdf,NA,NA,n,119_44_t0-S2.pdf
119_44_t0,D1/D4/D6/D1ab,212.0,S2.pdf,NA,NA,n,119_44_t0-S2.pdf
123_44_t3,C31-C17d-C31.1-C31a-C21-C31f-C17e-C31l-C21ac,16473.0,S2.pdf,NA,NA,n,123_44_t3-S2.pdf
79_25_t0,C31-C17d-C31.1-C31a-C21-C31f-C17e-C31l-C21ac,10113.0,S2.pdf,NA,NA,y,79_25_t0-S2.pdf
123_44_t0,C31-C17d-C31.1-C31a-C21-C31f-C17e-C31l-C21ac,6780.0,S2.pdf,NA,NA,n,123_44_t0-S2.pdf
25_HIMB_t0,C31-C17d-C31.1-C31a-C21-C31f-C17e-C31l-C21ac,11733.0,S2.pdf,NA,NA,n,25_HIMB_t0-S2.pdf
83_25_t3,C31-C17d-C31.1-C31a-C21-C31f-C17e-C31l-C21ac,9958.0,S2.pdf,NA,NA,y,83_25_t3-S2.pdf
3_HIMB_t1,C31-C17d-C31.1-C31a-C21-C31f-C17e-C31l-C21ac,13498.0,S2.pdf,NA,NA,n,3_HIMB_t1-S2.pdf
31_HIMB_t1,C31-C17d-C31.1-C31a-C21-C31f-C17e-C31l-C21ac,13680.0,S2.pdf,NA,NA,n,31_HIMB_t1-S2.pdf
31_HIMB_t1,D1/D4/D6/D1ab,342.0,S2.pdf,NA,NA,n,31_HIMB_t1-S2.pdf
123_44_t1,C31-C17d-C31.1-C31a-C21-C31f-C17e-C31l-C21ac,8570.0,S2.pdf,NA,NA,n,123_44_t1-S2.pdf
71_25_t0,C31-C17d-C31.1-C31a-C21-C31f-C17e-C31l-C21ac,9463.0,S2.pdf,NA,NA,y,71_25_t0-S2.pdf
77_25_t2,C31-C17d-C31.1-C31a-C21-C31f-C17e-C31l-C21ac,10709.0,S2.pdf,NA,NA,y,77_25_t2-S2.pdf
77_25_t3,C31-C17d-C31.1-C31a-C21-C31f-C17e-C31l-C21ac,11307.0,S2.pdf,NA,NA,y,77_25_t3-S2.pdf
77_25_t0,C31-C17d-C31.1-C31a-C21-C31f-C17e-C31l-C21ac,10655.0,S2.pdf,NA,NA,y,77_25_t0-S2.pdf
109_44_t0,C31-C17d-C31.1-C31a-C21-C31f-C17e-C31l-C21ac,5512.0,S2.pdf,NA,NA,n,109_44_t0-S2.pdf
3_HIMB_t0,C31-C17d-C31.1-C31a-C21-C31f-C17e-C31l-C21ac,15006.0,S2.pdf,NA,NA,n,3_HIMB_t0-S2.pdf
119_44_t2,C31-C17d-C31.1-C31a-C21-C31f-C17e-C31l-C21ac,13007.0,S2.pdf,NA,NA,n,119_44_t2-S2.pdf
119_44_t2,D4/D1-D6-D1ab-D17d-D17j-D3h,759.0,S2.pdf,NA,NA,n,119_44_t2-S2.pdf
77_25_t1,C31-C17d-C31.1-C31a-C21-C31f-C17e-C31l-C21ac,7998.0,S2.pdf,NA,NA,y,77_25_t1-S2.pdf
83_25_t0,C31-C17d-C31.1-C31a-C21-C31f-C17e-C31l-C21ac,10665.0,S2.pdf,NA,NA,y,83_25_t0-S2.pdf
83_25_t0,D1/D4/D6/D1ab,496.0,S2.pdf,NA,NA,y,83_25_t0-S2.pdf
28_HIMB_t2,C31-C17d-C31.1-C31a-C21-C31f-C17e-C31l-C21ac,11484.0,S2.pdf,NA,NA,n,28_HIMB_t2-S2.pdf
119_44_t3,C31-C17d-C31.1-C31a-C21-C31f-C17e-C31l-C21ac,13005.0,S2.pdf,NA,NA,n,119_44_t3-S2.pdf
119_44_t3,D4/D1-D6-D1ab-D17d-D17j-D3h,1861.0,S2.pdf,NA,NA,n,119_44_t3-S2.pdf
7_HIMB_t1,C31-C17d-C31.1-C31a-C21-C31f-C17e-C31l-C21ac,11150.0,S2.pdf,NA,NA,n,7_HIMB_t1-S2.pdf
7_HIMB_t1,D4/D1-D6-D1ab-D17d-D17j-D3h,3529.0,S2.pdf,NA,NA,n,7_HIMB_t1-S2.pdf
52_25_t1,C31-C17d-C31.1-C31a-C21-C31f-C17e-C31l-C21ac,9382.0,S2.pdf,NA,NA,y,52_25_t1-S2.pdf
52_25_t1,D4/D1-D6-D1ab-D17d-D17j-D3h,2620.0,S2.pdf,NA,NA,y,52_25_t1-S2.pdf
52_25_t0,C31-C17d-C31.1-C31a-C21-C31f-C17e-C31l-C21ac,7440.0,S2.pdf,NA,NA,y,52_25_t0-S2.pdf
52_25_t0,D4/D1-D6-D1ab-D17d-D17j-D3h,2906.0,S2.pdf,NA,NA,y,52_25_t0-S2.pdf
52_25_t3,C31-C17d-C31.1-C31a-C21-C31f-C17e-C31l-C21ac,9350.0,S2.pdf,NA,NA,y,52_25_t3-S2.pdf
52_25_t3,D4/D1-D6-D1ab-D17d-D17j-D3h,4655.0,S2.pdf,NA,NA,y,52_25_t3-S2.pdf
52_25_t2,C31-C17d-C31.1-C31a-C21-C31f-C17e-C31l-C21ac,5823.0,S2.pdf,NA,NA,y,52_25_t2-S2.pdf
52_25_t2,D4/D1-D6-D1ab-D17d-D17j-D3h,4390.0,S2.pdf,NA,NA,y,52_25_t2-S2.pdf
140_44_t0,C15-C15ci-C15cj-C15n-C15ch-C15id-C15l,8960.0,S2.pdf,NA,NA,n,140_44_t0-S2.pdf
116_44_t0,C15-C15ci-C15cj-C15n-C15ch-C15id-C15l,7384.0,S2.pdf,NA,NA,n,116_44_t0-S2.pdf
116_44_t2,C15-C15ci-C15cj-C15n-C15ch-C15id-C15l,10507.0,S2.pdf,NA,NA,n,116_44_t2-S2.pdf
106_44_t1,C15-C15ci-C15cj-C15n-C15ch-C15id-C15l,5747.0,S2.pdf,NA,NA,n,106_44_t1-S2.pdf
140_44_t3,C15-C15ci-C15cj-C15n-C15ch-C15id-C15l,12642.0,S2.pdf,NA,NA,n,140_44_t3-S2.pdf
140_44_t2,C15-C15ci-C15cj-C15n-C15ch-C15id-C15l,11749.0,S2.pdf,NA,NA,n,140_44_t2-S2.pdf
116_44_t3,C15-C15ci-C15cj-C15n-C15ch-C15id-C15l,16130.0,S2.pdf,NA,NA,n,116_44_t3-S2.pdf
106_44_t2,C15-C15ci-C15cj-C15n-C15ch-C15id-C15l,11717.0,S2.pdf,NA,NA,n,106_44_t2-S2.pdf
106_44_t0,C15-C15ci-C15cj-C15n-C15ch-C15id-C15l,21605.0,S2.pdf,NA,NA,n,106_44_t0-S2.pdf
102_44_t2,C15-C15ci-C15cj-C15n-C15ch-C15id-C15l,6487.0,S2.pdf,NA,NA,n,102_44_t2-S2.pdf
101_44_t0,C15-C15ci-C15cj-C15n-C15ch-C15id-C15l,6948.0,S2.pdf,NA,NA,n,101_44_t0-S2.pdf
106_44_t3,C15-C15ci-C15cj-C15n-C15ch-C15id-C15l,12154.0,S2.pdf,NA,NA,n,106_44_t3-S2.pdf
115_44_t0,C15-C15ci-C15cj-C15n-C15ch-C15id-C15l,6076.0,S2.pdf,NA,NA,n,115_44_t0-S2.pdf
41_HIMB_t0,C15-C15ci-C15cj-C15n-C15ch-C15id-C15l,7074.0,S2.pdf,NA,NA,n,41_HIMB_t0-S2.pdf
102_44_t3,C15-C15ci-C15cj-C15n-C15ch-C15id-C15l,12365.0,S2.pdf,NA,NA,n,102_44_t3-S2.pdf
102_44_t1,C15-C15ci-C15cj-C15n-C15ch-C15id-C15l,6841.0,S2.pdf,NA,NA,n,102_44_t1-S2.pdf
102_44_t0,C15-C15ci-C15cj-C15n-C15ch-C15id-C15l,8013.0,S2.pdf,NA,NA,n,102_44_t0-S2.pdf
85_25_t1,C15-C15ci-C15cj-C15n-C15ch-C15id-C15l,10203.0,S2.pdf,NA,NA,y,85_25_t1-S2.pdf
21_HIMB_t0,C15-C15ci-C15cj-C15n-C15ch-C15id-C15l,9397.0,S2.pdf,NA,NA,n,21_HIMB_t0-S2.pdf
67_25_t3,C15-C15ci-C15cj-C15n-C15ch-C15id-C15l,12838.0,S2.pdf,NA,NA,y,67_25_t3-S2.pdf
133_44_t2,C15-C15ci-C15cj-C15n-C15ch-C15id-C15l,8698.0,S2.pdf,NA,NA,n,133_44_t2-S2.pdf
117_44_t3,C15-C15ci-C15cj-C15n-C15ch-C15id-C15l,9313.0,S2.pdf,NA,NA,n,117_44_t3-S2.pdf
117_44_t1,C15-C15ci-C15cj-C15n-C15ch-C15id-C15l,7537.0,S2.pdf,NA,NA,n,117_44_t1-S2.pdf
93_25_t1,C15-C15ci-C15cj-C15n-C15ch-C15id-C15l,7496.0,S2.pdf,NA,NA,y,93_25_t1-S2.pdf
133_44_t3,C15-C15ci-C15cj-C15n-C15ch-C15id-C15l,9287.0,S2.pdf,NA,NA,n,133_44_t3-S2.pdf
139_44_t1,C15-C15ci-C15cj-C15n-C15ch-C15id-C15l,7280.0,S2.pdf,NA,NA,n,139_44_t1-S2.pdf
115_44_t2,C15-C15ci-C15cj-C15n-C15ch-C15id-C15l,8060.0,S2.pdf,NA,NA,n,115_44_t2-S2.pdf
133_44_t0,C15-C15ci-C15cj-C15n-C15ch-C15id-C15l,11930.0,S2.pdf,NA,NA,n,133_44_t0-S2.pdf
81_25_t1,C15-C15ci-C15cj-C15n-C15ch-C15id-C15l,7719.0,S2.pdf,NA,NA,y,81_25_t1-S2.pdf
117_44_t2,C15-C15ci-C15cj-C15n-C15ch-C15id-C15l,7633.0,S2.pdf,NA,NA,n,117_44_t2-S2.pdf
85_25_t0,C15-C15ci-C15cj-C15n-C15ch-C15id-C15l,7539.0,S2.pdf,NA,NA,y,85_25_t0-S2.pdf
133_44_t1,C15-C15ci-C15cj-C15n-C15ch-C15id-C15l,7591.0,S2.pdf,NA,NA,n,133_44_t1-S2.pdf
85_25_t3,C15-C15ci-C15cj-C15n-C15ch-C15id-C15l,10752.0,S2.pdf,NA,NA,y,85_25_t3-S2.pdf
115_44_t1,C15-C15ci-C15cj-C15n-C15ch-C15id-C15l,6899.0,S2.pdf,NA,NA,n,115_44_t1-S2.pdf
56_25_t2,C15-C15ci-C15cj-C15n-C15ch-C15id-C15l,7939.0,S2.pdf,NA,NA,y,56_25_t2-S2.pdf
56_25_t1,C15-C15ci-C15cj-C15n-C15ch-C15id-C15l,7588.0,S2.pdf,NA,NA,y,56_25_t1-S2.pdf
117_44_t0,C15-C15ci-C15cj-C15n-C15ch-C15id-C15l,5444.0,S2.pdf,NA,NA,n,117_44_t0-S2.pdf
85_25_t2,C15-C15ci-C15cj-C15n-C15ch-C15id-C15l,6717.0,S2.pdf,NA,NA,y,85_25_t2-S2.pdf
41_HIMB_t3,C15-C15ci-C15cj-C15n-C15ch-C15id-C15l,9365.0,S2.pdf,NA,NA,n,41_HIMB_t3-S2.pdf
41_HIMB_t2,C15-C15ci-C15cj-C15n-C15ch-C15id-C15l,9841.0,S2.pdf,NA,NA,n,41_HIMB_t2-S2.pdf
105_44_t0,C15-C15ci-C15cj-C15n-C15ch-C15id-C15l,4090.0,S2.pdf,NA,NA,n,105_44_t0-S2.pdf
20_HIMB_t0,D4/D1/D6-D1ab-D3h,13609.0,S2.pdf,NA,NA,n,20_HIMB_t0-S2.pdf
20_HIMB_t1,D4/D1/D6-D1ab-D3h,14272.0,S2.pdf,NA,NA,n,20_HIMB_t1-S2.pdf
20_HIMB_t3,D4/D1/D6-D1ab-D3h,15309.0,S2.pdf,NA,NA,n,20_HIMB_t3-S2.pdf
26_HIMB_t1,D4/D1/D6-D1ab-D3h,19152.0,S2.pdf,NA,NA,n,26_HIMB_t1-S2.pdf
20_HIMB_t2,D4/D1/D6-D1ab-D3h,15590.0,S2.pdf,NA,NA,n,20_HIMB_t2-S2.pdf
32_HIMB_t1,D4/D1/D6-D1ab-D3h,20605.0,S2.pdf,NA,NA,n,32_HIMB_t1-S2.pdf
32_HIMB_t2,D4/D1/D6-D1ab-D3h,16339.0,S2.pdf,NA,NA,n,32_HIMB_t2-S2.pdf
32_HIMB_t0,D4/D1/D6-D1ab-D3h,17790.0,S2.pdf,NA,NA,n,32_HIMB_t0-S2.pdf
120_44_t3,D4/D1/D6-D1ab-D3h,12912.0,S2.pdf,NA,NA,n,120_44_t3-S2.pdf
126_44_t3,D4/D1/D6-D1ab-D3h,19850.0,S2.pdf,NA,NA,n,126_44_t3-S2.pdf
32_HIMB_t3,D4/D1/D6-D1ab-D3h,16438.0,S2.pdf,NA,NA,n,32_HIMB_t3-S2.pdf
4_HIMB_t2,D4/D1/D6-D1ab-D3h,15872.0,S2.pdf,NA,NA,n,4_HIMB_t2-S2.pdf
80_25_t3,D4/D1/D6-D1ab-D3h,11566.0,S2.pdf,NA,NA,y,80_25_t3-S2.pdf
4_HIMB_t1,C1d,65.0,S2.pdf,NA,NA,n,4_HIMB_t1-S2.pdf
4_HIMB_t1,C31,109.0,S2.pdf,NA,NA,n,4_HIMB_t1-S2.pdf
4_HIMB_t1,D4/D1/D6-D1ab-D3h,18412.0,S2.pdf,NA,NA,n,4_HIMB_t1-S2.pdf
26_HIMB_t0,C1d/C15,96.0,S2.pdf,NA,NA,n,26_HIMB_t0-S2.pdf
26_HIMB_t0,D4/D1/D6-D1ab-D3h,15372.0,S2.pdf,NA,NA,n,26_HIMB_t0-S2.pdf
4_HIMB_t0,C31,82.0,S2.pdf,NA,NA,n,4_HIMB_t0-S2.pdf
4_HIMB_t0,D4/D1/D6-D1ab-D3h,14089.0,S2.pdf,NA,NA,n,4_HIMB_t0-S2.pdf
126_44_t0,C31/C17d-C21,164.0,S2.pdf,NA,NA,n,126_44_t0-S2.pdf
126_44_t0,D4/D1/D6-D1ab-D3h,9474.0,S2.pdf,NA,NA,n,126_44_t0-S2.pdf
126_44_t2,C1d/C15,188.0,S2.pdf,NA,NA,n,126_44_t2-S2.pdf
126_44_t2,C31,103.0,S2.pdf,NA,NA,n,126_44_t2-S2.pdf
126_44_t2,D4/D1/D6-D1ab-D3h,9724.0,S2.pdf,NA,NA,n,126_44_t2-S2.pdf
126_44_t1,C1d/C15,146.0,S2.pdf,NA,NA,n,126_44_t1-S2.pdf
126_44_t1,C31/C17d-C31.1,136.0,S2.pdf,NA,NA,n,126_44_t1-S2.pdf
126_44_t1,D4/D1/D6-D1ab-D3h,9793.0,S2.pdf,NA,NA,n,126_44_t1-S2.pdf
26_HIMB_t2,C1d,84.0,S2.pdf,NA,NA,n,26_HIMB_t2-S2.pdf
26_HIMB_t2,C31/C17d-C21-C21ac,372.0,S2.pdf,NA,NA,n,26_HIMB_t2-S2.pdf
26_HIMB_t2,D4/D1/D6-D1ab-D3h,14493.0,S2.pdf,NA,NA,n,26_HIMB_t2-S2.pdf
4_HIMB_t3,C15/C15ch,307.0,S2.pdf,NA,NA,n,4_HIMB_t3-S2.pdf
4_HIMB_t3,D4/D1/D6-D1ab-D3h,14425.0,S2.pdf,NA,NA,n,4_HIMB_t3-S2.pdf
26_HIMB_t3,C1d/C15,878.0,S2.pdf,NA,NA,n,26_HIMB_t3-S2.pdf
26_HIMB_t3,D4/D1/D6-D1ab-D3h,17020.0,S2.pdf,NA,NA,n,26_HIMB_t3-S2.pdf
70_25_t2,C31/C17d/C15-C21-C21ac-C17e,621.0,S2.pdf,NA,NA,y,70_25_t2-S2.pdf
70_25_t2,D4/D1/D6-D1ab-D3h,9447.0,S2.pdf,NA,NA,y,70_25_t2-S2.pdf
138_44_t3,C17d/C31-C21-C21ac-C17e-C17f-C31.9,997.0,S2.pdf,NA,NA,n,138_44_t3-S2.pdf
138_44_t3,D4/D1/D6-D1ab-D3h,14793.0,S2.pdf,NA,NA,n,138_44_t3-S2.pdf
70_25_t0,C31/C17d/C15-C21-C21ac-C17e,899.0,S2.pdf,NA,NA,y,70_25_t0-S2.pdf
70_25_t0,D4/D1/D6-D1ab-D3h,10463.0,S2.pdf,NA,NA,y,70_25_t0-S2.pdf
70_25_t1,C31/C17d-C21-C21ac-C17e,794.0,S2.pdf,NA,NA,y,70_25_t1-S2.pdf
70_25_t1,D4/D1/D6-D1ab-D3h,8912.0,S2.pdf,NA,NA,y,70_25_t1-S2.pdf
70_25_t3,C31/C17d-C21-C21ac-C17e,1446.0,S2.pdf,NA,NA,y,70_25_t3-S2.pdf
70_25_t3,D4/D1/D6-D1ab-D3h,10337.0,S2.pdf,NA,NA,y,70_25_t3-S2.pdf
58_25_t1,C31-C17d-C31.1-C21-C31a-C17e-C21ac,3137.0,S2.pdf,NA,NA,y,58_25_t1-S2.pdf
58_25_t1,C3/C1,61.0,S2.pdf,NA,NA,y,58_25_t1-S2.pdf
58_25_t1,D4/D1/D6-D1ab-D3h,10757.0,S2.pdf,NA,NA,y,58_25_t1-S2.pdf
138_44_t2,C31/C17d-C21-C31.9-C21ac-C17e-C31h-C31i,2553.0,S2.pdf,NA,NA,n,138_44_t2-S2.pdf
138_44_t2,C1d,503.0,S2.pdf,NA,NA,n,138_44_t2-S2.pdf
138_44_t2,D4/D1/D6-D1ab-D3h,8210.0,S2.pdf,NA,NA,n,138_44_t2-S2.pdf
58_25_t0,C31-C17d-C31.1-C31a-C21-C31f-C17e-C31l-C21ac,3263.0,S2.pdf,NA,NA,y,58_25_t0-S2.pdf
58_25_t0,D4/D1/D6-D1ab-D3h,6346.0,S2.pdf,NA,NA,y,58_25_t0-S2.pdf
8_HIMB_t3,C31/C17d-C21-C21ac-C31k-C31.9-C17f,4322.0,S2.pdf,NA,NA,n,8_HIMB_t3-S2.pdf
8_HIMB_t3,C3/C1,120.0,S2.pdf,NA,NA,n,8_HIMB_t3-S2.pdf
8_HIMB_t3,D4/D1/D6-D1ab-D3h,9570.0,S2.pdf,NA,NA,n,8_HIMB_t3-S2.pdf
138_44_t0,C31/C17d-C21-C31.9-C21ac-C17e-C31h-C31i,3450.0,S2.pdf,NA,NA,n,138_44_t0-S2.pdf
138_44_t0,D4/D1/D6-D1ab-D3h,6010.0,S2.pdf,NA,NA,n,138_44_t0-S2.pdf
125_44_t2,C31/C17d-C21-C21ac-C31k-C31.9-C17f,3640.0,S2.pdf,NA,NA,n,125_44_t2-S2.pdf
125_44_t2,D4/D1/D6-D1ab-D3h,5636.0,S2.pdf,NA,NA,n,125_44_t2-S2.pdf
58_25_t2,C31/C17d-C31.1-C21-C31a-C31f-C21ac-C17e-C31j,3735.0,S2.pdf,NA,NA,y,58_25_t2-S2.pdf
58_25_t2,D4/D1/D6-D1ab-D3h,4823.0,S2.pdf,NA,NA,y,58_25_t2-S2.pdf
142_44_t2,C1d-C42.2-C1-C3cg-C1b-C3cw-C115k,18661.0,S2.pdf,NA,NA,n,142_44_t2-S2.pdf
37_HIMB_t1,C1d-C42.2-C1-C3cg-C1b-C3cw-C115k,15906.0,S2.pdf,NA,NA,n,37_HIMB_t1-S2.pdf
75_25_t1,C1d-C42.2-C1-C3cg-C1b-C3cw-C115k,11490.0,S2.pdf,NA,NA,y,75_25_t1-S2.pdf
142_44_t0,C1d-C42.2-C1-C3cg-C1b-C3cw-C115k,8783.0,S2.pdf,NA,NA,n,142_44_t0-S2.pdf
37_HIMB_t3,C1d-C42.2-C1-C3cg-C1b-C3cw-C115k,21338.0,S2.pdf,NA,NA,n,37_HIMB_t3-S2.pdf
75_25_t3,C1d-C42.2-C1-C3cg-C1b-C3cw-C115k,11645.0,S2.pdf,NA,NA,y,75_25_t3-S2.pdf
87_25_t0,C1d-C42.2-C1-C3cg-C1b-C3cw-C115k,10726.0,S2.pdf,NA,NA,y,87_25_t0-S2.pdf
142_44_t1,C1d-C42.2-C1-C3cg-C1b-C3cw-C115k,11547.0,S2.pdf,NA,NA,n,142_44_t1-S2.pdf
17_HIMB_t2,C1d-C42.2-C1-C3cg-C1b-C3cw-C115k,16627.0,S2.pdf,NA,NA,n,17_HIMB_t2-S2.pdf
17_HIMB_t1,C1d-C42.2-C1-C3cg-C1b-C3cw-C115k,21469.0,S2.pdf,NA,NA,n,17_HIMB_t1-S2.pdf
145_44_t3,C1d-C42.2-C1-C3cg-C1b-C3cw-C115k,16623.0,S2.pdf,NA,NA,n,145_44_t3-S2.pdf
143_44_t3,C1d-C42.2-C1-C3cg-C1b-C3cw-C115k,18406.0,S2.pdf,NA,NA,n,143_44_t3-S2.pdf
143_44_t0,C1d-C42.2-C1-C3cg-C1b-C3cw-C115k,10771.0,S2.pdf,NA,NA,n,143_44_t0-S2.pdf
75_25_t2,C1d-C42.2-C1-C3cg-C1b-C3cw-C115k,12561.0,S2.pdf,NA,NA,y,75_25_t2-S2.pdf
145_44_t0,C1d-C42.2-C1-C3cg-C1b-C3cw-C115k,15663.0,S2.pdf,NA,NA,n,145_44_t0-S2.pdf
143_44_t1,C1d-C42.2-C1-C3cg-C1b-C3cw-C115k,11489.0,S2.pdf,NA,NA,n,143_44_t1-S2.pdf
38_HIMB_t3,C1d-C42.2-C1-C3cg-C1b-C3cw-C115k,15416.0,S2.pdf,NA,NA,n,38_HIMB_t3-S2.pdf
145_44_t1,C1d-C42.2-C1-C3cg-C1b-C3cw-C115k,10796.0,S2.pdf,NA,NA,n,145_44_t1-S2.pdf
75_25_t0,C1d-C42.2-C1-C3cg-C1b-C3cw-C115k,11785.0,S2.pdf,NA,NA,y,75_25_t0-S2.pdf
38_HIMB_t2,C1d-C42.2-C1-C3cg-C1b-C3cw-C115k,16411.0,S2.pdf,NA,NA,n,38_HIMB_t2-S2.pdf
30_HIMB_t3,C1d-C42.2-C1-C3cg-C1b-C3cw-C115k,19863.0,S2.pdf,NA,NA,n,30_HIMB_t3-S2.pdf
145_44_t2,C1d-C42.2-C1-C3cg-C1b-C3cw-C115k,16445.0,S2.pdf,NA,NA,n,145_44_t2-S2.pdf
46_HIMB_t2,C1d-C42.2-C1-C3cg-C1b-C3cw-C115k,18140.0,S2.pdf,NA,NA,n,46_HIMB_t2-S2.pdf
17_HIMB_t0,C1d-C42.2-C1-C3cg-C1b-C3cw-C115k,16613.0,S2.pdf,NA,NA,n,17_HIMB_t0-S2.pdf
17_HIMB_t0,C15h/C3,358.0,S2.pdf,NA,NA,n,17_HIMB_t0-S2.pdf
46_HIMB_t1,C1d-C42.2-C1-C3cg-C1b-C3cw-C115k,18808.0,S2.pdf,NA,NA,n,46_HIMB_t1-S2.pdf
38_HIMB_t1,C1d-C42.2-C1-C3cg-C1b-C3cw-C115k,18106.0,S2.pdf,NA,NA,n,38_HIMB_t1-S2.pdf
30_HIMB_t2,C1d-C42.2-C1-C3cg-C1b-C3cw-C115k,14532.0,S2.pdf,NA,NA,n,30_HIMB_t2-S2.pdf
46_HIMB_t0,C1d-C42.2-C1-C3cg-C1b-C3cw-C115k,14137.0,S2.pdf,NA,NA,n,46_HIMB_t0-S2.pdf
97_25_t0,C1d-C42.2-C1-C3cg-C1b-C3cw-C115k,10607.0,S2.pdf,NA,NA,y,97_25_t0-S2.pdf
148_44_t3,C1d-C42.2-C1-C3cg-C1b-C3cw-C115k,16332.0,S2.pdf,NA,NA,n,148_44_t3-S2.pdf
148_44_t0,C1d-C42.2-C1-C3cg-C1b-C3cw-C115k,7673.0,S2.pdf,NA,NA,n,148_44_t0-S2.pdf
148_44_t2,C1d-C42.2-C1-C3cg-C1b-C3cw-C115k,16244.0,S2.pdf,NA,NA,n,148_44_t2-S2.pdf
30_HIMB_t0,C1d-C42.2-C1-C3cg-C1b-C3cw-C115k,12620.0,S2.pdf,NA,NA,n,30_HIMB_t0-S2.pdf
148_44_t1,C1d-C42.2-C1-C3cg-C1b-C3cw-C115k,9535.0,S2.pdf,NA,NA,n,148_44_t1-S2.pdf
135_44_t0,C15-C15ci-C15cl-C15n-C15ie-C15ch,4556.0,S2.pdf,NA,NA,n,135_44_t0-S2.pdf
135_44_t1,C15-C15ci-C15cl-C15n-C15ie-C15ch,8151.0,S2.pdf,NA,NA,n,135_44_t1-S2.pdf
67_25_t0,C15-C15ci-C15cl-C15n-C15ie-C15ch,7660.0,S2.pdf,NA,NA,y,67_25_t0-S2.pdf
86_25_t1,C15-C15ci-C15cl-C15n-C15ie-C15ch,12851.0,S2.pdf,NA,NA,y,86_25_t1-S2.pdf
67_25_t2,C15-C15ci-C15cl-C15n-C15ie-C15ch,9304.0,S2.pdf,NA,NA,y,67_25_t2-S2.pdf
81_25_t3,C15-C15ci-C15cl-C15n-C15ie-C15ch,7492.0,S2.pdf,NA,NA,y,81_25_t3-S2.pdf
59_25_t1,C15-C15ci-C15cl-C15n-C15ie-C15ch,7950.0,S2.pdf,NA,NA,y,59_25_t1-S2.pdf
81_25_t2,C15-C15ci-C15cl-C15n-C15ie-C15ch,7500.0,S2.pdf,NA,NA,y,81_25_t2-S2.pdf
59_25_t2,C15-C15ci-C15cl-C15n-C15ie-C15ch,7255.0,S2.pdf,NA,NA,y,59_25_t2-S2.pdf
59_25_t3,C15-C15ci-C15cl-C15n-C15ie-C15ch,8217.0,S2.pdf,NA,NA,y,59_25_t3-S2.pdf
103_44_t0,C15-C15ci-C15cl-C15n-C15ie-C15ch,6476.0,S2.pdf,NA,NA,n,103_44_t0-S2.pdf
59_25_t0,C15-C15ci-C15cl-C15n-C15ie-C15ch,9045.0,S2.pdf,NA,NA,y,59_25_t0-S2.pdf
56_25_t0,C15-C15ci-C15cl-C15n-C15ie-C15ch,8968.0,S2.pdf,NA,NA,y,56_25_t0-S2.pdf
13_HIMB_t0,C15-C15ci-C15cl-C15n-C15ie-C15ch,9367.0,S2.pdf,NA,NA,n,13_HIMB_t0-S2.pdf
56_25_t3,C15-C15ci-C15cl-C15n-C15ie-C15ch,8322.0,S2.pdf,NA,NA,y,56_25_t3-S2.pdf
86_25_t3,C15-C15ci-C15cl-C15n-C15ie-C15ch,17147.0,S2.pdf,NA,NA,y,86_25_t3-S2.pdf
74_25_t3,C15-C15ci-C15cl-C15n-C15ie-C15ch,7680.0,S2.pdf,NA,NA,y,74_25_t3-S2.pdf
73_25_t0,C15-C15ci-C15cl-C15n-C15ie-C15ch,4634.0,S2.pdf,NA,NA,y,73_25_t0-S2.pdf
73_25_t0,C3,406.0,S2.pdf,NA,NA,y,73_25_t0-S2.pdf
42_HIMB_t2,C15-C15ci-C15cl-C15n-C15ie-C15ch,8891.0,S2.pdf,NA,NA,n,42_HIMB_t2-S2.pdf
67_25_t1,C15-C15ci-C15cl-C15n-C15ie-C15ch,5622.0,S2.pdf,NA,NA,y,67_25_t1-S2.pdf
67_25_t1,C3u/C3,743.0,S2.pdf,NA,NA,y,67_25_t1-S2.pdf
15_HIMB_t1,C15-C15ci-C15cl-C15n-C15ie-C15ch,5468.0,S2.pdf,NA,NA,n,15_HIMB_t1-S2.pdf
15_HIMB_t1,C3u/C3,1864.0,S2.pdf,NA,NA,n,15_HIMB_t1-S2.pdf
149_44_t3,C1d/C42.2-C1-C3cg,15248.0,S2.pdf,NA,NA,n,149_44_t3-S2.pdf
89_25_t3,C1d/C42.2-C1-C3cg,19316.0,S2.pdf,NA,NA,y,89_25_t3-S2.pdf
89_25_t0,C1d/C42.2-C1-C3cg,12570.0,S2.pdf,NA,NA,y,89_25_t0-S2.pdf
98_25_t0,C1d/C42.2-C1-C3cg,11023.0,S2.pdf,NA,NA,y,98_25_t0-S2.pdf
48_HIMB_t2,C1d/C42.2-C1-C3cg,19991.0,S2.pdf,NA,NA,n,48_HIMB_t2-S2.pdf
98_25_t1,C1d/C42.2-C1-C3cg,13452.0,S2.pdf,NA,NA,y,98_25_t1-S2.pdf
76_25_t1,C1d/C42.2-C1-C3cg,11047.0,S2.pdf,NA,NA,y,76_25_t1-S2.pdf
88_25_t1,C1d/C42.2-C1-C3cg,12679.0,S2.pdf,NA,NA,y,88_25_t1-S2.pdf
76_25_t3,C1d/C42.2-C1-C3cg,14291.0,S2.pdf,NA,NA,y,76_25_t3-S2.pdf
149_44_t2,C1d/C42.2-C1-C3cg,21115.0,S2.pdf,NA,NA,n,149_44_t2-S2.pdf
149_44_t1,C1d/C42.2-C1-C3cg,9137.0,S2.pdf,NA,NA,n,149_44_t1-S2.pdf
142_44_t3,C1d/C42.2-C1-C3cg,20749.0,S2.pdf,NA,NA,n,142_44_t3-S2.pdf
99_25_t3,C1d/C42.2-C1-C3cg,13873.0,S2.pdf,NA,NA,y,99_25_t3-S2.pdf
88_25_t0,C1d/C42.2-C1-C3cg,11554.0,S2.pdf,NA,NA,y,88_25_t0-S2.pdf
87_25_t1,C1d/C42.2-C1-C3cg,15363.0,S2.pdf,NA,NA,y,87_25_t1-S2.pdf
89_25_t1,C1d/C42.2-C1-C3cg,11705.0,S2.pdf,NA,NA,y,89_25_t1-S2.pdf
30_HIMB_t1,C1d/C42.2-C1-C3cg,20324.0,S2.pdf,NA,NA,n,30_HIMB_t1-S2.pdf
76_25_t2,C1d/C42.2-C1-C3cg,11235.0,S2.pdf,NA,NA,y,76_25_t2-S2.pdf
17_HIMB_t3,C1d/C42.2-C1-C3cg,20597.0,S2.pdf,NA,NA,n,17_HIMB_t3-S2.pdf
17_HIMB_t3,D1/D4/D6,402.0,S2.pdf,NA,NA,n,17_HIMB_t3-S2.pdf
19_HIMB_t3,C31/C17d-C21-C31.9-C21ac-C17e-C31h-C31i,13261.0,S2.pdf,NA,NA,n,19_HIMB_t3-S2.pdf
65_25_t3,C31/C17d-C21-C31.9-C21ac-C17e-C31h-C31i,9381.0,S2.pdf,NA,NA,y,65_25_t3-S2.pdf
19_HIMB_t0,C31/C17d-C21-C31.9-C21ac-C17e-C31h-C31i,12743.0,S2.pdf,NA,NA,n,19_HIMB_t0-S2.pdf
19_HIMB_t2,C31/C17d-C21-C31.9-C21ac-C17e-C31h-C31i,14489.0,S2.pdf,NA,NA,n,19_HIMB_t2-S2.pdf
19_HIMB_t1,C31/C17d-C21-C31.9-C21ac-C17e-C31h-C31i,14181.0,S2.pdf,NA,NA,n,19_HIMB_t1-S2.pdf
19_HIMB_t1,D4/D1-D6-D1ab-D17d-D17j-D3h,338.0,S2.pdf,NA,NA,n,19_HIMB_t1-S2.pdf
54_25_t3,C31/C17d-C21-C31.9-C21ac-C17e-C31h-C31i,10562.0,S2.pdf,NA,NA,y,54_25_t3-S2.pdf
65_25_t1,C31/C17d-C21-C31.9-C21ac-C17e-C31h-C31i,9508.0,S2.pdf,NA,NA,y,65_25_t1-S2.pdf
65_25_t0,C31/C17d-C21-C31.9-C21ac-C17e-C31h-C31i,7404.0,S2.pdf,NA,NA,y,65_25_t0-S2.pdf
65_25_t2,C31/C17d-C21-C31.9-C21ac-C17e-C31h-C31i,8707.0,S2.pdf,NA,NA,y,65_25_t2-S2.pdf
54_25_t1,C31/C17d-C21-C31.9-C21ac-C17e-C31h-C31i,10869.0,S2.pdf,NA,NA,y,54_25_t1-S2.pdf
54_25_t2,C31/C17d-C21-C31.9-C21ac-C17e-C31h-C31i,9999.0,S2.pdf,NA,NA,y,54_25_t2-S2.pdf
54_25_t0,C31/C17d-C21-C31.9-C21ac-C17e-C31h-C31i,10369.0,S2.pdf,NA,NA,y,54_25_t0-S2.pdf
71_25_t3,C31/C17d-C21-C31.9-C21ac-C17e-C31h-C31i,12371.0,S2.pdf,NA,NA,y,71_25_t3-S2.pdf
71_25_t3,D4/D1-D6-D1ab-D17d-D17j-D3h,1926.0,S2.pdf,NA,NA,y,71_25_t3-S2.pdf
8_HIMB_t0,C31/C17d-C21-C31.9-C21ac-C17e-C31h-C31i,7281.0,S2.pdf,NA,NA,n,8_HIMB_t0-S2.pdf
8_HIMB_t0,D4/D1-D6-D1ab-D17d-D17j-D3h,5114.0,S2.pdf,NA,NA,n,8_HIMB_t0-S2.pdf
8_HIMB_t1,C31/C17d-C21-C31.9-C21ac-C17e-C31h-C31i,8108.0,S2.pdf,NA,NA,n,8_HIMB_t1-S2.pdf
8_HIMB_t1,D4/D1-D6-D1ab-D17d-D17j-D3h,7421.0,S2.pdf,NA,NA,n,8_HIMB_t1-S2.pdf
150_44_t3,C1d,21557.0,S2.pdf,NA,NA,n,150_44_t3-S2.pdf
150_44_t2,C1d,17101.0,S2.pdf,NA,NA,n,150_44_t2-S2.pdf
150_44_t1,C1d,10913.0,S2.pdf,NA,NA,n,150_44_t1-S2.pdf
150_44_t0,C1d,9910.0,S2.pdf,NA,NA,n,150_44_t0-S2.pdf
144_44_t3,C1d,20121.0,S2.pdf,NA,NA,n,144_44_t3-S2.pdf
144_44_t0,C1d,12986.0,S2.pdf,NA,NA,n,144_44_t0-S2.pdf
NEG_t0_3,C1d,18529.0,S2.pdf,NA,NA,n,NEG_t0_3-S2.pdf
144_44_t1,C1d,11000.0,S2.pdf,NA,NA,n,144_44_t1-S2.pdf
NEG_t0_1,C1d,8497.0,S2.pdf,NA,NA,n,NEG_t0_1-S2.pdf
144_44_t2,C1d,15232.0,S2.pdf,NA,NA,n,144_44_t2-S2.pdf
NEG_t2_2,C1d,1715.0,S2.pdf,NA,NA,n,NEG_t2_2-S2.pdf
97_25_t2,C1d,8489.0,S2.pdf,NA,NA,y,97_25_t2-S2.pdf
66_25_t2,C31/C17d-C21-C31a-C21ac-C31.9-C17e,11376.0,S2.pdf,NA,NA,y,66_25_t2-S2.pdf
66_25_t1,C31/C17d-C21-C31a-C21ac-C31.9-C17e,10319.0,S2.pdf,NA,NA,y,66_25_t1-S2.pdf
130_44_t3,C31/C17d-C21-C31a-C21ac-C31.9-C17e,13342.0,S2.pdf,NA,NA,n,130_44_t3-S2.pdf
66_25_t0,C31/C17d-C21-C31a-C21ac-C31.9-C17e,9218.0,S2.pdf,NA,NA,y,66_25_t0-S2.pdf
66_25_t3,C31/C17d-C21-C31a-C21ac-C31.9-C17e,11780.0,S2.pdf,NA,NA,y,66_25_t3-S2.pdf
132_44_t2,C31/C17d-C21-C31a-C21ac-C31.9-C17e,10859.0,S2.pdf,NA,NA,n,132_44_t2-S2.pdf
130_44_t1,C31/C17d-C21-C31a-C21ac-C31.9-C17e,8040.0,S2.pdf,NA,NA,n,130_44_t1-S2.pdf
130_44_t2,C31/C17d-C21-C31a-C21ac-C31.9-C17e,13786.0,S2.pdf,NA,NA,n,130_44_t2-S2.pdf
84_25_t2,C31/C17d-C21-C31a-C21ac-C31.9-C17e,10765.0,S2.pdf,NA,NA,y,84_25_t2-S2.pdf
132_44_t0,C31/C17d-C21-C31a-C21ac-C31.9-C17e,7704.0,S2.pdf,NA,NA,n,132_44_t0-S2.pdf
84_25_t3,C31/C17d-C21-C31a-C21ac-C31.9-C17e,11950.0,S2.pdf,NA,NA,y,84_25_t3-S2.pdf
130_44_t0,C31/C17d-C21-C31a-C21ac-C31.9-C17e,6065.0,S2.pdf,NA,NA,n,130_44_t0-S2.pdf
84_25_t1,C31/C17d-C21-C31a-C21ac-C31.9-C17e,9681.0,S2.pdf,NA,NA,y,84_25_t1-S2.pdf
84_25_t0,C31/C17d-C21-C31a-C21ac-C31.9-C17e,11650.0,S2.pdf,NA,NA,y,84_25_t0-S2.pdf
110_44_t2,C17d/C31-C21-C21ac-C17e-C17f-C31.9,9938.0,S2.pdf,NA,NA,n,110_44_t2-S2.pdf
137_44_t3,C17d/C31-C21-C21ac-C17e-C17f-C31.9,13911.0,S2.pdf,NA,NA,n,137_44_t3-S2.pdf
137_44_t1,C17d/C31-C21-C21ac-C17e-C17f-C31.9,8824.0,S2.pdf,NA,NA,n,137_44_t1-S2.pdf
110_44_t1,C17d/C31-C21-C21ac-C17e-C17f-C31.9,6722.0,S2.pdf,NA,NA,n,110_44_t1-S2.pdf
110_44_t3,C17d/C31-C21-C21ac-C17e-C17f-C31.9,14514.0,S2.pdf,NA,NA,n,110_44_t3-S2.pdf
78_25_t3,C17d/C31-C21-C21ac-C17e-C17f-C31.9,14126.0,S2.pdf,NA,NA,y,78_25_t3-S2.pdf
110_44_t0,C17d/C31-C21-C21ac-C17e-C17f-C31.9,9383.0,S2.pdf,NA,NA,n,110_44_t0-S2.pdf
137_44_t2,C17d/C31-C21-C21ac-C17e-C17f-C31.9,10953.0,S2.pdf,NA,NA,n,137_44_t2-S2.pdf
132_44_t1,C17d/C31-C21-C21ac-C17e-C17f-C31.9,9883.0,S2.pdf,NA,NA,n,132_44_t1-S2.pdf
43_HIMB_t0,C17d/C31-C21-C21ac-C17e-C17f-C31.9,13097.0,S2.pdf,NA,NA,n,43_HIMB_t0-S2.pdf
43_HIMB_t0,D1/D4/D6/D1ab,1815.0,S2.pdf,NA,NA,n,43_HIMB_t0-S2.pdf
78_25_t2,C17d/C31-C21-C21ac-C17e-C17f-C31.9,7630.0,S2.pdf,NA,NA,y,78_25_t2-S2.pdf
78_25_t2,D4/D1-D6-D1ab-D17d-D17j-D3h,2351.0,S2.pdf,NA,NA,y,78_25_t2-S2.pdf
78_25_t1,C17d/C31-C21-C21ac-C17e-C17f-C31.9,4725.0,S2.pdf,NA,NA,y,78_25_t1-S2.pdf
78_25_t1,D4/D1/D6-D1ab-D3h,4673.0,S2.pdf,NA,NA,y,78_25_t1-S2.pdf
98_25_t3,C1d/C42.2/C1-C1k-C1b,12098.0,S2.pdf,NA,NA,y,98_25_t3-S2.pdf
98_25_t2,C1d/C42.2/C1-C1k-C1b,12265.0,S2.pdf,NA,NA,y,98_25_t2-S2.pdf
18_HIMB_t1,C1d/C42.2/C1-C1k-C1b,18296.0,S2.pdf,NA,NA,n,18_HIMB_t1-S2.pdf
99_25_t0,C1d/C42.2/C1-C1k-C1b,13333.0,S2.pdf,NA,NA,y,99_25_t0-S2.pdf
99_25_t1,C1d/C42.2/C1-C1k-C1b,14659.0,S2.pdf,NA,NA,y,99_25_t1-S2.pdf
76_25_t0,C1d/C42.2/C1-C1k-C1b,11124.0,S2.pdf,NA,NA,y,76_25_t0-S2.pdf
87_25_t3,C1d/C42.2/C1-C1k-C1b,15534.0,S2.pdf,NA,NA,y,87_25_t3-S2.pdf
87_25_t2,C1d/C42.2/C1-C1k-C1b,9268.0,S2.pdf,NA,NA,y,87_25_t2-S2.pdf
88_25_t3,C1d/C42.2/C1-C1k-C1b,16431.0,S2.pdf,NA,NA,y,88_25_t3-S2.pdf
37_HIMB_t0,C1d/C42.2/C1-C1k-C1b,15482.0,S2.pdf,NA,NA,n,37_HIMB_t0-S2.pdf
37_HIMB_t2,C1d/C42.2/C1-C1k-C1b,15429.0,S2.pdf,NA,NA,n,37_HIMB_t2-S2.pdf
143_44_t2,C1d/C42.2/C1-C1k-C1b,13224.0,S2.pdf,NA,NA,n,143_44_t2-S2.pdf
46_HIMB_t3,C1d/C42.2/C1-C1k-C1b,14108.0,S2.pdf,NA,NA,n,46_HIMB_t3-S2.pdf
53_25_t2,C31/C17d-C31.1-C21-C31a-C31f-C21ac-C17e-C31j,12751.0,S2.pdf,NA,NA,y,53_25_t2-S2.pdf
25_HIMB_t3,C31/C17d-C31.1-C21-C31a-C31f-C21ac-C17e-C31j,18140.0,S2.pdf,NA,NA,n,25_HIMB_t3-S2.pdf
25_HIMB_t1,C31/C17d-C31.1-C21-C31a-C31f-C21ac-C17e-C31j,14102.0,S2.pdf,NA,NA,n,25_HIMB_t1-S2.pdf
127_44_t2,C31/C17d-C31.1-C21-C31a-C31f-C21ac-C17e-C31j,15108.0,S2.pdf,NA,NA,n,127_44_t2-S2.pdf
127_44_t3,C31/C17d-C31.1-C21-C31a-C31f-C21ac-C17e-C31j,14838.0,S2.pdf,NA,NA,n,127_44_t3-S2.pdf
69_25_t2,C31/C17d-C31.1-C21-C31a-C31f-C21ac-C17e-C31j,12958.0,S2.pdf,NA,NA,y,69_25_t2-S2.pdf
127_44_t0,C31/C17d-C31.1-C21-C31a-C31f-C21ac-C17e-C31j,7110.0,S2.pdf,NA,NA,n,127_44_t0-S2.pdf
127_44_t0,C1d/C15,206.0,S2.pdf,NA,NA,n,127_44_t0-S2.pdf
127_44_t1,C31/C17d-C31.1-C21-C31a-C31f-C21ac-C17e-C31j,6376.0,S2.pdf,NA,NA,n,127_44_t1-S2.pdf
121_44_t0,C31/C17d-C31.1-C21-C31a-C31f-C21ac-C17e-C31j,8914.0,S2.pdf,NA,NA,n,121_44_t0-S2.pdf
58_25_t3,C31/C17d-C31.1-C21-C31a-C31f-C21ac-C17e-C31j,6934.0,S2.pdf,NA,NA,y,58_25_t3-S2.pdf
58_25_t3,D4/D1-D6-D1ab-D17d-D17j-D3h,4462.0,S2.pdf,NA,NA,y,58_25_t3-S2.pdf
18_HIMB_t0,C1d/C42.2/C1,16743.0,S2.pdf,NA,NA,n,18_HIMB_t0-S2.pdf
47_HIMB_t3,C1d/C42.2/C1,13454.0,S2.pdf,NA,NA,n,47_HIMB_t3-S2.pdf
48_HIMB_t0,C1d/C42.2/C1,18715.0,S2.pdf,NA,NA,n,48_HIMB_t0-S2.pdf
88_25_t2,C1d/C42.2/C1,14593.0,S2.pdf,NA,NA,y,88_25_t2-S2.pdf
48_HIMB_t3,C1d/C42.2/C1,20015.0,S2.pdf,NA,NA,n,48_HIMB_t3-S2.pdf
48_HIMB_t1,C1d/C42.2/C1,15586.0,S2.pdf,NA,NA,n,48_HIMB_t1-S2.pdf
18_HIMB_t3,C1d/C42.2/C1,18514.0,S2.pdf,NA,NA,n,18_HIMB_t3-S2.pdf
47_HIMB_t2,C1d/C42.2/C1,24206.0,S2.pdf,NA,NA,n,47_HIMB_t2-S2.pdf
18_HIMB_t2,C1d/C42.2/C1,14707.0,S2.pdf,NA,NA,n,18_HIMB_t2-S2.pdf
47_HIMB_t0,C1d/C42.2/C1,12352.0,S2.pdf,NA,NA,n,47_HIMB_t0-S2.pdf
72_25_t1,C31/C17d-C21-C21ac-C17e-C31a-C17f,8993.0,S2.pdf,NA,NA,y,72_25_t1-S2.pdf
72_25_t1,D4/D1-D6-D1ab-D17d-D17j-D3h,193.0,S2.pdf,NA,NA,y,72_25_t1-S2.pdf
72_25_t3,C31/C17d-C21-C21ac-C17e-C31a-C17f,11200.0,S2.pdf,NA,NA,y,72_25_t3-S2.pdf
72_25_t0,C31/C17d-C21-C21ac-C17e-C31a-C17f,11506.0,S2.pdf,NA,NA,y,72_25_t0-S2.pdf
72_25_t0,D4/D1-D6-D1ab-D17d-D17j-D3h,435.0,S2.pdf,NA,NA,y,72_25_t0-S2.pdf
121_44_t3,C31/C17d-C21-C21ac-C17e-C31a-C17f,11460.0,S2.pdf,NA,NA,n,121_44_t3-S2.pdf
72_25_t2,C31/C17d-C21-C21ac-C17e-C31a-C17f,9760.0,S2.pdf,NA,NA,y,72_25_t2-S2.pdf
72_25_t2,D1/D4/D6,335.0,S2.pdf,NA,NA,y,72_25_t2-S2.pdf
80_25_t1,C31/C17d-C21-C21ac-C17e-C31a-C17f,5833.0,S2.pdf,NA,NA,y,80_25_t1-S2.pdf
80_25_t0,C31/C17d-C21-C21ac-C17e-C31a-C17f,9226.0,S2.pdf,NA,NA,y,80_25_t0-S2.pdf
80_25_t0,D4/D1-D6-D1ab-D17d-D17j-D3h,719.0,S2.pdf,NA,NA,y,80_25_t0-S2.pdf
80_25_t2,C31/C17d-C21-C21ac-C17e-C31a-C17f,6648.0,S2.pdf,NA,NA,y,80_25_t2-S2.pdf
80_25_t2,D4/D1-D6-D1ab-D17d-D17j-D3h,1740.0,S2.pdf,NA,NA,y,80_25_t2-S2.pdf
120_44_t2,C31/C17d-C21-C21ac-C17e-C31a-C17f,5841.0,S2.pdf,NA,NA,n,120_44_t2-S2.pdf
120_44_t2,D1/D4-D6-D1ab-D3h-D4d,2161.0,S2.pdf,NA,NA,n,120_44_t2-S2.pdf
120_44_t0,C31/C17d-C21-C21ac-C17e-C31a-C17f,3909.0,S2.pdf,NA,NA,n,120_44_t0-S2.pdf
120_44_t0,D4/D1-D6-D1ab-D17d-D17j-D3h,4111.0,S2.pdf,NA,NA,n,120_44_t0-S2.pdf
43_HIMB_t2,C31/C17d-C21-C21ac-C31k-C31.9-C17f,14350.0,S2.pdf,NA,NA,n,43_HIMB_t2-S2.pdf
43_HIMB_t2,D4/D6,183.0,S2.pdf,NA,NA,n,43_HIMB_t2-S2.pdf
43_HIMB_t3,C31/C17d-C21-C21ac-C31k-C31.9-C17f,9891.0,S2.pdf,NA,NA,n,43_HIMB_t3-S2.pdf
125_44_t3,C31/C17d-C21-C21ac-C31k-C31.9-C17f,11843.0,S2.pdf,NA,NA,n,125_44_t3-S2.pdf
125_44_t0,C31/C17d-C21-C21ac-C31k-C31.9-C17f,6078.0,S2.pdf,NA,NA,n,125_44_t0-S2.pdf
125_44_t1,C31/C17d-C21-C21ac-C31k-C31.9-C17f,7764.0,S2.pdf,NA,NA,n,125_44_t1-S2.pdf
125_44_t1,D4/D1-D6-D1ab-D17d-D17j-D3h,914.0,S2.pdf,NA,NA,n,125_44_t1-S2.pdf
109_44_t1,C31/C17d-C21-C21ac-C31k-C31.9-C17f,4317.0,S2.pdf,NA,NA,n,109_44_t1-S2.pdf
109_44_t1,C1d/C15,1382.0,S2.pdf,NA,NA,n,109_44_t1-S2.pdf
109_44_t1,D1/D4/D6/D1ab,474.0,S2.pdf,NA,NA,n,109_44_t1-S2.pdf
8_HIMB_t2,C31/C17d-C21-C21ac-C31k-C31.9-C17f,7076.0,S2.pdf,NA,NA,n,8_HIMB_t2-S2.pdf
8_HIMB_t2,D4/D1-D6-D1ab-D17d-D17j-D3h,7674.0,S2.pdf,NA,NA,n,8_HIMB_t2-S2.pdf
97_25_t3,C1d-C1di-C42.2-C1dx-C1,14851.0,S2.pdf,NA,NA,y,97_25_t3-S2.pdf
97_25_t1,C1d-C1di-C42.2-C1dx-C1,11305.0,S2.pdf,NA,NA,y,97_25_t1-S2.pdf
141_44_t1,C1d-C1di-C42.2-C1dx-C1,9353.0,S2.pdf,NA,NA,n,141_44_t1-S2.pdf
141_44_t0,C1d-C1di-C42.2-C1dx-C1,9246.0,S2.pdf,NA,NA,n,141_44_t0-S2.pdf
141_44_t2,C1d-C1di-C42.2-C1dx-C1,16612.0,S2.pdf,NA,NA,n,141_44_t2-S2.pdf
141_44_t3,C1d-C1di-C42.2-C1dx-C1,15460.0,S2.pdf,NA,NA,n,141_44_t3-S2.pdf
122_44_t3,C17d/C31-C21-C17e-C21ac-C17f-C17g,12724.0,S2.pdf,NA,NA,n,122_44_t3-S2.pdf
122_44_t2,C17d/C31-C21-C17e-C21ac-C17f-C17g,8794.0,S2.pdf,NA,NA,n,122_44_t2-S2.pdf
122_44_t2,D1/D4/D6/D1ab,239.0,S2.pdf,NA,NA,n,122_44_t2-S2.pdf
121_44_t2,C17d/C31-C21-C17e-C21ac-C17f-C17g,7702.0,S2.pdf,NA,NA,n,121_44_t2-S2.pdf
122_44_t0,C17d/C31-C21-C17e-C21ac-C17f-C17g,10724.0,S2.pdf,NA,NA,n,122_44_t0-S2.pdf
122_44_t0,D4/D1-D6-D1ab-D17d-D17j-D3h,1089.0,S2.pdf,NA,NA,n,122_44_t0-S2.pdf
124_44_t2,C31/C17d-C21-C21ac-C31.9,11591.0,S2.pdf,NA,NA,n,124_44_t2-S2.pdf
124_44_t3,C31/C17d-C21-C21ac-C31.9,14501.0,S2.pdf,NA,NA,n,124_44_t3-S2.pdf
124_44_t0,C31/C17d-C21-C21ac-C31.9,14083.0,S2.pdf,NA,NA,n,124_44_t0-S2.pdf
132_44_t3,C31/C17d-C21-C21ac-C31.9,11856.0,S2.pdf,NA,NA,n,132_44_t3-S2.pdf
124_44_t1,C1d,914.0,S2.pdf,NA,NA,n,124_44_t1-S2.pdf
124_44_t1,C31/C17d-C21-C21ac-C31.9,6183.0,S2.pdf,NA,NA,n,124_44_t1-S2.pdf
53_25_t3,C31-C17d-C31.1-C21-C31a-C17e-C21ac,12103.0,S2.pdf,NA,NA,y,53_25_t3-S2.pdf
69_25_t3,C31-C17d-C31.1-C21-C31a-C17e-C21ac,13063.0,S2.pdf,NA,NA,y,69_25_t3-S2.pdf
121_44_t1,C31-C17d-C31.1-C21-C31a-C17e-C21ac,5609.0,S2.pdf,NA,NA,n,121_44_t1-S2.pdf
121_44_t1,D4/D1/D6-D1ab-D3h,360.0,S2.pdf,NA,NA,n,121_44_t1-S2.pdf
44_HIMB_t3,C31/C17d/C21-C31.9-C31.5-C21ac-C31a,13615.0,S2.pdf,NA,NA,n,44_HIMB_t3-S2.pdf
44_HIMB_t1,C31/C17d/C21-C31.9-C31.5-C21ac-C31a,26097.0,S2.pdf,NA,NA,n,44_HIMB_t1-S2.pdf
44_HIMB_t2,C31/C17d/C21-C31.9-C31.5-C21ac-C31a,16606.0,S2.pdf,NA,NA,n,44_HIMB_t2-S2.pdf
44_HIMB_t0,C31/C17d/C21-C31.9-C31.5-C21ac-C31a,12513.0,S2.pdf,NA,NA,n,44_HIMB_t0-S2.pdf
78_25_t0,C17d/C31-C21-C21ac-C17e-C17f-C31.9,4524.0,S2.pdf,NA,NA,y,78_25_t0-S2.pdf
78_25_t0,D1/D4-D6-D1ab-D3h-D4d,6271.0,S2.pdf,NA,NA,y,78_25_t0-S2.pdf
120_44_t1,C17d/C31-C21-C17e-C21ac-C17f-C17g,1877.0,S2.pdf,NA,NA,n,120_44_t1-S2.pdf
120_44_t1,D1/D4-D6-D1ab-D3h-D4d,2590.0,S2.pdf,NA,NA,n,120_44_t1-S2.pdf
94_25_t1,C15,3689.0,S2.pdf,NA,NA,y,94_25_t1-S2.pdf
NEG_t1_1,C15,900.0,S2.pdf,NA,NA,n,NEG_t1_1-S2.pdf
NEG_t3_3,C17d,415.0,S2.pdf,NA,NA,n,NEG_t3_3-S2.pdf
100_25_t3,C42a/C1/C42.2-C42b-C1az-C1b-C1au-C115l,10381.0,S2.pdf,NA,NA,y,100_25_t3-S2.pdf
100_25_t0,C42a/C1/C42.2-C42b-C1az-C1b-C1au-C115l,5065.0,S2.pdf,NA,NA,y,100_25_t0-S2.pdf
100_25_t0,C3,786.0,S2.pdf,NA,NA,y,100_25_t0-S2.pdf
71_25_t1,C31/C17d-C21-C21ac-C31k-C31.9,9898.0,S2.pdf,NA,NA,y,71_25_t1-S2.pdf
71_25_t2,C31/C17d-C21-C21ac-C31k-C31.9,12446.0,S2.pdf,NA,NA,y,71_25_t2-S2.pdf
43_HIMB_t1,C31/C17d-C21,4663.0,S2.pdf,NA,NA,n,43_HIMB_t1-S2.pdf
28_HIMB_t0,C15-C15n-C15cf-C15ce-C15hd,13292.0,S2.pdf,NA,NA,n,28_HIMB_t0-S2.pdf
135_44_t3,C15-C15n-C15cf-C15ce-C15hd,10897.0,S2.pdf,NA,NA,n,135_44_t3-S2.pdf
149_44_t0,C1d/C31/C21,7042.0,S2.pdf,NA,NA,n,149_44_t0-S2.pdf
NEG_t1_2,C1d/C31/C21,1203.0,S2.pdf,NA,NA,n,NEG_t1_2-S2.pdf
140_44_t1,C15-C15ci-C15cj-C15cm-C15ch,11468.0,S2.pdf,NA,NA,n,140_44_t1-S2.pdf
116_44_t1,C15-C15ci-C15cj-C15cm-C15ch,8284.0,S2.pdf,NA,NA,n,116_44_t1-S2.pdf
NEG_t2_3,C31/C17d-C21-C31a-C21ac,6808.0,S2.pdf,NA,NA,n,NEG_t2_3-S2.pdf
100_25_t1,B1-B1g,2145.0,S2.pdf,NA,NA,y,100_25_t1-S2.pdf
100_25_t1,C3-C1bp-C3dg-C3df-C3dh,5758.0,S2.pdf,NA,NA,y,100_25_t1-S2.pdf
NEG_t0_2,C15/C15bc,2729.0,S2.pdf,NA,NA,n,NEG_t0_2-S2.pdf
38_HIMB_t0,C1d/C1/C42.2-C1b-C3cg-C3-C45c,16164.0,S2.pdf,NA,NA,n,38_HIMB_t0-S2.pdf
55_25_t0,C15-C15cl-C15cj-C15n-C15l,6530.0,S2.pdf,NA,NA,y,55_25_t0-S2.pdf
NEG_t3_2,C15,91.0,S2.pdf,NA,NA,n,NEG_t3_2-S2.pdf
NEG_t3_2,C17d,179.0,S2.pdf,NA,NA,n,NEG_t3_2-S2.pdf
NEG_t3_2,C21ar,208.0,S2.pdf,NA,NA,n,NEG_t3_2-S2.pdf
81_25_t0,C15/C31/C17d-C21,1873.0,S2.pdf,NA,NA,y,81_25_t0-S2.pdf
99_25_t2,C1d/C15/C1-C42.2,11302.0,S2.pdf,NA,NA,y,99_25_t2-S2.pdf
100_25_t2,C42a/C1-C42.2-C42b-C1az-C1b-C1au-C1j,10239.0,S2.pdf,NA,NA,y,100_25_t2-S2.pdf
137_44_t0,C3/C1,164.0,S2.pdf,NA,NA,n,137_44_t0-S2.pdf
137_44_t0,C17d/C31-C21-C21ac-C17f,7522.0,S2.pdf,NA,NA,n,137_44_t0-S2.pdf
137_44_t0,D1/D4/D6/D1ab,348.0,S2.pdf,NA,NA,n,137_44_t0-S2.pdf
26,B2,658.0,S20.pdf,NA,NA,y,26-S20.pdf
27,B2,706.0,S20.pdf,NA,NA,y,27-S20.pdf
6,B2,2355.0,S20.pdf,NA,NA,y,6-S20.pdf
5,B2,4314.0,S20.pdf,NA,NA,y,5-S20.pdf
12,B2,2077.0,S20.pdf,NA,NA,y,12-S20.pdf
30,B2-B2b-B2c-B19o,437.0,S20.pdf,NA,NA,y,30-S20.pdf
14,B2d,1238.0,S20.pdf,NA,NA,y,14-S20.pdf
p12,C42.2-C1-C42j-C42k-C42l-C3-C1au,10973.0,S21.pdf,NA,NA,y,p12-S21.pdf
w12,C42.2-C1-C42j-C42k-C42l-C3-C1au,6980.0,S21.pdf,NA,NA,y,w12-S21.pdf
b6,C42.2-C1-C42j-C42k-C42l-C3-C1au,5429.0,S21.pdf,NA,NA,y,b6-S21.pdf
p6,C42.2-C1-C42j-C42k-C42l-C3-C1au,1649.0,S21.pdf,NA,NA,y,p6-S21.pdf
r6,C42.2-C1-C42j-C42k-C42l-C3-C1au,4417.0,S21.pdf,NA,NA,y,r6-S21.pdf
w6,C42.2-C1-C42j-C42k-C42l-C3-C1au,6151.0,S21.pdf,NA,NA,y,w6-S21.pdf
y12,C42.2-C1-C42j-C42k-C42l-C3-C1au,1471.0,S21.pdf,NA,NA,y,y12-S21.pdf
b.initial,C42.2-C1-C42j-C42k-C42l-C3-C1au,2976.0,S21.pdf,NA,NA,y,b.initial-S21.pdf
y6,C42.2-C1-C42j-C42k-C42l-C3-C1au,2528.0,S21.pdf,NA,NA,y,y6-S21.pdf
b12,C42.2-C1-C42j-C42k-C42l-C3-C1au,1738.0,S21.pdf,NA,NA,y,b12-S21.pdf
r12,C42.2-C1-C42i-C42l-C1b,1908.0,S21.pdf,NA,NA,y,r12-S21.pdf
r.initial,C42.2-C1-C42i-C42l-C1b,2271.0,S21.pdf,NA,NA,y,r.initial-S21.pdf
y.initial,C42.2-C1-C42i-C42l-C1b,253.0,S21.pdf,NA,NA,y,y.initial-S21.pdf
g12,C1/C42.2-C1b-C3-C1au,8674.0,S21.pdf,NA,NA,y,g12-S21.pdf
w.initial,C42.2-C1-C42p-C42j,4346.0,S21.pdf,NA,NA,y,w.initial-S21.pdf
p.initial,C42.2/C1-C42j-C42k-C42i,1081.0,S21.pdf,NA,NA,y,p.initial-S21.pdf
p.initial,C116-C116i-C116q,81.0,S21.pdf,NA,NA,y,p.initial-S21.pdf
g6,C1/C42.2/C3/C1b,3688.0,S21.pdf,NA,NA,y,g6-S21.pdf
g.initial,C42.2/C1-C1b-C3-C1au-C1j,7295.0,S21.pdf,NA,NA,y,g.initial-S21.pdf
S6_P_LT_35A,A1-A1ds-A1z-A1dr-A1bh,22417.0,S22.pdf,NA,NA,y,S6_P_LT_35A-S22.pdf
S2_P_ST_33B,A1-A1ds-A1z-A1dr-A1bh,11414.0,S22.pdf,NA,NA,y,S2_P_ST_33B-S22.pdf
S2_P_ST_36B,A1-A1ds-A1z-A1dr-A1bh,10835.0,S22.pdf,NA,NA,y,S2_P_ST_36B-S22.pdf
S2_P_ST_39B,A1-A1ds-A1z-A1dr-A1bh,20457.0,S22.pdf,NA,NA,y,S2_P_ST_39B-S22.pdf
S6_P_ST_30B,A1-A1ds-A1z-A1dr-A1bh,10538.0,S22.pdf,NA,NA,y,S6_P_ST_30B-S22.pdf
S1_P_ST_33B,A1-A1ds-A1z-A1dr-A1bh,6650.0,S22.pdf,NA,NA,y,S1_P_ST_33B-S22.pdf
S4_P_ST_39B,A1-A1ds-A1z-A1dr-A1bh,23425.0,S22.pdf,NA,NA,y,S4_P_ST_39B-S22.pdf
S2_P_ST_30B,A1-A1ds-A1z-A1dr-A1bh,7428.0,S22.pdf,NA,NA,y,S2_P_ST_30B-S22.pdf
S4_P_ST_33B,A1-A1ds-A1z-A1dr-A1bh,10207.0,S22.pdf,NA,NA,y,S4_P_ST_33B-S22.pdf
S6_P_ST_33B,A1-A1ds-A1z-A1dr-A1bh,8271.0,S22.pdf,NA,NA,y,S6_P_ST_33B-S22.pdf
S4_P_ST_36B,A1-A1ds-A1z-A1dr-A1bh,10776.0,S22.pdf,NA,NA,y,S4_P_ST_36B-S22.pdf
S6_P_ST_36B,A1-A1ds-A1z-A1dr-A1bh,7435.0,S22.pdf,NA,NA,y,S6_P_ST_36B-S22.pdf
S3_P_ST_30B,A1-A1ds-A1z-A1dr-A1bh,12873.0,S22.pdf,NA,NA,y,S3_P_ST_30B-S22.pdf
S3_P_ST_36B,A1-A1ds-A1z-A1dr-A1bh,8767.0,S22.pdf,NA,NA,y,S3_P_ST_36B-S22.pdf
S1_P_ST_36B,A1-A1ds-A1z-A1dr-A1bh,12037.0,S22.pdf,NA,NA,y,S1_P_ST_36B-S22.pdf
S1_P_ST_30B,A1-A1ds-A1z-A1dr-A1bh,10516.0,S22.pdf,NA,NA,y,S1_P_ST_30B-S22.pdf
S6_P_ST_39B,A1-A1ds-A1z-A1dr-A1bh,18003.0,S22.pdf,NA,NA,y,S6_P_ST_39B-S22.pdf
S4_P_ST_30B,A1-A1ds-A1z-A1dr-A1bh,8158.0,S22.pdf,NA,NA,y,S4_P_ST_30B-S22.pdf
S2_P_LT_35A,A1-A1ds-A1z-A1dr-A1bh,23471.0,S22.pdf,NA,NA,y,S2_P_LT_35A-S22.pdf
S1_P_ST_39B,A1-A1ds-A1z-A1dr-A1bh,19911.0,S22.pdf,NA,NA,y,S1_P_ST_39B-S22.pdf
S3_P_ST_39B,A1-A1ds-A1z-A1dr-A1bh,22749.0,S22.pdf,NA,NA,y,S3_P_ST_39B-S22.pdf
S2_P_LT_31A,A1-A1ds-A1z-A1dr-A1bh,24484.0,S22.pdf,NA,NA,y,S2_P_LT_31A-S22.pdf
S1_P_LT_35A,A1-A1ds-A1z-A1dr-A1bh,21787.0,S22.pdf,NA,NA,y,S1_P_LT_35A-S22.pdf
S6_P_LT_31A,A1-A1ds-A1z-A1dr-A1bh,15070.0,S22.pdf,NA,NA,y,S6_P_LT_31A-S22.pdf
S4_P_LT_35A,A1-A1ds-A1z-A1dr-A1bh,19010.0,S22.pdf,NA,NA,y,S4_P_LT_35A-S22.pdf
S3_P_LT_35A,A1-A1ds-A1z-A1dr-A1bh,16412.0,S22.pdf,NA,NA,y,S3_P_LT_35A-S22.pdf
S2_P_LT_33A,A1-A1ds-A1z-A1dr-A1bh,12984.0,S22.pdf,NA,NA,y,S2_P_LT_33A-S22.pdf
S3_P_ST_33B,A1-A1ds-A1z-A1dr-A1bh,426.0,S22.pdf,NA,NA,y,S3_P_ST_33B-S22.pdf
S1_P_LT_31A,A1-A1ds-A1z-A1dr-A1bh,17341.0,S22.pdf,NA,NA,y,S1_P_LT_31A-S22.pdf
S6_P_LT_33A,A1-A1ds-A1z-A1dr-A1bh,15562.0,S22.pdf,NA,NA,y,S6_P_LT_33A-S22.pdf
S4_P_LT_31A,A1-A1ds-A1z-A1dr-A1bh,24452.0,S22.pdf,NA,NA,y,S4_P_LT_31A-S22.pdf
S4_P_LT_33A,A1-A1ds-A1z-A1dr-A1bh,15595.0,S22.pdf,NA,NA,y,S4_P_LT_33A-S22.pdf
S1_P_LT_33A,A1-A1ds-A1z-A1dr-A1bh,12219.0,S22.pdf,NA,NA,y,S1_P_LT_33A-S22.pdf
S5_P_LT_31A,A1-A1ds-A1z-A1dr-A1bh,14312.0,S22.pdf,NA,NA,y,S5_P_LT_31A-S22.pdf
S5_P_LT_35A,A1-A1ds-A1z-A1dr-A1bh,16178.0,S22.pdf,NA,NA,y,S5_P_LT_35A-S22.pdf
S3_E_LT_31A,A1-A1ds-A1z-A1dr-A1bh,24691.0,S22.pdf,NA,NA,y,S3_E_LT_31A-S22.pdf
S3_P_LT_33A,A1-A1ds-A1z-A1dr-A1bh,18442.0,S22.pdf,NA,NA,y,S3_P_LT_33A-S22.pdf
S2_E_ST_30B,A1g/A1l/A1-A1o-A1cr-A1dp-A1p-A1dq-A1dn,8674.0,S22.pdf,NA,NA,y,S2_E_ST_30B-S22.pdf
S2_E_LT_33A,A1g/A1l/A1-A1o-A1cr-A1dp-A1p-A1dq-A1dn,20367.0,S22.pdf,NA,NA,y,S2_E_LT_33A-S22.pdf
S7_E_ST_36B,A1g/A1l/A1-A1o-A1cr-A1dp-A1p-A1dq-A1dn,10582.0,S22.pdf,NA,NA,y,S7_E_ST_36B-S22.pdf
S7_E_ST_33B,A1g/A1l/A1-A1o-A1cr-A1dp-A1p-A1dq-A1dn,8425.0,S22.pdf,NA,NA,y,S7_E_ST_33B-S22.pdf
S7_E_ST_30B,A1g/A1l/A1-A1o-A1cr-A1dp-A1p-A1dq-A1dn,3691.0,S22.pdf,NA,NA,y,S7_E_ST_30B-S22.pdf
S6_E_ST_36B,A1g/A1l/A1-A1o-A1cr-A1dp-A1p-A1dq-A1dn,10384.0,S22.pdf,NA,NA,y,S6_E_ST_36B-S22.pdf
S6_E_ST_33B,A1g/A1l/A1-A1o-A1cr-A1dp-A1p-A1dq-A1dn,7088.0,S22.pdf,NA,NA,y,S6_E_ST_33B-S22.pdf
S6_E_ST_30B,A1g/A1l/A1-A1o-A1cr-A1dp-A1p-A1dq-A1dn,6974.0,S22.pdf,NA,NA,y,S6_E_ST_30B-S22.pdf
S5_E_ST_33B,A1g/A1l/A1-A1o-A1cr-A1dp-A1p-A1dq-A1dn,10478.0,S22.pdf,NA,NA,y,S5_E_ST_33B-S22.pdf
S5_E_ST_30B,A1g/A1l/A1-A1o-A1cr-A1dp-A1p-A1dq-A1dn,6330.0,S22.pdf,NA,NA,y,S5_E_ST_30B-S22.pdf
S2_E_ST_36B,A1g/A1l/A1-A1o-A1cr-A1dp-A1p-A1dq-A1dn,8094.0,S22.pdf,NA,NA,y,S2_E_ST_36B-S22.pdf
S2_E_ST_33B,A1g/A1l/A1-A1o-A1cr-A1dp-A1p-A1dq-A1dn,7984.0,S22.pdf,NA,NA,y,S2_E_ST_33B-S22.pdf
S1_E_ST_33B,A1g/A1l/A1-A1o-A1cr-A1dp-A1p-A1dq-A1dn,7639.0,S22.pdf,NA,NA,y,S1_E_ST_33B-S22.pdf
S1_E_ST_30B,A1g/A1l/A1-A1o-A1cr-A1dp-A1p-A1dq-A1dn,6245.0,S22.pdf,NA,NA,y,S1_E_ST_30B-S22.pdf
S6_E_ST_39B,A1g/A1l/A1-A1o-A1cr-A1dp-A1p-A1dq-A1dn,23023.0,S22.pdf,NA,NA,y,S6_E_ST_39B-S22.pdf
S6_E_LT_31A,A1g/A1l/A1-A1o-A1cr-A1dp-A1p-A1dq-A1dn,18917.0,S22.pdf,NA,NA,y,S6_E_LT_31A-S22.pdf
S5_E_ST_39B,A1g/A1l/A1-A1o-A1cr-A1dp-A1p-A1dq-A1dn,20975.0,S22.pdf,NA,NA,y,S5_E_ST_39B-S22.pdf
S2_E_LT_35A,A1g/A1l/A1-A1o-A1cr-A1dp-A1p-A1dq-A1dn,22475.0,S22.pdf,NA,NA,y,S2_E_LT_35A-S22.pdf
S2_E_LT_31A,A1g/A1l/A1-A1o-A1cr-A1dp-A1p-A1dq-A1dn,19082.0,S22.pdf,NA,NA,y,S2_E_LT_31A-S22.pdf
S1_E_ST_39B,A1g/A1l/A1-A1o-A1cr-A1dp-A1p-A1dq-A1dn,25480.0,S22.pdf,NA,NA,y,S1_E_ST_39B-S22.pdf
S1_E_LT_35A,A1g/A1l/A1-A1o-A1cr-A1dp-A1p-A1dq-A1dn,27282.0,S22.pdf,NA,NA,y,S1_E_LT_35A-S22.pdf
S1_E_LT_31A,A1g/A1l/A1-A1o-A1cr-A1dp-A1p-A1dq-A1dn,25670.0,S22.pdf,NA,NA,y,S1_E_LT_31A-S22.pdf
S5_E_ST_36B,A1g/A1l/A1-A1o-A1cr-A1dp-A1p-A1dq-A1dn,11089.0,S22.pdf,NA,NA,y,S5_E_ST_36B-S22.pdf
S1_E_ST_36B,A1g/A1l/A1-A1o-A1cr-A1dp-A1p-A1dq-A1dn,8000.0,S22.pdf,NA,NA,y,S1_E_ST_36B-S22.pdf
S6_E_LT_33A,A1g/A1l/A1-A1o-A1cr-A1dp-A1p-A1dq-A1dn,31822.0,S22.pdf,NA,NA,y,S6_E_LT_33A-S22.pdf
S2_E_ST_39B,A1g/A1l/A1-A1o-A1cr-A1dp-A1p-A1dq-A1dn,21213.0,S22.pdf,NA,NA,y,S2_E_ST_39B-S22.pdf
S1_E_LT_33A,A1g/A1l/A1-A1o-A1cr-A1dp-A1p-A1dq-A1dn,20592.0,S22.pdf,NA,NA,y,S1_E_LT_33A-S22.pdf
S5_E_LT_35A,A1g/A1l/A1-A1o-A1cr-A1dp-A1p-A1dq-A1dn,21169.0,S22.pdf,NA,NA,y,S5_E_LT_35A-S22.pdf
S6_E_LT_35A,A1g/A1l/A1-A1o-A1cr-A1dp-A1p-A1dq-A1dn,23521.0,S22.pdf,NA,NA,y,S6_E_LT_35A-S22.pdf
S5_E_LT_33A,A1g/A1l/A1-A1o-A1cr-A1dp-A1p-A1dq-A1dn,19989.0,S22.pdf,NA,NA,y,S5_E_LT_33A-S22.pdf
S7_E_ST_39B,A1g/A1l/A1-A1o-A1cr-A1dp-A1p-A1dq-A1dn,21190.0,S22.pdf,NA,NA,y,S7_E_ST_39B-S22.pdf
S5_E_LT_31A,A1g/A1l/A1-A1o-A1cr-A1dp-A1p-A1dq-A1dn,25875.0,S22.pdf,NA,NA,y,S5_E_LT_31A-S22.pdf
S7_E_LT_31A,A1g/A1l/A1-A1o-A1cr-A1dp-A1p-A1dq-A1dn,19582.0,S22.pdf,NA,NA,y,S7_E_LT_31A-S22.pdf
S7_E_LT_33A,A1g/A1l/A1-A1o-A1cr-A1dp-A1p-A1dq-A1dn,16581.0,S22.pdf,NA,NA,y,S7_E_LT_33A-S22.pdf
S7_E_LT_35A,A1g/A1l/A1-A1o-A1cr-A1dp-A1p-A1dq-A1dn,22876.0,S22.pdf,NA,NA,y,S7_E_LT_35A-S22.pdf
S7_P_ST_39B,A1-A1dm,28583.0,S22.pdf,NA,NA,y,S7_P_ST_39B-S22.pdf
S3_E_LT_33A,A1-A1dm,24955.0,S22.pdf,NA,NA,y,S3_E_LT_33A-S22.pdf
S7_P_ST_36B,A1-A1dm,10425.0,S22.pdf,NA,NA,y,S7_P_ST_36B-S22.pdf
S7_P_ST_33B,A1-A1dm,12037.0,S22.pdf,NA,NA,y,S7_P_ST_33B-S22.pdf
S3_E_ST_39B,A1-A1dm,25274.0,S22.pdf,NA,NA,y,S3_E_ST_39B-S22.pdf
S7_P_LT_35A,A1-A1dm,21726.0,S22.pdf,NA,NA,y,S7_P_LT_35A-S22.pdf
S7_P_ST_30B,A1-A1dm,11037.0,S22.pdf,NA,NA,y,S7_P_ST_30B-S22.pdf
S3_P_LT_31A,A1-A1dm,35385.0,S22.pdf,NA,NA,y,S3_P_LT_31A-S22.pdf
S7_P_LT_33A,A1-A1dm,24787.0,S22.pdf,NA,NA,y,S7_P_LT_33A-S22.pdf
S3_E_LT_35A,A1-A1dm,25364.0,S22.pdf,NA,NA,y,S3_E_LT_35A-S22.pdf
S3_E_ST_30B,A1-A1dm,15421.0,S22.pdf,NA,NA,y,S3_E_ST_30B-S22.pdf
S7_P_LT_31A,A1-A1dm,8860.0,S22.pdf,NA,NA,y,S7_P_LT_31A-S22.pdf
S3_E_ST_33B,A1-A1dm,9112.0,S22.pdf,NA,NA,y,S3_E_ST_33B-S22.pdf
S3_E_ST_36B,A1-A1dm,7388.0,S22.pdf,NA,NA,y,S3_E_ST_36B-S22.pdf
S4_E_LT_35A,A1-A1z-A1do-A1dl,24963.0,S22.pdf,NA,NA,y,S4_E_LT_35A-S22.pdf
S4_E_ST_36B,A1-A1z-A1do-A1dl,10011.0,S22.pdf,NA,NA,y,S4_E_ST_36B-S22.pdf
S4_E_ST_33B,A1-A1z-A1do-A1dl,11013.0,S22.pdf,NA,NA,y,S4_E_ST_33B-S22.pdf
S4_E_LT_33A,A1-A1z-A1do-A1dl,24490.0,S22.pdf,NA,NA,y,S4_E_LT_33A-S22.pdf
S4_E_ST_39B,A1-A1z-A1do-A1dl,12055.0,S22.pdf,NA,NA,y,S4_E_ST_39B-S22.pdf
S4_E_ST_30B,A1-A1z-A1do-A1dl,13061.0,S22.pdf,NA,NA,y,S4_E_ST_30B-S22.pdf
S4_E_LT_31A,A1-A1z-A1do-A1dl,18617.0,S22.pdf,NA,NA,y,S4_E_LT_31A-S22.pdf
S5_P_ST_36B,A1-A1du-A1z,8370.0,S22.pdf,NA,NA,y,S5_P_ST_36B-S22.pdf
S5_P_ST_30B,A1-A1du-A1z,8514.0,S22.pdf,NA,NA,y,S5_P_ST_30B-S22.pdf
S5_P_ST_39B,A1-A1du-A1z,22585.0,S22.pdf,NA,NA,y,S5_P_ST_39B-S22.pdf
S5_P_ST_33B,A1-A1du-A1z,10368.0,S22.pdf,NA,NA,y,S5_P_ST_33B-S22.pdf
S5_P_LT_33A,A1-A1du-A1z,18214.0,S22.pdf,NA,NA,y,S5_P_LT_33A-S22.pdf
URU-81,C40-C40al-C3-C115,77573.0,S23.pdf,NA,NA,y,URU-81-S23.pdf
WA-39,C40-C40al-C3-C115,51311.0,S23.pdf,NA,NA,y,WA-39-S23.pdf
URU-73,C40-C40al-C3-C115,80050.0,S23.pdf,NA,NA,y,URU-73-S23.pdf
WA-45,C40-C40al-C3-C115,71746.0,S23.pdf,NA,NA,y,WA-45-S23.pdf
Uru-195,C40-C40al-C3-C115,32724.0,S23.pdf,NA,NA,y,Uru-195-S23.pdf
URU-85,C40-C40al-C3-C115,70390.0,S23.pdf,NA,NA,y,URU-85-S23.pdf
URU-74,C40-C40al-C3-C115,75380.0,S23.pdf,NA,NA,y,URU-74-S23.pdf
URU-75,C40-C40al-C3-C115,80883.0,S23.pdf,NA,NA,y,URU-75-S23.pdf
WA-26,C40-C40al-C3-C115,47992.0,S23.pdf,NA,NA,y,WA-26-S23.pdf
WA-43,C40-C40al-C3-C115,57220.0,S23.pdf,NA,NA,y,WA-43-S23.pdf
WA-158,C40-C40al-C3-C115,71875.0,S23.pdf,NA,NA,y,WA-158-S23.pdf
WA-31,C40-C40al-C3-C115,80051.0,S23.pdf,NA,NA,y,WA-31-S23.pdf
WA-27,C40-C40al-C3-C115,81062.0,S23.pdf,NA,NA,y,WA-27-S23.pdf
WA-147,C40-C40al-C3-C115,89411.0,S23.pdf,NA,NA,y,WA-147-S23.pdf
WA-157,C40-C40al-C3-C115,91643.0,S23.pdf,NA,NA,y,WA-157-S23.pdf
WA-44,C40-C40al-C3-C115,71774.0,S23.pdf,NA,NA,y,WA-44-S23.pdf
WA-32,C40-C40al-C3-C115,71730.0,S23.pdf,NA,NA,y,WA-32-S23.pdf
WA-25,C40-C40al-C3-C115,63409.0,S23.pdf,NA,NA,y,WA-25-S23.pdf
WA-163,C40-C40al-C3-C115,90806.0,S23.pdf,NA,NA,y,WA-163-S23.pdf
Uru-194,C40-C40al-C3-C115,70687.0,S23.pdf,NA,NA,y,Uru-194-S23.pdf
Uru-199,C40-C40al-C3-C115,76964.0,S23.pdf,NA,NA,y,Uru-199-S23.pdf
Uru-206,C40-C40al-C3-C115,74282.0,S23.pdf,NA,NA,y,Uru-206-S23.pdf
WA-164,C40-C40al-C3-C115,93642.0,S23.pdf,NA,NA,y,WA-164-S23.pdf
WA-165,C40-C40al-C3-C115,93996.0,S23.pdf,NA,NA,y,WA-165-S23.pdf
WA-33,C40-C40al-C3-C115,70375.0,S23.pdf,NA,NA,y,WA-33-S23.pdf
WA-152,C40-C40al-C3-C115,57999.0,S23.pdf,NA,NA,y,WA-152-S23.pdf
WA-151,C40-C40al-C3-C115,66566.0,S23.pdf,NA,NA,y,WA-151-S23.pdf
WA-153,C40-C40al-C3-C115,74055.0,S23.pdf,NA,NA,y,WA-153-S23.pdf
Uru-200,C40-C40al-C3-C115,50996.0,S23.pdf,NA,NA,y,Uru-200-S23.pdf
Uru-200,D1-D4-D10f-D1kd,17416.0,S23.pdf,NA,NA,y,Uru-200-S23.pdf
LUM-9,C40-C3-C115-C40h,116896.0,S23.pdf,NA,NA,y,LUM-9-S23.pdf
LUM-8,C40-C3-C115-C40h,60552.0,S23.pdf,NA,NA,y,LUM-8-S23.pdf
LUM-20,C40-C3-C115-C40h,65115.0,S23.pdf,NA,NA,y,LUM-20-S23.pdf
LUM-15,C40-C3-C115-C40h,49894.0,S23.pdf,NA,NA,y,LUM-15-S23.pdf
LUM-127,C40-C3-C115-C40h,82961.0,S23.pdf,NA,NA,y,LUM-127-S23.pdf
LUM-121,C40-C3-C115-C40h,83846.0,S23.pdf,NA,NA,y,LUM-121-S23.pdf
WA-37,C40-C3-C115-C40h,60494.0,S23.pdf,NA,NA,y,WA-37-S23.pdf
LUM-141,C40-C3-C115-C40h,83609.0,S23.pdf,NA,NA,y,LUM-141-S23.pdf
LUM-140,C40-C3-C115-C40h,74135.0,S23.pdf,NA,NA,y,LUM-140-S23.pdf
LUM-128,C40-C3-C115-C40h,86523.0,S23.pdf,NA,NA,y,LUM-128-S23.pdf
LUM-123,C40-C3-C115-C40h,88072.0,S23.pdf,NA,NA,y,LUM-123-S23.pdf
LUM-7,C40-C3-C115-C40h,52863.0,S23.pdf,NA,NA,y,LUM-7-S23.pdf
WA-159,C40-C3-C115-C40h,93906.0,S23.pdf,NA,NA,y,WA-159-S23.pdf
LUM-122,C40-C3-C115-C40h,90956.0,S23.pdf,NA,NA,y,LUM-122-S23.pdf
LUM-19,C40-C3-C115-C40h,70072.0,S23.pdf,NA,NA,y,LUM-19-S23.pdf
LUM-14,C40-C3-C115-C40h,81963.0,S23.pdf,NA,NA,y,LUM-14-S23.pdf
LUM-129,C40-C3-C115-C40h,83251.0,S23.pdf,NA,NA,y,LUM-129-S23.pdf
LUM-139,C40-C3-C115-C40h,88377.0,S23.pdf,NA,NA,y,LUM-139-S23.pdf
LUM-21,C40-C3-C115-C40h,61350.0,S23.pdf,NA,NA,y,LUM-21-S23.pdf
Uru-193,C40-C3-C115-C40h,46637.0,S23.pdf,NA,NA,y,Uru-193-S23.pdf
COCOS-105,C40-C40am-C3-C40an,62386.0,S23.pdf,NA,NA,y,COCOS-105-S23.pdf
COCOS-103,C40-C40am-C3-C40an,68328.0,S23.pdf,NA,NA,y,COCOS-103-S23.pdf
COCOS-99,C40-C40am-C3-C40an,69841.0,S23.pdf,NA,NA,y,COCOS-99-S23.pdf
COCOS-98,C40-C40am-C3-C40an,86812.0,S23.pdf,NA,NA,y,COCOS-98-S23.pdf
COCOS-97,C40-C40am-C3-C40an,91031.0,S23.pdf,NA,NA,y,COCOS-97-S23.pdf
Coco-218,C40-C40am-C3-C40an,64872.0,S23.pdf,NA,NA,y,Coco-218-S23.pdf
Coco-217,C40-C40am-C3-C40an,49512.0,S23.pdf,NA,NA,y,Coco-217-S23.pdf
COCOS-104,C40-C40am-C3-C40an,69754.0,S23.pdf,NA,NA,y,COCOS-104-S23.pdf
COCOS-111,C40-C40am-C3-C40an,87182.0,S23.pdf,NA,NA,y,COCOS-111-S23.pdf
COCOS-117,C40-C40am-C3-C40an,87740.0,S23.pdf,NA,NA,y,COCOS-117-S23.pdf
Coco-224,C40-C40am-C3-C40an,66707.0,S23.pdf,NA,NA,y,Coco-224-S23.pdf
COCOS-115,C40-C40am-C3-C40an,92202.0,S23.pdf,NA,NA,y,COCOS-115-S23.pdf
Coco-223,C40-C40am-C3-C40an,92690.0,S23.pdf,NA,NA,y,Coco-223-S23.pdf
Coco-231,C40-C40am-C3-C40an,43956.0,S23.pdf,NA,NA,y,Coco-231-S23.pdf
Coco-225,C40-C40am-C3-C40an,81960.0,S23.pdf,NA,NA,y,Coco-225-S23.pdf
Coco-235,C40-C40am-C3-C40an,70086.0,S23.pdf,NA,NA,y,Coco-235-S23.pdf
Coco-237,C40-C40am-C3-C40an,77631.0,S23.pdf,NA,NA,y,Coco-237-S23.pdf
Coco-229,C40-C40am-C3-C40an,75385.0,S23.pdf,NA,NA,y,Coco-229-S23.pdf
TOG-183,C40-C3-C40am,52521.0,S23.pdf,NA,NA,y,TOG-183-S23.pdf
TOG-170,C40-C3-C40am,74502.0,S23.pdf,NA,NA,y,TOG-170-S23.pdf
TOG-51,C40-C3-C40am,96735.0,S23.pdf,NA,NA,y,TOG-51-S23.pdf
TOG-63,C40-C3-C40am,85859.0,S23.pdf,NA,NA,y,TOG-63-S23.pdf
TOG-177,C40-C3-C40am,89281.0,S23.pdf,NA,NA,y,TOG-177-S23.pdf
TOG-169,C40-C3-C40am,80605.0,S23.pdf,NA,NA,y,TOG-169-S23.pdf
TOG-55,C40-C3-C40am,63030.0,S23.pdf,NA,NA,y,TOG-55-S23.pdf
TOG-187,C40-C3-C40am,36147.0,S23.pdf,NA,NA,y,TOG-187-S23.pdf
TOG-181,C40-C3-C40am,41174.0,S23.pdf,NA,NA,y,TOG-181-S23.pdf
TOG-182,C40-C3-C40am,64844.0,S23.pdf,NA,NA,y,TOG-182-S23.pdf
TOG-62,C40-C3-C40am,85328.0,S23.pdf,NA,NA,y,TOG-62-S23.pdf
TOG-176,C40-C3-C40am,59125.0,S23.pdf,NA,NA,y,TOG-176-S23.pdf
TOG-175,C40-C3-C40am,78086.0,S23.pdf,NA,NA,y,TOG-175-S23.pdf
TOG-68,C40-C3-C40am,70283.0,S23.pdf,NA,NA,y,TOG-68-S23.pdf
TOG-171,C40-C3-C40am,82656.0,S23.pdf,NA,NA,y,TOG-171-S23.pdf
TOG-67,C40-C3-C40am,95359.0,S23.pdf,NA,NA,y,TOG-67-S23.pdf
URU-87,D1-D4-D10f-D1kd,75245.0,S23.pdf,NA,NA,y,URU-87-S23.pdf
URU-91,D1-D4-D10f-D1kd,72531.0,S23.pdf,NA,NA,y,URU-91-S23.pdf
Uru-212,D1-D4-D10f-D1kd,92348.0,S23.pdf,NA,NA,y,Uru-212-S23.pdf
URU-92,D1-D4-D10f-D1kd,68533.0,S23.pdf,NA,NA,y,URU-92-S23.pdf
Uru-213,D1-D4-D10f-D1kd,68151.0,S23.pdf,NA,NA,y,Uru-213-S23.pdf
URU-93,D1-D4-D10f-D1kd,84133.0,S23.pdf,NA,NA,y,URU-93-S23.pdf
URU-79,C40/C15/C3,213.0,S23.pdf,NA,NA,y,URU-79-S23.pdf
URU-79,D1-D4-D10f-D1kd,88441.0,S23.pdf,NA,NA,y,URU-79-S23.pdf
URU-80,C40-C40al-C3-C115,20953.0,S23.pdf,NA,NA,y,URU-80-S23.pdf
URU-80,D1-D4-D10f-D1kd,58964.0,S23.pdf,NA,NA,y,URU-80-S23.pdf
Clo2019_ID447,D4/D1/D6-D1ab-D3h,252,S3.pdf,NA,NA,y,Clo2019_ID447-S3.pdf
Clo2019_ID442,D4/D1/D6-D1ab-D3h,233,S3.pdf,NA,NA,y,Clo2019_ID442-S3.pdf
Clo2019_ID419,D4/D1/D6-D1ab-D3h,317,S3.pdf,NA,NA,y,Clo2019_ID419-S3.pdf
Clo2019_ID411,D4/D1/D6-D1ab-D3h,241,S3.pdf,NA,NA,y,Clo2019_ID411-S3.pdf
Clo2019_ID368,D4/D1/D6-D1ab-D3h,272,S3.pdf,NA,NA,y,Clo2019_ID368-S3.pdf
Clo2019_ID362,D4/D1/D6-D1ab-D3h,303,S3.pdf,NA,NA,y,Clo2019_ID362-S3.pdf
Clo2019_ID161,D4/D1/D6-D1ab-D3h,223,S3.pdf,NA,NA,y,Clo2019_ID161-S3.pdf
Clo2017_ID50,D4/D1/D6-D1ab-D3h,297,S3.pdf,NA,NA,y,Clo2017_ID50-S3.pdf
Clo2019_ID145,D4/D1/D6-D1ab-D3h,562,S3.pdf,NA,NA,y,Clo2019_ID145-S3.pdf
Clo2019_ID435,D4/D1/D6-D1ab-D3h,425,S3.pdf,NA,NA,y,Clo2019_ID435-S3.pdf
Clo2019_ID456,D4/D1/D6-D1ab-D3h,1611,S3.pdf,NA,NA,y,Clo2019_ID456-S3.pdf
Clo2019_ID418,D4/D1/D6-D1ab-D3h,380,S3.pdf,NA,NA,y,Clo2019_ID418-S3.pdf
Clo2019_ID364,D4/D1/D6-D1ab-D3h,437,S3.pdf,NA,NA,y,Clo2019_ID364-S3.pdf
Clo2017_ID121,D4/D1/D6-D1ab-D3h,1502,S3.pdf,NA,NA,y,Clo2017_ID121-S3.pdf
Clo2019_ID141,D4/D1/D6-D1ab-D3h,886,S3.pdf,NA,NA,y,Clo2019_ID141-S3.pdf
Clo2017_ID215,D4/D1/D6-D1ab-D3h,1762,S3.pdf,NA,NA,y,Clo2017_ID215-S3.pdf
Clo2019_ID318,D4/D1/D6-D1ab-D3h,977,S3.pdf,NA,NA,y,Clo2019_ID318-S3.pdf
Clo2019_ID134,D4/D1/D6-D1ab-D3h,318,S3.pdf,NA,NA,y,Clo2019_ID134-S3.pdf
Clo2019_ID381,D4/D1/D6-D1ab-D3h,628,S3.pdf,NA,NA,y,Clo2019_ID381-S3.pdf
Clo2019_ID153,D4/D1/D6-D1ab-D3h,497,S3.pdf,NA,NA,y,Clo2019_ID153-S3.pdf
Clo2017_ID368,D4/D1/D6-D1ab-D3h,3512,S3.pdf,NA,NA,y,Clo2017_ID368-S3.pdf
Clo2019_ID361,D4/D1/D6-D1ab-D3h,916,S3.pdf,NA,NA,y,Clo2019_ID361-S3.pdf
Clo2019_ID448,D4/D1/D6-D1ab-D3h,779,S3.pdf,NA,NA,y,Clo2019_ID448-S3.pdf
Clo2019_ID488,D4/D1/D6-D1ab-D3h,2270,S3.pdf,NA,NA,y,Clo2019_ID488-S3.pdf
Clo2017_ID151,D4/D1/D6-D1ab-D3h,4116,S3.pdf,NA,NA,y,Clo2017_ID151-S3.pdf
Clo2017_ID19,D4/D1/D6-D1ab-D3h,293,S3.pdf,NA,NA,y,Clo2017_ID19-S3.pdf
Clo2019_ID149,D4/D1/D6-D1ab-D3h,518,S3.pdf,NA,NA,y,Clo2019_ID149-S3.pdf
Clo2017_ID123,D4/D1/D6-D1ab-D3h,2627,S3.pdf,NA,NA,y,Clo2017_ID123-S3.pdf
Clo2017_ID355,D4/D1/D6-D1ab-D3h,3706,S3.pdf,NA,NA,y,Clo2017_ID355-S3.pdf
Clo2017_ID302,D4/D1/D6-D1ab-D3h,3717,S3.pdf,NA,NA,y,Clo2017_ID302-S3.pdf
Clo2019_ID160,D4/D1/D6-D1ab-D3h,487,S3.pdf,NA,NA,y,Clo2019_ID160-S3.pdf
Clo2019_ID457,D4/D1/D6-D1ab-D3h,1549,S3.pdf,NA,NA,y,Clo2019_ID457-S3.pdf
Clo2017_ID345,D4/D1/D6-D1ab-D3h,5798,S3.pdf,NA,NA,y,Clo2017_ID345-S3.pdf
Clo2019_ID355,D4/D1/D6-D1ab-D3h,6176,S3.pdf,NA,NA,y,Clo2019_ID355-S3.pdf
Clo2017_ID366,D4/D1/D6-D1ab-D3h,3060,S3.pdf,NA,NA,y,Clo2017_ID366-S3.pdf
Clo2017_ID361,D4/D1/D6-D1ab-D3h,5493,S3.pdf,NA,NA,y,Clo2017_ID361-S3.pdf
Clo2017_ID202,D4/D1/D6-D1ab-D3h,3620,S3.pdf,NA,NA,y,Clo2017_ID202-S3.pdf
Clo2019_ID164,D4/D1/D6-D1ab-D3h,412,S3.pdf,NA,NA,y,Clo2019_ID164-S3.pdf
Clo2017_ID408,D4/D1/D6-D1ab-D3h,6963,S3.pdf,NA,NA,y,Clo2017_ID408-S3.pdf
Clo2019_ID444,D4/D1/D6-D1ab-D3h,1030,S3.pdf,NA,NA,y,Clo2019_ID444-S3.pdf
Clo2017_ID445,D4/D1/D6-D1ab-D3h,2822,S3.pdf,NA,NA,y,Clo2017_ID445-S3.pdf
Clo2017_ID444,D4/D1/D6-D1ab-D3h,2074,S3.pdf,NA,NA,y,Clo2017_ID444-S3.pdf
Clo2017_ID409,D4/D1/D6-D1ab-D3h,6257,S3.pdf,NA,NA,y,Clo2017_ID409-S3.pdf
Clo2017_ID442,D4/D1/D6-D1ab-D3h,765,S3.pdf,NA,NA,y,Clo2017_ID442-S3.pdf
Clo2017_ID351,D4/D1/D6-D1ab-D3h,14351,S3.pdf,NA,NA,y,Clo2017_ID351-S3.pdf
Clo2019_ID50,D4/D1/D6-D1ab-D3h,1047,S3.pdf,NA,NA,y,Clo2019_ID50-S3.pdf
Clo2017_ID364,D4/D1/D6-D1ab-D3h,7882,S3.pdf,NA,NA,y,Clo2017_ID364-S3.pdf
Clo2017_ID17,D4/D1/D6-D1ab-D3h,427,S3.pdf,NA,NA,y,Clo2017_ID17-S3.pdf
Clo2017_ID359,D4/D1/D6-D1ab-D3h,9646,S3.pdf,NA,NA,y,Clo2017_ID359-S3.pdf
Clo2019_ID159,D4/D1/D6-D1ab-D3h,470,S3.pdf,NA,NA,y,Clo2019_ID159-S3.pdf
Clo2017_ID407,D4/D1/D6-D1ab-D3h,4331,S3.pdf,NA,NA,y,Clo2017_ID407-S3.pdf
Clo2017_ID163,D4/D1/D6-D1ab-D3h,3671,S3.pdf,NA,NA,y,Clo2017_ID163-S3.pdf
Clo2019_ID369,D4/D1/D6-D1ab-D3h,278,S3.pdf,NA,NA,y,Clo2019_ID369-S3.pdf
Clo2019_ID220,D4/D1/D6-D1ab-D3h,21768,S3.pdf,NA,NA,y,Clo2019_ID220-S3.pdf
Clo2019_ID217,D4/D1/D6-D1ab-D3h,1386,S3.pdf,NA,NA,y,Clo2019_ID217-S3.pdf
Clo2017_ID349,D4/D1/D6-D1ab-D3h,4475,S3.pdf,NA,NA,y,Clo2017_ID349-S3.pdf
Clo2017_ID348,D4/D1/D6-D1ab-D3h,3952,S3.pdf,NA,NA,y,Clo2017_ID348-S3.pdf
Clo2019_ID273,D4/D1/D6-D1ab-D3h,23919,S3.pdf,NA,NA,y,Clo2019_ID273-S3.pdf
Clo2019_ID209,D4/D1/D6-D1ab-D3h,59707,S3.pdf,NA,NA,y,Clo2019_ID209-S3.pdf
Clo2017_ID369,D4/D1/D6-D1ab-D3h,3434,S3.pdf,NA,NA,y,Clo2017_ID369-S3.pdf
Clo2017_ID446,D4/D1/D6-D1ab-D3h,732,S3.pdf,NA,NA,y,Clo2017_ID446-S3.pdf
Clo2019_ID121,D4/D1/D6-D1ab-D3h,998,S3.pdf,NA,NA,y,Clo2019_ID121-S3.pdf
Clo2019_ID366,D4/D1/D6-D1ab-D3h,498,S3.pdf,NA,NA,y,Clo2019_ID366-S3.pdf
Clo2017_ID370,D4/D1/D6-D1ab-D3h,2256,S3.pdf,NA,NA,y,Clo2017_ID370-S3.pdf
Clo2019_ID6,D4/D1/D6-D1ab-D3h,3023,S3.pdf,NA,NA,y,Clo2019_ID6-S3.pdf
Clo2019_ID297,D4/D1/D6-D1ab-D3h,1527,S3.pdf,NA,NA,y,Clo2019_ID297-S3.pdf
Clo2019_ID477,D4/D1/D6-D1ab-D3h,672,S3.pdf,NA,NA,y,Clo2019_ID477-S3.pdf
Clo2017_ID450,D4/D1/D6-D1ab-D3h,3468,S3.pdf,NA,NA,y,Clo2017_ID450-S3.pdf
Clo2017_ID134,D4/D1/D6-D1ab-D3h,1977,S3.pdf,NA,NA,y,Clo2017_ID134-S3.pdf
Clo2017_ID153,D4/D1/D6-D1ab-D3h,2649,S3.pdf,NA,NA,y,Clo2017_ID153-S3.pdf
Clo2019_ID158,D4/D1/D6-D1ab-D3h,475,S3.pdf,NA,NA,y,Clo2019_ID158-S3.pdf
Clo2019_ID13,D4/D1/D6-D1ab-D3h,1943,S3.pdf,NA,NA,y,Clo2019_ID13-S3.pdf
Clo2017_ID473,D4/D1/D6-D1ab-D3h,2288,S3.pdf,NA,NA,y,Clo2017_ID473-S3.pdf
Clo2019_ID443,D4/D1/D6-D1ab-D3h,301,S3.pdf,NA,NA,y,Clo2019_ID443-S3.pdf
Clo2017_ID367,D4/D1/D6-D1ab-D3h,6083,S3.pdf,NA,NA,y,Clo2017_ID367-S3.pdf
Clo2017_ID131,D4/D1/D6-D1ab-D3h,1059,S3.pdf,NA,NA,y,Clo2017_ID131-S3.pdf
Clo2017_ID429,D4/D1/D6-D1ab-D3h,1945,S3.pdf,NA,NA,y,Clo2017_ID429-S3.pdf
Clo2019_ID19,D4/D1/D6-D1ab-D3h,3587,S3.pdf,NA,NA,y,Clo2019_ID19-S3.pdf
Clo2017_ID458,D4/D1/D6-D1ab-D3h,1220,S3.pdf,NA,NA,y,Clo2017_ID458-S3.pdf
Clo2017_ID456,D4/D1/D6-D1ab-D3h,2227,S3.pdf,NA,NA,y,Clo2017_ID456-S3.pdf
Clo2017_ID360,D4/D1/D6-D1ab-D3h,3024,S3.pdf,NA,NA,y,Clo2017_ID360-S3.pdf
Clo2017_ID448,D4/D1/D6-D1ab-D3h,2037,S3.pdf,NA,NA,y,Clo2017_ID448-S3.pdf
Clo2017_ID344,D4/D1/D6-D1ab-D3h,4721,S3.pdf,NA,NA,y,Clo2017_ID344-S3.pdf
Clo2017_ID451,D4/D1/D6-D1ab-D3h,4181,S3.pdf,NA,NA,y,Clo2017_ID451-S3.pdf
Clo2017_ID377,D4/D1/D6-D1ab-D3h,3304,S3.pdf,NA,NA,y,Clo2017_ID377-S3.pdf
Clo2019_ID127,D4/D1/D6-D1ab-D3h,288,S3.pdf,NA,NA,y,Clo2019_ID127-S3.pdf
Clo2019_ID75,D4/D1/D6-D1ab-D3h,1879,S3.pdf,NA,NA,y,Clo2019_ID75-S3.pdf
Clo2019_ID202,D4/D1/D6-D1ab-D3h,22994,S3.pdf,NA,NA,y,Clo2019_ID202-S3.pdf
Clo2017_ID346,D4/D1/D6-D1ab-D3h,3580,S3.pdf,NA,NA,y,Clo2017_ID346-S3.pdf
Clo2017_ID205,D4/D1/D6-D1ab-D3h,3732,S3.pdf,NA,NA,y,Clo2017_ID205-S3.pdf
Clo2017_ID343,D4/D1/D6-D1ab-D3h,6037,S3.pdf,NA,NA,y,Clo2017_ID343-S3.pdf
Clo2017_ID354,D4/D1/D6-D1ab-D3h,4118,S3.pdf,NA,NA,y,Clo2017_ID354-S3.pdf
Clo2019_ID374,D4/D1/D6-D1ab-D3h,1684,S3.pdf,NA,NA,y,Clo2019_ID374-S3.pdf
Clo2017_ID298,D4/D1/D6-D1ab-D3h,3067,S3.pdf,NA,NA,y,Clo2017_ID298-S3.pdf
Clo2019_ID498,D4/D1/D6-D1ab-D3h,1095,S3.pdf,NA,NA,y,Clo2019_ID498-S3.pdf
Clo2017_ID160,D4/D1/D6-D1ab-D3h,4054,S3.pdf,NA,NA,y,Clo2017_ID160-S3.pdf
Clo2017_ID124,D4/D1/D6-D1ab-D3h,2884,S3.pdf,NA,NA,y,Clo2017_ID124-S3.pdf
Clo2017_ID452,D4/D1/D6-D1ab-D3h,2182,S3.pdf,NA,NA,y,Clo2017_ID452-S3.pdf
Clo2017_ID146,D4/D1/D6-D1ab-D3h,3775,S3.pdf,NA,NA,y,Clo2017_ID146-S3.pdf
Clo2019_ID152,D4/D1/D6-D1ab-D3h,426,S3.pdf,NA,NA,y,Clo2019_ID152-S3.pdf
Clo2017_ID362,D4/D1/D6-D1ab-D3h,3000,S3.pdf,NA,NA,y,Clo2017_ID362-S3.pdf
Clo2019_ID425,D4/D1/D6-D1ab-D3h,6103,S3.pdf,NA,NA,y,Clo2019_ID425-S3.pdf
Clo2017_ID307,D4/D1/D6-D1ab-D3h,6393,S3.pdf,NA,NA,y,Clo2017_ID307-S3.pdf
Clo2019_ID176,D4/D1/D6-D1ab-D3h,904,S3.pdf,NA,NA,y,Clo2019_ID176-S3.pdf
Clo2017_ID158,D4/D1/D6-D1ab-D3h,3272,S3.pdf,NA,NA,y,Clo2017_ID158-S3.pdf
Clo2019_ID54,D4/D1/D6-D1ab-D3h,2143,S3.pdf,NA,NA,y,Clo2019_ID54-S3.pdf
Clo2019_ID93,D4/D1/D6-D1ab-D3h,526,S3.pdf,NA,NA,y,Clo2019_ID93-S3.pdf
Clo2017_ID435,D4/D1/D6-D1ab-D3h,3510,S3.pdf,NA,NA,y,Clo2017_ID435-S3.pdf
Clo2017_ID441,D4/D1/D6-D1ab-D3h,1380,S3.pdf,NA,NA,y,Clo2017_ID441-S3.pdf
Clo2017_ID152,D4/D1/D6-D1ab-D3h,1976,S3.pdf,NA,NA,y,Clo2017_ID152-S3.pdf
Clo2017_ID164,D4/D1/D6-D1ab-D3h,2494,S3.pdf,NA,NA,y,Clo2017_ID164-S3.pdf
Clo2017_ID406,D4/D1/D6-D1ab-D3h,3446,S3.pdf,NA,NA,y,Clo2017_ID406-S3.pdf
Clo2019_ID346,D4/D1/D6-D1ab-D3h,1502,S3.pdf,NA,NA,y,Clo2019_ID346-S3.pdf
Clo2019_ID144,D4/D1/D6-D1ab-D3h,1831,S3.pdf,NA,NA,y,Clo2019_ID144-S3.pdf
Clo2017_ID130,D4/D1/D6-D1ab-D3h,2334,S3.pdf,NA,NA,y,Clo2017_ID130-S3.pdf
Clo2019_ID156,D4/D1/D6-D1ab-D3h,583,S3.pdf,NA,NA,y,Clo2019_ID156-S3.pdf
Clo2019_ID162,D4/D1/D6-D1ab-D3h,473,S3.pdf,NA,NA,y,Clo2019_ID162-S3.pdf
Clo2019_ID216,D4/D1/D6-D1ab-D3h,326,S3.pdf,NA,NA,y,Clo2019_ID216-S3.pdf
Clo2019_ID343,D4/D1/D6-D1ab-D3h,9325,S3.pdf,NA,NA,y,Clo2019_ID343-S3.pdf
Clo2017_ID232,D4/D1/D6-D1ab-D3h,1765,S3.pdf,NA,NA,y,Clo2017_ID232-S3.pdf
Clo2019_ID409,D4/D1/D6-D1ab-D3h,432,S3.pdf,NA,NA,y,Clo2019_ID409-S3.pdf
Clo2017_ID477,D4/D1/D6-D1ab-D3h,6575,S3.pdf,NA,NA,y,Clo2017_ID477-S3.pdf
Clo2019_ID15,D4/D1/D6-D1ab-D3h,1652,S3.pdf,NA,NA,y,Clo2019_ID15-S3.pdf
Clo2017_ID122,D4/D1/D6-D1ab-D3h,3510,S3.pdf,NA,NA,y,Clo2017_ID122-S3.pdf
Clo2017_ID288,D4/D1/D6-D1ab-D3h,3223,S3.pdf,NA,NA,y,Clo2017_ID288-S3.pdf
Clo2019_ID360,D4/D1/D6-D1ab-D3h,6004,S3.pdf,NA,NA,y,Clo2019_ID360-S3.pdf
Clo2017_ID133,D4/D1/D6-D1ab-D3h,1128,S3.pdf,NA,NA,y,Clo2017_ID133-S3.pdf
Clo2019_ID146,D4/D1/D6-D1ab-D3h,1150,S3.pdf,NA,NA,y,Clo2019_ID146-S3.pdf
Clo2017_ID253,D4/D1/D6-D1ab-D3h,2139,S3.pdf,NA,NA,y,Clo2017_ID253-S3.pdf
Clo2017_ID470,D4/D1/D6-D1ab-D3h,6588,S3.pdf,NA,NA,y,Clo2017_ID470-S3.pdf
Clo2019_ID288,D4/D1/D6-D1ab-D3h,640,S3.pdf,NA,NA,y,Clo2019_ID288-S3.pdf
Clo2017_ID283,D4/D1/D6-D1ab-D3h,2054,S3.pdf,NA,NA,y,Clo2017_ID283-S3.pdf
Clo2017_ID413,D4/D1/D6-D1ab-D3h,571,S3.pdf,NA,NA,y,Clo2017_ID413-S3.pdf
Clo2017_ID20,D4/D1/D6-D1ab-D3h,1434,S3.pdf,NA,NA,y,Clo2017_ID20-S3.pdf
Clo2019_ID142,D4/D1/D6-D1ab-D3h,1299,S3.pdf,NA,NA,y,Clo2019_ID142-S3.pdf
Clo2019_ID454,D4/D1/D6-D1ab-D3h,265,S3.pdf,NA,NA,y,Clo2019_ID454-S3.pdf
Clo2019_ID330,D4/D1/D6-D1ab-D3h,8072,S3.pdf,NA,NA,y,Clo2019_ID330-S3.pdf
Clo2017_ID404,D4/D1/D6-D1ab-D3h,3378,S3.pdf,NA,NA,y,Clo2017_ID404-S3.pdf
Clo2017_ID457,D4/D1/D6-D1ab-D3h,2818,S3.pdf,NA,NA,y,Clo2017_ID457-S3.pdf
Clo2019_ID253,D4/D1/D6-D1ab-D3h,4109,S3.pdf,NA,NA,y,Clo2019_ID253-S3.pdf
Clo2019_ID491,D4/D1/D6-D1ab-D3h,2095,S3.pdf,NA,NA,y,Clo2019_ID491-S3.pdf
Clo2019_ID256,D4/D1/D6-D1ab-D3h,10104,S3.pdf,NA,NA,y,Clo2019_ID256-S3.pdf
Clo2019_ID358,D4/D1/D6-D1ab-D3h,11170,S3.pdf,NA,NA,y,Clo2019_ID358-S3.pdf
Clo2017_ID216,D4/D1/D6-D1ab-D3h,1298,S3.pdf,NA,NA,y,Clo2017_ID216-S3.pdf
Clo2019_ID377,D4/D1/D6-D1ab-D3h,1103,S3.pdf,NA,NA,y,Clo2019_ID377-S3.pdf
Clo2017_ID150,D4/D1/D6-D1ab-D3h,1919,S3.pdf,NA,NA,y,Clo2017_ID150-S3.pdf
Clo2017_ID425,D4/D1/D6-D1ab-D3h,1258,S3.pdf,NA,NA,y,Clo2017_ID425-S3.pdf
Clo2017_ID183,D4/D1/D6-D1ab-D3h,4402,S3.pdf,NA,NA,y,Clo2017_ID183-S3.pdf
Clo2019_ID122,D4/D1/D6-D1ab-D3h,1252,S3.pdf,NA,NA,y,Clo2019_ID122-S3.pdf
Clo2019_ID474,D4/D1/D6-D1ab-D3h,1087,S3.pdf,NA,NA,y,Clo2019_ID474-S3.pdf
Clo2017_ID219,D4/D1/D6-D1ab-D3h,3068,S3.pdf,NA,NA,y,Clo2017_ID219-S3.pdf
Clo2019_ID495,D4/D1/D6-D1ab-D3h,1765,S3.pdf,NA,NA,y,Clo2019_ID495-S3.pdf
Clo2019_ID190,D4/D1/D6-D1ab-D3h,2462,S3.pdf,NA,NA,y,Clo2019_ID190-S3.pdf
Clo2019_ID458,D4/D1/D6-D1ab-D3h,490,S3.pdf,NA,NA,y,Clo2019_ID458-S3.pdf
Clo2019_ID62,D4/D1/D6-D1ab-D3h,1101,S3.pdf,NA,NA,y,Clo2019_ID62-S3.pdf
Clo2017_ID358,D4/D1/D6-D1ab-D3h,2140,S3.pdf,NA,NA,y,Clo2017_ID358-S3.pdf
Clo2017_ID178,D4/D1/D6-D1ab-D3h,2842,S3.pdf,NA,NA,y,Clo2017_ID178-S3.pdf
Clo2017_ID330,D4/D1/D6-D1ab-D3h,4814,S3.pdf,NA,NA,y,Clo2017_ID330-S3.pdf
Clo2017_ID443,D4/D1/D6-D1ab-D3h,2383,S3.pdf,NA,NA,y,Clo2017_ID443-S3.pdf
Clo2019_ID232,D4/D1/D6-D1ab-D3h,6409,S3.pdf,NA,NA,y,Clo2019_ID232-S3.pdf
Clo2019_ID150,D4/D1/D6-D1ab-D3h,955,S3.pdf,NA,NA,y,Clo2019_ID150-S3.pdf
Clo2019_ID475,D4/D1/D6-D1ab-D3h,1127,S3.pdf,NA,NA,y,Clo2019_ID475-S3.pdf
Clo2019_ID302,D4/D1/D6-D1ab-D3h,2770,S3.pdf,NA,NA,y,Clo2019_ID302-S3.pdf
Clo2019_ID205,D4/D1/D6-D1ab-D3h,680,S3.pdf,NA,NA,y,Clo2019_ID205-S3.pdf
Clo2017_ID209,D4/D1/D6-D1ab-D3h,1014,S3.pdf,NA,NA,y,Clo2017_ID209-S3.pdf
Clo2017_ID217,D4/D1/D6-D1ab-D3h,2392,S3.pdf,NA,NA,y,Clo2017_ID217-S3.pdf
Clo2019_ID345,D4/D1/D6-D1ab-D3h,5416,S3.pdf,NA,NA,y,Clo2019_ID345-S3.pdf
Clo2017_ID68,D4/D1/D6-D1ab-D3h,943,S3.pdf,NA,NA,y,Clo2017_ID68-S3.pdf
Clo2017_ID214,D4/D1/D6-D1ab-D3h,1245,S3.pdf,NA,NA,y,Clo2017_ID214-S3.pdf
Clo2017_ID125,D4/D1/D6-D1ab-D3h,1381,S3.pdf,NA,NA,y,Clo2017_ID125-S3.pdf
Clo2019_ID183,D4/D1/D6-D1ab-D3h,2092,S3.pdf,NA,NA,y,Clo2019_ID183-S3.pdf
Clo2019_ID306,D4/D1/D6-D1ab-D3h,2032,S3.pdf,NA,NA,y,Clo2019_ID306-S3.pdf
Clo2017_ID356,D4/D1/D6-D1ab-D3h,2878,S3.pdf,NA,NA,y,Clo2017_ID356-S3.pdf
Clo2019_ID219,D4/D1/D6-D1ab-D3h,1233,S3.pdf,NA,NA,y,Clo2019_ID219-S3.pdf
Clo2019_ID289,D4/D1/D6-D1ab-D3h,986,S3.pdf,NA,NA,y,Clo2019_ID289-S3.pdf
Clo2019_ID470,D4/D1/D6-D1ab-D3h,1146,S3.pdf,NA,NA,y,Clo2019_ID470-S3.pdf
Clo2019_ID282,D4/D1/D6-D1ab-D3h,3866,S3.pdf,NA,NA,y,Clo2019_ID282-S3.pdf
Clo2017_ID289,D4/D1/D6-D1ab-D3h,3946,S3.pdf,NA,NA,y,Clo2017_ID289-S3.pdf
Clo2019_ID344,D4/D1/D6-D1ab-D3h,587,S3.pdf,NA,NA,y,Clo2019_ID344-S3.pdf
Clo2019_ID356,C31/C17d/C15-C21-C21ac-C17e,244,S3.pdf,NA,NA,y,Clo2019_ID356-S3.pdf
Clo2019_ID356,D4/D1/D6-D1ab-D3h,20257,S3.pdf,NA,NA,y,Clo2019_ID356-S3.pdf
Clo2019_ID486,D4/D1/D6-D1ab-D3h,2305,S3.pdf,NA,NA,y,Clo2019_ID486-S3.pdf
Clo2019_ID155,D4/D1/D6-D1ab-D3h,234,S3.pdf,NA,NA,y,Clo2019_ID155-S3.pdf
Clo2017_ID51,D4/D1/D6-D1ab-D3h,515,S3.pdf,NA,NA,y,Clo2017_ID51-S3.pdf
Clo2019_ID201,C31/C17d-C21-C31a-C21ac,396,S3.pdf,NA,NA,y,Clo2019_ID201-S3.pdf
Clo2019_ID201,D4/D1/D6-D1ab-D3h,25693,S3.pdf,NA,NA,y,Clo2019_ID201-S3.pdf
Clo2019_ID500,D4/D1/D6-D1ab-D3h,971,S3.pdf,NA,NA,y,Clo2019_ID500-S3.pdf
Clo2017_ID423,D4/D1/D6-D1ab-D3h,433,S3.pdf,NA,NA,y,Clo2017_ID423-S3.pdf
Clo2019_ID473,D4/D1/D6-D1ab-D3h,936,S3.pdf,NA,NA,y,Clo2019_ID473-S3.pdf
Clo2017_ID326,D4/D1/D6-D1ab-D3h,1354,S3.pdf,NA,NA,y,Clo2017_ID326-S3.pdf
Clo2017_ID273,D4/D1/D6-D1ab-D3h,2445,S3.pdf,NA,NA,y,Clo2017_ID273-S3.pdf
Clo2019_ID347,D4/D1/D6-D1ab-D3h,1085,S3.pdf,NA,NA,y,Clo2019_ID347-S3.pdf
Clo2017_ID416,D4/D1/D6-D1ab-D3h,689,S3.pdf,NA,NA,y,Clo2017_ID416-S3.pdf
Clo2019_ID359,D4/D1/D6-D1ab-D3h,810,S3.pdf,NA,NA,y,Clo2019_ID359-S3.pdf
Clo2017_ID381,D4/D1/D6-D1ab-D3h,2600,S3.pdf,NA,NA,y,Clo2017_ID381-S3.pdf
Clo2017_ID496,D4/D1/D6-D1ab-D3h,4668,S3.pdf,NA,NA,y,Clo2017_ID496-S3.pdf
Clo2017_ID498,D4/D1/D6-D1ab-D3h,3128,S3.pdf,NA,NA,y,Clo2017_ID498-S3.pdf
Clo2017_ID201,D4/D1/D6-D1ab-D3h,3959,S3.pdf,NA,NA,y,Clo2017_ID201-S3.pdf
Clo2019_ID496,D4/D1/D6-D1ab-D3h,2069,S3.pdf,NA,NA,y,Clo2019_ID496-S3.pdf
Clo2017_ID73,D4/D1/D6-D1ab-D3h,1686,S3.pdf,NA,NA,y,Clo2017_ID73-S3.pdf
Clo2019_ID154,D4/D1/D6-D1ab-D3h,628,S3.pdf,NA,NA,y,Clo2019_ID154-S3.pdf
Clo2019_ID20,D4/D1/D6-D1ab-D3h,581,S3.pdf,NA,NA,y,Clo2019_ID20-S3.pdf
Clo2019_ID506,D4/D1/D6-D1ab-D3h,4652,S3.pdf,NA,NA,y,Clo2019_ID506-S3.pdf
Clo2017_ID159,D4/D1/D6-D1ab-D3h,4397,S3.pdf,NA,NA,y,Clo2017_ID159-S3.pdf
Clo2017_ID15,D4/D1/D6-D1ab-D3h,1163,S3.pdf,NA,NA,y,Clo2017_ID15-S3.pdf
Clo2017_ID486,D4/D1/D6-D1ab-D3h,4085,S3.pdf,NA,NA,y,Clo2017_ID486-S3.pdf
Clo2019_ID363,D4/D1/D6-D1ab-D3h,778,S3.pdf,NA,NA,y,Clo2019_ID363-S3.pdf
Clo2019_ID143,D4/D1/D6-D1ab-D3h,464,S3.pdf,NA,NA,y,Clo2019_ID143-S3.pdf
Clo2019_ID493,D4/D1/D6-D1ab-D3h,1828,S3.pdf,NA,NA,y,Clo2019_ID493-S3.pdf
Clo2017_ID77,D4/D1/D6-D1ab-D3h,4052,S3.pdf,NA,NA,y,Clo2017_ID77-S3.pdf
Clo2019_ID326,D4/D1/D6-D1ab-D3h,415,S3.pdf,NA,NA,y,Clo2019_ID326-S3.pdf
Clo2017_ID54,D4/D1/D6-D1ab-D3h,1587,S3.pdf,NA,NA,y,Clo2017_ID54-S3.pdf
Clo2017_ID488,D4/D1/D6-D1ab-D3h,6854,S3.pdf,NA,NA,y,Clo2017_ID488-S3.pdf
Clo2017_ID12,D4/D1/D6-D1ab-D3h,245,S3.pdf,NA,NA,y,Clo2017_ID12-S3.pdf
Clo2019_ID88,D4/D1/D6-D1ab-D3h,4072,S3.pdf,NA,NA,y,Clo2019_ID88-S3.pdf
Clo2017_ID16,D4/D1/D6-D1ab-D3h,355,S3.pdf,NA,NA,y,Clo2017_ID16-S3.pdf
Clo2019_ID76,D4/D1/D6-D1ab-D3h,1866,S3.pdf,NA,NA,y,Clo2019_ID76-S3.pdf
Clo2019_ID280,D4/D1/D6-D1ab-D3h,988,S3.pdf,NA,NA,y,Clo2019_ID280-S3.pdf
Clo2017_ID13,D4/D1/D6-D1ab-D3h,4303,S3.pdf,NA,NA,y,Clo2017_ID13-S3.pdf
Clo2017_ID491,C17d/C31-C21-C17e-C21ac-C17f-C17g,368,S3.pdf,NA,NA,y,Clo2017_ID491-S3.pdf
Clo2017_ID491,D4/D1/D6-D1ab-D3h,14678,S3.pdf,NA,NA,y,Clo2017_ID491-S3.pdf
Clo2017_ID267,D4/D1/D6-D1ab-D3h,3917,S3.pdf,NA,NA,y,Clo2017_ID267-S3.pdf
Clo2017_ID363,D4/D1/D6-D1ab-D3h,5410,S3.pdf,NA,NA,y,Clo2017_ID363-S3.pdf
Clo2017_ID376,C17d/C31-C21-C21ac-C17e-C17f-C31.9,191,S3.pdf,NA,NA,y,Clo2017_ID376-S3.pdf
Clo2017_ID376,D4/D1/D6-D1ab-D3h,6397,S3.pdf,NA,NA,y,Clo2017_ID376-S3.pdf
Clo2017_ID417,D4/D1/D6-D1ab-D3h,395,S3.pdf,NA,NA,y,Clo2017_ID417-S3.pdf
Clo2019_ID328,D4/D1/D6-D1ab-D3h,226,S3.pdf,NA,NA,y,Clo2019_ID328-S3.pdf
Clo2017_ID235,D4/D1/D6-D1ab-D3h,2681,S3.pdf,NA,NA,y,Clo2017_ID235-S3.pdf
Clo2017_ID62,D4/D1/D6-D1ab-D3h,2834,S3.pdf,NA,NA,y,Clo2017_ID62-S3.pdf
Clo2017_ID66,D4/D1/D6-D1ab-D3h,1488,S3.pdf,NA,NA,y,Clo2017_ID66-S3.pdf
Clo2017_ID184,D4/D1/D6-D1ab-D3h,3395,S3.pdf,NA,NA,y,Clo2017_ID184-S3.pdf
Clo2017_ID200,D4/D1/D6-D1ab-D3h,2472,S3.pdf,NA,NA,y,Clo2017_ID200-S3.pdf
Clo2019_ID582,D4/D1/D6-D1ab-D3h,4025,S3.pdf,NA,NA,y,Clo2019_ID582-S3.pdf
Clo2017_ID494,D4/D1/D6-D1ab-D3h,3153,S3.pdf,NA,NA,y,Clo2017_ID494-S3.pdf
Clo2017_ID155,D4/D1/D6-D1ab-D3h,3174,S3.pdf,NA,NA,y,Clo2017_ID155-S3.pdf
Clo2017_ID353,D4/D1/D6-D1ab-D3h,2743,S3.pdf,NA,NA,y,Clo2017_ID353-S3.pdf
Clo2017_ID418,D4/D1/D6-D1ab-D3h,567,S3.pdf,NA,NA,y,Clo2017_ID418-S3.pdf
Clo2017_ID61,D4/D1/D6-D1ab-D3h,1804,S3.pdf,NA,NA,y,Clo2017_ID61-S3.pdf
Clo2019_ID129,D4/D1/D6-D1ab-D3h,291,S3.pdf,NA,NA,y,Clo2019_ID129-S3.pdf
Clo2019_ID96,D4/D1/D6-D1ab-D3h,637,S3.pdf,NA,NA,y,Clo2019_ID96-S3.pdf
Clo2019_ID295,D4/D1/D6-D1ab-D3h,1796,S3.pdf,NA,NA,y,Clo2019_ID295-S3.pdf
Clo2017_ID475,D4/D1/D6-D1ab-D3h,3108,S3.pdf,NA,NA,y,Clo2017_ID475-S3.pdf
Clo2017_ID306,D4/D1/D6-D1ab-D3h,2406,S3.pdf,NA,NA,y,Clo2017_ID306-S3.pdf
Clo2019_ID402,D4/D1/D6-D1ab-D3h,285,S3.pdf,NA,NA,y,Clo2019_ID402-S3.pdf
Clo2019_ID261,C31-C17d-C31.1-C21-C31a-C31f-C17e-C21ac,301,S3.pdf,NA,NA,y,Clo2019_ID261-S3.pdf
Clo2019_ID261,D4/D1/D6-D1ab-D3h,4602,S3.pdf,NA,NA,y,Clo2019_ID261-S3.pdf
Clo2019_ID445,D4/D1/D6-D1ab-D3h,383,S3.pdf,NA,NA,y,Clo2019_ID445-S3.pdf
Clo2019_ID200,D4/D1/D6-D1ab-D3h,553,S3.pdf,NA,NA,y,Clo2019_ID200-S3.pdf
Clo2017_ID318,C17d/C31-C21-C21ac-C17e-C17f-C31.9,275,S3.pdf,NA,NA,y,Clo2017_ID318-S3.pdf
Clo2017_ID318,D4/D1/D6-D1ab-D3h,3403,S3.pdf,NA,NA,y,Clo2017_ID318-S3.pdf
Clo2017_ID374,C31/C17d-C21-C21ac-C17e,197,S3.pdf,NA,NA,y,Clo2017_ID374-S3.pdf
Clo2017_ID374,D4/D1/D6-D1ab-D3h,2886,S3.pdf,NA,NA,y,Clo2017_ID374-S3.pdf
Clo2017_ID440,D4/D1/D6-D1ab-D3h,721,S3.pdf,NA,NA,y,Clo2017_ID440-S3.pdf
Clo2017_ID222,D4/D1/D6-D1ab-D3h,2206,S3.pdf,NA,NA,y,Clo2017_ID222-S3.pdf
Clo2017_ID174,D4/D1/D6-D1ab-D3h,1910,S3.pdf,NA,NA,y,Clo2017_ID174-S3.pdf
Clo2017_ID454,D4/D1/D6-D1ab-D3h,1214,S3.pdf,NA,NA,y,Clo2017_ID454-S3.pdf
Clo2017_ID154,C17d/C31-C21-C21ac-C17f,216,S3.pdf,NA,NA,y,Clo2017_ID154-S3.pdf
Clo2017_ID154,D4/D1/D6-D1ab-D3h,2568,S3.pdf,NA,NA,y,Clo2017_ID154-S3.pdf
Clo2019_ID459,D4/D1/D6-D1ab-D3h,534,S3.pdf,NA,NA,y,Clo2019_ID459-S3.pdf
Clo2019_ID52,C17d/C31-C21-C21ac-C17f,301,S3.pdf,NA,NA,y,Clo2019_ID52-S3.pdf
Clo2019_ID52,C3/C1,10,S3.pdf,NA,NA,y,Clo2019_ID52-S3.pdf
Clo2019_ID52,D4/D1/D6-D1ab-D3h,3210,S3.pdf,NA,NA,y,Clo2019_ID52-S3.pdf
Clo2019_ID90,D4/D1/D6-D1ab-D3h,1103,S3.pdf,NA,NA,y,Clo2019_ID90-S3.pdf
Clo2019_ID357,D4/D1/D6-D1ab-D3h,1792,S3.pdf,NA,NA,y,Clo2019_ID357-S3.pdf
Clo2019_ID139,D4/D1/D6-D1ab-D3h,309,S3.pdf,NA,NA,y,Clo2019_ID139-S3.pdf
Clo2017_ID583,C31/C17d-C21-C21ac-C17e,352,S3.pdf,NA,NA,y,Clo2017_ID583-S3.pdf
Clo2017_ID583,D4/D1/D6-D1ab-D3h,3317,S3.pdf,NA,NA,y,Clo2017_ID583-S3.pdf
Clo2019_ID104,D4/D1/D6-D1ab-D3h,1193,S3.pdf,NA,NA,y,Clo2019_ID104-S3.pdf
Clo2019_ID489,C17d/C31-C21-C17e-C21ac-C17f-C17g,218,S3.pdf,NA,NA,y,Clo2019_ID489-S3.pdf
Clo2019_ID489,D4/D1/D6-D1ab-D3h,2265,S3.pdf,NA,NA,y,Clo2019_ID489-S3.pdf
Clo2019_ID410,D4/D1/D6-D1ab-D3h,237,S3.pdf,NA,NA,y,Clo2019_ID410-S3.pdf
Clo2017_ID313,C31-C17d-C31.1-C21-C31a-C31f-C17e-C21ac,511,S3.pdf,NA,NA,y,Clo2017_ID313-S3.pdf
Clo2017_ID313,D4/D1/D6-D1ab-D3h,3894,S3.pdf,NA,NA,y,Clo2017_ID313-S3.pdf
Clo2019_ID403,D4/D1/D6-D1ab-D3h,1036,S3.pdf,NA,NA,y,Clo2019_ID403-S3.pdf
Clo2017_ID213,D4/D1/D6-D1ab-D3h,888,S3.pdf,NA,NA,y,Clo2017_ID213-S3.pdf
Clo2017_ID578,D4/D1/D6-D1ab-D3h,837,S3.pdf,NA,NA,y,Clo2017_ID578-S3.pdf
Clo2017_ID157,C31/C17d-C31.1-C21-C31a-C31f-C17e-C21ac-C31j,408,S3.pdf,NA,NA,y,Clo2017_ID157-S3.pdf
Clo2017_ID157,D4/D1/D6-D1ab-D3h,2803,S3.pdf,NA,NA,y,Clo2017_ID157-S3.pdf
Clo2019_ID460,D4/D1/D6-D1ab-D3h,1610,S3.pdf,NA,NA,y,Clo2019_ID460-S3.pdf
Clo2017_ID161,C17d/C31-C21-C21ac-C17f,594,S3.pdf,NA,NA,y,Clo2017_ID161-S3.pdf
Clo2017_ID161,D4/D1/D6-D1ab-D3h,4580,S3.pdf,NA,NA,y,Clo2017_ID161-S3.pdf
Clo2019_ID184,C17d/C31-C21-C21ac-C17f,345,S3.pdf,NA,NA,y,Clo2019_ID184-S3.pdf
Clo2019_ID184,D4/D1/D6-D1ab-D3h,2500,S3.pdf,NA,NA,y,Clo2019_ID184-S3.pdf
Clo2017_ID300,C17d/C31-C21-C17e-C21ac-C17f-C17g,336,S3.pdf,NA,NA,y,Clo2017_ID300-S3.pdf
Clo2017_ID300,D4/D1/D6-D1ab-D3h,2369,S3.pdf,NA,NA,y,Clo2017_ID300-S3.pdf
Clo2019_ID291,D4/D1/D6-D1ab-D3h,806,S3.pdf,NA,NA,y,Clo2019_ID291-S3.pdf
Clo2017_ID419,D4/D1/D6-D1ab-D3h,373,S3.pdf,NA,NA,y,Clo2017_ID419-S3.pdf
Clo2017_ID291,C31/C17d-C21-C31a-C21ac-C31.9-C17e,698,S3.pdf,NA,NA,y,Clo2017_ID291-S3.pdf
Clo2017_ID291,D4/D1/D6-D1ab-D3h,4120,S3.pdf,NA,NA,y,Clo2017_ID291-S3.pdf
Clo2017_ID88,D4/D1/D6-D1ab-D3h,330,S3.pdf,NA,NA,y,Clo2017_ID88-S3.pdf
Clo2017_ID180,C31/C17d-C21-C31a-C21ac-C31.9-C17e,278,S3.pdf,NA,NA,y,Clo2017_ID180-S3.pdf
Clo2017_ID180,D4/D1/D6-D1ab-D3h,1602,S3.pdf,NA,NA,y,Clo2017_ID180-S3.pdf
Clo2017_ID137,D4/D1/D6-D1ab-D3h,640,S3.pdf,NA,NA,y,Clo2017_ID137-S3.pdf
Clo2017_ID28,D4/D1/D6-D1ab-D3h,215,S3.pdf,NA,NA,y,Clo2017_ID28-S3.pdf
Clo2019_ID351,C31/C17d/C21-C31.9-C31.5-C31a-C21ac,187,S3.pdf,NA,NA,y,Clo2019_ID351-S3.pdf
Clo2019_ID351,D4/D1/D6-D1ab-D3h,981,S3.pdf,NA,NA,y,Clo2019_ID351-S3.pdf
Clo2017_ID78,C31/C17d-C31.1-C21-C31a-C31f-C17e-C21ac-C31j,281,S3.pdf,NA,NA,y,Clo2017_ID78-S3.pdf
Clo2017_ID78,D4/D1/D6-D1ab-D3h,1446,S3.pdf,NA,NA,y,Clo2017_ID78-S3.pdf
Clo2019_ID294,D4/D1/D6-D1ab-D3h,698,S3.pdf,NA,NA,y,Clo2019_ID294-S3.pdf
Clo2017_ID449,C31/C17d-C31.1-C21-C31a-C31f-C17e-C21ac-C31j,466,S3.pdf,NA,NA,y,Clo2017_ID449-S3.pdf
Clo2017_ID449,D4/D1/D6-D1ab-D3h,2312,S3.pdf,NA,NA,y,Clo2017_ID449-S3.pdf
Clo2017_ID285,C17d/C31-C21-C21ac-C17e-C17f-C31.9,662,S3.pdf,NA,NA,y,Clo2017_ID285-S3.pdf
Clo2017_ID285,D4/D1/D6-D1ab-D3h,3440,S3.pdf,NA,NA,y,Clo2017_ID285-S3.pdf
Clo2017_ID104,D4/D1/D6-D1ab-D3h,719,S3.pdf,NA,NA,y,Clo2017_ID104-S3.pdf
Clo2019_ID230,C17d/C31-C21-C21ac-C17e-C17f-C31.9,873,S3.pdf,NA,NA,y,Clo2019_ID230-S3.pdf
Clo2019_ID230,D4/D1/D6-D1ab-D3h,4467,S3.pdf,NA,NA,y,Clo2019_ID230-S3.pdf
Clo2017_ID500,C31/C17d-C21-C21ac-C31.9,361,S3.pdf,NA,NA,y,Clo2017_ID500-S3.pdf
Clo2017_ID500,D4/D1/D6-D1ab-D3h,1790,S3.pdf,NA,NA,y,Clo2017_ID500-S3.pdf
Clo2019_ID481,C17d/C31-C21-C17e-C21ac-C17f-C17g,455,S3.pdf,NA,NA,y,Clo2019_ID481-S3.pdf
Clo2019_ID481,D4/D1/D6-D1ab-D3h,2176,S3.pdf,NA,NA,y,Clo2019_ID481-S3.pdf
Clo2019_ID455,C31/C17d-C21-C31.9-C21ac-C17e-C31h-C17f-C31i,172,S3.pdf,NA,NA,y,Clo2019_ID455-S3.pdf
Clo2019_ID455,D4/D1/D6-D1ab-D3h,798,S3.pdf,NA,NA,y,Clo2019_ID455-S3.pdf
Clo2019_ID72,C17d/C31-C21-C21ac-C17f,615,S3.pdf,NA,NA,y,Clo2019_ID72-S3.pdf
Clo2019_ID72,D4/D1/D6-D1ab-D3h,2640,S3.pdf,NA,NA,y,Clo2019_ID72-S3.pdf
Clo2019_ID57,C31/C17d-C31.1,222,S3.pdf,NA,NA,y,Clo2019_ID57-S3.pdf
Clo2019_ID57,D4/D1/D6-D1ab-D3h,1030,S3.pdf,NA,NA,y,Clo2019_ID57-S3.pdf
Clo2017_ID372,C31-C17d-C31.1-C31a-C21-C31f-C31b-C17e,718,S3.pdf,NA,NA,y,Clo2017_ID372-S3.pdf
Clo2017_ID372,D4/D1/D6-D1ab-D3h,2781,S3.pdf,NA,NA,y,Clo2017_ID372-S3.pdf
Clo2019_ID433,D4/D1/D6-D1ab-D3h,519,S3.pdf,NA,NA,y,Clo2019_ID433-S3.pdf
Clo2019_ID392,C31/C17d-C21,180,S3.pdf,NA,NA,y,Clo2019_ID392-S3.pdf
Clo2019_ID392,D4/D1/D6-D1ab-D3h,780,S3.pdf,NA,NA,y,Clo2019_ID392-S3.pdf
Clo2017_ID352,C31/C17d-C21-C21ac-C31.9-C31k,1036,S3.pdf,NA,NA,y,Clo2017_ID352-S3.pdf
Clo2017_ID352,D4/D1/D6-D1ab-D3h,4416,S3.pdf,NA,NA,y,Clo2017_ID352-S3.pdf
Clo2017_ID426,C17d/C31-C21-C21ac-C17f,424,S3.pdf,NA,NA,y,Clo2017_ID426-S3.pdf
Clo2017_ID426,D4/D1/D6-D1ab-D3h,1627,S3.pdf,NA,NA,y,Clo2017_ID426-S3.pdf
Clo2017_ID334,C17d/C31-C21-C21ac-C17e-C17f-C31.9,762,S3.pdf,NA,NA,y,Clo2017_ID334-S3.pdf
Clo2017_ID334,D4/D1/D6-D1ab-D3h,2968,S3.pdf,NA,NA,y,Clo2017_ID334-S3.pdf
Clo2019_ID578,C31/C17d-C21-C21ac-C31.9-C31k,500,S3.pdf,NA,NA,y,Clo2019_ID578-S3.pdf
Clo2019_ID578,D4/D1/D6-D1ab-D3h,1988,S3.pdf,NA,NA,y,Clo2019_ID578-S3.pdf
Clo2017_ID296,C31/C17d-C21-C21ac-C31.9,584,S3.pdf,NA,NA,y,Clo2017_ID296-S3.pdf
Clo2017_ID296,D4/D1/D6-D1ab-D3h,2130,S3.pdf,NA,NA,y,Clo2017_ID296-S3.pdf
Clo2017_ID460,C31-C17d-C31.1-C31a-C21-C31f-C31b-C17e,556,S3.pdf,NA,NA,y,Clo2017_ID460-S3.pdf
Clo2017_ID460,D4/D1/D6-D1ab-D3h,1875,S3.pdf,NA,NA,y,Clo2017_ID460-S3.pdf
Clo2019_ID281,C17d/C31-C21-C17e-C21ac-C17f-C17g,464,S3.pdf,NA,NA,y,Clo2019_ID281-S3.pdf
Clo2019_ID281,D4/D1/D6-D1ab-D3h,1715,S3.pdf,NA,NA,y,Clo2019_ID281-S3.pdf
Clo2017_ID72,C17d/C31-C21-C21ac-C17e-C17f-C31.9,499,S3.pdf,NA,NA,y,Clo2017_ID72-S3.pdf
Clo2017_ID72,D4/D1/D6-D1ab-D3h,1733,S3.pdf,NA,NA,y,Clo2017_ID72-S3.pdf
Clo2017_ID585,C31/C17d-C21-C21ac-C17e,636,S3.pdf,NA,NA,y,Clo2017_ID585-S3.pdf
Clo2017_ID585,D4/D1/D6-D1ab-D3h,2240,S3.pdf,NA,NA,y,Clo2017_ID585-S3.pdf
Clo2017_ID190,C17d/C31-C21-C21ac-C17f,740,S3.pdf,NA,NA,y,Clo2017_ID190-S3.pdf
Clo2017_ID190,D4/D1/D6-D1ab-D3h,2624,S3.pdf,NA,NA,y,Clo2017_ID190-S3.pdf
Clo2019_ID192,C31/C17d-C31.1-C21-C31a-C31f-C17e-C21ac-C31j,486,S3.pdf,NA,NA,y,Clo2019_ID192-S3.pdf
Clo2019_ID192,D4/D1/D6-D1ab-D3h,1584,S3.pdf,NA,NA,y,Clo2019_ID192-S3.pdf
Clo2019_ID49,C17d/C31-C21-C21ac-C17e-C17f-C31.9,661,S3.pdf,NA,NA,y,Clo2019_ID49-S3.pdf
Clo2019_ID49,D4/D1/D6-D1ab-D3h,2141,S3.pdf,NA,NA,y,Clo2019_ID49-S3.pdf
Clo2019_ID324,D4/D1/D6-D1ab-D3h,338,S3.pdf,NA,NA,y,Clo2019_ID324-S3.pdf
Clo2019_ID390,D4/D1/D6-D1ab-D3h,455,S3.pdf,NA,NA,y,Clo2019_ID390-S3.pdf
Clo2017_ID580,C31/C17d-C21-C21ac-C31.9,350,S3.pdf,NA,NA,y,Clo2017_ID580-S3.pdf
Clo2017_ID580,D4/D1/D6-D1ab-D3h,1143,S3.pdf,NA,NA,y,Clo2017_ID580-S3.pdf
Clo2019_ID287,C31/C17d-C21-C31a-C21ac-C31.9-C17e,417,S3.pdf,NA,NA,y,Clo2019_ID287-S3.pdf
Clo2019_ID287,D4/D1/D6-D1ab-D3h,1253,S3.pdf,NA,NA,y,Clo2019_ID287-S3.pdf
Clo2019_ID365,D4/D1/D6-D1ab-D3h,332,S3.pdf,NA,NA,y,Clo2019_ID365-S3.pdf
Clo2017_ID96,D4/D1/D6-D1ab-D3h,299,S3.pdf,NA,NA,y,Clo2017_ID96-S3.pdf
Clo2017_ID269,C31/C17d-C21-C21ac-C31.9-C31k,1203,S3.pdf,NA,NA,y,Clo2017_ID269-S3.pdf
Clo2017_ID269,D4/D1/D6-D1ab-D3h,3806,S3.pdf,NA,NA,y,Clo2017_ID269-S3.pdf
Clo2019_ID12,C17d/C31-C21-C21ac-C17f,276,S3.pdf,NA,NA,y,Clo2019_ID12-S3.pdf
Clo2019_ID12,D4/D1/D6-D1ab-D3h,717,S3.pdf,NA,NA,y,Clo2019_ID12-S3.pdf
Clo2017_ID176,C17d/C31-C21-C21ac-C17e-C17f-C31.9,640,S3.pdf,NA,NA,y,Clo2017_ID176-S3.pdf
Clo2017_ID176,D4/D1/D6-D1ab-D3h,1679,S3.pdf,NA,NA,y,Clo2017_ID176-S3.pdf
Clo2019_ID48,C17d/C31-C21-C21ac-C17e-C17f-C31.9,583,S3.pdf,NA,NA,y,Clo2019_ID48-S3.pdf
Clo2019_ID48,D4/D1/D6-D1ab-D3h,1546,S3.pdf,NA,NA,y,Clo2019_ID48-S3.pdf
Clo2017_ID287,C31/C17d-C21-C31a-C21ac-C31.9-C17e,648,S3.pdf,NA,NA,y,Clo2017_ID287-S3.pdf
Clo2017_ID287,D4/D1/D6-D1ab-D3h,1634,S3.pdf,NA,NA,y,Clo2017_ID287-S3.pdf
Clo2019_ID195,C31-C17d-C31.1-C31a-C21-C31f-C31b-C17e,549,S3.pdf,NA,NA,y,Clo2019_ID195-S3.pdf
Clo2019_ID195,D4/D1/D6-D1ab-D3h,1363,S3.pdf,NA,NA,y,Clo2019_ID195-S3.pdf
Clo2019_ID478,C31/C17d-C21-C21ac,349,S3.pdf,NA,NA,y,Clo2019_ID478-S3.pdf
Clo2019_ID478,D4/D1/D6-D1ab-D3h,860,S3.pdf,NA,NA,y,Clo2019_ID478-S3.pdf
Clo2019_ID249,C31/C17d-C31.1-C21-C31a-C31f-C17e-C21ac-C31j,2122,S3.pdf,NA,NA,y,Clo2019_ID249-S3.pdf
Clo2019_ID249,D4/D1/D6-D1ab-D3h,5777,S3.pdf,NA,NA,y,Clo2019_ID249-S3.pdf
Clo2017_ID365,C31/C17d-C31.1-C21-C31a-C31f-C17e-C21ac-C31j,1348,S3.pdf,NA,NA,y,Clo2017_ID365-S3.pdf
Clo2017_ID365,D4/D1/D6-D1ab-D3h,3429,S3.pdf,NA,NA,y,Clo2017_ID365-S3.pdf
Clo2017_ID23,D4/D1/D6-D1ab-D3h,235,S3.pdf,NA,NA,y,Clo2017_ID23-S3.pdf
Clo2017_ID342,C31/C17d-C31.1-C21-C31a-C31f-C17e-C21ac-C31j,1217,S3.pdf,NA,NA,y,Clo2017_ID342-S3.pdf
Clo2017_ID342,D4/D1/D6-D1ab-D3h,2902,S3.pdf,NA,NA,y,Clo2017_ID342-S3.pdf
Clo2019_ID148,C17d/C31-C21-C21ac-C17e-C17f-C31.9,371,S3.pdf,NA,NA,y,Clo2019_ID148-S3.pdf
Clo2019_ID148,D4/D1/D6-D1ab-D3h,843,S3.pdf,NA,NA,y,Clo2019_ID148-S3.pdf
Clo2017_ID412,C31/C17d-C21-C21ac-C31a-C31.9-C17f,2591,S3.pdf,NA,NA,y,Clo2017_ID412-S3.pdf
Clo2017_ID412,D4/D1/D6-D1ab-D3h,5789,S3.pdf,NA,NA,y,Clo2017_ID412-S3.pdf
Clo2019_ID583,C31/C17d-C21-C31a-C21ac-C31.9-C17e,1795,S3.pdf,NA,NA,y,Clo2019_ID583-S3.pdf
Clo2019_ID583,D4/D1/D6-D1ab-D3h,4104,S3.pdf,NA,NA,y,Clo2019_ID583-S3.pdf
Clo2019_ID37,C31/C17d-C21-C31.9-C21ac-C17e-C31h-C17f-C31i,668,S3.pdf,NA,NA,y,Clo2019_ID37-S3.pdf
Clo2019_ID37,D4/D1/D6-D1ab-D3h,1453,S3.pdf,NA,NA,y,Clo2019_ID37-S3.pdf
Clo2017_ID422,C31/C17d-C21-C21ac-C31.9,475,S3.pdf,NA,NA,y,Clo2017_ID422-S3.pdf
Clo2017_ID422,D4/D1/D6-D1ab-D3h,934,S3.pdf,NA,NA,y,Clo2017_ID422-S3.pdf
Clo2019_ID120,C31/C17d-C21-C21ac,245,S3.pdf,NA,NA,y,Clo2019_ID120-S3.pdf
Clo2019_ID120,D4/D1/D6-D1ab-D3h,458,S3.pdf,NA,NA,y,Clo2019_ID120-S3.pdf
Clo2017_ID90,C31/C17d-C31.1-C21-C31a-C31f-C17e-C21ac-C31j,1706,S3.pdf,NA,NA,y,Clo2017_ID90-S3.pdf
Clo2017_ID90,D4/D1/D6-D1ab-D3h,3483,S3.pdf,NA,NA,y,Clo2017_ID90-S3.pdf
Clo2017_ID427,C31-C17d-C21-C31.1-C21ac-C31f-C31a-C31j,701,S3.pdf,NA,NA,y,Clo2017_ID427-S3.pdf
Clo2017_ID427,D4/D1/D6-D1ab-D3h,1415,S3.pdf,NA,NA,y,Clo2017_ID427-S3.pdf
Clo2017_ID292,C31/C17d-C21-C21ac-C17e,1038,S3.pdf,NA,NA,y,Clo2017_ID292-S3.pdf
Clo2017_ID292,D4/D1/D6-D1ab-D3h,2146,S3.pdf,NA,NA,y,Clo2017_ID292-S3.pdf
Clo2017_ID25,C31/C17d/C15-C21-C21ac-C17e,545,S3.pdf,NA,NA,y,Clo2017_ID25-S3.pdf
Clo2017_ID25,D4/D1/D6-D1ab-D3h,1012,S3.pdf,NA,NA,y,Clo2017_ID25-S3.pdf
Clo2017_ID402,C31/C17d-C21-C21ac-C31.9,986,S3.pdf,NA,NA,y,Clo2017_ID402-S3.pdf
Clo2017_ID402,C3/C1,16,S3.pdf,NA,NA,y,Clo2017_ID402-S3.pdf
Clo2017_ID402,D4/D1/D6-D1ab-D3h,1915,S3.pdf,NA,NA,y,Clo2017_ID402-S3.pdf
Clo2017_ID391,C17d/C31-C21-C17e-C21ac-C17f-C17g,953,S3.pdf,NA,NA,y,Clo2017_ID391-S3.pdf
Clo2017_ID391,D4/D1/D6-D1ab-D3h,1752,S3.pdf,NA,NA,y,Clo2017_ID391-S3.pdf
Clo2017_ID403,C31/C17d-C21-C21ac-C31.9,1593,S3.pdf,NA,NA,y,Clo2017_ID403-S3.pdf
Clo2017_ID403,D4/D1/D6-D1ab-D3h,3185,S3.pdf,NA,NA,y,Clo2017_ID403-S3.pdf
Clo2017_ID75,C31-C17d-C31.1-C31a-C21-C31f-C31b-C17e,201,S3.pdf,NA,NA,y,Clo2017_ID75-S3.pdf
Clo2017_ID75,D4/D1/D6-D1ab-D3h,356,S3.pdf,NA,NA,y,Clo2017_ID75-S3.pdf
Clo2019_ID247,C31/C17d-C21-C21ac-C31.9-C31k,1848,S3.pdf,NA,NA,y,Clo2019_ID247-S3.pdf
Clo2019_ID247,D4/D1/D6-D1ab-D3h,3600,S3.pdf,NA,NA,y,Clo2019_ID247-S3.pdf
Clo2017_ID156,C31/C17d-C31.1-C21-C31a-C31f-C17e-C21ac-C31j,538,S3.pdf,NA,NA,y,Clo2017_ID156-S3.pdf
Clo2017_ID156,D4/D1/D6-D1ab-D3h,863,S3.pdf,NA,NA,y,Clo2017_ID156-S3.pdf
Clo2017_ID420,C31/C17d-C21-C21ac,305,S3.pdf,NA,NA,y,Clo2017_ID420-S3.pdf
Clo2017_ID420,D4/D1/D6-D1ab-D3h,494,S3.pdf,NA,NA,y,Clo2017_ID420-S3.pdf
Clo2019_ID119,C31-C17d-C31.1-C21-C31a-C31f-C17e-C21ac,936,S3.pdf,NA,NA,y,Clo2019_ID119-S3.pdf
Clo2019_ID119,D4/D1/D6-D1ab-D3h,1360,S3.pdf,NA,NA,y,Clo2019_ID119-S3.pdf
Clo2019_ID78,C31-C17d-C21-C31.1-C21ac-C31f-C31a-C31j,554,S3.pdf,NA,NA,y,Clo2019_ID78-S3.pdf
Clo2019_ID78,D4/D1/D6-D1ab-D3h,806,S3.pdf,NA,NA,y,Clo2019_ID78-S3.pdf
Clo2019_ID132,D4/D1/D6-D1ab-D3h,219,S3.pdf,NA,NA,y,Clo2019_ID132-S3.pdf
Clo2017_ID261,C31-C17d-C31.1-C31a-C21-C31f-C31b-C17e,1709,S3.pdf,NA,NA,y,Clo2017_ID261-S3.pdf
Clo2017_ID261,D4/D1/D6-D1ab-D3h,2626,S3.pdf,NA,NA,y,Clo2017_ID261-S3.pdf
Clo2019_ID469,C17d/C31-C21-C17e-C21ac-C17f-C17g,314,S3.pdf,NA,NA,y,Clo2019_ID469-S3.pdf
Clo2019_ID469,D4/D1/D6-D1ab-D3h,485,S3.pdf,NA,NA,y,Clo2019_ID469-S3.pdf
Clo2017_ID459,C17d/C31-C21-C21ac-C17e-C17f-C31.9,1488,S3.pdf,NA,NA,y,Clo2017_ID459-S3.pdf
Clo2017_ID459,D4/D1/D6-D1ab-D3h,2276,S3.pdf,NA,NA,y,Clo2017_ID459-S3.pdf
Clo2019_ID329,C17d/C31-C21-C21ac-C17e-C17f-C31.9,1310,S3.pdf,NA,NA,y,Clo2019_ID329-S3.pdf
Clo2019_ID329,D4/D1/D6-D1ab-D3h,2002,S3.pdf,NA,NA,y,Clo2019_ID329-S3.pdf
Clo2019_ID334,C31/C17d/C21-C31.9-C31.5-C31a-C21ac,719,S3.pdf,NA,NA,y,Clo2019_ID334-S3.pdf
Clo2019_ID334,D4/D1/D6-D1ab-D3h,1112,S3.pdf,NA,NA,y,Clo2019_ID334-S3.pdf
Clo2017_ID350,C17d/C31-C21-C21ac-C17e-C17f-C31.9,1458,S3.pdf,NA,NA,y,Clo2017_ID350-S3.pdf
Clo2017_ID350,D4/D1/D6-D1ab-D3h,2138,S3.pdf,NA,NA,y,Clo2017_ID350-S3.pdf
Clo2017_ID99,C31/C17d-C21-C31a-C21ac-C31.9-C17e,1237,S3.pdf,NA,NA,y,Clo2017_ID99-S3.pdf
Clo2017_ID99,D4/D1/D6-D1ab-D3h,1823,S3.pdf,NA,NA,y,Clo2017_ID99-S3.pdf
Clo2019_ID23,C31/C17d-C21-C21ac-C17e,348,S3.pdf,NA,NA,y,Clo2019_ID23-S3.pdf
Clo2019_ID23,D4/D1/D6-D1ab-D3h,493,S3.pdf,NA,NA,y,Clo2019_ID23-S3.pdf
Clo2017_ID148,C17d/C31-C21-C21ac-C17e-C17f-C31.9,1307,S3.pdf,NA,NA,y,Clo2017_ID148-S3.pdf
Clo2017_ID148,D4/D1/D6-D1ab-D3h,1907,S3.pdf,NA,NA,y,Clo2017_ID148-S3.pdf
Clo2019_ID212,C31/C17d-C21-C21ac-C31a-C31.9-C17f,920,S3.pdf,NA,NA,y,Clo2019_ID212-S3.pdf
Clo2019_ID212,D4/D1/D6-D1ab-D3h,1259,S3.pdf,NA,NA,y,Clo2019_ID212-S3.pdf
Clo2017_ID411,C31/C17d-C21-C31a-C21ac-C31.9-C17e,1515,S3.pdf,NA,NA,y,Clo2017_ID411-S3.pdf
Clo2017_ID411,D4/D1/D6-D1ab-D3h,1873,S3.pdf,NA,NA,y,Clo2017_ID411-S3.pdf
Clo2017_ID428,C17d/C31-C21-C17e-C21ac-C17f-C17g,1627,S3.pdf,NA,NA,y,Clo2017_ID428-S3.pdf
Clo2017_ID428,D4/D1/D6-D1ab-D3h,2080,S3.pdf,NA,NA,y,Clo2017_ID428-S3.pdf
Clo2019_ID585,C31/C17d-C21-C31a-C21ac-C31.9-C17e,2405,S3.pdf,NA,NA,y,Clo2019_ID585-S3.pdf
Clo2019_ID585,D4/D1/D6-D1ab-D3h,2880,S3.pdf,NA,NA,y,Clo2019_ID585-S3.pdf
Clo2017_ID196,C31/C17d-C31.1-C21-C31a-C31f-C17e-C21ac-C31j,1985,S3.pdf,NA,NA,y,Clo2017_ID196-S3.pdf
Clo2017_ID196,D4/D1/D6-D1ab-D3h,2217,S3.pdf,NA,NA,y,Clo2017_ID196-S3.pdf
Clo2017_ID392,C17d/C31-C21-C17e-C21ac-C17f-C17g,1210,S3.pdf,NA,NA,y,Clo2017_ID392-S3.pdf
Clo2017_ID392,D4/D1/D6-D1ab-D3h,1489,S3.pdf,NA,NA,y,Clo2017_ID392-S3.pdf
Clo2019_ID388,C31/C17d-C21-C21ac-C17e,447,S3.pdf,NA,NA,y,Clo2019_ID388-S3.pdf
Clo2019_ID388,D4/D1/D6-D1ab-D3h,504,S3.pdf,NA,NA,y,Clo2019_ID388-S3.pdf
Clo2019_ID173,C17d/C31-C21-C21ac-C17e-C17f-C31.9,860,S3.pdf,NA,NA,y,Clo2019_ID173-S3.pdf
Clo2017_ID32,C17d/C31-C21-C21ac-C17e-C17f-C31.9,423,S3.pdf,NA,NA,y,Clo2017_ID32-S3.pdf
Clo2019_ID118,C17d/C31-C21-C21ac-C17e-C17f-C31.9,1293,S3.pdf,NA,NA,y,Clo2019_ID118-S3.pdf
Clo2019_ID573,C17d/C31-C21-C21ac-C17e-C17f-C31.9,3374,S3.pdf,NA,NA,y,Clo2019_ID573-S3.pdf
Clo2019_ID18,C17d/C31-C21-C21ac-C17e-C17f-C31.9,739,S3.pdf,NA,NA,y,Clo2019_ID18-S3.pdf
Clo2019_ID574,C17d/C31-C21-C21ac-C17e-C17f-C31.9,3449,S3.pdf,NA,NA,y,Clo2019_ID574-S3.pdf
Clo2017_ID566,C17d/C31-C21-C21ac-C17e-C17f-C31.9,635,S3.pdf,NA,NA,y,Clo2017_ID566-S3.pdf
Clo2019_ID579,C17d/C31-C21-C21ac-C17e-C17f-C31.9,10041,S3.pdf,NA,NA,y,Clo2019_ID579-S3.pdf
Clo2019_ID562,C17d/C31-C21-C21ac-C17e-C17f-C31.9,3631,S3.pdf,NA,NA,y,Clo2019_ID562-S3.pdf
Clo2017_ID570,C17d/C31-C21-C21ac-C17e-C17f-C31.9,2953,S3.pdf,NA,NA,y,Clo2017_ID570-S3.pdf
Clo2017_ID505,C17d/C31-C21-C21ac-C17e-C17f-C31.9,1219,S3.pdf,NA,NA,y,Clo2017_ID505-S3.pdf
Clo2017_ID505,C3/C1,11,S3.pdf,NA,NA,y,Clo2017_ID505-S3.pdf
Clo2017_ID573,C17d/C31-C21-C21ac-C17e-C17f-C31.9,1578,S3.pdf,NA,NA,y,Clo2017_ID573-S3.pdf
Clo2019_ID561,C17d/C31-C21-C21ac-C17e-C17f-C31.9,3507,S3.pdf,NA,NA,y,Clo2019_ID561-S3.pdf
Clo2019_ID566,C17d/C31-C21-C21ac-C17e-C17f-C31.9,4263,S3.pdf,NA,NA,y,Clo2019_ID566-S3.pdf
Clo2019_ID339,C17d/C31-C21-C21ac-C17e-C17f-C31.9,1090,S3.pdf,NA,NA,y,Clo2019_ID339-S3.pdf
Clo2017_ID576,C17d/C31-C21-C21ac-C17e-C17f-C31.9,1723,S3.pdf,NA,NA,y,Clo2017_ID576-S3.pdf
Clo2017_ID317,C17d/C31-C21-C21ac-C17e-C17f-C31.9,6028,S3.pdf,NA,NA,y,Clo2017_ID317-S3.pdf
Clo2019_ID109,C17d/C31-C21-C21ac-C17e-C17f-C31.9,726,S3.pdf,NA,NA,y,Clo2019_ID109-S3.pdf
Clo2017_ID380,C17d/C31-C21-C21ac-C17e-C17f-C31.9,3312,S3.pdf,NA,NA,y,Clo2017_ID380-S3.pdf
Clo2017_ID337,C17d/C31-C21-C21ac-C17e-C17f-C31.9,5157,S3.pdf,NA,NA,y,Clo2017_ID337-S3.pdf
Clo2017_ID303,C17d/C31-C21-C21ac-C17e-C17f-C31.9,4433,S3.pdf,NA,NA,y,Clo2017_ID303-S3.pdf
Clo2017_ID561,C17d/C31-C21-C21ac-C17e-C17f-C31.9,2285,S3.pdf,NA,NA,y,Clo2017_ID561-S3.pdf
Clo2017_ID84,C17d/C31-C21-C21ac-C17e-C17f-C31.9,1877,S3.pdf,NA,NA,y,Clo2017_ID84-S3.pdf
Clo2019_ID36,C17d/C31-C21-C21ac-C17e-C17f-C31.9,783,S3.pdf,NA,NA,y,Clo2019_ID36-S3.pdf
Clo2017_ID542,C17d/C31-C21-C21ac-C17e-C17f-C31.9,1155,S3.pdf,NA,NA,y,Clo2017_ID542-S3.pdf
Clo2019_ID87,C17d/C31-C21-C21ac-C17e-C17f-C31.9,1744,S3.pdf,NA,NA,y,Clo2019_ID87-S3.pdf
Clo2017_ID357,C17d/C31-C21-C21ac-C17e-C17f-C31.9,6284,S3.pdf,NA,NA,y,Clo2017_ID357-S3.pdf
Clo2017_ID575,C17d/C31-C21-C21ac-C17e-C17f-C31.9,1454,S3.pdf,NA,NA,y,Clo2017_ID575-S3.pdf
Clo2017_ID575,C3/C1,21,S3.pdf,NA,NA,y,Clo2017_ID575-S3.pdf
Clo2017_ID87,C17d/C31-C21-C21ac-C17e-C17f-C31.9,2051,S3.pdf,NA,NA,y,Clo2017_ID87-S3.pdf
Clo2019_ID103,C17d/C31-C21-C21ac-C17e-C17f-C31.9,5217,S3.pdf,NA,NA,y,Clo2019_ID103-S3.pdf
Clo2017_ID562,C17d/C31-C21-C21ac-C17e-C17f-C31.9,1550,S3.pdf,NA,NA,y,Clo2017_ID562-S3.pdf
Clo2017_ID535,C17d/C31-C21-C21ac-C17e-C17f-C31.9,1179,S3.pdf,NA,NA,y,Clo2017_ID535-S3.pdf
Clo2019_ID42,C17d/C31-C21-C21ac-C17e-C17f-C31.9,5053,S3.pdf,NA,NA,y,Clo2019_ID42-S3.pdf
Clo2019_ID86,C17d/C31-C21-C21ac-C17e-C17f-C31.9,2063,S3.pdf,NA,NA,y,Clo2019_ID86-S3.pdf
Clo2017_ID533,C17d/C31-C21-C21ac-C17e-C17f-C31.9,1163,S3.pdf,NA,NA,y,Clo2017_ID533-S3.pdf
Clo2017_ID199,C17d/C31-C21-C21ac-C17e-C17f-C31.9,4897,S3.pdf,NA,NA,y,Clo2017_ID199-S3.pdf
Clo2019_ID551,C17d/C31-C21-C21ac-C17e-C17f-C31.9,3426,S3.pdf,NA,NA,y,Clo2019_ID551-S3.pdf
Clo2017_ID118,C17d/C31-C21-C21ac-C17e-C17f-C31.9,2846,S3.pdf,NA,NA,y,Clo2017_ID118-S3.pdf
Clo2019_ID85,C17d/C31-C21-C21ac-C17e-C17f-C31.9,645,S3.pdf,NA,NA,y,Clo2019_ID85-S3.pdf
Clo2017_ID91,C17d/C31-C21-C21ac-C17e-C17f-C31.9,1469,S3.pdf,NA,NA,y,Clo2017_ID91-S3.pdf
Clo2017_ID91,C3/C1,21,S3.pdf,NA,NA,y,Clo2017_ID91-S3.pdf
Clo2019_ID244,C17d/C31-C21-C21ac-C17e-C17f-C31.9,19530,S3.pdf,NA,NA,y,Clo2019_ID244-S3.pdf
Clo2019_ID91,C17d/C31-C21-C21ac-C17e-C17f-C31.9,1153,S3.pdf,NA,NA,y,Clo2019_ID91-S3.pdf
Clo2017_ID523,C17d/C31-C21-C21ac-C17e-C17f-C31.9,1557,S3.pdf,NA,NA,y,Clo2017_ID523-S3.pdf
Clo2019_ID197,C17d/C31-C21-C21ac-C17e-C17f-C31.9,572,S3.pdf,NA,NA,y,Clo2019_ID197-S3.pdf
Clo2017_ID375,C17d/C31-C21-C21ac-C17e-C17f-C31.9,5835,S3.pdf,NA,NA,y,Clo2017_ID375-S3.pdf
Clo2019_ID530,C17d/C31-C21-C21ac-C17e-C17f-C31.9,5295,S3.pdf,NA,NA,y,Clo2019_ID530-S3.pdf
Clo2019_ID243,C17d/C31-C21-C21ac-C17e-C17f-C31.9,4716,S3.pdf,NA,NA,y,Clo2019_ID243-S3.pdf
Clo2019_ID479,C17d/C31-C21-C21ac-C17e-C17f-C31.9,7080,S3.pdf,NA,NA,y,Clo2019_ID479-S3.pdf
Clo2017_ID311,C17d/C31-C21-C21ac-C17e-C17f-C31.9,3548,S3.pdf,NA,NA,y,Clo2017_ID311-S3.pdf
Clo2017_ID378,C17d/C31-C21-C21ac-C17e-C17f-C31.9,2851,S3.pdf,NA,NA,y,Clo2017_ID378-S3.pdf
Clo2017_ID528,C17d/C31-C21-C21ac-C17e-C17f-C31.9,1948,S3.pdf,NA,NA,y,Clo2017_ID528-S3.pdf
Clo2019_ID553,C17d/C31-C21-C21ac-C17e-C17f-C31.9,2056,S3.pdf,NA,NA,y,Clo2019_ID553-S3.pdf
Clo2017_ID524,C17d/C31-C21-C21ac-C17e-C17f-C31.9,1262,S3.pdf,NA,NA,y,Clo2017_ID524-S3.pdf
Clo2017_ID115,C17d/C31-C21-C21ac-C17e-C17f-C31.9,1436,S3.pdf,NA,NA,y,Clo2017_ID115-S3.pdf
Clo2019_ID341,C17d/C31-C21-C21ac-C17e-C17f-C31.9,1658,S3.pdf,NA,NA,y,Clo2019_ID341-S3.pdf
Clo2019_ID233,C17d/C31-C21-C21ac-C17e-C17f-C31.9,3835,S3.pdf,NA,NA,y,Clo2019_ID233-S3.pdf
Clo2019_ID115,C17d/C31-C21-C21ac-C17e-C17f-C31.9,1856,S3.pdf,NA,NA,y,Clo2019_ID115-S3.pdf
Clo2019_ID251,C17d/C31-C21-C21ac-C17e-C17f-C31.9,5603,S3.pdf,NA,NA,y,Clo2019_ID251-S3.pdf
Clo2017_ID468,C17d/C31-C21-C21ac-C17e-C17f-C31.9,3382,S3.pdf,NA,NA,y,Clo2017_ID468-S3.pdf
Clo2017_ID527,C17d/C31-C21-C21ac-C17e-C17f-C31.9,1078,S3.pdf,NA,NA,y,Clo2017_ID527-S3.pdf
Clo2017_ID211,C17d/C31-C21-C21ac-C17e-C17f-C31.9,1184,S3.pdf,NA,NA,y,Clo2017_ID211-S3.pdf
Clo2017_ID208,C17d/C31-C21-C21ac-C17e-C17f-C31.9,1410,S3.pdf,NA,NA,y,Clo2017_ID208-S3.pdf
Clo2017_ID208,C3/C1,19,S3.pdf,NA,NA,y,Clo2017_ID208-S3.pdf
Clo2017_ID526,C17d/C31-C21-C21ac-C17e-C17f-C31.9,867,S3.pdf,NA,NA,y,Clo2017_ID526-S3.pdf
Clo2017_ID479,C17d/C31-C21-C21ac-C17e-C17f-C31.9,5170,S3.pdf,NA,NA,y,Clo2017_ID479-S3.pdf
Clo2017_ID226,C17d/C31-C21-C21ac-C17e-C17f-C31.9,4147,S3.pdf,NA,NA,y,Clo2017_ID226-S3.pdf
Clo2019_ID545,C17d/C31-C21-C21ac-C17e-C17f-C31.9,4335,S3.pdf,NA,NA,y,Clo2019_ID545-S3.pdf
Clo2019_ID89,C17d/C31-C21-C21ac-C17e-C17f-C31.9,2068,S3.pdf,NA,NA,y,Clo2019_ID89-S3.pdf
Clo2017_ID210,C17d/C31-C21-C21ac-C17e-C17f-C31.9,871,S3.pdf,NA,NA,y,Clo2017_ID210-S3.pdf
Clo2017_ID18,C17d/C31-C21-C21ac-C17e-C17f-C31.9,1410,S3.pdf,NA,NA,y,Clo2017_ID18-S3.pdf
Clo2017_ID18,C15/C1,31,S3.pdf,NA,NA,y,Clo2017_ID18-S3.pdf
Clo2017_ID545,C17d/C31-C21-C21ac-C17e-C17f-C31.9,546,S3.pdf,NA,NA,y,Clo2017_ID545-S3.pdf
Clo2017_ID93,C17d/C31-C21-C21ac-C17e-C17f-C31.9,675,S3.pdf,NA,NA,y,Clo2017_ID93-S3.pdf
Clo2017_ID341,C17d/C31-C21-C21ac-C17e-C17f-C31.9,4545,S3.pdf,NA,NA,y,Clo2017_ID341-S3.pdf
Clo2017_ID341,D4/D1/D6-D1ab-D3h,313,S3.pdf,NA,NA,y,Clo2017_ID341-S3.pdf
Clo2017_ID49,C17d/C31-C21-C21ac-C17e-C17f-C31.9,946,S3.pdf,NA,NA,y,Clo2017_ID49-S3.pdf
Clo2019_ID322,C17d/C31-C21-C21ac-C17e-C17f-C31.9,2694,S3.pdf,NA,NA,y,Clo2019_ID322-S3.pdf
Clo2019_ID320,C17d/C31-C21-C21ac-C17e-C17f-C31.9,899,S3.pdf,NA,NA,y,Clo2019_ID320-S3.pdf
Clo2017_ID315,C17d/C31-C21-C21ac-C17e-C17f-C31.9,4738,S3.pdf,NA,NA,y,Clo2017_ID315-S3.pdf
Clo2017_ID315,D4/D1/D6-D1ab-D3h,773,S3.pdf,NA,NA,y,Clo2017_ID315-S3.pdf
Clo2017_ID22,C17d/C31-C21-C21ac-C17e-C17f-C31.9,890,S3.pdf,NA,NA,y,Clo2017_ID22-S3.pdf
Clo2019_ID299,C17d/C31-C21-C21ac-C17e-C17f-C31.9,1362,S3.pdf,NA,NA,y,Clo2019_ID299-S3.pdf
Clo2019_ID107,C17d/C31-C21-C21ac-C17e-C17f-C31.9,312,S3.pdf,NA,NA,y,Clo2019_ID107-S3.pdf
Clo2017_ID80,C17d/C31-C21-C21ac-C17e-C17f-C31.9,628,S3.pdf,NA,NA,y,Clo2017_ID80-S3.pdf
Clo2017_ID129,C17d/C31-C21-C21ac-C17e-C17f-C31.9,1308,S3.pdf,NA,NA,y,Clo2017_ID129-S3.pdf
Clo2017_ID129,D4/D1/D6-D1ab-D3h,514,S3.pdf,NA,NA,y,Clo2017_ID129-S3.pdf
Clo2017_ID506,C17d/C31-C21-C21ac-C17e-C17f-C31.9,1443,S3.pdf,NA,NA,y,Clo2017_ID506-S3.pdf
Clo2017_ID506,D4/D1/D6-D1ab-D3h,739,S3.pdf,NA,NA,y,Clo2017_ID506-S3.pdf
Clo2019_ID313,C17d/C31-C21-C21ac-C17e-C17f-C31.9,406,S3.pdf,NA,NA,y,Clo2019_ID313-S3.pdf
Clo2019_ID313,D1/D4/D1ab/D6,256,S3.pdf,NA,NA,y,Clo2019_ID313-S3.pdf
Clo2017_ID455,C17d/C31-C21-C21ac-C17e-C17f-C31.9,1156,S3.pdf,NA,NA,y,Clo2017_ID455-S3.pdf
Clo2017_ID455,D4/D1/D6-D1ab-D3h,458,S3.pdf,NA,NA,y,Clo2017_ID455-S3.pdf
Clo2017_ID329,C17d/C31-C21-C21ac-C17e-C17f-C31.9,3659,S3.pdf,NA,NA,y,Clo2017_ID329-S3.pdf
Clo2017_ID329,D4/D1/D6-D1ab-D3h,2456,S3.pdf,NA,NA,y,Clo2017_ID329-S3.pdf
Clo2017_ID323,C17d/C31-C21-C21ac-C17e-C17f-C31.9,4871,S3.pdf,NA,NA,y,Clo2017_ID323-S3.pdf
Clo2017_ID323,D4/D1/D6-D1ab-D3h,3494,S3.pdf,NA,NA,y,Clo2017_ID323-S3.pdf
Clo2017_ID297,C17d/C31-C21-C21ac-C17e-C17f-C31.9,1603,S3.pdf,NA,NA,y,Clo2017_ID297-S3.pdf
Clo2017_ID297,D4/D1/D6-D1ab-D3h,1571,S3.pdf,NA,NA,y,Clo2017_ID297-S3.pdf
Clo2019_ID552,C31/C17d-C21-C31a-C21ac-C31.9-C17e,7831,S3.pdf,NA,NA,y,Clo2019_ID552-S3.pdf
Clo2017_ID487,C31/C17d-C21-C31a-C21ac-C31.9-C17e,3669,S3.pdf,NA,NA,y,Clo2017_ID487-S3.pdf
Clo2017_ID557,C31/C17d-C21-C31a-C21ac-C31.9-C17e,2521,S3.pdf,NA,NA,y,Clo2017_ID557-S3.pdf
Clo2017_ID294,C31/C17d-C21-C31a-C21ac-C31.9-C17e,2727,S3.pdf,NA,NA,y,Clo2017_ID294-S3.pdf
Clo2019_ID81,C31/C17d-C21-C31a-C21ac-C31.9-C17e,435,S3.pdf,NA,NA,y,Clo2019_ID81-S3.pdf
Clo2019_ID396,C31/C17d-C21-C31a-C21ac-C31.9-C17e,245,S3.pdf,NA,NA,y,Clo2019_ID396-S3.pdf
Clo2019_ID514,C31/C17d-C21-C31a-C21ac-C31.9-C17e,3158,S3.pdf,NA,NA,y,Clo2019_ID514-S3.pdf
Clo2019_ID554,C31/C17d-C21-C31a-C21ac-C31.9-C17e,3576,S3.pdf,NA,NA,y,Clo2019_ID554-S3.pdf
Clo2017_ID204,C31/C17d-C21-C31a-C21ac-C31.9-C17e,1651,S3.pdf,NA,NA,y,Clo2017_ID204-S3.pdf
Clo2019_ID542,C31/C17d-C21-C31a-C21ac-C31.9-C17e,5318,S3.pdf,NA,NA,y,Clo2019_ID542-S3.pdf
Clo2017_ID497,C31/C17d-C21-C31a-C21ac-C31.9-C17e,1179,S3.pdf,NA,NA,y,Clo2017_ID497-S3.pdf
Clo2019_ID424,C31/C17d-C21-C31a-C21ac-C31.9-C17e,298,S3.pdf,NA,NA,y,Clo2019_ID424-S3.pdf
Clo2019_ID546,C31/C17d-C21-C31a-C21ac-C31.9-C17e,3120,S3.pdf,NA,NA,y,Clo2019_ID546-S3.pdf
Clo2019_ID170,C31/C17d-C21-C31a-C21ac-C31.9-C17e,242,S3.pdf,NA,NA,y,Clo2019_ID170-S3.pdf
Clo2019_ID309,C31/C17d-C21-C31a-C21ac-C31.9-C17e,16613,S3.pdf,NA,NA,y,Clo2019_ID309-S3.pdf
Clo2019_ID557,C31/C17d-C21-C31a-C21ac-C31.9-C17e,3483,S3.pdf,NA,NA,y,Clo2019_ID557-S3.pdf
Clo2017_ID499,C31/C17d-C21-C31a-C21ac-C31.9-C17e,1900,S3.pdf,NA,NA,y,Clo2017_ID499-S3.pdf
Clo2019_ID487,C31/C17d-C21-C31a-C21ac-C31.9-C17e,2578,S3.pdf,NA,NA,y,Clo2019_ID487-S3.pdf
Clo2019_ID550,C31/C17d-C21-C31a-C21ac-C31.9-C17e,3844,S3.pdf,NA,NA,y,Clo2019_ID550-S3.pdf
Clo2019_ID513,C31/C17d-C21-C31a-C21ac-C31.9-C17e,3456,S3.pdf,NA,NA,y,Clo2019_ID513-S3.pdf
Clo2019_ID515,C31/C17d-C21-C31a-C21ac-C31.9-C17e,2332,S3.pdf,NA,NA,y,Clo2019_ID515-S3.pdf
Clo2019_ID541,C31/C17d-C21-C31a-C21ac-C31.9-C17e,10427,S3.pdf,NA,NA,y,Clo2019_ID541-S3.pdf
Clo2019_ID519,C31/C17d-C21-C31a-C21ac-C31.9-C17e,5409,S3.pdf,NA,NA,y,Clo2019_ID519-S3.pdf
Clo2019_ID507,C31/C17d-C21-C31a-C21ac-C31.9-C17e,4404,S3.pdf,NA,NA,y,Clo2019_ID507-S3.pdf
Clo2017_ID508,C31/C17d-C21-C31a-C21ac-C31.9-C17e,3438,S3.pdf,NA,NA,y,Clo2017_ID508-S3.pdf
Clo2019_ID555,C31/C17d-C21-C31a-C21ac-C31.9-C17e,8435,S3.pdf,NA,NA,y,Clo2019_ID555-S3.pdf
Clo2019_ID588,C31/C17d-C21-C31a-C21ac-C31.9-C17e,5831,S3.pdf,NA,NA,y,Clo2019_ID588-S3.pdf
Clo2017_ID373,C31/C17d-C21-C31a-C21ac-C31.9-C17e,4021,S3.pdf,NA,NA,y,Clo2017_ID373-S3.pdf
Clo2017_ID177,C31/C17d-C21-C31a-C21ac-C31.9-C17e,3787,S3.pdf,NA,NA,y,Clo2017_ID177-S3.pdf
Clo2017_ID492,C31/C17d-C21-C31a-C21ac-C31.9-C17e,33592,S3.pdf,NA,NA,y,Clo2017_ID492-S3.pdf
Clo2019_ID549,C31/C17d-C21-C31a-C21ac-C31.9-C17e,3385,S3.pdf,NA,NA,y,Clo2019_ID549-S3.pdf
Clo2017_ID386,C31/C17d-C21-C31a-C21ac-C31.9-C17e,1500,S3.pdf,NA,NA,y,Clo2017_ID386-S3.pdf
Clo2019_ID592,C31/C17d-C21-C31a-C21ac-C31.9-C17e,3908,S3.pdf,NA,NA,y,Clo2019_ID592-S3.pdf
Clo2017_ID433,C31/C17d-C21-C31a-C21ac-C31.9-C17e,2379,S3.pdf,NA,NA,y,Clo2017_ID433-S3.pdf
Clo2019_ID338,C31/C17d-C21-C31a-C21ac-C31.9-C17e,14684,S3.pdf,NA,NA,y,Clo2019_ID338-S3.pdf
Clo2019_ID572,C31/C17d-C21-C31a-C21ac-C31.9-C17e,4241,S3.pdf,NA,NA,y,Clo2019_ID572-S3.pdf
Clo2017_ID379,C31/C17d-C21-C31a-C21ac-C31.9-C17e,2513,S3.pdf,NA,NA,y,Clo2017_ID379-S3.pdf
Clo2017_ID379,C3/C1,26,S3.pdf,NA,NA,y,Clo2017_ID379-S3.pdf
Clo2017_ID387,C31/C17d-C21-C31a-C21ac-C31.9-C17e,3097,S3.pdf,NA,NA,y,Clo2017_ID387-S3.pdf
Clo2019_ID508,C31/C17d-C21-C31a-C21ac-C31.9-C17e,3678,S3.pdf,NA,NA,y,Clo2019_ID508-S3.pdf
Clo2019_ID492,C31/C17d-C21-C31a-C21ac-C31.9-C17e,3418,S3.pdf,NA,NA,y,Clo2019_ID492-S3.pdf
Clo2019_ID520,C31/C17d-C21-C31a-C21ac-C31.9-C17e,4434,S3.pdf,NA,NA,y,Clo2019_ID520-S3.pdf
Clo2017_ID193,C31/C17d-C21-C31a-C21ac-C31.9-C17e,3942,S3.pdf,NA,NA,y,Clo2017_ID193-S3.pdf
Clo2017_ID81,C31/C17d-C21-C31a-C21ac-C31.9-C17e,649,S3.pdf,NA,NA,y,Clo2017_ID81-S3.pdf
Clo2019_ID485,C31/C17d-C21-C31a-C21ac-C31.9-C17e,2315,S3.pdf,NA,NA,y,Clo2019_ID485-S3.pdf
Clo2017_ID256,C31/C17d-C21-C31a-C21ac-C31.9-C17e,3463,S3.pdf,NA,NA,y,Clo2017_ID256-S3.pdf
Clo2019_ID571,C31/C17d-C21-C31a-C21ac-C31.9-C17e,3059,S3.pdf,NA,NA,y,Clo2019_ID571-S3.pdf
Clo2019_ID79,C31/C17d-C21-C31a-C21ac-C31.9-C17e,1896,S3.pdf,NA,NA,y,Clo2019_ID79-S3.pdf
Clo2017_ID284,C31/C17d-C21-C31a-C21ac-C31.9-C17e,3473,S3.pdf,NA,NA,y,Clo2017_ID284-S3.pdf
Clo2019_ID575,C31/C17d-C21-C31a-C21ac-C31.9-C17e,3455,S3.pdf,NA,NA,y,Clo2019_ID575-S3.pdf
Clo2019_ID272,C31/C17d-C21-C31a-C21ac-C31.9-C17e,7470,S3.pdf,NA,NA,y,Clo2019_ID272-S3.pdf
Clo2017_ID309,C31/C17d-C21-C31a-C21ac-C31.9-C17e,2854,S3.pdf,NA,NA,y,Clo2017_ID309-S3.pdf
Clo2019_ID80,C31/C17d-C21-C31a-C21ac-C31.9-C17e,1576,S3.pdf,NA,NA,y,Clo2019_ID80-S3.pdf
Clo2017_ID339,C31/C17d-C21-C31a-C21ac-C31.9-C17e,6286,S3.pdf,NA,NA,y,Clo2017_ID339-S3.pdf
Clo2017_ID338,C31/C17d-C21-C31a-C21ac-C31.9-C17e,3059,S3.pdf,NA,NA,y,Clo2017_ID338-S3.pdf
Clo2019_ID559,C31/C17d-C21-C31a-C21ac-C31.9-C17e,1643,S3.pdf,NA,NA,y,Clo2019_ID559-S3.pdf
Clo2017_ID482,C31/C17d-C21-C31a-C21ac-C31.9-C17e,3242,S3.pdf,NA,NA,y,Clo2017_ID482-S3.pdf
Clo2017_ID501,C31/C17d-C21-C31a-C21ac-C31.9-C17e,2998,S3.pdf,NA,NA,y,Clo2017_ID501-S3.pdf
Clo2017_ID117,C31/C17d-C21-C31a-C21ac-C31.9-C17e,2541,S3.pdf,NA,NA,y,Clo2017_ID117-S3.pdf
Clo2017_ID483,C31/C17d-C21-C31a-C21ac-C31.9-C17e,2212,S3.pdf,NA,NA,y,Clo2017_ID483-S3.pdf
Clo2017_ID325,C31/C17d-C21-C31a-C21ac-C31.9-C17e,4903,S3.pdf,NA,NA,y,Clo2017_ID325-S3.pdf
Clo2019_ID114,C31/C17d-C21-C31a-C21ac-C31.9-C17e,2106,S3.pdf,NA,NA,y,Clo2019_ID114-S3.pdf
Clo2019_ID501,C31/C17d-C21-C31a-C21ac-C31.9-C17e,1691,S3.pdf,NA,NA,y,Clo2019_ID501-S3.pdf
Clo2017_ID170,C31/C17d-C21-C31a-C21ac-C31.9-C17e,2372,S3.pdf,NA,NA,y,Clo2017_ID170-S3.pdf
Clo2019_ID482,C31/C17d-C21-C31a-C21ac-C31.9-C17e,2673,S3.pdf,NA,NA,y,Clo2019_ID482-S3.pdf
Clo2019_ID503,C31/C17d-C21-C31a-C21ac-C31.9-C17e,856,S3.pdf,NA,NA,y,Clo2019_ID503-S3.pdf
Clo2017_ID255,C31/C17d-C21-C31a-C21ac-C31.9-C17e,2454,S3.pdf,NA,NA,y,Clo2017_ID255-S3.pdf
Clo2017_ID114,C31/C17d-C21-C31a-C21ac-C31.9-C17e,783,S3.pdf,NA,NA,y,Clo2017_ID114-S3.pdf
Clo2019_ID483,C31/C17d-C21-C31a-C21ac-C31.9-C17e,2085,S3.pdf,NA,NA,y,Clo2019_ID483-S3.pdf
Clo2019_ID147,C31/C17d-C21-C31a-C21ac-C31.9-C17e,1195,S3.pdf,NA,NA,y,Clo2019_ID147-S3.pdf
Clo2017_ID207,C31/C17d-C21-C31a-C21ac-C31.9-C17e,1672,S3.pdf,NA,NA,y,Clo2017_ID207-S3.pdf
Clo2017_ID112,C31/C17d-C21-C31a-C21ac-C31.9-C17e,737,S3.pdf,NA,NA,y,Clo2017_ID112-S3.pdf
Clo2019_ID199,C31/C17d-C21-C31a-C21ac-C31.9-C17e,1839,S3.pdf,NA,NA,y,Clo2019_ID199-S3.pdf
Clo2019_ID255,C31/C17d-C21-C31a-C21ac-C31.9-C17e,4757,S3.pdf,NA,NA,y,Clo2019_ID255-S3.pdf
Clo2017_ID126,C31/C17d-C21-C31a-C21ac-C31.9-C17e,2564,S3.pdf,NA,NA,y,Clo2017_ID126-S3.pdf
Clo2017_ID126,C3/C1,29,S3.pdf,NA,NA,y,Clo2017_ID126-S3.pdf
Clo2017_ID436,C31/C17d-C21-C31a-C21ac-C31.9-C17e,2086,S3.pdf,NA,NA,y,Clo2017_ID436-S3.pdf
Clo2017_ID436,D4/D1/D6-D1ab-D3h,262,S3.pdf,NA,NA,y,Clo2017_ID436-S3.pdf
Clo2019_ID327,C31/C17d-C21-C31a-C21ac-C31.9-C17e,705,S3.pdf,NA,NA,y,Clo2019_ID327-S3.pdf
Clo2019_ID471,C31/C17d-C21-C31a-C21ac-C31.9-C17e,630,S3.pdf,NA,NA,y,Clo2019_ID471-S3.pdf
Clo2017_ID471,C31/C17d-C21-C31a-C21ac-C31.9-C17e,1264,S3.pdf,NA,NA,y,Clo2017_ID471-S3.pdf
Clo2017_ID327,C31/C17d-C21-C31a-C21ac-C31.9-C17e,4489,S3.pdf,NA,NA,y,Clo2017_ID327-S3.pdf
Clo2017_ID212,C31/C17d-C21-C31a-C21ac-C31.9-C17e,615,S3.pdf,NA,NA,y,Clo2017_ID212-S3.pdf
Clo2017_ID212,D4/D1/D6-D1ab-D3h,206,S3.pdf,NA,NA,y,Clo2017_ID212-S3.pdf
Clo2017_ID453,C31/C17d-C21-C31a-C21ac-C31.9-C17e,3534,S3.pdf,NA,NA,y,Clo2017_ID453-S3.pdf
Clo2017_ID453,D4/D1/D6-D1ab-D3h,1187,S3.pdf,NA,NA,y,Clo2017_ID453-S3.pdf
Clo2017_ID405,C31/C17d-C21-C31a-C21ac-C31.9-C17e,1445,S3.pdf,NA,NA,y,Clo2017_ID405-S3.pdf
Clo2017_ID405,D4/D1/D6-D1ab-D3h,501,S3.pdf,NA,NA,y,Clo2017_ID405-S3.pdf
Clo2017_ID328,C31/C17d-C21-C31a-C21ac-C31.9-C17e,4518,S3.pdf,NA,NA,y,Clo2017_ID328-S3.pdf
Clo2017_ID328,D4/D1/D6-D1ab-D3h,3647,S3.pdf,NA,NA,y,Clo2017_ID328-S3.pdf
Clo2017_ID282,C31/C17d-C21-C31a-C21ac-C31.9-C17e,1532,S3.pdf,NA,NA,y,Clo2017_ID282-S3.pdf
Clo2017_ID282,D4/D1/D6-D1ab-D3h,1644,S3.pdf,NA,NA,y,Clo2017_ID282-S3.pdf
Clo2019_ID43,C31/C17d-C21-C31a-C21ac-C31.9-C17e,717,S3.pdf,NA,NA,y,Clo2019_ID43-S3.pdf
Clo2019_ID43,D4/D1/D6-D1ab-D3h,775,S3.pdf,NA,NA,y,Clo2019_ID43-S3.pdf
Clo2019_ID193,C31/C17d-C31.1-C21-C31a-C31f-C17e-C21ac-C31j,830,S3.pdf,NA,NA,y,Clo2019_ID193-S3.pdf
Clo2019_ID537,C31/C17d-C31.1-C21-C31a-C31f-C17e-C21ac-C31j,3585,S3.pdf,NA,NA,y,Clo2019_ID537-S3.pdf
Clo2017_ID509,C31/C17d-C31.1-C21-C31a-C31f-C17e-C21ac-C31j,1279,S3.pdf,NA,NA,y,Clo2017_ID509-S3.pdf
Clo2019_ID462,C31/C17d-C31.1-C21-C31a-C31f-C17e-C21ac-C31j,245,S3.pdf,NA,NA,y,Clo2019_ID462-S3.pdf
Clo2017_ID246,C31/C17d-C31.1-C21-C31a-C31f-C17e-C21ac-C31j,1850,S3.pdf,NA,NA,y,Clo2017_ID246-S3.pdf
Clo2019_ID536,C31/C17d-C31.1-C21-C31a-C31f-C17e-C21ac-C31j,3148,S3.pdf,NA,NA,y,Clo2019_ID536-S3.pdf
Clo2019_ID504,C31/C17d-C31.1-C21-C31a-C31f-C17e-C21ac-C31j,1652,S3.pdf,NA,NA,y,Clo2019_ID504-S3.pdf
Clo2017_ID94,C31/C17d-C31.1-C21-C31a-C31f-C17e-C21ac-C31j,721,S3.pdf,NA,NA,y,Clo2017_ID94-S3.pdf
Clo2019_ID169,C31/C17d-C31.1-C21-C31a-C31f-C17e-C21ac-C31j,1177,S3.pdf,NA,NA,y,Clo2019_ID169-S3.pdf
Clo2017_ID74,C31/C17d-C31.1-C21-C31a-C31f-C17e-C21ac-C31j,2684,S3.pdf,NA,NA,y,Clo2017_ID74-S3.pdf
Clo2017_ID59,C31/C17d-C31.1-C21-C31a-C31f-C17e-C21ac-C31j,501,S3.pdf,NA,NA,y,Clo2017_ID59-S3.pdf
Clo2017_ID175,C31/C17d-C31.1-C21-C31a-C31f-C17e-C21ac-C31j,2509,S3.pdf,NA,NA,y,Clo2017_ID175-S3.pdf
Clo2017_ID504,C31/C17d-C31.1-C21-C31a-C31f-C17e-C21ac-C31j,4290,S3.pdf,NA,NA,y,Clo2017_ID504-S3.pdf
Clo2019_ID241,C31/C17d-C31.1-C21-C31a-C31f-C17e-C21ac-C31j,6321,S3.pdf,NA,NA,y,Clo2019_ID241-S3.pdf
Clo2017_ID242,C31/C17d-C31.1-C21-C31a-C31f-C17e-C21ac-C31j,3531,S3.pdf,NA,NA,y,Clo2017_ID242-S3.pdf
Clo2019_ID538,C31/C17d-C31.1-C21-C31a-C31f-C17e-C21ac-C31j,3367,S3.pdf,NA,NA,y,Clo2019_ID538-S3.pdf
Clo2019_ID509,C31/C17d-C31.1-C21-C31a-C31f-C17e-C21ac-C31j,2882,S3.pdf,NA,NA,y,Clo2019_ID509-S3.pdf
Clo2019_ID221,C31/C17d-C31.1-C21-C31a-C31f-C17e-C21ac-C31j,3713,S3.pdf,NA,NA,y,Clo2019_ID221-S3.pdf
Clo2017_ID268,C31/C17d-C31.1-C21-C31a-C31f-C17e-C21ac-C31j,1833,S3.pdf,NA,NA,y,Clo2017_ID268-S3.pdf
Clo2017_ID399,C31/C17d-C31.1-C21-C31a-C31f-C17e-C21ac-C31j,5996,S3.pdf,NA,NA,y,Clo2017_ID399-S3.pdf
Clo2019_ID97,C31/C17d-C31.1-C21-C31a-C31f-C17e-C21ac-C31j,652,S3.pdf,NA,NA,y,Clo2019_ID97-S3.pdf
Clo2017_ID266,C31/C17d-C31.1-C21-C31a-C31f-C17e-C21ac-C31j,3319,S3.pdf,NA,NA,y,Clo2017_ID266-S3.pdf
Clo2019_ID231,C31/C17d-C31.1-C21-C31a-C31f-C17e-C21ac-C31j,7410,S3.pdf,NA,NA,y,Clo2019_ID231-S3.pdf
Clo2017_ID228,C31/C17d-C31.1-C21-C31a-C31f-C17e-C21ac-C31j,1792,S3.pdf,NA,NA,y,Clo2017_ID228-S3.pdf
Clo2017_ID166,C31/C17d-C31.1-C21-C31a-C31f-C17e-C21ac-C31j,3160,S3.pdf,NA,NA,y,Clo2017_ID166-S3.pdf
Clo2017_ID192,C31/C17d-C31.1-C21-C31a-C31f-C17e-C21ac-C31j,1779,S3.pdf,NA,NA,y,Clo2017_ID192-S3.pdf
Clo2019_ID228,C31/C17d-C31.1-C21-C31a-C31f-C17e-C21ac-C31j,930,S3.pdf,NA,NA,y,Clo2019_ID228-S3.pdf
Clo2019_ID234,C31/C17d-C31.1-C21-C31a-C31f-C17e-C21ac-C31j,4463,S3.pdf,NA,NA,y,Clo2019_ID234-S3.pdf
Clo2017_ID558,C31/C17d-C31.1-C21-C31a-C31f-C17e-C21ac-C31j,1781,S3.pdf,NA,NA,y,Clo2017_ID558-S3.pdf
Clo2017_ID168,C31/C17d-C31.1-C21-C31a-C31f-C17e-C21ac-C31j,1404,S3.pdf,NA,NA,y,Clo2017_ID168-S3.pdf
Clo2017_ID237,C31/C17d-C31.1-C21-C31a-C31f-C17e-C21ac-C31j,2129,S3.pdf,NA,NA,y,Clo2017_ID237-S3.pdf
Clo2019_ID41,C31/C17d-C31.1-C21-C31a-C31f-C17e-C21ac-C31j,2109,S3.pdf,NA,NA,y,Clo2019_ID41-S3.pdf
Clo2019_ID237,C31/C17d-C31.1-C21-C31a-C31f-C17e-C21ac-C31j,5277,S3.pdf,NA,NA,y,Clo2019_ID237-S3.pdf
Clo2017_ID234,C31/C17d-C31.1-C21-C31a-C31f-C17e-C21ac-C31j,2544,S3.pdf,NA,NA,y,Clo2017_ID234-S3.pdf
Clo2017_ID76,C31/C17d-C31.1-C21-C31a-C31f-C17e-C21ac-C31j,3463,S3.pdf,NA,NA,y,Clo2017_ID76-S3.pdf
Clo2019_ID9,C31/C17d-C31.1-C21-C31a-C31f-C17e-C21ac-C31j,670,S3.pdf,NA,NA,y,Clo2019_ID9-S3.pdf
Clo2017_ID270,C31/C17d-C31.1-C21-C31a-C31f-C17e-C21ac-C31j,5754,S3.pdf,NA,NA,y,Clo2017_ID270-S3.pdf
Clo2019_ID194,C31/C17d-C31.1-C21-C31a-C31f-C17e-C21ac-C31j,1129,S3.pdf,NA,NA,y,Clo2019_ID194-S3.pdf
Clo2017_ID254,C31/C17d-C31.1-C21-C31a-C31f-C17e-C21ac-C31j,2687,S3.pdf,NA,NA,y,Clo2017_ID254-S3.pdf
Clo2017_ID135,C31/C17d-C31.1-C21-C31a-C31f-C17e-C21ac-C31j,1389,S3.pdf,NA,NA,y,Clo2017_ID135-S3.pdf
Clo2019_ID534,C31/C17d-C31.1-C21-C31a-C31f-C17e-C21ac-C31j,3613,S3.pdf,NA,NA,y,Clo2019_ID534-S3.pdf
Clo2017_ID231,C31/C17d-C31.1-C21-C31a-C31f-C17e-C21ac-C31j,1463,S3.pdf,NA,NA,y,Clo2017_ID231-S3.pdf
Clo2019_ID102,C31/C17d-C31.1-C21-C31a-C31f-C17e-C21ac-C31j,1067,S3.pdf,NA,NA,y,Clo2019_ID102-S3.pdf
Clo2017_ID162,C31/C17d-C31.1-C21-C31a-C31f-C17e-C21ac-C31j,2007,S3.pdf,NA,NA,y,Clo2017_ID162-S3.pdf
Clo2017_ID236,C31/C17d-C31.1-C21-C31a-C31f-C17e-C21ac-C31j,1131,S3.pdf,NA,NA,y,Clo2017_ID236-S3.pdf
Clo2017_ID472,C31/C17d-C31.1-C21-C31a-C31f-C17e-C21ac-C31j,2676,S3.pdf,NA,NA,y,Clo2017_ID472-S3.pdf
Clo2019_ID303,C31/C17d-C31.1-C21-C31a-C31f-C17e-C21ac-C31j,2229,S3.pdf,NA,NA,y,Clo2019_ID303-S3.pdf
Clo2019_ID303,C3/C1,33,S3.pdf,NA,NA,y,Clo2019_ID303-S3.pdf
Clo2019_ID168,C31/C17d-C31.1-C21-C31a-C31f-C17e-C21ac-C31j,766,S3.pdf,NA,NA,y,Clo2019_ID168-S3.pdf
Clo2019_ID532,C31/C17d-C31.1-C21-C31a-C31f-C17e-C21ac-C31j,3360,S3.pdf,NA,NA,y,Clo2019_ID532-S3.pdf
Clo2019_ID166,C31/C17d-C31.1-C21-C31a-C31f-C17e-C21ac-C31j,743,S3.pdf,NA,NA,y,Clo2019_ID166-S3.pdf
Clo2017_ID301,C31/C17d-C31.1-C21-C31a-C31f-C17e-C21ac-C31j,4519,S3.pdf,NA,NA,y,Clo2017_ID301-S3.pdf
Clo2017_ID301,C3/C1,105,S3.pdf,NA,NA,y,Clo2017_ID301-S3.pdf
Clo2019_ID236,C31/C17d-C31.1-C21-C31a-C31f-C17e-C21ac-C31j,6258,S3.pdf,NA,NA,y,Clo2019_ID236-S3.pdf
Clo2019_ID46,C31/C17d-C31.1-C21-C31a-C31f-C17e-C21ac-C31j,1118,S3.pdf,NA,NA,y,Clo2019_ID46-S3.pdf
Clo2019_ID254,C31/C17d-C31.1-C21-C31a-C31f-C17e-C21ac-C31j,2401,S3.pdf,NA,NA,y,Clo2019_ID254-S3.pdf
Clo2019_ID254,D1/D4/D6,201,S3.pdf,NA,NA,y,Clo2019_ID254-S3.pdf
Clo2017_ID229,C31/C17d-C31.1-C21-C31a-C31f-C17e-C21ac-C31j,2987,S3.pdf,NA,NA,y,Clo2017_ID229-S3.pdf
Clo2017_ID229,D4/D1/D6-D1ab-D3h,827,S3.pdf,NA,NA,y,Clo2017_ID229-S3.pdf
Clo2019_ID229,C31/C17d-C31.1-C21-C31a-C31f-C17e-C21ac-C31j,1040,S3.pdf,NA,NA,y,Clo2019_ID229-S3.pdf
Clo2019_ID229,D4/D1/D6-D1ab-D3h,245,S3.pdf,NA,NA,y,Clo2019_ID229-S3.pdf
Clo2017_ID295,C31/C17d-C31.1-C21-C31a-C31f-C17e-C21ac-C31j,1678,S3.pdf,NA,NA,y,Clo2017_ID295-S3.pdf
Clo2017_ID295,D4/D1/D6-D1ab-D3h,534,S3.pdf,NA,NA,y,Clo2017_ID295-S3.pdf
Clo2017_ID438,C31/C17d-C31.1-C21-C31a-C31f-C17e-C21ac-C31j,1012,S3.pdf,NA,NA,y,Clo2017_ID438-S3.pdf
Clo2017_ID438,D4/D1/D6-D1ab-D3h,302,S3.pdf,NA,NA,y,Clo2017_ID438-S3.pdf
Clo2017_ID195,C31/C17d-C31.1-C21-C31a-C31f-C17e-C21ac-C31j,2397,S3.pdf,NA,NA,y,Clo2017_ID195-S3.pdf
Clo2017_ID195,D4/D1/D6-D1ab-D3h,1627,S3.pdf,NA,NA,y,Clo2017_ID195-S3.pdf
Clo2019_ID426,C31/C17d-C31.1-C21-C31a-C31f-C17e-C21ac-C31j,1678,S3.pdf,NA,NA,y,Clo2019_ID426-S3.pdf
Clo2019_ID426,D4/D1/D6-D1ab-D3h,1383,S3.pdf,NA,NA,y,Clo2019_ID426-S3.pdf
Clo2017_ID539,C17d/C31-C21-C17e-C21ac-C17f-C17g,363,S3.pdf,NA,NA,y,Clo2017_ID539-S3.pdf
Clo2017_ID461,C17d/C31-C21-C17e-C21ac-C17f-C17g,5025,S3.pdf,NA,NA,y,Clo2017_ID461-S3.pdf
Clo2019_ID227,C17d/C31-C21-C17e-C21ac-C17f-C17g,2129,S3.pdf,NA,NA,y,Clo2019_ID227-S3.pdf
Clo2017_ID432,C17d/C31-C21-C17e-C21ac-C17f-C17g,1869,S3.pdf,NA,NA,y,Clo2017_ID432-S3.pdf
Clo2019_ID556,C17d/C31-C21-C17e-C21ac-C17f-C17g,3969,S3.pdf,NA,NA,y,Clo2019_ID556-S3.pdf
Clo2017_ID581,C17d/C31-C21-C17e-C21ac-C17f-C17g,2095,S3.pdf,NA,NA,y,Clo2017_ID581-S3.pdf
Clo2019_ID4,C17d/C31-C21-C17e-C21ac-C17f-C17g,2064,S3.pdf,NA,NA,y,Clo2019_ID4-S3.pdf
Clo2017_ID598,C17d/C31-C21-C17e-C21ac-C17f-C17g,2442,S3.pdf,NA,NA,y,Clo2017_ID598-S3.pdf
Clo2019_ID387,C17d/C31-C21-C17e-C21ac-C17f-C17g,692,S3.pdf,NA,NA,y,Clo2019_ID387-S3.pdf
Clo2019_ID598,C17d/C31-C21-C17e-C21ac-C17f-C17g,3425,S3.pdf,NA,NA,y,Clo2019_ID598-S3.pdf
Clo2017_ID385,C17d/C31-C21-C17e-C21ac-C17f-C17g,4552,S3.pdf,NA,NA,y,Clo2017_ID385-S3.pdf
Clo2017_ID594,C17d/C31-C21-C17e-C21ac-C17f-C17g,3781,S3.pdf,NA,NA,y,Clo2017_ID594-S3.pdf
Clo2017_ID233,C17d/C31-C21-C17e-C21ac-C17f-C17g,2024,S3.pdf,NA,NA,y,Clo2017_ID233-S3.pdf
Clo2019_ID466,C17d/C31-C21-C17e-C21ac-C17f-C17g,654,S3.pdf,NA,NA,y,Clo2019_ID466-S3.pdf
Clo2017_ID347,C17d/C31-C21-C17e-C21ac-C17f-C17g,4676,S3.pdf,NA,NA,y,Clo2017_ID347-S3.pdf
Clo2019_ID568,C17d/C31-C21-C17e-C21ac-C17f-C17g,5058,S3.pdf,NA,NA,y,Clo2019_ID568-S3.pdf
Clo2019_ID56,C17d/C31-C21-C17e-C21ac-C17f-C17g,738,S3.pdf,NA,NA,y,Clo2019_ID56-S3.pdf
Clo2017_ID384,C17d/C31-C21-C17e-C21ac-C17f-C17g,1903,S3.pdf,NA,NA,y,Clo2017_ID384-S3.pdf
Clo2019_ID106,C17d/C31-C21-C17e-C21ac-C17f-C17g,1494,S3.pdf,NA,NA,y,Clo2019_ID106-S3.pdf
Clo2017_ID430,C17d/C31-C21-C17e-C21ac-C17f-C17g,3448,S3.pdf,NA,NA,y,Clo2017_ID430-S3.pdf
Clo2017_ID252,C17d/C31-C21-C17e-C21ac-C17f-C17g,3605,S3.pdf,NA,NA,y,Clo2017_ID252-S3.pdf
Clo2017_ID424,C17d/C31-C21-C17e-C21ac-C17f-C17g,632,S3.pdf,NA,NA,y,Clo2017_ID424-S3.pdf
Clo2019_ID384,C17d/C31-C21-C17e-C21ac-C17f-C17g,589,S3.pdf,NA,NA,y,Clo2019_ID384-S3.pdf
Clo2019_ID490,C17d/C31-C21-C17e-C21ac-C17f-C17g,1222,S3.pdf,NA,NA,y,Clo2019_ID490-S3.pdf
Clo2019_ID594,C17d/C31-C21-C17e-C21ac-C17f-C17g,22511,S3.pdf,NA,NA,y,Clo2019_ID594-S3.pdf
Clo2019_ID539,C17d/C31-C21-C17e-C21ac-C17f-C17g,1770,S3.pdf,NA,NA,y,Clo2019_ID539-S3.pdf
Clo2017_ID431,C17d/C31-C21-C17e-C21ac-C17f-C17g,823,S3.pdf,NA,NA,y,Clo2017_ID431-S3.pdf
Clo2019_ID587,C17d/C31-C21-C17e-C21ac-C17f-C17g,5426,S3.pdf,NA,NA,y,Clo2019_ID587-S3.pdf
Clo2017_ID332,C17d/C31-C21-C17e-C21ac-C17f-C17g,4442,S3.pdf,NA,NA,y,Clo2017_ID332-S3.pdf
Clo2019_ID332,C17d/C31-C21-C17e-C21ac-C17f-C17g,1949,S3.pdf,NA,NA,y,Clo2019_ID332-S3.pdf
Clo2017_ID281,C17d/C31-C21-C17e-C21ac-C17f-C17g,1993,S3.pdf,NA,NA,y,Clo2017_ID281-S3.pdf
Clo2017_ID439,C17d/C31-C21-C17e-C21ac-C17f-C17g,1571,S3.pdf,NA,NA,y,Clo2017_ID439-S3.pdf
Clo2017_ID203,C17d/C31-C21-C17e-C21ac-C17f-C17g,3608,S3.pdf,NA,NA,y,Clo2017_ID203-S3.pdf
Clo2017_ID556,C17d/C31-C21-C17e-C21ac-C17f-C17g,1378,S3.pdf,NA,NA,y,Clo2017_ID556-S3.pdf
Clo2017_ID490,C17d/C31-C21-C17e-C21ac-C17f-C17g,34607,S3.pdf,NA,NA,y,Clo2017_ID490-S3.pdf
Clo2017_ID548,C17d/C31-C21-C17e-C21ac-C17f-C17g,2173,S3.pdf,NA,NA,y,Clo2017_ID548-S3.pdf
Clo2017_ID595,C17d/C31-C21-C17e-C21ac-C17f-C17g,1411,S3.pdf,NA,NA,y,Clo2017_ID595-S3.pdf
Clo2017_ID489,C17d/C31-C21-C17e-C21ac-C17f-C17g,2367,S3.pdf,NA,NA,y,Clo2017_ID489-S3.pdf
Clo2017_ID467,C17d/C31-C21-C17e-C21ac-C17f-C17g,1378,S3.pdf,NA,NA,y,Clo2017_ID467-S3.pdf
Clo2017_ID467,C3/C1,19,S3.pdf,NA,NA,y,Clo2017_ID467-S3.pdf
Clo2019_ID467,C17d/C31-C21-C17e-C21ac-C17f-C17g,2241,S3.pdf,NA,NA,y,Clo2019_ID467-S3.pdf
Clo2017_ID286,C17d/C31-C21-C17e-C21ac-C17f-C17g,3816,S3.pdf,NA,NA,y,Clo2017_ID286-S3.pdf
Clo2019_ID252,C17d/C31-C21-C17e-C21ac-C17f-C17g,16067,S3.pdf,NA,NA,y,Clo2019_ID252-S3.pdf
Clo2019_ID430,C17d/C31-C21-C17e-C21ac-C17f-C17g,320,S3.pdf,NA,NA,y,Clo2019_ID430-S3.pdf
Clo2017_ID290,C17d/C31-C21-C17e-C21ac-C17f-C17g,2173,S3.pdf,NA,NA,y,Clo2017_ID290-S3.pdf
Clo2017_ID290,D4/D1/D6-D1ab-D3h,744,S3.pdf,NA,NA,y,Clo2017_ID290-S3.pdf
Clo2019_ID476,C17d/C31-C21-C17e-C21ac-C17f-C17g,539,S3.pdf,NA,NA,y,Clo2019_ID476-S3.pdf
Clo2019_ID476,D4/D1/D6-D1ab-D3h,449,S3.pdf,NA,NA,y,Clo2019_ID476-S3.pdf
Clo2017_ID107,C17d/C31-C21-C17e-C21ac-C17f-C17g,479,S3.pdf,NA,NA,y,Clo2017_ID107-S3.pdf
Clo2017_ID107,D4/D1/D6-D1ab-D3h,381,S3.pdf,NA,NA,y,Clo2017_ID107-S3.pdf
Clo2017_ID469,C17d/C31-C21-C17e-C21ac-C17f-C17g,1840,S3.pdf,NA,NA,y,Clo2017_ID469-S3.pdf
Clo2017_ID469,D4/D1/D6-D1ab-D3h,1650,S3.pdf,NA,NA,y,Clo2017_ID469-S3.pdf
Clo2017_ID476,C17d/C31-C21-C17e-C21ac-C17f-C17g,1852,S3.pdf,NA,NA,y,Clo2017_ID476-S3.pdf
Clo2017_ID476,D4/D1/D6-D1ab-D3h,2013,S3.pdf,NA,NA,y,Clo2017_ID476-S3.pdf
Clo2017_ID481,C17d/C31-C21-C17e-C21ac-C17f-C17g,662,S3.pdf,NA,NA,y,Clo2017_ID481-S3.pdf
Clo2017_ID481,D4/D1/D6-D1ab-D3h,812,S3.pdf,NA,NA,y,Clo2017_ID481-S3.pdf
Clo2017_ID513,C31/C17d-C21-C21ac-C31.9,414,S3.pdf,NA,NA,y,Clo2017_ID513-S3.pdf
Clo2017_ID519,C31/C17d-C21-C21ac-C31.9,472,S3.pdf,NA,NA,y,Clo2017_ID519-S3.pdf
Clo2017_ID71,C31/C17d-C21-C21ac-C31.9,573,S3.pdf,NA,NA,y,Clo2017_ID71-S3.pdf
Clo2017_ID572,C31/C17d-C21-C21ac-C31.9,3341,S3.pdf,NA,NA,y,Clo2017_ID572-S3.pdf
Clo2017_ID571,C31/C17d-C21-C21ac-C31.9,1377,S3.pdf,NA,NA,y,Clo2017_ID571-S3.pdf
Clo2017_ID517,C31/C17d-C21-C21ac-C31.9,188,S3.pdf,NA,NA,y,Clo2017_ID517-S3.pdf
Clo2017_ID588,C31/C17d-C21-C21ac-C31.9,1115,S3.pdf,NA,NA,y,Clo2017_ID588-S3.pdf
Clo2019_ID394,C31/C17d-C21-C21ac-C31.9,399,S3.pdf,NA,NA,y,Clo2019_ID394-S3.pdf
Clo2019_ID548,C31/C17d-C21-C21ac-C31.9,4251,S3.pdf,NA,NA,y,Clo2019_ID548-S3.pdf
Clo2017_ID507,C31/C17d-C21-C21ac-C31.9,2666,S3.pdf,NA,NA,y,Clo2017_ID507-S3.pdf
Clo2017_ID478,C31/C17d-C21-C21ac-C31.9,2668,S3.pdf,NA,NA,y,Clo2017_ID478-S3.pdf
Clo2017_ID543,C31/C17d-C21-C21ac-C31.9,805,S3.pdf,NA,NA,y,Clo2017_ID543-S3.pdf
Clo2017_ID554,C31/C17d-C21-C21ac-C31.9,931,S3.pdf,NA,NA,y,Clo2017_ID554-S3.pdf
Clo2017_ID549,C31/C17d-C21-C21ac-C31.9,1953,S3.pdf,NA,NA,y,Clo2017_ID549-S3.pdf
Clo2017_ID493,C31/C17d-C21-C21ac-C31.9,1386,S3.pdf,NA,NA,y,Clo2017_ID493-S3.pdf
Clo2017_ID52,C31/C17d-C21-C21ac-C31.9,4303,S3.pdf,NA,NA,y,Clo2017_ID52-S3.pdf
Clo2019_ID497,C31/C17d-C21-C21ac-C31.9,1288,S3.pdf,NA,NA,y,Clo2019_ID497-S3.pdf
Clo2017_ID587,C31/C17d-C21-C21ac-C31.9,1960,S3.pdf,NA,NA,y,Clo2017_ID587-S3.pdf
Clo2019_ID263,C31/C17d-C21-C21ac-C31.9,249,S3.pdf,NA,NA,y,Clo2019_ID263-S3.pdf
Clo2017_ID568,C31/C17d-C21-C21ac-C31.9,1709,S3.pdf,NA,NA,y,Clo2017_ID568-S3.pdf
Clo2017_ID518,C31/C17d-C21-C21ac-C31.9,597,S3.pdf,NA,NA,y,Clo2017_ID518-S3.pdf
Clo2017_ID53,C31/C17d-C21-C21ac-C31.9,1869,S3.pdf,NA,NA,y,Clo2017_ID53-S3.pdf
Clo2019_ID71,C31/C17d-C21-C21ac-C31.9,774,S3.pdf,NA,NA,y,Clo2019_ID71-S3.pdf
Clo2017_ID186,C31/C17d-C21-C21ac-C31.9,1770,S3.pdf,NA,NA,y,Clo2017_ID186-S3.pdf
Clo2019_ID540,C31/C17d-C21-C21ac-C31.9,3990,S3.pdf,NA,NA,y,Clo2019_ID540-S3.pdf
Clo2017_ID591,C31/C17d-C21-C21ac-C31.9,1186,S3.pdf,NA,NA,y,Clo2017_ID591-S3.pdf
Clo2019_ID186,C31/C17d-C21-C21ac-C31.9,2900,S3.pdf,NA,NA,y,Clo2019_ID186-S3.pdf
Clo2019_ID210,C31/C17d-C21-C21ac-C31.9,423,S3.pdf,NA,NA,y,Clo2019_ID210-S3.pdf
Clo2017_ID108,C31/C17d-C21-C21ac-C31.9,428,S3.pdf,NA,NA,y,Clo2017_ID108-S3.pdf
Clo2019_ID340,C31/C17d-C21-C21ac-C31.9,260,S3.pdf,NA,NA,y,Clo2019_ID340-S3.pdf
Clo2017_ID340,C31/C17d-C21-C21ac-C31.9,6515,S3.pdf,NA,NA,y,Clo2017_ID340-S3.pdf
Clo2017_ID510,C31/C17d-C21-C21ac-C31.9,4087,S3.pdf,NA,NA,y,Clo2017_ID510-S3.pdf
Clo2017_ID21,C31/C17d-C21-C21ac-C31.9,896,S3.pdf,NA,NA,y,Clo2017_ID21-S3.pdf
Clo2019_ID510,C31/C17d-C21-C21ac-C31.9,2777,S3.pdf,NA,NA,y,Clo2019_ID510-S3.pdf
Clo2017_ID434,C31/C17d-C21-C21ac-C31.9,926,S3.pdf,NA,NA,y,Clo2017_ID434-S3.pdf
Clo2017_ID395,C31/C17d-C21-C21ac-C31.9,2972,S3.pdf,NA,NA,y,Clo2017_ID395-S3.pdf
Clo2017_ID185,C31/C17d-C21-C21ac-C31.9,3896,S3.pdf,NA,NA,y,Clo2017_ID185-S3.pdf
Clo2017_ID579,C31/C17d-C21-C21ac-C31.9,2128,S3.pdf,NA,NA,y,Clo2017_ID579-S3.pdf
Clo2019_ID518,C31/C17d-C21-C21ac-C31.9,4759,S3.pdf,NA,NA,y,Clo2019_ID518-S3.pdf
Clo2017_ID540,C31/C17d-C21-C21ac-C31.9,981,S3.pdf,NA,NA,y,Clo2017_ID540-S3.pdf
Clo2019_ID185,C31/C17d-C21-C21ac-C31.9,669,S3.pdf,NA,NA,y,Clo2019_ID185-S3.pdf
Clo2017_ID223,C31/C17d-C21-C21ac-C31.9,2240,S3.pdf,NA,NA,y,Clo2017_ID223-S3.pdf
Clo2017_ID46,C31/C17d-C21-C21ac-C31.9,859,S3.pdf,NA,NA,y,Clo2017_ID46-S3.pdf
Clo2017_ID46,C3/C1,16,S3.pdf,NA,NA,y,Clo2017_ID46-S3.pdf
Clo2017_ID410,C31/C17d-C21-C21ac-C31.9,3876,S3.pdf,NA,NA,y,Clo2017_ID410-S3.pdf
Clo2017_ID410,D4/D1/D6-D1ab-D3h,954,S3.pdf,NA,NA,y,Clo2017_ID410-S3.pdf
Clo2019_ID105,C31/C17d-C21-C21ac-C31.9,443,S3.pdf,NA,NA,y,Clo2019_ID105-S3.pdf
Clo2019_ID105,D4/D1/D6-D1ab-D3h,393,S3.pdf,NA,NA,y,Clo2019_ID105-S3.pdf
Clo2019_ID177,C31/C17d-C21-C21ac-C31.9,491,S3.pdf,NA,NA,y,Clo2019_ID177-S3.pdf
Clo2019_ID177,D4/D1/D6-D1ab-D3h,446,S3.pdf,NA,NA,y,Clo2019_ID177-S3.pdf
Clo2017_ID512,C31/C17d-C21-C31.9-C21ac-C17e-C31h-C17f-C31i,833,S3.pdf,NA,NA,y,Clo2017_ID512-S3.pdf
Clo2017_ID574,C31/C17d-C21-C31.9-C21ac-C17e-C31h-C17f-C31i,823,S3.pdf,NA,NA,y,Clo2017_ID574-S3.pdf
Clo2017_ID271,C31/C17d-C21-C31.9-C21ac-C17e-C31h-C17f-C31i,6087,S3.pdf,NA,NA,y,Clo2017_ID271-S3.pdf
Clo2019_ID505,C31/C17d-C21-C31.9-C21ac-C17e-C31h-C17f-C31i,8818,S3.pdf,NA,NA,y,Clo2019_ID505-S3.pdf
Clo2019_ID576,C31/C17d-C21-C31.9-C21ac-C17e-C31h-C17f-C31i,15006,S3.pdf,NA,NA,y,Clo2019_ID576-S3.pdf
Clo2019_ID319,C31/C17d-C21-C31.9-C21ac-C17e-C31h-C17f-C31i,5280,S3.pdf,NA,NA,y,Clo2019_ID319-S3.pdf
Clo2017_ID319,C31/C17d-C21-C31.9-C21ac-C17e-C31h-C17f-C31i,5164,S3.pdf,NA,NA,y,Clo2017_ID319-S3.pdf
Clo2019_ID535,C31/C17d-C21-C31.9-C21ac-C17e-C31h-C17f-C31i,2847,S3.pdf,NA,NA,y,Clo2019_ID535-S3.pdf
Clo2017_ID398,C31/C17d-C21-C31.9-C21ac-C17e-C31h-C17f-C31i,1442,S3.pdf,NA,NA,y,Clo2017_ID398-S3.pdf
Clo2017_ID43,C31/C17d-C21-C31.9-C21ac-C17e-C31h-C17f-C31i,360,S3.pdf,NA,NA,y,Clo2017_ID43-S3.pdf
Clo2017_ID248,C31/C17d-C21-C31.9-C21ac-C17e-C31h-C17f-C31i,2724,S3.pdf,NA,NA,y,Clo2017_ID248-S3.pdf
Clo2017_ID171,C31/C17d-C21-C31.9-C21ac-C17e-C31h-C17f-C31i,3088,S3.pdf,NA,NA,y,Clo2017_ID171-S3.pdf
Clo2017_ID525,C31/C17d-C21-C31.9-C21ac-C17e-C31h-C17f-C31i,1029,S3.pdf,NA,NA,y,Clo2017_ID525-S3.pdf
Clo2017_ID516,C31/C17d-C21-C31.9-C21ac-C17e-C31h-C17f-C31i,664,S3.pdf,NA,NA,y,Clo2017_ID516-S3.pdf
Clo2019_ID512,C31/C17d-C21-C31.9-C21ac-C17e-C31h-C17f-C31i,2645,S3.pdf,NA,NA,y,Clo2019_ID512-S3.pdf
Clo2019_ID523,C31/C17d-C21-C31.9-C21ac-C17e-C31h-C17f-C31i,2995,S3.pdf,NA,NA,y,Clo2019_ID523-S3.pdf
Clo2019_ID524,C31/C17d-C21-C31.9-C21ac-C17e-C31h-C17f-C31i,3032,S3.pdf,NA,NA,y,Clo2019_ID524-S3.pdf
Clo2017_ID206,C31/C17d-C21-C31.9-C21ac-C17e-C31h-C17f-C31i,1689,S3.pdf,NA,NA,y,Clo2017_ID206-S3.pdf
Clo2019_ID533,C31/C17d-C21-C31.9-C21ac-C17e-C31h-C17f-C31i,2833,S3.pdf,NA,NA,y,Clo2019_ID533-S3.pdf
Clo2017_ID116,C31/C17d-C21-C31.9-C21ac-C17e-C31h-C17f-C31i,3376,S3.pdf,NA,NA,y,Clo2017_ID116-S3.pdf
Clo2017_ID224,C31/C17d-C21-C31.9-C21ac-C17e-C31h-C17f-C31i,1764,S3.pdf,NA,NA,y,Clo2017_ID224-S3.pdf
Clo2019_ID116,C31/C17d-C21-C31.9-C21ac-C17e-C31h-C17f-C31i,5906,S3.pdf,NA,NA,y,Clo2019_ID116-S3.pdf
Clo2019_ID44,C31/C17d-C21-C31.9-C21ac-C17e-C31h-C17f-C31i,1079,S3.pdf,NA,NA,y,Clo2019_ID44-S3.pdf
Clo2019_ID171,C31/C17d-C21-C31.9-C21ac-C17e-C31h-C17f-C31i,1095,S3.pdf,NA,NA,y,Clo2019_ID171-S3.pdf
Clo2017_ID1,C31/C17d-C21-C31.9-C21ac-C17e-C31h-C17f-C31i,296,S3.pdf,NA,NA,y,Clo2017_ID1-S3.pdf
Clo2019_ID2,C31/C17d-C21-C31.9-C21ac-C17e-C31h-C17f-C31i,2363,S3.pdf,NA,NA,y,Clo2019_ID2-S3.pdf
Clo2017_ID194,C31/C17d-C21-C31.9-C21ac-C17e-C31h-C17f-C31i,7250,S3.pdf,NA,NA,y,Clo2017_ID194-S3.pdf
Clo2019_ID526,C31/C17d-C21-C31.9-C21ac-C17e-C31h-C17f-C31i,3358,S3.pdf,NA,NA,y,Clo2019_ID526-S3.pdf
Clo2019_ID224,C31/C17d-C21-C31.9-C21ac-C17e-C31h-C17f-C31i,4211,S3.pdf,NA,NA,y,Clo2019_ID224-S3.pdf
Clo2019_ID528,C31/C17d-C21-C31.9-C21ac-C17e-C31h-C17f-C31i,3339,S3.pdf,NA,NA,y,Clo2019_ID528-S3.pdf
Clo2017_ID495,C31/C17d-C21-C31.9-C21ac-C17e-C31h-C17f-C31i,3310,S3.pdf,NA,NA,y,Clo2017_ID495-S3.pdf
Clo2019_ID527,C31/C17d-C21-C31.9-C21ac-C17e-C31h-C17f-C31i,1826,S3.pdf,NA,NA,y,Clo2019_ID527-S3.pdf
Clo2019_ID140,C31/C17d-C21-C31.9-C21ac-C17e-C31h-C17f-C31i,1152,S3.pdf,NA,NA,y,Clo2019_ID140-S3.pdf
Clo2017_ID218,C31/C17d-C21-C31.9-C21ac-C17e-C31h-C17f-C31i,4552,S3.pdf,NA,NA,y,Clo2017_ID218-S3.pdf
Clo2019_ID55,C31/C17d-C21-C31.9-C21ac-C17e-C31h-C17f-C31i,1009,S3.pdf,NA,NA,y,Clo2019_ID55-S3.pdf
Clo2019_ID55,C3/C1,15,S3.pdf,NA,NA,y,Clo2019_ID55-S3.pdf
Clo2017_ID299,C31/C17d-C21-C31.9-C21ac-C17e-C31h-C17f-C31i,3008,S3.pdf,NA,NA,y,Clo2017_ID299-S3.pdf
Clo2017_ID44,C31/C17d-C21-C31.9-C21ac-C17e-C31h-C17f-C31i,1199,S3.pdf,NA,NA,y,Clo2017_ID44-S3.pdf
Clo2019_ID242,C31/C17d-C21-C31.9-C21ac-C17e-C31h-C17f-C31i,2275,S3.pdf,NA,NA,y,Clo2019_ID242-S3.pdf
Clo2019_ID331,C31/C17d-C21-C31.9-C21ac-C17e-C31h-C17f-C31i,5190,S3.pdf,NA,NA,y,Clo2019_ID331-S3.pdf
Clo2019_ID331,D4/D1/D6-D1ab-D3h,1671,S3.pdf,NA,NA,y,Clo2019_ID331-S3.pdf
Clo2019_ID92,C31/C17d-C21-C31.9-C21ac-C17e-C31h-C17f-C31i,1289,S3.pdf,NA,NA,y,Clo2019_ID92-S3.pdf
Clo2019_ID92,D4/D1/D6-D1ab-D3h,561,S3.pdf,NA,NA,y,Clo2019_ID92-S3.pdf
Clo2017_ID331,C31/C17d-C21-C31.9-C21ac-C17e-C31h-C17f-C31i,4888,S3.pdf,NA,NA,y,Clo2017_ID331-S3.pdf
Clo2017_ID331,D4/D1/D6-D1ab-D3h,2655,S3.pdf,NA,NA,y,Clo2017_ID331-S3.pdf
Clo2017_ID511,C31/C17d-C21-C31.9-C21ac-C17e-C31h-C17f-C31i,350,S3.pdf,NA,NA,y,Clo2017_ID511-S3.pdf
Clo2017_ID511,D4/D1/D6-D1ab-D3h,269,S3.pdf,NA,NA,y,Clo2017_ID511-S3.pdf
Clo2019_ID511,C31/C17d-C21-C31.9-C21ac-C17e-C31h-C17f-C31i,2142,S3.pdf,NA,NA,y,Clo2019_ID511-S3.pdf
Clo2019_ID511,D4/D1/D6-D1ab-D3h,1642,S3.pdf,NA,NA,y,Clo2019_ID511-S3.pdf
Clo2019_ID379,C31/C17d-C21-C21ac-C17e,207,S3.pdf,NA,NA,y,Clo2019_ID379-S3.pdf
Clo2017_ID552,C31/C17d-C21-C21ac-C17e,3385,S3.pdf,NA,NA,y,Clo2017_ID552-S3.pdf
Clo2019_ID264,C31/C17d-C21-C21ac-C17e,330,S3.pdf,NA,NA,y,Clo2019_ID264-S3.pdf
Clo2017_ID515,C31/C17d-C21-C21ac-C17e,327,S3.pdf,NA,NA,y,Clo2017_ID515-S3.pdf
Clo2019_ID375,C31/C17d-C21-C21ac-C17e,222,S3.pdf,NA,NA,y,Clo2019_ID375-S3.pdf
Clo2017_ID559,C31/C17d-C21-C21ac-C17e,2676,S3.pdf,NA,NA,y,Clo2017_ID559-S3.pdf
Clo2017_ID551,C31/C17d-C21-C21ac-C17e,1561,S3.pdf,NA,NA,y,Clo2017_ID551-S3.pdf
Clo2019_ID543,C31/C17d-C21-C21ac-C17e,4174,S3.pdf,NA,NA,y,Clo2019_ID543-S3.pdf
Clo2017_ID541,C31/C17d-C21-C21ac-C17e,383,S3.pdf,NA,NA,y,Clo2017_ID541-S3.pdf
Clo2019_ID321,C31/C17d-C21-C21ac-C17e,2063,S3.pdf,NA,NA,y,Clo2019_ID321-S3.pdf
Clo2019_ID591,C31/C17d-C21-C21ac-C17e,6648,S3.pdf,NA,NA,y,Clo2019_ID591-S3.pdf
Clo2017_ID555,C31/C17d-C21-C21ac-C17e,2645,S3.pdf,NA,NA,y,Clo2017_ID555-S3.pdf
Clo2017_ID388,C31/C17d-C21-C21ac-C17e,2329,S3.pdf,NA,NA,y,Clo2017_ID388-S3.pdf
Clo2017_ID592,C31/C17d-C21-C21ac-C17e,3895,S3.pdf,NA,NA,y,Clo2017_ID592-S3.pdf
Clo2017_ID546,C31/C17d-C21-C21ac-C17e,620,S3.pdf,NA,NA,y,Clo2017_ID546-S3.pdf
Clo2017_ID182,C31/C17d-C21-C21ac-C17e,2303,S3.pdf,NA,NA,y,Clo2017_ID182-S3.pdf
Clo2019_ID499,C31/C17d-C21-C21ac-C17e,804,S3.pdf,NA,NA,y,Clo2019_ID499-S3.pdf
Clo2017_ID321,C31/C17d-C21-C21ac-C17e,4310,S3.pdf,NA,NA,y,Clo2017_ID321-S3.pdf
Clo2017_ID465,C31/C17d-C21-C21ac-C17e,3534,S3.pdf,NA,NA,y,Clo2017_ID465-S3.pdf
Clo2017_ID550,C31/C17d-C21-C21ac-C17e,1421,S3.pdf,NA,NA,y,Clo2017_ID550-S3.pdf
Clo2017_ID550,C3/C1,20,S3.pdf,NA,NA,y,Clo2017_ID550-S3.pdf
Clo2017_ID485,C31/C17d-C21-C21ac-C17e,2201,S3.pdf,NA,NA,y,Clo2017_ID485-S3.pdf
Clo2017_ID520,C31/C17d-C21-C21ac-C17e,530,S3.pdf,NA,NA,y,Clo2017_ID520-S3.pdf
Clo2019_ID182,C31/C17d-C21-C21ac-C17e,1946,S3.pdf,NA,NA,y,Clo2019_ID182-S3.pdf
Clo2017_ID544,C31/C17d-C21-C21ac-C17e,1186,S3.pdf,NA,NA,y,Clo2017_ID544-S3.pdf
Clo2017_ID227,C31/C17d-C21-C21ac-C17e,4461,S3.pdf,NA,NA,y,Clo2017_ID227-S3.pdf
Clo2017_ID333,C31/C17d-C21-C21ac-C17e,3777,S3.pdf,NA,NA,y,Clo2017_ID333-S3.pdf
Clo2019_ID22,C31/C17d-C21-C21ac-C17e,267,S3.pdf,NA,NA,y,Clo2019_ID22-S3.pdf
Clo2019_ID480,C31/C17d-C21-C21ac-C17e,2452,S3.pdf,NA,NA,y,Clo2019_ID480-S3.pdf
Clo2017_ID464,C31/C17d-C21-C21ac-C17e,1257,S3.pdf,NA,NA,y,Clo2017_ID464-S3.pdf
Clo2019_ID464,C31/C17d-C21-C21ac-C17e,1572,S3.pdf,NA,NA,y,Clo2019_ID464-S3.pdf
Clo2017_ID312,C31/C17d-C21-C21ac-C17e,1093,S3.pdf,NA,NA,y,Clo2017_ID312-S3.pdf
Clo2017_ID102,C31/C17d-C21-C21ac-C17e,595,S3.pdf,NA,NA,y,Clo2017_ID102-S3.pdf
Clo2019_ID301,C31/C17d-C21-C21ac-C17e,275,S3.pdf,NA,NA,y,Clo2019_ID301-S3.pdf
Clo2019_ID301,C3/C1,10,S3.pdf,NA,NA,y,Clo2019_ID301-S3.pdf
Clo2019_ID26,C31/C17d-C21-C21ac-C17e,1250,S3.pdf,NA,NA,y,Clo2019_ID26-S3.pdf
Clo2019_ID26,D4/D1/D6-D1ab-D3h,438,S3.pdf,NA,NA,y,Clo2019_ID26-S3.pdf
Clo2017_ID26,C31/C17d-C21-C21ac-C17e,480,S3.pdf,NA,NA,y,Clo2017_ID26-S3.pdf
Clo2017_ID119,C31/C17d-C21-C21ac-C17e,1113,S3.pdf,NA,NA,y,Clo2017_ID119-S3.pdf
Clo2017_ID119,D4/D1/D6-D1ab-D3h,712,S3.pdf,NA,NA,y,Clo2017_ID119-S3.pdf
Clo2019_ID128,C17d/C31-C21-C21ac-C17f,216,S3.pdf,NA,NA,y,Clo2019_ID128-S3.pdf
Clo2019_ID138,C17d/C31-C21-C21ac-C17f,263,S3.pdf,NA,NA,y,Clo2019_ID138-S3.pdf
Clo2019_ID597,C17d/C31-C21-C21ac-C17f,3443,S3.pdf,NA,NA,y,Clo2019_ID597-S3.pdf
Clo2017_ID106,C17d/C31-C21-C21ac-C17f,578,S3.pdf,NA,NA,y,Clo2017_ID106-S3.pdf
Clo2017_ID589,C17d/C31-C21-C21ac-C17f,1242,S3.pdf,NA,NA,y,Clo2017_ID589-S3.pdf
Clo2017_ID597,C17d/C31-C21-C21ac-C17f,2345,S3.pdf,NA,NA,y,Clo2017_ID597-S3.pdf
Clo2017_ID590,C17d/C31-C21-C21ac-C17f,2717,S3.pdf,NA,NA,y,Clo2017_ID590-S3.pdf
Clo2019_ID53,C17d/C31-C21-C21ac-C17f,2906,S3.pdf,NA,NA,y,Clo2019_ID53-S3.pdf
Clo2017_ID42,C17d/C31-C21-C21ac-C17f,407,S3.pdf,NA,NA,y,Clo2017_ID42-S3.pdf
Clo2017_ID89,C17d/C31-C21-C21ac-C17f,3106,S3.pdf,NA,NA,y,Clo2017_ID89-S3.pdf
Clo2019_ID317,C17d/C31-C21-C21ac-C17f,1231,S3.pdf,NA,NA,y,Clo2019_ID317-S3.pdf
Clo2017_ID502,C17d/C31-C21-C21ac-C17f,3118,S3.pdf,NA,NA,y,Clo2017_ID502-S3.pdf
Clo2019_ID599,C17d/C31-C21-C21ac-C17f,3289,S3.pdf,NA,NA,y,Clo2019_ID599-S3.pdf
Clo2019_ID502,C17d/C31-C21-C21ac-C17f,1854,S3.pdf,NA,NA,y,Clo2019_ID502-S3.pdf
Clo2019_ID595,C17d/C31-C21-C21ac-C17f,7294,S3.pdf,NA,NA,y,Clo2019_ID595-S3.pdf
Clo2017_ID36,C17d/C31-C21-C21ac-C17f,417,S3.pdf,NA,NA,y,Clo2017_ID36-S3.pdf
Clo2019_ID188,C17d/C31-C21-C21ac-C17f,2345,S3.pdf,NA,NA,y,Clo2019_ID188-S3.pdf
Clo2017_ID138,C17d/C31-C21-C21ac-C17f,3722,S3.pdf,NA,NA,y,Clo2017_ID138-S3.pdf
Clo2017_ID165,C17d/C31-C21-C21ac-C17f,2967,S3.pdf,NA,NA,y,Clo2017_ID165-S3.pdf
Clo2017_ID188,C17d/C31-C21-C21ac-C17f,1944,S3.pdf,NA,NA,y,Clo2017_ID188-S3.pdf
Clo2017_ID257,C17d/C31-C21-C21ac-C17f,2228,S3.pdf,NA,NA,y,Clo2017_ID257-S3.pdf
Clo2019_ID3,C17d/C31-C21-C21ac-C17f,976,S3.pdf,NA,NA,y,Clo2019_ID3-S3.pdf
Clo2017_ID103,C17d/C31-C21-C21ac-C17f,877,S3.pdf,NA,NA,y,Clo2017_ID103-S3.pdf
Clo2017_ID128,C17d/C31-C21-C21ac-C17f,1680,S3.pdf,NA,NA,y,Clo2017_ID128-S3.pdf
Clo2017_ID582,C17d/C31-C21-C21ac-C17f,1225,S3.pdf,NA,NA,y,Clo2017_ID582-S3.pdf
Clo2017_ID599,C17d/C31-C21-C21ac-C17f,1449,S3.pdf,NA,NA,y,Clo2017_ID599-S3.pdf
Clo2017_ID105,C17d/C31-C21-C21ac-C17f,694,S3.pdf,NA,NA,y,Clo2017_ID105-S3.pdf
Clo2019_ID108,C17d/C31-C21-C21ac-C17f,659,S3.pdf,NA,NA,y,Clo2019_ID108-S3.pdf
Clo2019_ID316,C17d/C31-C21-C21ac-C17f,1805,S3.pdf,NA,NA,y,Clo2019_ID316-S3.pdf
Clo2017_ID109,C17d/C31-C21-C21ac-C17f,561,S3.pdf,NA,NA,y,Clo2017_ID109-S3.pdf
Clo2019_ID310,C17d/C31-C21-C21ac-C17f,573,S3.pdf,NA,NA,y,Clo2019_ID310-S3.pdf
Clo2019_ID310,D4/D1/D6-D1ab-D3h,441,S3.pdf,NA,NA,y,Clo2019_ID310-S3.pdf
Clo2019_ID468,C17d/C31-C21-C21ac-C17f,559,S3.pdf,NA,NA,y,Clo2019_ID468-S3.pdf
Clo2019_ID468,D4/D1/D6-D1ab-D3h,602,S3.pdf,NA,NA,y,Clo2019_ID468-S3.pdf
Clo2019_ID60,C31-C17d-C31.1-C31a-C21-C31f-C31b-C17e,2037,S3.pdf,NA,NA,y,Clo2019_ID60-S3.pdf
Clo2017_ID596,C31-C17d-C31.1-C31a-C21-C31f-C31b-C17e,1688,S3.pdf,NA,NA,y,Clo2017_ID596-S3.pdf
Clo2017_ID35,C31-C17d-C31.1-C31a-C21-C31f-C31b-C17e,278,S3.pdf,NA,NA,y,Clo2017_ID35-S3.pdf
Clo2019_ID248,C31-C17d-C31.1-C31a-C21-C31f-C31b-C17e,4834,S3.pdf,NA,NA,y,Clo2019_ID248-S3.pdf
Clo2017_ID41,C31-C17d-C31.1-C31a-C21-C31f-C31b-C17e,876,S3.pdf,NA,NA,y,Clo2017_ID41-S3.pdf
Clo2017_ID167,C31-C17d-C31.1-C31a-C21-C31f-C31b-C17e,3959,S3.pdf,NA,NA,y,Clo2017_ID167-S3.pdf
Clo2019_ID596,C31-C17d-C31.1-C31a-C21-C31f-C31b-C17e,3268,S3.pdf,NA,NA,y,Clo2019_ID596-S3.pdf
Clo2017_ID560,C31-C17d-C31.1-C31a-C21-C31f-C31b-C17e,3180,S3.pdf,NA,NA,y,Clo2017_ID560-S3.pdf
Clo2017_ID382,C31-C17d-C31.1-C31a-C21-C31f-C31b-C17e,3140,S3.pdf,NA,NA,y,Clo2017_ID382-S3.pdf
Clo2019_ID94,C31-C17d-C31.1-C31a-C21-C31f-C31b-C17e,909,S3.pdf,NA,NA,y,Clo2019_ID94-S3.pdf
Clo2017_ID100,C31-C17d-C31.1-C31a-C21-C31f-C31b-C17e,564,S3.pdf,NA,NA,y,Clo2017_ID100-S3.pdf
Clo2019_ID47,C31-C17d-C31.1-C31a-C21-C31f-C31b-C17e,2101,S3.pdf,NA,NA,y,Clo2019_ID47-S3.pdf
Clo2017_ID310,C31-C17d-C31.1-C31a-C21-C31f-C31b-C17e,2307,S3.pdf,NA,NA,y,Clo2017_ID310-S3.pdf
Clo2017_ID101,C31-C17d-C31.1-C31a-C21-C31f-C31b-C17e,719,S3.pdf,NA,NA,y,Clo2017_ID101-S3.pdf
Clo2019_ID84,C31-C17d-C31.1-C31a-C21-C31f-C31b-C17e,997,S3.pdf,NA,NA,y,Clo2019_ID84-S3.pdf
Clo2017_ID241,C31-C17d-C31.1-C31a-C21-C31f-C31b-C17e,803,S3.pdf,NA,NA,y,Clo2017_ID241-S3.pdf
Clo2017_ID383,C31-C17d-C31.1-C31a-C21-C31f-C31b-C17e,2990,S3.pdf,NA,NA,y,Clo2017_ID383-S3.pdf
Clo2019_ID311,C31-C17d-C31.1-C31a-C21-C31f-C31b-C17e,5168,S3.pdf,NA,NA,y,Clo2019_ID311-S3.pdf
Clo2019_ID45,C31-C17d-C31.1-C31a-C21-C31f-C31b-C17e,2632,S3.pdf,NA,NA,y,Clo2019_ID45-S3.pdf
Clo2019_ID35,C31-C17d-C31.1-C31a-C21-C31f-C31b-C17e,555,S3.pdf,NA,NA,y,Clo2019_ID35-S3.pdf
Clo2019_ID101,C31-C17d-C31.1-C31a-C21-C31f-C31b-C17e,1377,S3.pdf,NA,NA,y,Clo2019_ID101-S3.pdf
Clo2017_ID221,C31-C17d-C31.1-C31a-C21-C31f-C31b-C17e,2227,S3.pdf,NA,NA,y,Clo2017_ID221-S3.pdf
Clo2019_ID59,C31-C17d-C31.1-C31a-C21-C31f-C31b-C17e,1097,S3.pdf,NA,NA,y,Clo2019_ID59-S3.pdf
Clo2017_ID262,C31-C17d-C31.1-C31a-C21-C31f-C31b-C17e,2864,S3.pdf,NA,NA,y,Clo2017_ID262-S3.pdf
Clo2019_ID262,C31-C17d-C31.1-C31a-C21-C31f-C31b-C17e,5306,S3.pdf,NA,NA,y,Clo2019_ID262-S3.pdf
Clo2017_ID97,C31-C17d-C31.1-C31a-C21-C31f-C31b-C17e,2277,S3.pdf,NA,NA,y,Clo2017_ID97-S3.pdf
Clo2019_ID293,C31-C17d-C31.1-C31a-C21-C31f-C31b-C17e,4853,S3.pdf,NA,NA,y,Clo2019_ID293-S3.pdf
Clo2019_ID560,C31-C17d-C31.1-C31a-C21-C31f-C31b-C17e,1547,S3.pdf,NA,NA,y,Clo2019_ID560-S3.pdf
Clo2019_ID266,C31-C17d-C31.1-C31a-C21-C31f-C31b-C17e,1846,S3.pdf,NA,NA,y,Clo2019_ID266-S3.pdf
Clo2017_ID65,C31-C17d-C31.1-C31a-C21-C31f-C31b-C17e,2141,S3.pdf,NA,NA,y,Clo2017_ID65-S3.pdf
Clo2017_ID65,D4/D1/D6-D1ab-D3h,454,S3.pdf,NA,NA,y,Clo2017_ID65-S3.pdf
Clo2019_ID74,C31-C17d-C31.1-C31a-C21-C31f-C31b-C17e,511,S3.pdf,NA,NA,y,Clo2019_ID74-S3.pdf
Clo2017_ID245,C31-C17d-C31.1-C31a-C21-C31f-C31b-C17e,2254,S3.pdf,NA,NA,y,Clo2017_ID245-S3.pdf
Clo2017_ID245,D4/D1/D6-D1ab-D3h,1134,S3.pdf,NA,NA,y,Clo2017_ID245-S3.pdf
Clo2019_ID245,C31-C17d-C31.1-C31a-C21-C31f-C31b-C17e,4506,S3.pdf,NA,NA,y,Clo2019_ID245-S3.pdf
Clo2019_ID245,D4/D1/D6-D1ab-D3h,2386,S3.pdf,NA,NA,y,Clo2019_ID245-S3.pdf
Clo2017_ID57,C31-C17d-C31.1-C31a-C21-C31f-C31b-C17e,1702,S3.pdf,NA,NA,y,Clo2017_ID57-S3.pdf
Clo2017_ID57,D4/D1/D6-D1ab-D3h,1210,S3.pdf,NA,NA,y,Clo2017_ID57-S3.pdf
Clo2019_ID431,C31/C17d-C21-C21ac-C31.9-C31k,422,S3.pdf,NA,NA,y,Clo2019_ID431-S3.pdf
Clo2019_ID191,C31/C17d-C21-C21ac-C31.9-C31k,865,S3.pdf,NA,NA,y,Clo2019_ID191-S3.pdf
Clo2017_ID191,C31/C17d-C21-C21ac-C31.9-C31k,3514,S3.pdf,NA,NA,y,Clo2017_ID191-S3.pdf
Clo2019_ID590,C31/C17d-C21-C21ac-C31.9-C31k,22490,S3.pdf,NA,NA,y,Clo2019_ID590-S3.pdf
Clo2017_ID593,C31/C17d-C21-C21ac-C31.9-C31k,2163,S3.pdf,NA,NA,y,Clo2017_ID593-S3.pdf
Clo2019_ID593,C31/C17d-C21-C21ac-C31.9-C31k,5136,S3.pdf,NA,NA,y,Clo2019_ID593-S3.pdf
Clo2017_ID169,C31/C17d-C21-C21ac-C31.9-C31k,4438,S3.pdf,NA,NA,y,Clo2017_ID169-S3.pdf
Clo2019_ID589,C31/C17d-C21-C21ac-C31.9-C31k,4648,S3.pdf,NA,NA,y,Clo2019_ID589-S3.pdf
Clo2017_ID198,C31/C17d-C21-C21ac-C31.9-C31k,1892,S3.pdf,NA,NA,y,Clo2017_ID198-S3.pdf
Clo2017_ID198,C3/C1,34,S3.pdf,NA,NA,y,Clo2017_ID198-S3.pdf
Clo2019_ID58,C31/C17d-C21-C21ac-C31.9-C31k,461,S3.pdf,NA,NA,y,Clo2019_ID58-S3.pdf
Clo2017_ID304,C31/C17d-C21-C21ac-C31.9-C31k,2727,S3.pdf,NA,NA,y,Clo2017_ID304-S3.pdf
Clo2017_ID220,C31/C17d-C21-C21ac-C31.9-C31k,2500,S3.pdf,NA,NA,y,Clo2017_ID220-S3.pdf
Clo2017_ID263,C31/C17d-C21-C21ac-C31.9-C31k,3633,S3.pdf,NA,NA,y,Clo2017_ID263-S3.pdf
Clo2017_ID463,C31/C17d-C21-C21ac-C31.9-C31k,3017,S3.pdf,NA,NA,y,Clo2017_ID463-S3.pdf
Clo2017_ID110,C31/C17d-C21-C21ac-C31.9-C31k,538,S3.pdf,NA,NA,y,Clo2017_ID110-S3.pdf
Clo2017_ID389,C31/C17d-C21-C21ac-C31.9-C31k,2491,S3.pdf,NA,NA,y,Clo2017_ID389-S3.pdf
Clo2019_ID584,C31/C17d-C21-C21ac-C31.9-C31k,5493,S3.pdf,NA,NA,y,Clo2019_ID584-S3.pdf
Clo2017_ID136,C31/C17d-C21-C21ac-C31.9-C31k,1511,S3.pdf,NA,NA,y,Clo2017_ID136-S3.pdf
Clo2017_ID120,C31/C17d-C21-C21ac-C31.9-C31k,3171,S3.pdf,NA,NA,y,Clo2017_ID120-S3.pdf
Clo2019_ID181,C31/C17d-C21-C21ac-C31.9-C31k,631,S3.pdf,NA,NA,y,Clo2019_ID181-S3.pdf
Clo2019_ID181,C3/C1,12,S3.pdf,NA,NA,y,Clo2019_ID181-S3.pdf
Clo2017_ID250,C31/C17d-C21-C21ac-C31.9-C31k,3741,S3.pdf,NA,NA,y,Clo2017_ID250-S3.pdf
Clo2019_ID600,C31/C17d-C21-C21ac-C31.9-C31k,3617,S3.pdf,NA,NA,y,Clo2019_ID600-S3.pdf
Clo2019_ID215,C31/C17d-C21-C21ac-C31.9-C31k,1364,S3.pdf,NA,NA,y,Clo2019_ID215-S3.pdf
Clo2017_ID230,C31/C17d-C21-C21ac-C31.9-C31k,1173,S3.pdf,NA,NA,y,Clo2017_ID230-S3.pdf
Clo2017_ID600,C31/C17d-C21-C21ac-C31.9-C31k,915,S3.pdf,NA,NA,y,Clo2017_ID600-S3.pdf
Clo2017_ID584,C31/C17d-C21-C21ac-C31.9-C31k,2638,S3.pdf,NA,NA,y,Clo2017_ID584-S3.pdf
Clo2017_ID55,C31/C17d-C21-C21ac-C31.9-C31k,635,S3.pdf,NA,NA,y,Clo2017_ID55-S3.pdf
Clo2017_ID92,C31/C17d-C21-C21ac-C31.9-C31k,2305,S3.pdf,NA,NA,y,Clo2017_ID92-S3.pdf
Clo2017_ID69,C31/C17d-C21-C21ac-C31.9-C31k,636,S3.pdf,NA,NA,y,Clo2017_ID69-S3.pdf
Clo2019_ID352,C31/C17d-C21-C21ac-C31.9-C31k,1143,S3.pdf,NA,NA,y,Clo2019_ID352-S3.pdf
Clo2019_ID352,D1/D4/D1ab/D6,310,S3.pdf,NA,NA,y,Clo2019_ID352-S3.pdf
Clo2017_ID247,C31/C17d-C21-C21ac-C31.9-C31k,1149,S3.pdf,NA,NA,y,Clo2017_ID247-S3.pdf
Clo2017_ID247,D1/D4-D6-D1ab-D3h-D4d,547,S3.pdf,NA,NA,y,Clo2017_ID247-S3.pdf
Clo2017_ID251,C31/C17d-C21-C21ac-C31.9-C31k,1776,S3.pdf,NA,NA,y,Clo2017_ID251-S3.pdf
Clo2017_ID251,D4/D1/D6-D1ab-D3h,1781,S3.pdf,NA,NA,y,Clo2017_ID251-S3.pdf
Clo2019_ID314,C31/C17d-C21-C21ac-C31k-C17e,2268,S3.pdf,NA,NA,y,Clo2019_ID314-S3.pdf
Clo2017_ID567,C31/C17d-C21-C21ac-C31k-C17e,3132,S3.pdf,NA,NA,y,Clo2017_ID567-S3.pdf
Clo2017_ID569,C31/C17d-C21-C21ac-C31k-C17e,2776,S3.pdf,NA,NA,y,Clo2017_ID569-S3.pdf
Clo2017_ID393,C31/C17d-C21-C21ac-C31k-C17e,2943,S3.pdf,NA,NA,y,Clo2017_ID393-S3.pdf
Clo2017_ID564,C31/C17d-C21-C21ac-C31k-C17e,1093,S3.pdf,NA,NA,y,Clo2017_ID564-S3.pdf
Clo2017_ID394,C31/C17d-C21-C21ac-C31k-C17e,1744,S3.pdf,NA,NA,y,Clo2017_ID394-S3.pdf
Clo2017_ID565,C31/C17d-C21-C21ac-C31k-C17e,2312,S3.pdf,NA,NA,y,Clo2017_ID565-S3.pdf
Clo2019_ID31,C31/C17d-C21-C21ac-C31k-C17e,222,S3.pdf,NA,NA,y,Clo2019_ID31-S3.pdf
Clo2017_ID563,C31/C17d-C21-C21ac-C31k-C17e,790,S3.pdf,NA,NA,y,Clo2017_ID563-S3.pdf
Clo2017_ID563,C3/C1,10,S3.pdf,NA,NA,y,Clo2017_ID563-S3.pdf
Clo2017_ID264,C31/C17d-C21-C21ac-C31k-C17e,2551,S3.pdf,NA,NA,y,Clo2017_ID264-S3.pdf
Clo2019_ID565,C31/C17d-C21-C21ac-C31k-C17e,4110,S3.pdf,NA,NA,y,Clo2019_ID565-S3.pdf
Clo2017_ID316,C31/C17d-C21-C21ac-C31k-C17e,4327,S3.pdf,NA,NA,y,Clo2017_ID316-S3.pdf
Clo2019_ID136,C31/C17d-C21-C21ac-C31k-C17e,202,S3.pdf,NA,NA,y,Clo2019_ID136-S3.pdf
Clo2019_ID569,C31/C17d-C21-C21ac-C31k-C17e,11077,S3.pdf,NA,NA,y,Clo2019_ID569-S3.pdf
Clo2019_ID567,C31/C17d-C21-C21ac-C31k-C17e,2047,S3.pdf,NA,NA,y,Clo2019_ID567-S3.pdf
Clo2019_ID567,C3/C1,31,S3.pdf,NA,NA,y,Clo2019_ID567-S3.pdf
Clo2019_ID564,C31/C17d-C21-C21ac-C31k-C17e,4317,S3.pdf,NA,NA,y,Clo2019_ID564-S3.pdf
Clo2017_ID322,C31/C17d-C21-C21ac-C31k-C17e,5886,S3.pdf,NA,NA,y,Clo2017_ID322-S3.pdf
Clo2017_ID197,C31/C17d-C21-C21ac-C31k-C17e,3575,S3.pdf,NA,NA,y,Clo2017_ID197-S3.pdf
Clo2019_ID196,C31/C17d-C21-C21ac-C31k-C17e,2048,S3.pdf,NA,NA,y,Clo2019_ID196-S3.pdf
Clo2019_ID218,C31/C17d-C21-C21ac-C31k-C17e,724,S3.pdf,NA,NA,y,Clo2019_ID218-S3.pdf
Clo2017_ID179,C31/C17d-C21-C21ac-C31k-C17e,2948,S3.pdf,NA,NA,y,Clo2017_ID179-S3.pdf
Clo2019_ID308,C31/C17d-C21-C21ac-C31k-C17e,2879,S3.pdf,NA,NA,y,Clo2019_ID308-S3.pdf
Clo2019_ID308,D4/D1/D6-D1ab-D3h,931,S3.pdf,NA,NA,y,Clo2019_ID308-S3.pdf
Clo2017_ID308,C31/C17d-C21-C21ac-C31k-C17e,1508,S3.pdf,NA,NA,y,Clo2017_ID308-S3.pdf
Clo2017_ID308,D4/D1/D6-D1ab-D3h,693,S3.pdf,NA,NA,y,Clo2017_ID308-S3.pdf
Clo2017_ID371,C31/C17d-C21-C21ac-C31k-C17e,2002,S3.pdf,NA,NA,y,Clo2017_ID371-S3.pdf
Clo2017_ID371,D4/D1/D6-D1ab-D3h,916,S3.pdf,NA,NA,y,Clo2017_ID371-S3.pdf
Clo2019_ID386,C31/C17d-C21-C21ac-C31a-C31.9-C17f,284,S3.pdf,NA,NA,y,Clo2019_ID386-S3.pdf
Clo2017_ID503,C31/C17d-C21-C21ac-C31a-C31.9-C17f,2239,S3.pdf,NA,NA,y,Clo2017_ID503-S3.pdf
Clo2019_ID117,C31/C17d-C21-C21ac-C31a-C31.9-C17f,1674,S3.pdf,NA,NA,y,Clo2019_ID117-S3.pdf
Clo2017_ID272,C31/C17d-C21-C21ac-C31a-C31.9-C17f,3991,S3.pdf,NA,NA,y,Clo2017_ID272-S3.pdf
Clo2017_ID390,C31/C17d-C21-C21ac-C31a-C31.9-C17f,2359,S3.pdf,NA,NA,y,Clo2017_ID390-S3.pdf
Clo2019_ID581,C31/C17d-C21-C21ac-C31a-C31.9-C17f,28332,S3.pdf,NA,NA,y,Clo2019_ID581-S3.pdf
Clo2019_ID421,C3/C1,17,S3.pdf,NA,NA,y,Clo2019_ID421-S3.pdf
Clo2019_ID421,C31/C17d-C21-C21ac-C31a-C31.9-C17f,887,S3.pdf,NA,NA,y,Clo2019_ID421-S3.pdf
Clo2019_ID21,C31/C17d-C21-C21ac-C31a-C31.9-C17f,544,S3.pdf,NA,NA,y,Clo2019_ID21-S3.pdf
Clo2017_ID421,C31/C17d-C21-C21ac-C31a-C31.9-C17f,762,S3.pdf,NA,NA,y,Clo2017_ID421-S3.pdf
Clo2019_ID525,C31/C17d-C21-C21ac-C31a-C31.9-C17f,3683,S3.pdf,NA,NA,y,Clo2019_ID525-S3.pdf
Clo2017_ID577,C31/C17d-C21-C21ac-C31a-C31.9-C17f,2904,S3.pdf,NA,NA,y,Clo2017_ID577-S3.pdf
Clo2017_ID225,C31/C17d-C21-C21ac-C31a-C31.9-C17f,4103,S3.pdf,NA,NA,y,Clo2017_ID225-S3.pdf
Clo2017_ID181,C31/C17d-C21-C21ac-C31a-C31.9-C17f,3475,S3.pdf,NA,NA,y,Clo2017_ID181-S3.pdf
Clo2019_ID472,C31/C17d-C21-C21ac-C31a-C31.9-C17f,1151,S3.pdf,NA,NA,y,Clo2019_ID472-S3.pdf
Clo2017_ID400,C31/C17d-C21-C21ac-C31a-C31.9-C17f,2833,S3.pdf,NA,NA,y,Clo2017_ID400-S3.pdf
Clo2017_ID265,C31/C17d-C21-C21ac-C31a-C31.9-C17f,3189,S3.pdf,NA,NA,y,Clo2017_ID265-S3.pdf
Clo2019_ID207,C31/C17d-C21-C21ac-C31a-C31.9-C17f,1224,S3.pdf,NA,NA,y,Clo2019_ID207-S3.pdf
Clo2019_ID207,D4/D1/D6-D1ab-D3h,537,S3.pdf,NA,NA,y,Clo2019_ID207-S3.pdf
Clo2019_ID580,C31/C17d-C21-C21ac-C31a-C31.9-C17f,2480,S3.pdf,NA,NA,y,Clo2019_ID580-S3.pdf
Clo2019_ID580,D1/D4-D6-D1ab-D17d-D1r-D17e-D17c,982,S3.pdf,NA,NA,y,Clo2019_ID580-S3.pdf
Clo2019_ID516,C31/C17d-C21-C21ac-C31a-C31.9-C17f,1912,S3.pdf,NA,NA,y,Clo2019_ID516-S3.pdf
Clo2019_ID516,D4/D1/D6-D1ab-D3h,1384,S3.pdf,NA,NA,y,Clo2019_ID516-S3.pdf
Clo2019_ID325,C31-C17d-C31a-C21-C21ac-C31g-C31.9,65969,S3.pdf,NA,NA,y,Clo2019_ID325-S3.pdf
Clo2017_ID396,C31-C17d-C31a-C21-C21ac-C31g-C31.9,4916,S3.pdf,NA,NA,y,Clo2017_ID396-S3.pdf
Clo2019_ID33,C31-C17d-C31a-C21-C21ac-C31g-C31.9,1236,S3.pdf,NA,NA,y,Clo2019_ID33-S3.pdf
Clo2017_ID531,C31-C17d-C31a-C21-C21ac-C31g-C31.9,988,S3.pdf,NA,NA,y,Clo2017_ID531-S3.pdf
Clo2019_ID189,C31-C17d-C31a-C21-C21ac-C31g-C31.9,2449,S3.pdf,NA,NA,y,Clo2019_ID189-S3.pdf
Clo2019_ID238,C31-C17d-C31a-C21-C21ac-C31g-C31.9,4404,S3.pdf,NA,NA,y,Clo2019_ID238-S3.pdf
Clo2017_ID238,C31-C17d-C31a-C21-C21ac-C31g-C31.9,1459,S3.pdf,NA,NA,y,Clo2017_ID238-S3.pdf
Clo2019_ID531,C31-C17d-C31a-C21-C21ac-C31g-C31.9,3328,S3.pdf,NA,NA,y,Clo2019_ID531-S3.pdf
Clo2017_ID70,C3/C1,59,S3.pdf,NA,NA,y,Clo2017_ID70-S3.pdf
Clo2017_ID70,C31-C17d-C31a-C21-C21ac-C31g-C31.9,2405,S3.pdf,NA,NA,y,Clo2017_ID70-S3.pdf
Clo2019_ID336,C31-C17d-C31a-C21-C21ac-C31g-C31.9,1059,S3.pdf,NA,NA,y,Clo2019_ID336-S3.pdf
Clo2017_ID38,C31-C17d-C31a-C21-C21ac-C31g-C31.9,722,S3.pdf,NA,NA,y,Clo2017_ID38-S3.pdf
Clo2017_ID336,C31-C17d-C31a-C21-C21ac-C31g-C31.9,3167,S3.pdf,NA,NA,y,Clo2017_ID336-S3.pdf
Clo2017_ID86,C31-C17d-C31a-C21-C21ac-C31g-C31.9,1346,S3.pdf,NA,NA,y,Clo2017_ID86-S3.pdf
Clo2017_ID189,C31-C17d-C31a-C21-C21ac-C31g-C31.9,2381,S3.pdf,NA,NA,y,Clo2017_ID189-S3.pdf
Clo2017_ID189,D4/D1/D6-D1ab-D3h,538,S3.pdf,NA,NA,y,Clo2017_ID189-S3.pdf
Clo2017_ID14,C31-C17d-C31a-C21-C21ac-C31g-C31.9,638,S3.pdf,NA,NA,y,Clo2017_ID14-S3.pdf
Clo2017_ID14,D4/D1/D6-D1ab-D3h,204,S3.pdf,NA,NA,y,Clo2017_ID14-S3.pdf
Clo2019_ID14,C31-C17d-C31a-C21-C21ac-C31g-C31.9,886,S3.pdf,NA,NA,y,Clo2019_ID14-S3.pdf
Clo2019_ID14,D4/D1/D6-D1ab-D3h,483,S3.pdf,NA,NA,y,Clo2019_ID14-S3.pdf
Clo2017_ID63,C31-C17d-C31a-C21-C21ac-C31g-C31.9,328,S3.pdf,NA,NA,y,Clo2017_ID63-S3.pdf
Clo2017_ID63,D4/D1/D6-D1ab-D3h,302,S3.pdf,NA,NA,y,Clo2017_ID63-S3.pdf
Clo2017_ID521,C31-C17d-C21-C31.1-C21ac-C31f-C31a-C31j,282,S3.pdf,NA,NA,y,Clo2017_ID521-S3.pdf
Clo2017_ID538,C31-C17d-C21-C31.1-C21ac-C31f-C31a-C31j,328,S3.pdf,NA,NA,y,Clo2017_ID538-S3.pdf
Clo2019_ID521,C31-C17d-C21-C31.1-C21ac-C31f-C31a-C31j,2317,S3.pdf,NA,NA,y,Clo2019_ID521-S3.pdf
Clo2019_ID517,C31-C17d-C21-C31.1-C21ac-C31f-C31a-C31j,2326,S3.pdf,NA,NA,y,Clo2019_ID517-S3.pdf
Clo2017_ID522,C31-C17d-C21-C31.1-C21ac-C31f-C31a-C31j,386,S3.pdf,NA,NA,y,Clo2017_ID522-S3.pdf
Clo2017_ID243,C31-C17d-C21-C31.1-C21ac-C31f-C31a-C31j,4219,S3.pdf,NA,NA,y,Clo2017_ID243-S3.pdf
Clo2019_ID522,C31-C17d-C21-C31.1-C21ac-C31f-C31a-C31j,3216,S3.pdf,NA,NA,y,Clo2019_ID522-S3.pdf
Clo2017_ID532,C31-C17d-C21-C31.1-C21ac-C31f-C31a-C31j,1430,S3.pdf,NA,NA,y,Clo2017_ID532-S3.pdf
Clo2019_ID529,C31-C17d-C21-C31.1-C21ac-C31f-C31a-C31j,6678,S3.pdf,NA,NA,y,Clo2019_ID529-S3.pdf
Clo2017_ID534,C31-C17d-C21-C31.1-C21ac-C31f-C31a-C31j,4078,S3.pdf,NA,NA,y,Clo2017_ID534-S3.pdf
Clo2017_ID529,C31-C17d-C21-C31.1-C21ac-C31f-C31a-C31j,483,S3.pdf,NA,NA,y,Clo2017_ID529-S3.pdf
Clo2017_ID536,C31-C17d-C21-C31.1-C21ac-C31f-C31a-C31j,1067,S3.pdf,NA,NA,y,Clo2017_ID536-S3.pdf
Clo2019_ID135,C31-C17d-C21-C31.1-C21ac-C31f-C31a-C31j,262,S3.pdf,NA,NA,y,Clo2019_ID135-S3.pdf
Clo2017_ID113,C31/C17d/C21-C31.9-C31.5-C31a-C21ac,403,S3.pdf,NA,NA,y,Clo2017_ID113-S3.pdf
Clo2019_ID98,C31/C17d/C21-C31.9-C31.5-C31a-C21ac,506,S3.pdf,NA,NA,y,Clo2019_ID98-S3.pdf
Clo2017_ID83,C31/C17d/C21-C31.9-C31.5-C31a-C21ac,2324,S3.pdf,NA,NA,y,Clo2017_ID83-S3.pdf
Clo2019_ID67,C31/C17d/C21-C31.9-C31.5-C31a-C21ac,1626,S3.pdf,NA,NA,y,Clo2019_ID67-S3.pdf
Clo2019_ID223,C31/C17d/C21-C31.9-C31.5-C31a-C21ac,55356,S3.pdf,NA,NA,y,Clo2019_ID223-S3.pdf
Clo2019_ID83,C31/C17d/C21-C31.9-C31.5-C31a-C21ac,1210,S3.pdf,NA,NA,y,Clo2019_ID83-S3.pdf
Clo2017_ID437,C31/C17d/C21-C31.9-C31.5-C31a-C21ac,3042,S3.pdf,NA,NA,y,Clo2017_ID437-S3.pdf
Clo2019_ID10,C31/C17d/C21-C31.9-C31.5-C31a-C21ac,2067,S3.pdf,NA,NA,y,Clo2019_ID10-S3.pdf
Clo2019_ID113,C31/C17d/C21-C31.9-C31.5-C31a-C21ac,965,S3.pdf,NA,NA,y,Clo2019_ID113-S3.pdf
Clo2017_ID98,C31/C17d/C21-C31.9-C31.5-C31a-C21ac,1214,S3.pdf,NA,NA,y,Clo2017_ID98-S3.pdf
Clo2017_ID484,C31/C17d/C21-C31.9-C31.5-C31a-C21ac,1704,S3.pdf,NA,NA,y,Clo2017_ID484-S3.pdf
Clo2017_ID48,C31/C17d/C21-C31.9-C31.5-C31a-C21ac,621,S3.pdf,NA,NA,y,Clo2017_ID48-S3.pdf
Clo2017_ID39,C31/C17d/C21-C31.9-C31.5-C31a-C21ac,805,S3.pdf,NA,NA,y,Clo2017_ID39-S3.pdf
Clo2017_ID39,D4/D1/D6-D1ab-D3h,434,S3.pdf,NA,NA,y,Clo2017_ID39-S3.pdf
Clo2017_ID173,C31/C17d-C21-C31a-C21ac,4541,S3.pdf,NA,NA,y,Clo2017_ID173-S3.pdf
Clo2019_ID380,C31/C17d-C21-C31a-C21ac,365,S3.pdf,NA,NA,y,Clo2019_ID380-S3.pdf
Clo2017_ID415,C31/C17d-C21-C31a-C21ac,732,S3.pdf,NA,NA,y,Clo2017_ID415-S3.pdf
Clo2019_ID373,C31/C17d-C21-C31a-C21ac,254,S3.pdf,NA,NA,y,Clo2019_ID373-S3.pdf
Clo2019_ID112,C31/C17d-C21-C31a-C21ac,290,S3.pdf,NA,NA,y,Clo2019_ID112-S3.pdf
Clo2017_ID40,C31/C17d-C21-C31a-C21ac,758,S3.pdf,NA,NA,y,Clo2017_ID40-S3.pdf
Clo2017_ID249,C3/C1,25,S3.pdf,NA,NA,y,Clo2017_ID249-S3.pdf
Clo2017_ID249,C31/C17d-C21-C31a-C21ac,1395,S3.pdf,NA,NA,y,Clo2017_ID249-S3.pdf
Clo2017_ID249,D1/D4/D1ab/D6,209,S3.pdf,NA,NA,y,Clo2017_ID249-S3.pdf
Clo2019_ID405,C31/C17d-C21-C31a-C21ac,435,S3.pdf,NA,NA,y,Clo2019_ID405-S3.pdf
Clo2019_ID405,D4/D1/D6-D1ab-D3h,294,S3.pdf,NA,NA,y,Clo2019_ID405-S3.pdf
Clo2017_ID537,C31-C17d-C31.1-C21-C31a-C31f-C17e-C21ac,383,S3.pdf,NA,NA,y,Clo2017_ID537-S3.pdf
Clo2017_ID34,C31-C17d-C31.1-C21-C31a-C31f-C17e-C21ac,316,S3.pdf,NA,NA,y,Clo2017_ID34-S3.pdf
Clo2017_ID56,C31-C17d-C31.1-C21-C31a-C31f-C17e-C21ac,782,S3.pdf,NA,NA,y,Clo2017_ID56-S3.pdf
Clo2017_ID60,C31-C17d-C31.1-C21-C31a-C31f-C17e-C21ac,1720,S3.pdf,NA,NA,y,Clo2017_ID60-S3.pdf
Clo2019_ID95,C31-C17d-C31.1-C21-C31a-C31f-C17e-C21ac,835,S3.pdf,NA,NA,y,Clo2019_ID95-S3.pdf
Clo2017_ID95,C31-C17d-C31.1-C21-C31a-C31f-C17e-C21ac,2573,S3.pdf,NA,NA,y,Clo2017_ID95-S3.pdf
Clo2019_ID393,C31/C17d-C21-C21ac,208,S3.pdf,NA,NA,y,Clo2019_ID393-S3.pdf
Clo2019_ID178,D1/D4/D1ab/D6,234,S3.pdf,NA,NA,y,Clo2019_ID178-S3.pdf
Clo2017_ID462,C31-C17d-C31.1-C31a-C21-C17e-C21ac,2247,S3.pdf,NA,NA,y,Clo2017_ID462-S3.pdf
Clo2017_ID239,C31-C17d-C31.1-C31a-C21-C17e-C21ac,2348,S3.pdf,NA,NA,y,Clo2017_ID239-S3.pdf
Clo2017_ID335,C31-C17d-C31.1-C31a-C21-C17e-C21ac,4332,S3.pdf,NA,NA,y,Clo2017_ID335-S3.pdf
Clo2019_ID335,C31/C17d/C15-C21-C21ac-C17e,475,S3.pdf,NA,NA,y,Clo2019_ID335-S3.pdf
Clo2019_ID432,C31/C17d-C21,282,S3.pdf,NA,NA,y,Clo2019_ID432-S3.pdf
Clo2019_ID206,C31/C17d-C21,164,S3.pdf,NA,NA,y,Clo2019_ID206-S3.pdf
Clo2017_ID45,C31/C17d-C31.1,190,S3.pdf,NA,NA,y,Clo2017_ID45-S3.pdf
Clo2019_ID246,C31/C17d-C21-C21ap-C21ac,5268,S3.pdf,NA,NA,y,Clo2019_ID246-S3.pdf
Clo2019_ID179,C31/C17d-C21-C21ap-C21ac,532,S3.pdf,NA,NA,y,Clo2019_ID179-S3.pdf
230Mc2,A1-A1gb-A1ee-A1gc,14145.0,S4.pdf,NA,NA,y,230Mc2-S4.pdf
226Mc2,A1-A1gb-A1ee-A1gc,33585.0,S4.pdf,NA,NA,y,226Mc2-S4.pdf
266Mc,A1-A1gb-A1ee-A1gc,6926.0,S4.pdf,NA,NA,y,266Mc-S4.pdf
214Mc2,A1-A1gb-A1ee-A1gc,62810.0,S4.pdf,NA,NA,y,214Mc2-S4.pdf
22NBOb,A1-A1gb-A1ee-A1gc,69392.0,S4.pdf,NA,NA,y,22NBOb-S4.pdf
252Mc2,A1-A1gb-A1ee-A1gc,110893.0,S4.pdf,NA,NA,y,252Mc2-S4.pdf
228Mc,A1-A1gb-A1ee-A1gc,11142.0,S4.pdf,NA,NA,y,228Mc-S4.pdf
218Mc2,A1-A1gb-A1ee-A1gc,17087.0,S4.pdf,NA,NA,y,218Mc2-S4.pdf
215Mc,A1-A1gb-A1ee-A1gc,655812.0,S4.pdf,NA,NA,y,215Mc-S4.pdf
248Mc,A1-A1gb-A1ee-A1gc,37832.0,S4.pdf,NA,NA,y,248Mc-S4.pdf
256Mc2,A1-A1gb-A1ee-A1gc,65126.0,S4.pdf,NA,NA,y,256Mc2-S4.pdf
268Mc2,A1-A1gb-A1ee-A1gc,128841.0,S4.pdf,NA,NA,y,268Mc2-S4.pdf
225Oc2,A1-A1gb-A1ee-A1gc,56744.0,S4.pdf,NA,NA,y,225Oc2-S4.pdf
227Mc2,A1-A1gb-A1ee-A1gc,50768.0,S4.pdf,NA,NA,y,227Mc2-S4.pdf
255Mc2,A1-A1gb-A1ee-A1gc,119645.0,S4.pdf,NA,NA,y,255Mc2-S4.pdf
231Mc2,A1-A1gb-A1ee-A1gc,68815.0,S4.pdf,NA,NA,y,231Mc2-S4.pdf
266Oc2,A1-A1gb-A1ee-A1gc,107345.0,S4.pdf,NA,NA,y,266Oc2-S4.pdf
30NBOb2,A1-A1gb-A1ee-A1gc,133434.0,S4.pdf,NA,NA,y,30NBOb2-S4.pdf
257Mc2,A1-A1gb-A1ee-A1gc,121663.0,S4.pdf,NA,NA,y,257Mc2-S4.pdf
13NBOb2,A1-A1gb-A1ee-A1gc,132176.0,S4.pdf,NA,NA,y,13NBOb2-S4.pdf
260Mc2,A1-A1gb-A1ee-A1gc,137213.0,S4.pdf,NA,NA,y,260Mc2-S4.pdf
248Oc2,A1-A1gb-A1ee-A1gc,107109.0,S4.pdf,NA,NA,y,248Oc2-S4.pdf
296Mc2,A1-A1gb-A1ee-A1gc,134504.0,S4.pdf,NA,NA,y,296Mc2-S4.pdf
270Mc,A1-A1gb-A1ee-A1gc,44126.0,S4.pdf,NA,NA,y,270Mc-S4.pdf
33BNMb,A1-A1gb-A1ee-A1gc,7623.0,S4.pdf,NA,NA,y,33BNMb-S4.pdf
217Oc2,A1-A1gb-A1ee-A1gc,98051.0,S4.pdf,NA,NA,y,217Oc2-S4.pdf
255Oc,A1-A1gb-A1ee-A1gc,62596.0,S4.pdf,NA,NA,y,255Oc-S4.pdf
231Oc2,A1-A1gb-A1ee-A1gc,135420.0,S4.pdf,NA,NA,y,231Oc2-S4.pdf
291Mc,A1-A1gb-A1ee-A1gc,25327.0,S4.pdf,NA,NA,y,291Mc-S4.pdf
20NBOb,A1-A1gb-A1ee-A1gc,55800.0,S4.pdf,NA,NA,y,20NBOb-S4.pdf
262Mc2,A1-A1gb-A1ee-A1gc,162111.0,S4.pdf,NA,NA,y,262Mc2-S4.pdf
262Oc2,A1-A1gb-A1ee-A1gc,116586.0,S4.pdf,NA,NA,y,262Oc2-S4.pdf
293Mc,A1-A1gb-A1ee-A1gc,19743.0,S4.pdf,NA,NA,y,293Mc-S4.pdf
227Oc,A1-A1gb-A1ee-A1gc,56972.0,S4.pdf,NA,NA,y,227Oc-S4.pdf
225Mc,A1-A1gb-A1ee-A1gc,4417.0,S4.pdf,NA,NA,y,225Mc-S4.pdf
259Mc2,A1-A1gb-A1ee-A1gc,161669.0,S4.pdf,NA,NA,y,259Mc2-S4.pdf
259Mc2,C116,295.0,S4.pdf,NA,NA,y,259Mc2-S4.pdf
270Oc,A1-A1gb-A1ee-A1gc,63074.0,S4.pdf,NA,NA,y,270Oc-S4.pdf
257Oc,A1-A1gb-A1ee-A1gc,44830.0,S4.pdf,NA,NA,y,257Oc-S4.pdf
263Mc,A1-A1gb-A1ee-A1gc,2768.0,S4.pdf,NA,NA,y,263Mc-S4.pdf
259Oc,A1-A1gb-A1ee-A1gc,66310.0,S4.pdf,NA,NA,y,259Oc-S4.pdf
26NBOb,A1-A1gb-A1ee-A1gc,65638.0,S4.pdf,NA,NA,y,26NBOb-S4.pdf
26NBOb,C1/C1c-C1b,323.0,S4.pdf,NA,NA,y,26NBOb-S4.pdf
39BNMb,A1-A1gb-A1ee-A1gc,65491.0,S4.pdf,NA,NA,y,39BNMb-S4.pdf
39BNMb,C1/C1c-C1b,401.0,S4.pdf,NA,NA,y,39BNMb-S4.pdf
217Mc,A1-A1gb-A1ee-A1gc,13254.0,S4.pdf,NA,NA,y,217Mc-S4.pdf
228Oc,A1-A1gb-A1ee-A1gc,6087.0,S4.pdf,NA,NA,y,228Oc-S4.pdf
271Oc,A1-A1gb-A1ee-A1gc,50854.0,S4.pdf,NA,NA,y,271Oc-S4.pdf
271Mc,A1-A1gb-A1ee-A1gc,59429.0,S4.pdf,NA,NA,y,271Mc-S4.pdf
294Mc,A1-A1gb-A1ee-A1gc,10876.0,S4.pdf,NA,NA,y,294Mc-S4.pdf
250Mc2,A1-A1gb-A1ee-A1gc,32238.0,S4.pdf,NA,NA,y,250Mc2-S4.pdf
250Mc2,C116,275.0,S4.pdf,NA,NA,y,250Mc2-S4.pdf
10NBOb2,A1-A1gb-A1ee-A1gc,161062.0,S4.pdf,NA,NA,y,10NBOb2-S4.pdf
10NBOb2,C1/C1c/C3-C1b-C72k,420.0,S4.pdf,NA,NA,y,10NBOb2-S4.pdf
295Mc2,A1-A1gb-A1ee-A1gc,133082.0,S4.pdf,NA,NA,y,295Mc2-S4.pdf
295Mc2,C3ae,1561.0,S4.pdf,NA,NA,y,295Mc2-S4.pdf
295Mc2,C3bj,158.0,S4.pdf,NA,NA,y,295Mc2-S4.pdf
295Mc2,C3/C21,246.0,S4.pdf,NA,NA,y,295Mc2-S4.pdf
229Mc,A1-A1gb-A1ee-A1gc,9470.0,S4.pdf,NA,NA,y,229Mc-S4.pdf
229Mc,C3bj,99.0,S4.pdf,NA,NA,y,229Mc-S4.pdf
256Oc2,A1-A1gb-A1ee-A1gc,103374.0,S4.pdf,NA,NA,y,256Oc2-S4.pdf
256Oc2,C116-C116i-C116q,2852.0,S4.pdf,NA,NA,y,256Oc2-S4.pdf
272Mc2,A1-A1gb-A1ee-A1gc,98944.0,S4.pdf,NA,NA,y,272Mc2-S4.pdf
272Mc2,C1/C1c-C1b,2853.0,S4.pdf,NA,NA,y,272Mc2-S4.pdf
272Mc2,D1/D2d-D1ct,3128.0,S4.pdf,NA,NA,y,272Mc2-S4.pdf
265Mc,A1-A1gb-A1ee-A1gc,61708.0,S4.pdf,NA,NA,y,265Mc-S4.pdf
265Mc,C3ae,1494.0,S4.pdf,NA,NA,y,265Mc-S4.pdf
265Mc,C15/C1,618.0,S4.pdf,NA,NA,y,265Mc-S4.pdf
265Mc,D1/D2d,1841.0,S4.pdf,NA,NA,y,265Mc-S4.pdf
226Oc2,A1-A1gb-A1ee-A1gc,70099.0,S4.pdf,NA,NA,y,226Oc2-S4.pdf
226Oc2,C116-C116i-C116q,4905.0,S4.pdf,NA,NA,y,226Oc2-S4.pdf
24NBOb,A1-A1gb-A1ee-A1gc,62011.0,S4.pdf,NA,NA,y,24NBOb-S4.pdf
24NBOb,D1-D1u-D2-D4-D2.2,12716.0,S4.pdf,NA,NA,y,24NBOb-S4.pdf
28NBOb,A1-A1gb-A1ee-A1gc,65362.0,S4.pdf,NA,NA,y,28NBOb-S4.pdf
28NBOb,C1/C3-C1c-C1b-C1w-C42.2,4341.0,S4.pdf,NA,NA,y,28NBOb-S4.pdf
28NBOb,D1-D4-D6-D1b-D1d-D6c-D2.2-D2,8252.0,S4.pdf,NA,NA,y,28NBOb-S4.pdf
35BNMb,A1-A1gb-A1ee-A1gc,54812.0,S4.pdf,NA,NA,y,35BNMb-S4.pdf
35BNMb,C1/C42.2,3717.0,S4.pdf,NA,NA,y,35BNMb-S4.pdf
35BNMb,D1/D2d-D1ct,5000.0,S4.pdf,NA,NA,y,35BNMb-S4.pdf
280Mc2,A1-A1gb-A1ee-A1gc,16302.0,S4.pdf,NA,NA,y,280Mc2-S4.pdf
280Mc2,C3ae,897.0,S4.pdf,NA,NA,y,280Mc2-S4.pdf
280Mc2,C3bj,223.0,S4.pdf,NA,NA,y,280Mc2-S4.pdf
280Mc2,D1/D2d-D1ct,6628.0,S4.pdf,NA,NA,y,280Mc2-S4.pdf
45BNMb,A1-A1gb-A1ee-A1gc,38896.0,S4.pdf,NA,NA,y,45BNMb-S4.pdf
45BNMb,C3ae,1853.0,S4.pdf,NA,NA,y,45BNMb-S4.pdf
45BNMb,C3bj,344.0,S4.pdf,NA,NA,y,45BNMb-S4.pdf
45BNMb,C1,1592.0,S4.pdf,NA,NA,y,45BNMb-S4.pdf
45BNMb,D1/D6-D4-D4c-D1d-D6c,16319.0,S4.pdf,NA,NA,y,45BNMb-S4.pdf
213Mc,A1,9890.0,S4.pdf,NA,NA,y,213Mc-S4.pdf
6NBOb,A1,44360.0,S4.pdf,NA,NA,y,6NBOb-S4.pdf
6NBOb,C1-C1c-C1al-C72k,674.0,S4.pdf,NA,NA,y,6NBOb-S4.pdf
15NBOb,A1,88434.0,S4.pdf,NA,NA,y,15NBOb-S4.pdf
15NBOb,C3ae,560.0,S4.pdf,NA,NA,y,15NBOb-S4.pdf
15NBOb,C1/C3/C42.2/C1b,2283.0,S4.pdf,NA,NA,y,15NBOb-S4.pdf
15NBOb,D1/D4/D6-D2.2-D2,1869.0,S4.pdf,NA,NA,y,15NBOb-S4.pdf
219Mc2,A1,889.0,S4.pdf,NA,NA,y,219Mc2-S4.pdf
222Mc2,A1,8906.0,S4.pdf,NA,NA,y,222Mc2-S4.pdf
222Mc2,C3ae,360.0,S4.pdf,NA,NA,y,222Mc2-S4.pdf
222Mc2,C3/C3.10,316.0,S4.pdf,NA,NA,y,222Mc2-S4.pdf
222Mc2,D1/D2d-D1ct,617.0,S4.pdf,NA,NA,y,222Mc2-S4.pdf
292Mc,A1,2091.0,S4.pdf,NA,NA,y,292Mc-S4.pdf
292Mc,C3ae/C1-C3f-C3-C3bj-C3p,703.0,S4.pdf,NA,NA,y,292Mc-S4.pdf
267Mc,A1,34822.0,S4.pdf,NA,NA,y,267Mc-S4.pdf
267Mc,C3ae,3712.0,S4.pdf,NA,NA,y,267Mc-S4.pdf
283Mc2,A1,2396.0,S4.pdf,NA,NA,y,283Mc2-S4.pdf
283Mc2,D1/D2d,620.0,S4.pdf,NA,NA,y,283Mc2-S4.pdf
216Mc2,A1,391.0,S4.pdf,NA,NA,y,216Mc2-S4.pdf
216Mc2,D1/D2d,207.0,S4.pdf,NA,NA,y,216Mc2-S4.pdf
232Mc2,A1,4742.0,S4.pdf,NA,NA,y,232Mc2-S4.pdf
232Mc2,C3ae,52.0,S4.pdf,NA,NA,y,232Mc2-S4.pdf
232Mc2,C3bj,63.0,S4.pdf,NA,NA,y,232Mc2-S4.pdf
232Mc2,C115k,128.0,S4.pdf,NA,NA,y,232Mc2-S4.pdf
232Mc2,D1/D2d-D1ct,1367.0,S4.pdf,NA,NA,y,232Mc2-S4.pdf
320Of2,C3ae,6485.0,S4.pdf,NA,NA,y,320Of2-S4.pdf
320Of2,C3/C21,3336.0,S4.pdf,NA,NA,y,320Of2-S4.pdf
25NBOb2,D1-D4-D6-D1b-D1d-D6c-D2.2-D2,37591.0,S4.pdf,NA,NA,y,25NBOb2-S4.pdf
7NBOb,C1-C1c-C1am-C1ao-C1an-C1b-C3cm-C42.2,851.0,S4.pdf,NA,NA,y,7NBOb-S4.pdf
7NBOb,D1-D4-D6-D1b-D1d-D6c-D2.2-D2,43057.0,S4.pdf,NA,NA,y,7NBOb-S4.pdf
3NBOb,A1/A1gb-A1ee,324.0,S4.pdf,NA,NA,y,3NBOb-S4.pdf
3NBOb,C1-C1c-C1am-C1ao-C1an-C1b-C3cm-C42.2,520.0,S4.pdf,NA,NA,y,3NBOb-S4.pdf
3NBOb,D1-D4-D6-D1b-D1d-D6c-D2.2-D2,51692.0,S4.pdf,NA,NA,y,3NBOb-S4.pdf
38BNMb,A1/A1gb-A1ee,255.0,S4.pdf,NA,NA,y,38BNMb-S4.pdf
38BNMb,C1-C1c-C1am-C1ao-C1an-C1b-C3cm-C42.2,1583.0,S4.pdf,NA,NA,y,38BNMb-S4.pdf
38BNMb,D1-D4-D6-D1b-D1d-D6c-D2.2-D2,44694.0,S4.pdf,NA,NA,y,38BNMb-S4.pdf
17NBOb,A1,304.0,S4.pdf,NA,NA,y,17NBOb-S4.pdf
17NBOb,C1-C1c-C1am-C1ao-C1an-C1b-C3cm-C42.2,2186.0,S4.pdf,NA,NA,y,17NBOb-S4.pdf
17NBOb,C3u/C3,49.0,S4.pdf,NA,NA,y,17NBOb-S4.pdf
17NBOb,D1-D4-D6-D1b-D1d-D6c-D2.2-D2,43443.0,S4.pdf,NA,NA,y,17NBOb-S4.pdf
4NBOb,C3/C3v/C1-C1q-C1n,6069.0,S4.pdf,NA,NA,y,4NBOb-S4.pdf
4NBOb,D1-D4-D6-D1b-D1d-D6c-D2.2-D2,45981.0,S4.pdf,NA,NA,y,4NBOb-S4.pdf
18NBOb,A1,308.0,S4.pdf,NA,NA,y,18NBOb-S4.pdf
18NBOb,C3ae/C1-C3f-C3-C3bj-C3p,6116.0,S4.pdf,NA,NA,y,18NBOb-S4.pdf
18NBOb,D1-D4-D6-D1b-D1d-D6c-D2.2-D2,33984.0,S4.pdf,NA,NA,y,18NBOb-S4.pdf
44BNMb2,A1-A1ac-A1bn,1155.0,S4.pdf,NA,NA,y,44BNMb2-S4.pdf
44BNMb2,C1/C1c/C3-C1b-C72k,30906.0,S4.pdf,NA,NA,y,44BNMb2-S4.pdf
44BNMb2,D1-D4-D6-D1b-D1d-D6c-D2.2-D2,80970.0,S4.pdf,NA,NA,y,44BNMb2-S4.pdf
8NBOb,C3ae-C3f-C3bj-C3-C3h-C3p-C3j-C3ch,10183.0,S4.pdf,NA,NA,y,8NBOb-S4.pdf
8NBOb,C1/C1c,676.0,S4.pdf,NA,NA,y,8NBOb-S4.pdf
8NBOb,D1-D4-D6-D1b-D1d-D6c-D2.2-D2,35958.0,S4.pdf,NA,NA,y,8NBOb-S4.pdf
43BNMb2,A1/A1gb-A1ee,556.0,S4.pdf,NA,NA,y,43BNMb2-S4.pdf
43BNMb2,C1/C3-C1c-C1b-C1w-C42.2,33838.0,S4.pdf,NA,NA,y,43BNMb2-S4.pdf
43BNMb2,D1-D4-D6-D1b-D1d-D6c-D2.2-D2,74197.0,S4.pdf,NA,NA,y,43BNMb2-S4.pdf
14NBOb,A1/A1g,1093.0,S4.pdf,NA,NA,y,14NBOb-S4.pdf
14NBOb,C3ae/C1-C3f-C3-C3bj-C3p,16069.0,S4.pdf,NA,NA,y,14NBOb-S4.pdf
14NBOb,D1-D4-D6-D1b-D1d-D6c-D2.2-D2,33931.0,S4.pdf,NA,NA,y,14NBOb-S4.pdf
37BNMb,C1-C1b-C1c-C42.2-C1bh-C1br-C1cb-C72k,18060.0,S4.pdf,NA,NA,y,37BNMb-S4.pdf
37BNMb,D1-D4-D6-D1b-D1d-D6c-D2.2-D2,23865.0,S4.pdf,NA,NA,y,37BNMb-S4.pdf
12NBOb2,A1-A1gb-A1ee-A1gc,281.0,S4.pdf,NA,NA,y,12NBOb2-S4.pdf
12NBOb2,C1-C1b-C1c-C42.2-C1bh-C1br-C1cb-C72k,19608.0,S4.pdf,NA,NA,y,12NBOb2-S4.pdf
12NBOb2,D1-D4-D6-D1b-D1d-D6c-D2.2-D2,21242.0,S4.pdf,NA,NA,y,12NBOb2-S4.pdf
323Of2,C3ae/C3f-C3-C3bj-C3p,42237.0,S4.pdf,NA,NA,y,323Of2-S4.pdf
269Oc2,A1,928.0,S4.pdf,NA,NA,y,269Oc2-S4.pdf
269Oc2,C3ae/C3f-C3-C3bj-C3p,89170.0,S4.pdf,NA,NA,y,269Oc2-S4.pdf
322Of2,C3ae/C3f-C3-C3bj-C3p,49489.0,S4.pdf,NA,NA,y,322Of2-S4.pdf
316Of2,C3ae/C3f-C3-C3bj-C3p,21825.0,S4.pdf,NA,NA,y,316Of2-S4.pdf
249Mc,A1-A1gb-A1ee-A1gc,4444.0,S4.pdf,NA,NA,y,249Mc-S4.pdf
249Mc,C3ae/C3f-C3-C3bj-C3p,43753.0,S4.pdf,NA,NA,y,249Mc-S4.pdf
307Af2,C3ae/C3f-C3-C3bj-C3p,53728.0,S4.pdf,NA,NA,y,307Af2-S4.pdf
306Af,C3ae/C3f-C3-C3bj-C3p,3608.0,S4.pdf,NA,NA,y,306Af-S4.pdf
311Af2,C3ae/C3f-C3-C3bj-C3p,24576.0,S4.pdf,NA,NA,y,311Af2-S4.pdf
316Af,C3ae/C3f-C3-C3bj-C3p,8359.0,S4.pdf,NA,NA,y,316Af-S4.pdf
317Af2,A1,234.0,S4.pdf,NA,NA,y,317Af2-S4.pdf
317Af2,C3ae/C3f-C3-C3bj-C3p,3018.0,S4.pdf,NA,NA,y,317Af2-S4.pdf
317Af2,D1/D2d-D1ct,327.0,S4.pdf,NA,NA,y,317Af2-S4.pdf
34BNMb2,A1/A1gb-A1ee,2722.0,S4.pdf,NA,NA,y,34BNMb2-S4.pdf
34BNMb2,C1,2736.0,S4.pdf,NA,NA,y,34BNMb2-S4.pdf
34BNMb2,D1/D2d-D1ct,10731.0,S4.pdf,NA,NA,y,34BNMb2-S4.pdf
304Of,C3g/C3f/C3ae/C3-C3h-C3bj-C3j,21053.0,S4.pdf,NA,NA,y,304Of-S4.pdf
302Af,C3g/C3f/C3ae/C3-C3h-C3bj-C3j,29775.0,S4.pdf,NA,NA,y,302Af-S4.pdf
310Of,C3g/C3f/C3ae/C3-C3h-C3bj-C3j,23329.0,S4.pdf,NA,NA,y,310Of-S4.pdf
305Of,C3g/C3f/C3ae/C3-C3h-C3bj-C3j,9107.0,S4.pdf,NA,NA,y,305Of-S4.pdf
301Of,C3g/C3f/C3ae/C3-C3h-C3bj-C3j,16245.0,S4.pdf,NA,NA,y,301Of-S4.pdf
303Of,C3g/C3f/C3ae/C3-C3h-C3bj-C3j,4499.0,S4.pdf,NA,NA,y,303Of-S4.pdf
314Af,A1/A1gb-A1ee,215.0,S4.pdf,NA,NA,y,314Af-S4.pdf
314Af,C3g/C3f/C3ae/C3-C3h-C3bj-C3j,24412.0,S4.pdf,NA,NA,y,314Af-S4.pdf
317Of,C3g/C3f/C3ae/C3-C3h-C3bj-C3j,4666.0,S4.pdf,NA,NA,y,317Of-S4.pdf
313Of,C3g/C3f/C3ae/C3-C3h-C3bj-C3j,24745.0,S4.pdf,NA,NA,y,313Of-S4.pdf
314Of,C3g/C3f/C3ae/C3-C3h-C3bj-C3j,9852.0,S4.pdf,NA,NA,y,314Of-S4.pdf
220Mc,A1/A1gb-A1ee,55777.0,S4.pdf,NA,NA,y,220Mc-S4.pdf
264Mc2,A1/A1gb-A1ee,28975.0,S4.pdf,NA,NA,y,264Mc2-S4.pdf
264Mc2,D1/D2d-D1ct,1564.0,S4.pdf,NA,NA,y,264Mc2-S4.pdf
221Mc,A1/A1gb-A1ee,21920.0,S4.pdf,NA,NA,y,221Mc-S4.pdf
221Mc,C3ae,1626.0,S4.pdf,NA,NA,y,221Mc-S4.pdf
221Mc,C3bj,538.0,S4.pdf,NA,NA,y,221Mc-S4.pdf
251Mc,A1/A1gb-A1ee,31862.0,S4.pdf,NA,NA,y,251Mc-S4.pdf
251Mc,C3ae,834.0,S4.pdf,NA,NA,y,251Mc-S4.pdf
251Mc,C3,1135.0,S4.pdf,NA,NA,y,251Mc-S4.pdf
251Mc,D1/D2d-D1ct,8978.0,S4.pdf,NA,NA,y,251Mc-S4.pdf
28BNMb2,A1,255.0,S4.pdf,NA,NA,y,28BNMb2-S4.pdf
28BNMb2,C1-C1b-C1c-C42.2-C1bh-C1br-C1cb-C72k,86908.0,S4.pdf,NA,NA,y,28BNMb2-S4.pdf
9NBOb2,A1-A1ac-A1bn,652.0,S4.pdf,NA,NA,y,9NBOb2-S4.pdf
9NBOb2,C1-C1b-C1c-C42.2-C1bh-C1br-C1cb-C72k,59708.0,S4.pdf,NA,NA,y,9NBOb2-S4.pdf
11NBOb,C1-C1b-C1c-C42.2-C1bh-C1br-C1cb-C72k,41632.0,S4.pdf,NA,NA,y,11NBOb-S4.pdf
29NBOb,C1-C1b-C1c-C42.2-C1bh-C1br-C1cb-C72k,67691.0,S4.pdf,NA,NA,y,29NBOb-S4.pdf
2NBOb,C1-C1b-C1c-C42.2-C1bh-C1br-C1cb-C72k,51299.0,S4.pdf,NA,NA,y,2NBOb-S4.pdf
41BNMb,C1-C1b-C1c-C42.2-C1bh-C1br-C1cb-C72k,26882.0,S4.pdf,NA,NA,y,41BNMb-S4.pdf
41BNMb,D1-D4-D6-D1b-D1d-D6c-D2.2-D2,9779.0,S4.pdf,NA,NA,y,41BNMb-S4.pdf
19NBOb,A1,23232.0,S4.pdf,NA,NA,y,19NBOb-S4.pdf
19NBOb,C1-C1b-C1c-C42.2-C1bh-C1br-C1cb-C72k,27461.0,S4.pdf,NA,NA,y,19NBOb-S4.pdf
19NBOb,D1/D2d/D6-D4,230.0,S4.pdf,NA,NA,y,19NBOb-S4.pdf
318Of,C3ae-C3f-C3bj-C3-C3h-C3p-C3j-C3ch,22525.0,S4.pdf,NA,NA,y,318Of-S4.pdf
318Af,C3ae-C3f-C3bj-C3-C3h-C3p-C3j-C3ch,6048.0,S4.pdf,NA,NA,y,318Af-S4.pdf
312Of,C3ae-C3f-C3bj-C3-C3h-C3p-C3j-C3ch,26413.0,S4.pdf,NA,NA,y,312Of-S4.pdf
312Af,C3ae-C3f-C3bj-C3-C3h-C3p-C3j-C3ch,12824.0,S4.pdf,NA,NA,y,312Af-S4.pdf
324Of,C3ae-C3f-C3bj-C3-C3h-C3p-C3j-C3ch,3342.0,S4.pdf,NA,NA,y,324Of-S4.pdf
322Af,C3ae-C3f-C3bj-C3-C3h-C3p-C3j-C3ch,3785.0,S4.pdf,NA,NA,y,322Af-S4.pdf
323Af,C3ae-C3f-C3bj-C3-C3h-C3p-C3j-C3ch,18786.0,S4.pdf,NA,NA,y,323Af-S4.pdf
5NBOb2,A1-A1ac-A1bn,203.0,S4.pdf,NA,NA,y,5NBOb2-S4.pdf
5NBOb2,C1/C3-C1c-C1b-C1w-C42.2,87407.0,S4.pdf,NA,NA,y,5NBOb2-S4.pdf
30BNMb2,C1/C3-C1c-C1b-C1w-C42.2,28189.0,S4.pdf,NA,NA,y,30BNMb2-S4.pdf
27NBOb2,A1,1714.0,S4.pdf,NA,NA,y,27NBOb2-S4.pdf
27NBOb2,C3ae,8014.0,S4.pdf,NA,NA,y,27NBOb2-S4.pdf
27NBOb2,C1/C3-C1c-C1b-C1w-C42.2,68075.0,S4.pdf,NA,NA,y,27NBOb2-S4.pdf
309Af2,C3ae,3454.0,S4.pdf,NA,NA,y,309Af2-S4.pdf
309Af2,C3/C21,6521.0,S4.pdf,NA,NA,y,309Af2-S4.pdf
301Af2,A1-A1gb-A1ee-A1gc,1359.0,S4.pdf,NA,NA,y,301Af2-S4.pdf
301Af2,C3ae,14624.0,S4.pdf,NA,NA,y,301Af2-S4.pdf
301Af2,C3/C21,27813.0,S4.pdf,NA,NA,y,301Af2-S4.pdf
304Af2,A1,800.0,S4.pdf,NA,NA,y,304Af2-S4.pdf
304Af2,C3ae,16522.0,S4.pdf,NA,NA,y,304Af2-S4.pdf
304Af2,C3/C21,17128.0,S4.pdf,NA,NA,y,304Af2-S4.pdf
304Af2,D1/D2d-D1ct,137.0,S4.pdf,NA,NA,y,304Af2-S4.pdf
324Af2,C3ae/C3f-C3-C3bj-C3p,577.0,S4.pdf,NA,NA,y,324Af2-S4.pdf
324Af2,D1-D1u-D2-D4-D2.2,49148.0,S4.pdf,NA,NA,y,324Af2-S4.pdf
319Af2,C3ae/C3f-C3-C3bj-C3p,208.0,S4.pdf,NA,NA,y,319Af2-S4.pdf
319Af2,C21,17.0,S4.pdf,NA,NA,y,319Af2-S4.pdf
319Af2,D1-D1u-D2-D4-D2.2,25070.0,S4.pdf,NA,NA,y,319Af2-S4.pdf
1NBOb,A1-A1eq-A1ep,620.0,S4.pdf,NA,NA,y,1NBOb-S4.pdf
1NBOb,C1-C1c-C1am-C1ao-C1an-C1b-C3cm-C42.2,1020.0,S4.pdf,NA,NA,y,1NBOb-S4.pdf
1NBOb,D1-D1u-D2-D4-D2.2,53861.0,S4.pdf,NA,NA,y,1NBOb-S4.pdf
319Of2,C3ae/C3f-C3-C3bj-C3p,357.0,S4.pdf,NA,NA,y,319Of2-S4.pdf
319Of2,D1-D1u-D2-D4-D2.2,3828.0,S4.pdf,NA,NA,y,319Of2-S4.pdf
50BNMb,A1/A1gb-A1ee,7784.0,S4.pdf,NA,NA,y,50BNMb-S4.pdf
50BNMb,C3ae/C1-C3f-C3-C3bj-C3p,43454.0,S4.pdf,NA,NA,y,50BNMb-S4.pdf
50BNMb,D1/D2d,8345.0,S4.pdf,NA,NA,y,50BNMb-S4.pdf
29BNMb2,A1-A1ee,119435.0,S4.pdf,NA,NA,y,29BNMb2-S4.pdf
46BNMb,A1-A1ee,25596.0,S4.pdf,NA,NA,y,46BNMb-S4.pdf
263Oc,A1-A1ee,56487.0,S4.pdf,NA,NA,y,263Oc-S4.pdf
27BNMb,A1ee-A1cl-A1-A1en,66324.0,S4.pdf,NA,NA,y,27BNMb-S4.pdf
311Of,C1/C1c,933.0,S4.pdf,NA,NA,y,311Of-S4.pdf
311Of,C3ae-C3f-C3g-C3bj-C3-C3h-C3j-C3p,20092.0,S4.pdf,NA,NA,y,311Of-S4.pdf
31BNMb2,A1,1156.0,S4.pdf,NA,NA,y,31BNMb2-S4.pdf
31BNMb2,C3ae,1580.0,S4.pdf,NA,NA,y,31BNMb2-S4.pdf
31BNMb2,C3/C1,7356.0,S4.pdf,NA,NA,y,31BNMb2-S4.pdf
31BNMb2,D1/D2d-D1ct,6160.0,S4.pdf,NA,NA,y,31BNMb2-S4.pdf
36BNMb,A1-A1z,51497.0,S4.pdf,NA,NA,y,36BNMb-S4.pdf
36BNMb,C1/C1c/C3-C1b-C72k,233.0,S4.pdf,NA,NA,y,36BNMb-S4.pdf
122_march,C42a/C42aw/C1-C42.2-C1b-C1j-C1au-C42av,33971.0,S5.pdf,NA,NA,y,122_march-S5.pdf
120_april,C42a/C42aw/C1-C42.2-C1b-C1j-C1au-C42av,30935.0,S5.pdf,NA,NA,y,120_april-S5.pdf
153_march,C42a/C42aw/C1-C42.2-C1b-C1j-C1au-C42av,49199.0,S5.pdf,NA,NA,y,153_march-S5.pdf
172_march,C42a/C42aw/C1-C42.2-C1b-C1j-C1au-C42av,27128.0,S5.pdf,NA,NA,y,172_march-S5.pdf
103_march,C42a/C42aw/C1-C42.2-C1b-C1j-C1au-C42av,50357.0,S5.pdf,NA,NA,y,103_march-S5.pdf
318_april,C42a/C42aw/C1-C42.2-C1b-C1j-C1au-C42av,24444.0,S5.pdf,NA,NA,y,318_april-S5.pdf
358_march,C42a/C42aw/C1-C42.2-C1b-C1j-C1au-C42av,39659.0,S5.pdf,NA,NA,y,358_march-S5.pdf
319_april,C42a/C42aw/C1-C42.2-C1b-C1j-C1au-C42av,33648.0,S5.pdf,NA,NA,y,319_april-S5.pdf
126_march,C42a/C42aw/C1-C42.2-C1b-C1j-C1au-C42av,27038.0,S5.pdf,NA,NA,y,126_march-S5.pdf
308_march,C42a/C42aw/C1-C42.2-C1b-C1j-C1au-C42av,35711.0,S5.pdf,NA,NA,y,308_march-S5.pdf
360_march,C42a/C42aw/C1-C42.2-C1b-C1j-C1au-C42av,43168.0,S5.pdf,NA,NA,y,360_march-S5.pdf
367_march,C42a/C42aw/C1-C42.2-C1b-C1j-C1au-C42av,28280.0,S5.pdf,NA,NA,y,367_march-S5.pdf
102_april,C42a/C42aw/C1-C42.2-C1b-C1j-C1au-C42av,37047.0,S5.pdf,NA,NA,y,102_april-S5.pdf
317_april,C42a/C42aw/C1-C42.2-C1b-C1j-C1au-C42av,28004.0,S5.pdf,NA,NA,y,317_april-S5.pdf
310_march,C42a/C42aw/C1-C42.2-C1b-C1j-C1au-C42av,36608.0,S5.pdf,NA,NA,y,310_march-S5.pdf
373_march,C42a/C42aw/C1-C42.2-C1b-C1j-C1au-C42av,35609.0,S5.pdf,NA,NA,y,373_march-S5.pdf
315_march,C42a/C42aw/C1-C42.2-C1b-C1j-C1au-C42av,37288.0,S5.pdf,NA,NA,y,315_march-S5.pdf
107_march,C42a/C42aw/C1-C42.2-C1b-C1j-C1au-C42av,54836.0,S5.pdf,NA,NA,y,107_march-S5.pdf
157_march,C42a/C42aw/C1-C42.2-C1b-C1j-C1au-C42av,34718.0,S5.pdf,NA,NA,y,157_march-S5.pdf
171_march,C42a/C42aw/C1-C42.2-C1b-C1j-C1au-C42av,42320.0,S5.pdf,NA,NA,y,171_march-S5.pdf
307_march,C42a/C42aw/C1-C42.2-C1b-C1j-C1au-C42av,50654.0,S5.pdf,NA,NA,y,307_march-S5.pdf
311_march,C42a/C42aw/C1-C42.2-C1b-C1j-C1au-C42av,42848.0,S5.pdf,NA,NA,y,311_march-S5.pdf
308_april,C42a/C42aw/C1-C42.2-C1b-C1j-C1au-C42av,35338.0,S5.pdf,NA,NA,y,308_april-S5.pdf
321_march,C42a/C42aw/C1-C42.2-C1b-C1j-C1au-C42av,36324.0,S5.pdf,NA,NA,y,321_march-S5.pdf
114_march,C42a/C42aw/C1-C42.2-C1b-C1j-C1au-C42av,35146.0,S5.pdf,NA,NA,y,114_march-S5.pdf
103_april,C42a/C42aw/C1-C42.2-C1b-C1j-C1au-C42av,41305.0,S5.pdf,NA,NA,y,103_april-S5.pdf
118_april,C42a/C42aw/C1-C42.2-C1b-C1j-C1au-C42av,34677.0,S5.pdf,NA,NA,y,118_april-S5.pdf
122_april,C42a/C42aw/C1-C42.2-C1b-C1j-C1au-C42av,25852.0,S5.pdf,NA,NA,y,122_april-S5.pdf
365_march,C42a/C42aw/C1-C42.2-C1b-C1j-C1au-C42av,48954.0,S5.pdf,NA,NA,y,365_march-S5.pdf
121_march,C42a/C42aw/C1-C42.2-C1b-C1j-C1au-C42av,47652.0,S5.pdf,NA,NA,y,121_march-S5.pdf
357_march,C42a/C42aw/C1-C42.2-C1b-C1j-C1au-C42av,43160.0,S5.pdf,NA,NA,y,357_march-S5.pdf
312_april,C42a/C42aw/C1-C42.2-C1b-C1j-C1au-C42av,38900.0,S5.pdf,NA,NA,y,312_april-S5.pdf
113_april,C42a/C42aw/C1-C42.2-C1b-C1j-C1au-C42av,34782.0,S5.pdf,NA,NA,y,113_april-S5.pdf
322_april,C42a/C42aw/C1-C42.2-C1b-C1j-C1au-C42av,37793.0,S5.pdf,NA,NA,y,322_april-S5.pdf
114_april,C42a/C42aw/C1-C42.2-C1b-C1j-C1au-C42av,35618.0,S5.pdf,NA,NA,y,114_april-S5.pdf
323_march,B1-B1g,209.0,S5.pdf,NA,NA,y,323_march-S5.pdf
323_march,C42a/C42aw/C1-C42.2-C1b-C1j-C1au-C42av,46867.0,S5.pdf,NA,NA,y,323_march-S5.pdf
125_march,C42a/C42aw/C1-C42.2-C1b-C1j-C1au-C42av,33967.0,S5.pdf,NA,NA,y,125_march-S5.pdf
371_march,C42a/C42aw/C1-C42.2-C1b-C1j-C1au-C42av,38970.0,S5.pdf,NA,NA,y,371_march-S5.pdf
310_april,C42a/C42aw/C1-C42.2-C1b-C1j-C1au-C42av,24203.0,S5.pdf,NA,NA,y,310_april-S5.pdf
314_april,C42a/C42aw/C1-C42.2-C1b-C1j-C1au-C42av,41861.0,S5.pdf,NA,NA,y,314_april-S5.pdf
309_april,C42a/C42aw/C1-C42.2-C1b-C1j-C1au-C42av,37397.0,S5.pdf,NA,NA,y,309_april-S5.pdf
107_april,C42a/C42aw/C1-C42.2-C1b-C1j-C1au-C42av,30072.0,S5.pdf,NA,NA,y,107_april-S5.pdf
117_april,C42a/C42aw/C1-C42.2-C1b-C1j-C1au-C42av,31475.0,S5.pdf,NA,NA,y,117_april-S5.pdf
121_april,C42a/C42aw/C1-C42.2-C1b-C1j-C1au-C42av,25893.0,S5.pdf,NA,NA,y,121_april-S5.pdf
307_april,C42a/C42aw/C1-C42.2-C1b-C1j-C1au-C42av,34643.0,S5.pdf,NA,NA,y,307_april-S5.pdf
305_april,C42a/C42aw/C1-C42.2-C1b-C1j-C1au-C42av,38140.0,S5.pdf,NA,NA,y,305_april-S5.pdf
303_march,C42a/C42aw/C1-C42.2-C1b-C1j-C1au-C42av,35454.0,S5.pdf,NA,NA,y,303_march-S5.pdf
321_april,C42a/C42aw/C1-C42.2-C1b-C1j-C1au-C42av,31496.0,S5.pdf,NA,NA,y,321_april-S5.pdf
105_april,C42a/C42aw/C1-C42.2-C1b-C1j-C1au-C42av,32094.0,S5.pdf,NA,NA,y,105_april-S5.pdf
323_april,C42a/C42aw/C1-C42.2-C1b-C1j-C1au-C42av,31875.0,S5.pdf,NA,NA,y,323_april-S5.pdf
316_april,C42a/C42aw/C1-C42.2-C1b-C1j-C1au-C42av,34531.0,S5.pdf,NA,NA,y,316_april-S5.pdf
111_april,C42a/C42aw/C1-C42.2-C1b-C1j-C1au-C42av,35081.0,S5.pdf,NA,NA,y,111_april-S5.pdf
315_april,C42a/C42aw/C1-C42.2-C1b-C1j-C1au-C42av,36015.0,S5.pdf,NA,NA,y,315_april-S5.pdf
262_march,C42a/C42aw/C1-C42.2-C1b-C1j-C1au-C42av,34555.0,S5.pdf,NA,NA,y,262_march-S5.pdf
110_april,C42a/C42aw/C1-C42.2-C1b-C1j-C1au-C42av,31401.0,S5.pdf,NA,NA,y,110_april-S5.pdf
111_march,C42a/C42aw/C1-C42.2-C1b-C1j-C1au-C42av,38666.0,S5.pdf,NA,NA,y,111_march-S5.pdf
119_april,C42a/C42aw/C1-C42.2-C1b-C1j-C1au-C42av,30382.0,S5.pdf,NA,NA,y,119_april-S5.pdf
306_april,C42a/C42aw/C1-C42.2-C1b-C1j-C1au-C42av,33274.0,S5.pdf,NA,NA,y,306_april-S5.pdf
320_april,C42a/C42aw/C1-C42.2-C1b-C1j-C1au-C42av,30507.0,S5.pdf,NA,NA,y,320_april-S5.pdf
320_march,C42a/C42aw/C1-C42.2-C1b-C1j-C1au-C42av,35540.0,S5.pdf,NA,NA,y,320_march-S5.pdf
370_march,C42a/C42aw/C1-C42.2-C1b-C1j-C1au-C42av,35669.0,S5.pdf,NA,NA,y,370_march-S5.pdf
414_april,C42a/C42aw/C1-C42.2-C1b-C1j-C1au-C42av,19581.0,S5.pdf,NA,NA,y,414_april-S5.pdf
414_april,C33.2,1386.0,S5.pdf,NA,NA,y,414_april-S5.pdf
414_march,C42a/C42aw/C1-C42.2-C1b-C1j-C1au-C42av,35606.0,S5.pdf,NA,NA,y,414_march-S5.pdf
414_march,C33.2,15805.0,S5.pdf,NA,NA,y,414_march-S5.pdf
407_april,C33.2-C33a-C1-C3fp-C42au-C33b,43623.0,S5.pdf,NA,NA,y,407_april-S5.pdf
401_march,C33.2-C33a-C1-C3fp-C42au-C33b,51921.0,S5.pdf,NA,NA,y,401_march-S5.pdf
205_april,C33.2-C33a-C1-C3fp-C42au-C33b,12949.0,S5.pdf,NA,NA,y,205_april-S5.pdf
409_april,C33.2-C33a-C1-C3fp-C42au-C33b,43517.0,S5.pdf,NA,NA,y,409_april-S5.pdf
201_march,C33.2-C33a-C1-C3fp-C42au-C33b,31931.0,S5.pdf,NA,NA,y,201_march-S5.pdf
405_april,C33.2-C33a-C1-C3fp-C42au-C33b,38213.0,S5.pdf,NA,NA,y,405_april-S5.pdf
222_march,C33.2-C33a-C1-C3fp-C42au-C33b,46051.0,S5.pdf,NA,NA,y,222_march-S5.pdf
412_april,C33.2-C33a-C1-C3fp-C42au-C33b,21006.0,S5.pdf,NA,NA,y,412_april-S5.pdf
222_april,C33.2-C33a-C1-C3fp-C42au-C33b,34137.0,S5.pdf,NA,NA,y,222_april-S5.pdf
215_march,C33.2-C33a-C1-C3fp-C42au-C33b,45445.0,S5.pdf,NA,NA,y,215_march-S5.pdf
224_april,C33.2-C33a-C1-C3fp-C42au-C33b,28354.0,S5.pdf,NA,NA,y,224_april-S5.pdf
210_april,C33.2-C33a-C1-C3fp-C42au-C33b,38415.0,S5.pdf,NA,NA,y,210_april-S5.pdf
211_april,C33.2-C33a-C1-C3fp-C42au-C33b,41107.0,S5.pdf,NA,NA,y,211_april-S5.pdf
220_april,C33.2-C33a-C1-C3fp-C42au-C33b,38172.0,S5.pdf,NA,NA,y,220_april-S5.pdf
413_april,C33.2-C33a-C1-C3fp-C42au-C33b,41441.0,S5.pdf,NA,NA,y,413_april-S5.pdf
406_april,C33.2-C33a-C1-C3fp-C42au-C33b,33394.0,S5.pdf,NA,NA,y,406_april-S5.pdf
202_april,C33.2-C33a-C1-C3fp-C42au-C33b,29490.0,S5.pdf,NA,NA,y,202_april-S5.pdf
210_march,C33.2-C33a-C1-C3fp-C42au-C33b,51321.0,S5.pdf,NA,NA,y,210_march-S5.pdf
216_april,C33.2-C33a-C1-C3fp-C42au-C33b,27088.0,S5.pdf,NA,NA,y,216_april-S5.pdf
420_march,C33.2-C33a-C1-C3fp-C42au-C33b,48272.0,S5.pdf,NA,NA,y,420_march-S5.pdf
419_april,C33.2-C33a-C1-C3fp-C42au-C33b,33752.0,S5.pdf,NA,NA,y,419_april-S5.pdf
420_april,C33.2-C33a-C1-C3fp-C42au-C33b,42702.0,S5.pdf,NA,NA,y,420_april-S5.pdf
215_april,C33.2-C33a-C1-C3fp-C42au-C33b,38277.0,S5.pdf,NA,NA,y,215_april-S5.pdf
212_march,C33.2-C33a-C1-C3fp-C42au-C33b,55599.0,S5.pdf,NA,NA,y,212_march-S5.pdf
423_april,C33.2-C33a-C1-C3fp-C42au-C33b,39434.0,S5.pdf,NA,NA,y,423_april-S5.pdf
455_march,C33.2-C33a-C1-C3fp-C42au-C33b,51987.0,S5.pdf,NA,NA,y,455_march-S5.pdf
201_april,C33.2-C33a-C1-C3fp-C42au-C33b,43022.0,S5.pdf,NA,NA,y,201_april-S5.pdf
202_march,C33.2-C33a-C1-C3fp-C42au-C33b,36824.0,S5.pdf,NA,NA,y,202_march-S5.pdf
410_march,C33.2-C33a-C1-C3fp-C42au-C33b,52255.0,S5.pdf,NA,NA,y,410_march-S5.pdf
208_march,C33.2-C33a-C1-C3fp-C42au-C33b,45959.0,S5.pdf,NA,NA,y,208_march-S5.pdf
214_march,C33.2-C33a-C1-C3fp-C42au-C33b,43914.0,S5.pdf,NA,NA,y,214_march-S5.pdf
208_april,C33.2-C33a-C1-C3fp-C42au-C33b,43551.0,S5.pdf,NA,NA,y,208_april-S5.pdf
423_march,C33.2-C33a-C1-C3fp-C42au-C33b,62060.0,S5.pdf,NA,NA,y,423_march-S5.pdf
418_april,C33.2-C33a-C1-C3fp-C42au-C33b,31562.0,S5.pdf,NA,NA,y,418_april-S5.pdf
204_april,C33.2-C33a-C1-C3fp-C42au-C33b,34835.0,S5.pdf,NA,NA,y,204_april-S5.pdf
206_april,C33.2-C33a-C1-C3fp-C42au-C33b,34859.0,S5.pdf,NA,NA,y,206_april-S5.pdf
422_march,C33.2-C33a-C1-C3fp-C42au-C33b,38727.0,S5.pdf,NA,NA,y,422_march-S5.pdf
415_april,C33.2-C33a-C1-C3fp-C42au-C33b,42394.0,S5.pdf,NA,NA,y,415_april-S5.pdf
206_march,C33.2-C33a-C1-C3fp-C42au-C33b,53849.0,S5.pdf,NA,NA,y,206_march-S5.pdf
417_april,C33.2-C33a-C1-C3fp-C42au-C33b,41247.0,S5.pdf,NA,NA,y,417_april-S5.pdf
422_april,C33.2-C33a-C1-C3fp-C42au-C33b,35141.0,S5.pdf,NA,NA,y,422_april-S5.pdf
402_march,C33.2-C33a-C1-C3fp-C42au-C33b,39291.0,S5.pdf,NA,NA,y,402_march-S5.pdf
207_april,C33.2-C33a-C1-C3fp-C42au-C33b,25982.0,S5.pdf,NA,NA,y,207_april-S5.pdf
416_april,C33.2-C33a-C1-C3fp-C42au-C33b,30905.0,S5.pdf,NA,NA,y,416_april-S5.pdf
403_march,C33.2-C33a-C1-C3fp-C42au-C33b,52108.0,S5.pdf,NA,NA,y,403_march-S5.pdf
424_march,C33.2-C33a-C1-C3fp-C42au-C33b,39092.0,S5.pdf,NA,NA,y,424_march-S5.pdf
207_march,C33.2-C33a-C1-C3fp-C42au-C33b,41776.0,S5.pdf,NA,NA,y,207_march-S5.pdf
212_april,C33.2-C33a-C1-C3fp-C42au-C33b,33758.0,S5.pdf,NA,NA,y,212_april-S5.pdf
209_april,C33.2-C33a-C1-C3fp-C42au-C33b,10723.0,S5.pdf,NA,NA,y,209_april-S5.pdf
453_march,C33.2-C33a-C1-C3fp-C42au-C33b,36295.0,S5.pdf,NA,NA,y,453_march-S5.pdf
453_march,C15h/C3,2310.0,S5.pdf,NA,NA,y,453_march-S5.pdf
101_march,C42a/C42.2/C1/C1b/C1j/C3-C1au,56164.0,S5.pdf,NA,NA,y,101_march-S5.pdf
101_april,C42a/C42.2/C1/C1b/C1j/C3-C1au,40756.0,S5.pdf,NA,NA,y,101_april-S5.pdf
151_march,C42a/C42.2/C1/C1b/C1j/C3-C1au,20046.0,S5.pdf,NA,NA,y,151_march-S5.pdf
361_march,C42a/C42.2/C1/C1b/C1j/C3-C1au,37384.0,S5.pdf,NA,NA,y,361_march-S5.pdf
311_april,C42a/C42.2/C1/C1b/C1j/C3-C1au,30093.0,S5.pdf,NA,NA,y,311_april-S5.pdf
115_april,C42a/C42.2/C1/C1b/C1j/C3-C1au,31807.0,S5.pdf,NA,NA,y,115_april-S5.pdf
217_march,C42a/C42.2/C1/C1b/C1j/C3-C1au,32093.0,S5.pdf,NA,NA,y,217_march-S5.pdf
301_march,C42a/C42.2/C1/C1b/C1j/C3-C1au,34183.0,S5.pdf,NA,NA,y,301_march-S5.pdf
165_march,C42a/C42.2/C1/C1b/C1j/C3-C1au,39509.0,S5.pdf,NA,NA,y,165_march-S5.pdf
313_april,C42a/C42.2/C1/C1b/C1j/C3-C1au,32056.0,S5.pdf,NA,NA,y,313_april-S5.pdf
356_march,C42a/C42.2/C1/C1b/C1j/C3-C1au,29645.0,S5.pdf,NA,NA,y,356_march-S5.pdf
267_march,C42a/C42.2/C1/C1b/C1j/C3-C1au,39242.0,S5.pdf,NA,NA,y,267_march-S5.pdf
408_march,C42a/C42.2/C1/C1b/C1j/C3-C1au,44810.0,S5.pdf,NA,NA,y,408_march-S5.pdf
301_april,C42a/C42.2/C1/C1b/C1j/C3-C1au,25356.0,S5.pdf,NA,NA,y,301_april-S5.pdf
104_march,C42a/C42.2/C1/C1b/C1j/C3-C1au,44873.0,S5.pdf,NA,NA,y,104_march-S5.pdf
104_april,C42a/C42.2/C1/C1b/C1j/C3-C1au,32242.0,S5.pdf,NA,NA,y,104_april-S5.pdf
116_april,C42a/C42.2/C1/C1b/C1j/C3-C1au,34749.0,S5.pdf,NA,NA,y,116_april-S5.pdf
302_march,C42a/C42.2/C1/C1b/C1j/C3-C1au,27812.0,S5.pdf,NA,NA,y,302_march-S5.pdf
306_march,C42a/C42.2/C1/C1b/C1j/C3-C1au,39255.0,S5.pdf,NA,NA,y,306_march-S5.pdf
119_march,C42a/C42.2/C1/C1b/C1j/C3-C1au,28752.0,S5.pdf,NA,NA,y,119_march-S5.pdf
112_april,C42a/C42.2/C1/C1b/C1j/C3-C1au,33699.0,S5.pdf,NA,NA,y,112_april-S5.pdf
115_march,C42a/C42.2/C1/C1b/C1j/C3-C1au,31071.0,S5.pdf,NA,NA,y,115_march-S5.pdf
158_march,C42a/C42.2/C1/C1b/C1j/C3-C1au,42384.0,S5.pdf,NA,NA,y,158_march-S5.pdf
108_april,C42a/C42.2/C1/C1b/C1j/C3-C1au,31220.0,S5.pdf,NA,NA,y,108_april-S5.pdf
123_april,C42a/C42.2/C1/C1b/C1j/C3-C1au,25569.0,S5.pdf,NA,NA,y,123_april-S5.pdf
106_april,C42a/C42.2/C1/C1b/C1j/C3-C1au,23465.0,S5.pdf,NA,NA,y,106_april-S5.pdf
123_march,C42a/C42.2/C1/C1b/C1j/C3-C1au,36551.0,S5.pdf,NA,NA,y,123_march-S5.pdf
304_april,C42a/C42.2/C1/C1b/C1j/C3-C1au,40939.0,S5.pdf,NA,NA,y,304_april-S5.pdf
302_april,C42a/C42.2/C1/C1b/C1j/C3-C1au,23808.0,S5.pdf,NA,NA,y,302_april-S5.pdf
302_april,C33.2,1993.0,S5.pdf,NA,NA,y,302_april-S5.pdf
109_march,C42a/C42.2/C1/C1b/C1j/C3-C1au,19719.0,S5.pdf,NA,NA,y,109_march-S5.pdf
324_april,C42a/C42.2/C1/C1b/C1j/C3-C1au,18741.0,S5.pdf,NA,NA,y,324_april-S5.pdf
324_march,C42a/C42.2/C1/C1b/C1j/C3-C1au,21990.0,S5.pdf,NA,NA,y,324_march-S5.pdf
374_march,C42a/C42.2/C1/C1b/C1j/C3-C1au,21173.0,S5.pdf,NA,NA,y,374_march-S5.pdf
404_april,C33a-C33.2-C1-C3fp,28427.0,S5.pdf,NA,NA,y,404_april-S5.pdf
223_april,C33a-C33.2-C1-C3fp,35751.0,S5.pdf,NA,NA,y,223_april-S5.pdf
219_april,C33a-C33.2-C1-C3fp,39015.0,S5.pdf,NA,NA,y,219_april-S5.pdf
411_april,C33a-C33.2-C1-C3fp,28471.0,S5.pdf,NA,NA,y,411_april-S5.pdf
408_april,C33a-C33.2-C1-C3fp,33237.0,S5.pdf,NA,NA,y,408_april-S5.pdf
471_march,C33a-C33.2-C1-C3fp,42625.0,S5.pdf,NA,NA,y,471_march-S5.pdf
218_march,C33a-C33.2-C1-C3fp,43197.0,S5.pdf,NA,NA,y,218_march-S5.pdf
411_march,C33a-C33.2-C1-C3fp,40869.0,S5.pdf,NA,NA,y,411_march-S5.pdf
258_march,C33a-C33.2-C1-C3fp,40140.0,S5.pdf,NA,NA,y,258_march-S5.pdf
218_april,C33a-C33.2-C1-C3fp,31752.0,S5.pdf,NA,NA,y,218_april-S5.pdf
413_march,C33.2,30777.0,S5.pdf,NA,NA,y,413_march-S5.pdf
472_march,C33.2,1421.0,S5.pdf,NA,NA,y,472_march-S5.pdf
124_april,C42a-C42.2-C1-C42at-C1b-C1j,28100.0,S5.pdf,NA,NA,y,124_april-S5.pdf
317_march,C42a-C42.2-C1-C42at-C1b-C1j,38950.0,S5.pdf,NA,NA,y,317_march-S5.pdf
354_march,C42a-C42.2-C1-C42at-C1b-C1j,35853.0,S5.pdf,NA,NA,y,354_march-S5.pdf
304_march,C42a-C42.2-C1-C42at-C1b-C1j,42119.0,S5.pdf,NA,NA,y,304_march-S5.pdf
109_april,C33.2,19.0,S5.pdf,NA,NA,y,109_april-S5.pdf
109_april,C1/C42.2/C3-C1b,109.0,S5.pdf,NA,NA,y,109_april-S5.pdf
109_april,C3k,29.0,S5.pdf,NA,NA,y,109_april-S5.pdf
421_april,C33.2,33.0,S5.pdf,NA,NA,y,421_april-S5.pdf
421_april,C1/C42.2/C3-C1b,70.0,S5.pdf,NA,NA,y,421_april-S5.pdf
421_april,C50a,17.0,S5.pdf,NA,NA,y,421_april-S5.pdf
108_march,C42.2/C1/C42a/C1b-C1az-C1au-C3-C115d-C1j,38408.0,S5.pdf,NA,NA,y,108_march-S5.pdf
473_march,C15h,4922.0,S5.pdf,NA,NA,y,473_march-S5.pdf
473_march,F3.1,3213.0,S5.pdf,NA,NA,y,473_march-S5.pdf
424_april,C33.2,8237.0,S5.pdf,NA,NA,y,424_april-S5.pdf
424_april,C42a/C42.2/C1/C1b/C3-C1au,24859.0,S5.pdf,NA,NA,y,424_april-S5.pdf
MX57,C3-C21-C3fc-C3an-C65b-C3b-C3bb,19371.0,S6.pdf,NA,NA,y,MX57-S6.pdf
MX5,C3-C21-C3fc-C3an-C65b-C3b-C3bb,16485.0,S6.pdf,NA,NA,y,MX5-S6.pdf
MX51,C3-C21-C3fc-C3an-C65b-C3b-C3bb,13799.0,S6.pdf,NA,NA,y,MX51-S6.pdf
MX22,C3-C21-C3fc-C3an-C65b-C3b-C3bb,11446.0,S6.pdf,NA,NA,y,MX22-S6.pdf
MX60,C3-C21-C3fc-C3an-C65b-C3b-C3bb,13016.0,S6.pdf,NA,NA,y,MX60-S6.pdf
MX21,C3-C21-C3fc-C3an-C65b-C3b-C3bb,22229.0,S6.pdf,NA,NA,y,MX21-S6.pdf
MX64,C3-C21-C3fc-C3an-C65b-C3b-C3bb,14816.0,S6.pdf,NA,NA,y,MX64-S6.pdf
MX58,C3-C21-C3fc-C3an-C65b-C3b-C3bb,16469.0,S6.pdf,NA,NA,y,MX58-S6.pdf
MX17,C3-C21-C3fc-C3an-C65b-C3b-C3bb,14753.0,S6.pdf,NA,NA,y,MX17-S6.pdf
MX61,C3-C21-C3fc-C3an-C65b-C3b-C3bb,17082.0,S6.pdf,NA,NA,y,MX61-S6.pdf
MX7,C3-C21-C3fc-C3an-C65b-C3b-C3bb,17012.0,S6.pdf,NA,NA,y,MX7-S6.pdf
MX63,C3-C21-C3fc-C3an-C65b-C3b-C3bb,20860.0,S6.pdf,NA,NA,y,MX63-S6.pdf
MX27,C3-C21-C3fc-C3an-C65b-C3b-C3bb,11047.0,S6.pdf,NA,NA,y,MX27-S6.pdf
MX62,C3-C21-C3fc-C3an-C65b-C3b-C3bb,12001.0,S6.pdf,NA,NA,y,MX62-S6.pdf
MX118,C3-C21-C3fc-C3an-C65b-C3b-C3bb,23244.0,S6.pdf,NA,NA,y,MX118-S6.pdf
MX23,C3-C21-C3fc-C3an-C65b-C3b-C3bb,14099.0,S6.pdf,NA,NA,y,MX23-S6.pdf
MX33,C3-C21-C3fc-C3an-C65b-C3b-C3bb,14801.0,S6.pdf,NA,NA,y,MX33-S6.pdf
MX1,C3-C21-C3fc-C3an-C65b-C3b-C3bb,15942.0,S6.pdf,NA,NA,y,MX1-S6.pdf
MX75,C3-C21-C3fc-C3an-C65b-C3b-C3bb,11205.0,S6.pdf,NA,NA,y,MX75-S6.pdf
MX125,C3-C21-C3fc-C3an-C65b-C3b-C3bb,13277.0,S6.pdf,NA,NA,y,MX125-S6.pdf
MX93,C3-C21-C3fc-C3an-C65b-C3b-C3bb,6700.0,S6.pdf,NA,NA,y,MX93-S6.pdf
MX108,C3-C21-C3fc-C3an-C65b-C3b-C3bb,11196.0,S6.pdf,NA,NA,y,MX108-S6.pdf
MX65,C3-C21-C3fc-C3an-C65b-C3b-C3bb,15366.0,S6.pdf,NA,NA,y,MX65-S6.pdf
MX28,C3-C21-C3fc-C3an-C65b-C3b-C3bb,12853.0,S6.pdf,NA,NA,y,MX28-S6.pdf
MX123,C3-C21-C3fc-C3an-C65b-C3b-C3bb,18866.0,S6.pdf,NA,NA,y,MX123-S6.pdf
MX70,C3-C21-C3fc-C3an-C65b-C3b-C3bb,5593.0,S6.pdf,NA,NA,y,MX70-S6.pdf
MX112,C3-C21-C3fc-C3an-C65b-C3b-C3bb,492.0,S6.pdf,NA,NA,y,MX112-S6.pdf
MX102,C3-C21-C3fc-C3an-C65b-C3b-C3bb,23792.0,S6.pdf,NA,NA,y,MX102-S6.pdf
MX72,C3-C21-C3fc-C3an-C65b-C3b-C3bb,12142.0,S6.pdf,NA,NA,y,MX72-S6.pdf
MX113,C3-C21-C3fc-C3an-C65b-C3b-C3bb,19747.0,S6.pdf,NA,NA,y,MX113-S6.pdf
MX100,C3-C21-C3fc-C3an-C65b-C3b-C3bb,6563.0,S6.pdf,NA,NA,y,MX100-S6.pdf
MX73,C3-C21-C3fc-C3an-C65b-C3b-C3bb,14864.0,S6.pdf,NA,NA,y,MX73-S6.pdf
MX24,C3-C21-C3fc-C3an-C65b-C3b-C3bb,14319.0,S6.pdf,NA,NA,y,MX24-S6.pdf
MX124,C3-C21-C3fc-C3an-C65b-C3b-C3bb,15831.0,S6.pdf,NA,NA,y,MX124-S6.pdf
MX30,C3-C21-C3an-C3fc-C3gz-C3b-C3bb,9308.0,S6.pdf,NA,NA,y,MX30-S6.pdf
MX37,C3-C21-C3an-C3fc-C3gz-C3b-C3bb,13241.0,S6.pdf,NA,NA,y,MX37-S6.pdf
MX31,C3-C21-C3an-C3fc-C3gz-C3b-C3bb,17904.0,S6.pdf,NA,NA,y,MX31-S6.pdf
MX25,C3-C21-C3an-C3fc-C3gz-C3b-C3bb,12980.0,S6.pdf,NA,NA,y,MX25-S6.pdf
MX47,C3-C21-C3an-C3fc-C3gz-C3b-C3bb,17767.0,S6.pdf,NA,NA,y,MX47-S6.pdf
MX40,C3-C21-C3an-C3fc-C3gz-C3b-C3bb,10186.0,S6.pdf,NA,NA,y,MX40-S6.pdf
MX45,C3-C21-C3an-C3fc-C3gz-C3b-C3bb,20026.0,S6.pdf,NA,NA,y,MX45-S6.pdf
MX44,C3-C21-C3an-C3fc-C3gz-C3b-C3bb,9798.0,S6.pdf,NA,NA,y,MX44-S6.pdf
MX43,C3-C21-C3an-C3fc-C3gz-C3b-C3bb,11914.0,S6.pdf,NA,NA,y,MX43-S6.pdf
MX34,C3-C21-C3an-C3fc-C3gz-C3b-C3bb,9150.0,S6.pdf,NA,NA,y,MX34-S6.pdf
MX42,C3-C21-C3an-C3fc-C3gz-C3b-C3bb,10067.0,S6.pdf,NA,NA,y,MX42-S6.pdf
MX14,C3-C21-C3an-C3fc-C3gz-C3b-C3bb,7538.0,S6.pdf,NA,NA,y,MX14-S6.pdf
MX32,C3-C21-C3an-C3fc-C3gz-C3b-C3bb,13867.0,S6.pdf,NA,NA,y,MX32-S6.pdf
MX15,C3-C21-C3an-C3fc-C3gz-C3b-C3bb,21195.0,S6.pdf,NA,NA,y,MX15-S6.pdf
MX11,C3-C21-C3an-C3fc-C3gz-C3b-C3bb,11739.0,S6.pdf,NA,NA,y,MX11-S6.pdf
MX9,C3-C21-C3an-C3fc-C3gz-C3b-C3bb,8459.0,S6.pdf,NA,NA,y,MX9-S6.pdf
MX35,C3-C21-C3an-C3fc-C3gz-C3b-C3bb,13853.0,S6.pdf,NA,NA,y,MX35-S6.pdf
MX46,C3-C21-C3an-C3fc-C3gz-C3b-C3bb,10359.0,S6.pdf,NA,NA,y,MX46-S6.pdf
MX38,C3-C21-C3an-C3fc-C3gz-C3b-C3bb,5847.0,S6.pdf,NA,NA,y,MX38-S6.pdf
MX39,C3-C21-C3an-C3fc-C3gz-C3b-C3bb,16124.0,S6.pdf,NA,NA,y,MX39-S6.pdf
MX41,C3-C21-C3an-C3fc-C3gz-C3b-C3bb,17354.0,S6.pdf,NA,NA,y,MX41-S6.pdf
MX29,C3-C21-C3an-C3fc-C3gz-C3b-C3bb,15538.0,S6.pdf,NA,NA,y,MX29-S6.pdf
MX36,C3-C21-C3an-C3fc-C3gz-C3b-C3bb,5829.0,S6.pdf,NA,NA,y,MX36-S6.pdf
MX10,C3-C21-C3an-C3fc-C3gz-C3b-C3bb,6716.0,S6.pdf,NA,NA,y,MX10-S6.pdf
MX10,G3b,140.0,S6.pdf,NA,NA,y,MX10-S6.pdf
MX10,G3am,478.0,S6.pdf,NA,NA,y,MX10-S6.pdf
MX99,C3-C3de-C21-C3bb-C3an-C21ae-C65b-C3s,14047.0,S6.pdf,NA,NA,y,MX99-S6.pdf
MX4,C3-C3de-C21-C3bb-C3an-C21ae-C65b-C3s,716.0,S6.pdf,NA,NA,y,MX4-S6.pdf
MX85,C3-C3de-C21-C3bb-C3an-C21ae-C65b-C3s,11501.0,S6.pdf,NA,NA,y,MX85-S6.pdf
MX110,C3-C3de-C21-C3bb-C3an-C21ae-C65b-C3s,12910.0,S6.pdf,NA,NA,y,MX110-S6.pdf
MX2,C3-C3de-C21-C3bb-C3an-C21ae-C65b-C3s,11768.0,S6.pdf,NA,NA,y,MX2-S6.pdf
MX78,C3-C3de-C21-C3bb-C3an-C21ae-C65b-C3s,13490.0,S6.pdf,NA,NA,y,MX78-S6.pdf
MX80,C3-C3de-C21-C3bb-C3an-C21ae-C65b-C3s,21604.0,S6.pdf,NA,NA,y,MX80-S6.pdf
MX91,C3-C3de-C21-C3bb-C3an-C21ae-C65b-C3s,9646.0,S6.pdf,NA,NA,y,MX91-S6.pdf
MX90,C3-C3de-C21-C3bb-C3an-C21ae-C65b-C3s,8219.0,S6.pdf,NA,NA,y,MX90-S6.pdf
MX111,C3-C3de-C21-C3bb-C3an-C21ae-C65b-C3s,22799.0,S6.pdf,NA,NA,y,MX111-S6.pdf
MX121,C3-C3de-C21-C3bb-C3an-C21ae-C65b-C3s,6982.0,S6.pdf,NA,NA,y,MX121-S6.pdf
MX83,C3-C3de-C21-C3bb-C3an-C21ae-C65b-C3s,13792.0,S6.pdf,NA,NA,y,MX83-S6.pdf
MX119,C3-C3de-C21-C3bb-C3an-C21ae-C65b-C3s,25867.0,S6.pdf,NA,NA,y,MX119-S6.pdf
MX117,C3-C3de-C21-C3bb-C3an-C21ae-C65b-C3s,11711.0,S6.pdf,NA,NA,y,MX117-S6.pdf
MX116,C3-C3de-C21-C3bb-C3an-C21ae-C65b-C3s,17905.0,S6.pdf,NA,NA,y,MX116-S6.pdf
MX77,C3-C3de-C21-C3bb-C3an-C21ae-C65b-C3s,7280.0,S6.pdf,NA,NA,y,MX77-S6.pdf
MX68,C3-C3de-C21-C3bb-C3an-C21ae-C65b-C3s,5030.0,S6.pdf,NA,NA,y,MX68-S6.pdf
MX50,C3-C3de-C21-C3bb-C3an-C21ae-C65b-C3s,11353.0,S6.pdf,NA,NA,y,MX50-S6.pdf
MX120,C3-C3de-C21-C3bb-C3an-C21ae-C65b-C3s,13404.0,S6.pdf,NA,NA,y,MX120-S6.pdf
MX106,C3-C3fc-C21-C3b-C3an-C3fd-C3bb,21576.0,S6.pdf,NA,NA,y,MX106-S6.pdf
MX26,C3-C3fc-C21-C3b-C3an-C3fd-C3bb,14439.0,S6.pdf,NA,NA,y,MX26-S6.pdf
MX66,C3-C3fc-C21-C3b-C3an-C3fd-C3bb,9132.0,S6.pdf,NA,NA,y,MX66-S6.pdf
MX12,C3-C3fc-C21-C3b-C3an-C3fd-C3bb,3840.0,S6.pdf,NA,NA,y,MX12-S6.pdf
MX16,C3-C3fc-C21-C3b-C3an-C3fd-C3bb,12263.0,S6.pdf,NA,NA,y,MX16-S6.pdf
MX103,C3-C3fc-C21-C3b-C3an-C3fd-C3bb,18722.0,S6.pdf,NA,NA,y,MX103-S6.pdf
MX95,C3-C3fc-C21-C3b-C3an-C3fd-C3bb,8622.0,S6.pdf,NA,NA,y,MX95-S6.pdf
MX87,C3-C3fc-C21-C3b-C3an-C3fd-C3bb,11297.0,S6.pdf,NA,NA,y,MX87-S6.pdf
MX82,C3-C3fc-C21-C3b-C3an-C3fd-C3bb,16415.0,S6.pdf,NA,NA,y,MX82-S6.pdf
MX3,C3-C3fc-C21-C3b-C3an-C3fd-C3bb,14046.0,S6.pdf,NA,NA,y,MX3-S6.pdf
MX92,C3-C3fc-C21-C3b-C3an-C3fd-C3bb,12786.0,S6.pdf,NA,NA,y,MX92-S6.pdf
MX6,C3-C3fc-C21-C3b-C3an-C3fd-C3bb,9072.0,S6.pdf,NA,NA,y,MX6-S6.pdf
MX74,C3-C3fc-C21-C3b-C3an-C3fd-C3bb,15870.0,S6.pdf,NA,NA,y,MX74-S6.pdf
MX59,C3-C3fc-C21-C3b-C3an-C3fd-C3bb,15565.0,S6.pdf,NA,NA,y,MX59-S6.pdf
MX13,C3-C3fc-C21-C3b-C3an-C3fd-C3bb,21382.0,S6.pdf,NA,NA,y,MX13-S6.pdf
MX97,C3-C3fc-C21-C3b-C3an-C3fd-C3bb,16345.0,S6.pdf,NA,NA,y,MX97-S6.pdf
MX97,G3b,49.0,S6.pdf,NA,NA,y,MX97-S6.pdf
MX97,G3am,198.0,S6.pdf,NA,NA,y,MX97-S6.pdf
MX67,C3-C3de-C3bb-C21ae-C21-C3an-C3s,12713.0,S6.pdf,NA,NA,y,MX67-S6.pdf
MX71,C3-C3de-C3bb-C21ae-C21-C3an-C3s,16003.0,S6.pdf,NA,NA,y,MX71-S6.pdf
MX89,C3-C3de-C3bb-C21ae-C21-C3an-C3s,10022.0,S6.pdf,NA,NA,y,MX89-S6.pdf
MX69,C3-C3de-C3bb-C21ae-C21-C3an-C3s,10602.0,S6.pdf,NA,NA,y,MX69-S6.pdf
MX8,C3-C3de-C3bb-C21ae-C21-C3an-C3s,7725.0,S6.pdf,NA,NA,y,MX8-S6.pdf
MX98,C3-C3de-C3bb-C21ae-C21-C3an-C3s,13904.0,S6.pdf,NA,NA,y,MX98-S6.pdf
MX101,C3-C3de-C3bb-C21ae-C21-C3an-C3s,15112.0,S6.pdf,NA,NA,y,MX101-S6.pdf
MX88,C3-C3de-C3bb-C21ae-C21-C3an-C3s,14998.0,S6.pdf,NA,NA,y,MX88-S6.pdf
MX105,C3-C3de-C3bb-C21ae-C21-C3an-C3s,21150.0,S6.pdf,NA,NA,y,MX105-S6.pdf
MX48,C3-C3de-C3bb-C21ae-C21-C3an-C3s,6923.0,S6.pdf,NA,NA,y,MX48-S6.pdf
MX104,C3-C3de-C3bb-C21ae-C21-C3an-C3s,2524.0,S6.pdf,NA,NA,y,MX104-S6.pdf
MX81,C3-C3de-C3bb-C21ae-C21-C3an-C3s,3620.0,S6.pdf,NA,NA,y,MX81-S6.pdf
MX56,C3-C3de-C3bb-C21ae-C21-C3an-C3s,2782.0,S6.pdf,NA,NA,y,MX56-S6.pdf
MX86,C3-C3an-C3de-C21-C3bb-C3fc-C3b,20094.0,S6.pdf,NA,NA,y,MX86-S6.pdf
MX107,C3-C3an-C3de-C21-C3bb-C3fc-C3b,13583.0,S6.pdf,NA,NA,y,MX107-S6.pdf
MX84,C3-C3an-C3de-C21-C3bb-C3fc-C3b,15803.0,S6.pdf,NA,NA,y,MX84-S6.pdf
MX96,C3-C3an-C3de-C21-C3bb-C3fc-C3b,14914.0,S6.pdf,NA,NA,y,MX96-S6.pdf
MX94,C3-C3an-C3de-C21-C3bb-C3fc-C3b,16851.0,S6.pdf,NA,NA,y,MX94-S6.pdf
MX79,C3-C3an-C3de-C21-C3bb-C3fc-C3b,4006.0,S6.pdf,NA,NA,y,MX79-S6.pdf
MX49,C3-C3an-C3de-C21-C3bb-C3fc-C3b,14263.0,S6.pdf,NA,NA,y,MX49-S6.pdf
MX20,C3-C21-C3gu-C3gy-C3gw-C3gx-C3gv-C3b,5291.0,S6.pdf,NA,NA,y,MX20-S6.pdf
MX54,C3-C21-C3gu-C3gy-C3gw-C3gx-C3gv-C3b,3771.0,S6.pdf,NA,NA,y,MX54-S6.pdf
MX18,C3-C21-C3gu-C3gy-C3gw-C3gx-C3gv-C3b,6339.0,S6.pdf,NA,NA,y,MX18-S6.pdf
MX55,C3-C21-C3gu-C3gy-C3gw-C3gx-C3gv-C3b,6053.0,S6.pdf,NA,NA,y,MX55-S6.pdf
MX53,C3-C21-C3gu-C3gy-C3gw-C3gx-C3gv-C3b,5494.0,S6.pdf,NA,NA,y,MX53-S6.pdf
MX52,C3-C21-C3gu-C3gy-C3gw-C3gx-C3gv-C3b,2982.0,S6.pdf,NA,NA,y,MX52-S6.pdf
MX115,C3an/C3-C21-C3bb,19047.0,S6.pdf,NA,NA,y,MX115-S6.pdf
MX109,C3an/C3-C21-C3bb,8438.0,S6.pdf,NA,NA,y,MX109-S6.pdf
MX126,C3an/C3-C21-C3bb,15252.0,S6.pdf,NA,NA,y,MX126-S6.pdf
MX122,C3-C3fc-C40g-C3b-C3an-C21-C3fd-C3s-C3bb,36833.0,S6.pdf,NA,NA,y,MX122-S6.pdf
MX19,C3/C3b,13829.0,S6.pdf,NA,NA,y,MX19-S6.pdf
308,C3ae-C3bj-C3f-C3-C3p-C3k,2306.0,S7.pdf,NA,NA,y,308-S7.pdf
300,C3ae-C3bj-C3f-C3-C3p-C3k,4618.0,S7.pdf,NA,NA,y,300-S7.pdf
97,C3ae-C3bj-C3f-C3-C3p-C3k,2589.0,S7.pdf,NA,NA,y,97-S7.pdf
172,C3ae-C3bj-C3f-C3-C3p-C3k,5651.0,S7.pdf,NA,NA,y,172-S7.pdf
627,C3ae-C3bj-C3f-C3-C3p-C3k,7381.0,S7.pdf,NA,NA,y,627-S7.pdf
96,C3ae-C3bj-C3f-C3-C3p-C3k,2750.0,S7.pdf,NA,NA,y,96-S7.pdf
630,C3ae-C3bj-C3f-C3-C3p-C3k,4248.0,S7.pdf,NA,NA,y,630-S7.pdf
600,C3ae-C3bj-C3f-C3-C3p-C3k,8805.0,S7.pdf,NA,NA,y,600-S7.pdf
62,C3ae-C3bj-C3f-C3-C3p-C3k,2880.0,S7.pdf,NA,NA,y,62-S7.pdf
310,C3ae-C3bj-C3f-C3-C3p-C3k,3567.0,S7.pdf,NA,NA,y,310-S7.pdf
377,C3ae-C3bj-C3f-C3-C3p-C3k,3496.0,S7.pdf,NA,NA,y,377-S7.pdf
51,C3ae-C3bj-C3f-C3-C3p-C3k,6444.0,S7.pdf,NA,NA,y,51-S7.pdf
72,C3ae-C3bj-C3f-C3-C3p-C3k,1126.0,S7.pdf,NA,NA,y,72-S7.pdf
316,C3ae-C3bj-C3f-C3-C3p-C3k,4510.0,S7.pdf,NA,NA,y,316-S7.pdf
304,C3ae-C3bj-C3f-C3-C3p-C3k,3493.0,S7.pdf,NA,NA,y,304-S7.pdf
301,C3ae-C3bj-C3f-C3-C3p-C3k,2447.0,S7.pdf,NA,NA,y,301-S7.pdf
63,C3ae-C3bj-C3f-C3-C3p-C3k,3887.0,S7.pdf,NA,NA,y,63-S7.pdf
305,C3ae-C3bj-C3f-C3-C3p-C3k,1833.0,S7.pdf,NA,NA,y,305-S7.pdf
55,C3ae-C3bj-C3f-C3-C3p-C3k,5795.0,S7.pdf,NA,NA,y,55-S7.pdf
378,C3ae-C3bj-C3f-C3-C3p-C3k,1816.0,S7.pdf,NA,NA,y,378-S7.pdf
626,C3ae-C3bj-C3f-C3-C3p-C3k,3914.0,S7.pdf,NA,NA,y,626-S7.pdf
89,C3ae-C3bj-C3f-C3-C3p-C3k,1810.0,S7.pdf,NA,NA,y,89-S7.pdf
633,C3ae-C3bj-C3f-C3-C3p-C3k,2070.0,S7.pdf,NA,NA,y,633-S7.pdf
307,C3ae-C3bj-C3f-C3-C3p-C3k,1608.0,S7.pdf,NA,NA,y,307-S7.pdf
101,C3ae-C3bj-C3f-C3-C3p-C3k,3059.0,S7.pdf,NA,NA,y,101-S7.pdf
614,C3ae-C3bj-C3f-C3-C3p-C3k,4946.0,S7.pdf,NA,NA,y,614-S7.pdf
65,C3ae-C3bj-C3f-C3-C3p-C3k,2258.0,S7.pdf,NA,NA,y,65-S7.pdf
157,C3ae-C3bj-C3f-C3-C3p-C3k,1239.0,S7.pdf,NA,NA,y,157-S7.pdf
276,C3ae-C3bj-C3f-C3-C3p-C3k,1620.0,S7.pdf,NA,NA,y,276-S7.pdf
315,C3ae-C3bj-C3f-C3-C3p-C3k,1262.0,S7.pdf,NA,NA,y,315-S7.pdf
158,C3ae-C3bj-C3f-C3-C3p-C3k,2663.0,S7.pdf,NA,NA,y,158-S7.pdf
117,C3ae-C3bj-C3f-C3-C3p-C3k,850.0,S7.pdf,NA,NA,y,117-S7.pdf
632,C3ae-C3bj-C3f-C3-C3p-C3k,2772.0,S7.pdf,NA,NA,y,632-S7.pdf
311,C3ae-C3bj-C3f-C3-C3p-C3k,779.0,S7.pdf,NA,NA,y,311-S7.pdf
70,C3ae-C3bj-C3f-C3-C3p-C3k,2714.0,S7.pdf,NA,NA,y,70-S7.pdf
98,A1-A1ee,581.0,S7.pdf,NA,NA,y,98-S7.pdf
98,C3ae-C3bj-C3f-C3-C3p-C3k,995.0,S7.pdf,NA,NA,y,98-S7.pdf
177,A1-A1ee,1108.0,S7.pdf,NA,NA,y,177-S7.pdf
177,C3ae-C3bj-C3f-C3-C3p-C3k,2096.0,S7.pdf,NA,NA,y,177-S7.pdf
505,C3ae-C3f-C3bj-C3-C3p-C3ch,559.0,S7.pdf,NA,NA,y,505-S7.pdf
511,C3ae-C3f-C3bj-C3-C3p-C3ch,7637.0,S7.pdf,NA,NA,y,511-S7.pdf
73,C3ae-C3f-C3bj-C3-C3p-C3ch,6398.0,S7.pdf,NA,NA,y,73-S7.pdf
607,C3ae-C3f-C3bj-C3-C3p-C3ch,5774.0,S7.pdf,NA,NA,y,607-S7.pdf
619,C3ae-C3f-C3bj-C3-C3p-C3ch,3087.0,S7.pdf,NA,NA,y,619-S7.pdf
180,C3ae-C3f-C3bj-C3-C3p-C3ch,3856.0,S7.pdf,NA,NA,y,180-S7.pdf
297,C3ae-C3f-C3bj-C3-C3p-C3ch,2564.0,S7.pdf,NA,NA,y,297-S7.pdf
173,C3ae-C3f-C3bj-C3-C3p-C3ch,2699.0,S7.pdf,NA,NA,y,173-S7.pdf
617,C3ae-C3f-C3bj-C3-C3p-C3ch,3418.0,S7.pdf,NA,NA,y,617-S7.pdf
130,C3ae-C3f-C3bj-C3-C3p-C3ch,4624.0,S7.pdf,NA,NA,y,130-S7.pdf
394,C3ae-C3f-C3bj-C3-C3p-C3ch,1859.0,S7.pdf,NA,NA,y,394-S7.pdf
179,C3ae-C3f-C3bj-C3-C3p-C3ch,3416.0,S7.pdf,NA,NA,y,179-S7.pdf
159,C3ae-C3f-C3bj-C3-C3p-C3ch,3151.0,S7.pdf,NA,NA,y,159-S7.pdf
113,C3ae-C3f-C3bj-C3-C3p-C3ch,1978.0,S7.pdf,NA,NA,y,113-S7.pdf
540,C3ae-C3f-C3bj-C3-C3p-C3ch,2082.0,S7.pdf,NA,NA,y,540-S7.pdf
609,C3ae-C3f-C3bj-C3-C3p-C3ch,6263.0,S7.pdf,NA,NA,y,609-S7.pdf
351,C3ae-C3f-C3bj-C3-C3p-C3ch,1759.0,S7.pdf,NA,NA,y,351-S7.pdf
115,C3ae-C3f-C3bj-C3-C3p-C3ch,2316.0,S7.pdf,NA,NA,y,115-S7.pdf
418,C3ae-C3f-C3bj-C3-C3p-C3ch,4438.0,S7.pdf,NA,NA,y,418-S7.pdf
612,C3ae-C3f-C3bj-C3-C3p-C3ch,4162.0,S7.pdf,NA,NA,y,612-S7.pdf
174,C3ae-C3f-C3bj-C3-C3p-C3ch,1740.0,S7.pdf,NA,NA,y,174-S7.pdf
175,C3ae-C3f-C3bj-C3-C3p-C3ch,2508.0,S7.pdf,NA,NA,y,175-S7.pdf
397,C3ae-C3f-C3-C3bj-C3in-C3p-C3il-C3im,3176.0,S7.pdf,NA,NA,y,397-S7.pdf
455,C3ae-C3f-C3-C3bj-C3in-C3p-C3il-C3im,5012.0,S7.pdf,NA,NA,y,455-S7.pdf
517,C3ae-C3f-C3-C3bj-C3in-C3p-C3il-C3im,3574.0,S7.pdf,NA,NA,y,517-S7.pdf
453,C3ae-C3f-C3-C3bj-C3in-C3p-C3il-C3im,2352.0,S7.pdf,NA,NA,y,453-S7.pdf
427,C3ae-C3f-C3-C3bj-C3in-C3p-C3il-C3im,2041.0,S7.pdf,NA,NA,y,427-S7.pdf
530,C3ae-C3f-C3-C3bj-C3in-C3p-C3il-C3im,953.0,S7.pdf,NA,NA,y,530-S7.pdf
416,C3ae-C3f-C3-C3bj-C3in-C3p-C3il-C3im,2249.0,S7.pdf,NA,NA,y,416-S7.pdf
386,C3ae-C3f-C3-C3bj-C3in-C3p-C3il-C3im,1640.0,S7.pdf,NA,NA,y,386-S7.pdf
425,C3ae-C3f-C3-C3bj-C3in-C3p-C3il-C3im,2950.0,S7.pdf,NA,NA,y,425-S7.pdf
384,C3ae-C3f-C3-C3bj-C3in-C3p-C3il-C3im,3256.0,S7.pdf,NA,NA,y,384-S7.pdf
409,C3ae-C3f-C3-C3bj-C3in-C3p-C3il-C3im,2917.0,S7.pdf,NA,NA,y,409-S7.pdf
405,C3ae-C3f-C3-C3bj-C3in-C3p-C3il-C3im,1564.0,S7.pdf,NA,NA,y,405-S7.pdf
402,C3ae/C3g-C3f-C3-C3bj,484.0,S7.pdf,NA,NA,y,402-S7.pdf
516,C3ae/C3g-C3f-C3-C3bj,5844.0,S7.pdf,NA,NA,y,516-S7.pdf
525,C3ae/C3g-C3f-C3-C3bj,3107.0,S7.pdf,NA,NA,y,525-S7.pdf
408,C3ae/C3g-C3f-C3-C3bj,3705.0,S7.pdf,NA,NA,y,408-S7.pdf
389,C3ae/C3g-C3f-C3-C3bj,2325.0,S7.pdf,NA,NA,y,389-S7.pdf
414,C3ae/C3g-C3f-C3-C3bj,1142.0,S7.pdf,NA,NA,y,414-S7.pdf
545,C3ae/C3g-C3f-C3-C3bj,1810.0,S7.pdf,NA,NA,y,545-S7.pdf
533,A1-A1gf-A1g,567.0,S7.pdf,NA,NA,y,533-S7.pdf
533,C3ae/C3g-C3f-C3-C3bj,2681.0,S7.pdf,NA,NA,y,533-S7.pdf
421,C3ae/C3g-C3f-C3-C3bj,998.0,S7.pdf,NA,NA,y,421-S7.pdf
116,C3ae/C3g/C3f/C3/C3io-C3bj,1909.0,S7.pdf,NA,NA,y,116-S7.pdf
608,C3ae/C3g/C3f/C3/C3io-C3bj,4659.0,S7.pdf,NA,NA,y,608-S7.pdf
303,C3ae/C3g/C3f/C3/C3io-C3bj,1666.0,S7.pdf,NA,NA,y,303-S7.pdf
400,A1-A1gf-A1g,525.0,S7.pdf,NA,NA,y,400-S7.pdf
400,C3ae/C3g/C3f/C3/C3io-C3bj,2552.0,S7.pdf,NA,NA,y,400-S7.pdf
604,C3ae/C3g/C3f/C3/C3io-C3bj,1744.0,S7.pdf,NA,NA,y,604-S7.pdf
618,C3ae/C3g/C3f/C3/C3io-C3bj,3104.0,S7.pdf,NA,NA,y,618-S7.pdf
380,A1-A1gf-A1g,3407.0,S7.pdf,NA,NA,y,380-S7.pdf
527,A1-A1gf-A1g,2623.0,S7.pdf,NA,NA,y,527-S7.pdf
527,C3ae-C3f-C3-C3bj-C3in-C3p-C3il-C3im,612.0,S7.pdf,NA,NA,y,527-S7.pdf
539,A1-A1gf-A1g,1655.0,S7.pdf,NA,NA,y,539-S7.pdf
539,C3ae-C3f-C3-C3bj-C3in-C3p-C3il-C3im,968.0,S7.pdf,NA,NA,y,539-S7.pdf
178,A1-A1ee,2910.0,S7.pdf,NA,NA,y,178-S7.pdf
526,C3ae/C3f/C3-C3bj,4545.0,S7.pdf,NA,NA,y,526-S7.pdf
616,C3ae/C3f/C3-C3bj,4305.0,S7.pdf,NA,NA,y,616-S7.pdf
58,A3,1406.0,S7.pdf,NA,NA,y,58-S7.pdf
Sp9,C1-C1b-C1c-C42.2-C1bh-C1br-C1cb-C3,32782.0,S8.pdf,NA,NA,y,Sp9-S8.pdf
Sp8,C1-C1b-C1c-C42.2-C1bh-C1br-C1cb-C3,10594.0,S8.pdf,NA,NA,y,Sp8-S8.pdf
El7,C1-C1b-C1c-C42.2-C1bh-C1br-C1cb-C3,21327.0,S8.pdf,NA,NA,y,El7-S8.pdf
Sp7,C1-C1b-C1c-C42.2-C1bh-C1br-C1cb-C3,30710.0,S8.pdf,NA,NA,y,Sp7-S8.pdf
Sp10,C1-C1b-C1c-C42.2-C1bh-C1br-C1cb-C3,34644.0,S8.pdf,NA,NA,y,Sp10-S8.pdf
Sp12,C1-C1b-C1c-C42.2-C1bh-C1br-C1cb-C3,26877.0,S8.pdf,NA,NA,y,Sp12-S8.pdf
Dp9,C1-C1b-C1c-C42.2-C1bh-C1br-C1cb-C3,24240.0,S8.pdf,NA,NA,y,Dp9-S8.pdf
El10,C1-C1b-C1c-C42.2-C1bh-C1br-C1cb-C3,11774.0,S8.pdf,NA,NA,y,El10-S8.pdf
El11,C1-C1b-C1c-C42.2-C1bh-C1br-C1cb-C3,11104.0,S8.pdf,NA,NA,y,El11-S8.pdf
Pd7,C1-C1b-C1c-C42.2-C1bh-C1br-C1cb-C3,31309.0,S8.pdf,NA,NA,y,Pd7-S8.pdf
Sp11,C1-C1b-C1c-C42.2-C1bh-C1br-C1cb-C3,31100.0,S8.pdf,NA,NA,y,Sp11-S8.pdf
Pd8,C1-C1b-C1c-C42.2-C1bh-C1br-C1cb-C3,34955.0,S8.pdf,NA,NA,y,Pd8-S8.pdf
Dh12,C1-C1b-C1c-C42.2-C1bh-C1br-C1cb-C3,33575.0,S8.pdf,NA,NA,y,Dh12-S8.pdf
Ca1,C1-C1b-C1c-C42.2-C1bh-C1br-C1cb-C3,15175.0,S8.pdf,NA,NA,y,Ca1-S8.pdf
Dp8,C1-C1b-C1c-C42.2-C1bh-C1br-C1cb-C3,16909.0,S8.pdf,NA,NA,y,Dp8-S8.pdf
Ca2,C1-C1b-C1c-C42.2-C1bh-C1br-C1cb-C3,12469.0,S8.pdf,NA,NA,y,Ca2-S8.pdf
Dh8,C1-C1b-C1c-C42.2-C1bh-C1br-C1cb-C3,21238.0,S8.pdf,NA,NA,y,Dh8-S8.pdf
Dp12,C1-C1b-C1c-C42.2-C1bh-C1br-C1cb-C3,17210.0,S8.pdf,NA,NA,y,Dp12-S8.pdf
Dp7,C1-C1b-C1c-C42.2-C1bh-C1br-C1cb-C3,31528.0,S8.pdf,NA,NA,y,Dp7-S8.pdf
Pl9,C1-C1b-C1c-C42.2-C1bh-C1br-C1cb-C3,4100.0,S8.pdf,NA,NA,y,Pl9-S8.pdf
Ca3,C1-C1b-C1c-C42.2-C1bh-C1br-C1cb-C3,10309.0,S8.pdf,NA,NA,y,Ca3-S8.pdf
Dp11,C1-C1b-C1c-C42.2-C1bh-C1br-C1cb-C3,19743.0,S8.pdf,NA,NA,y,Dp11-S8.pdf
Pl8,C1-C1b-C1c-C42.2-C1bh-C1br-C1cb-C3,11364.0,S8.pdf,NA,NA,y,Pl8-S8.pdf
Dp10,C1-C1b-C1c-C42.2-C1bh-C1br-C1cb-C3,31013.0,S8.pdf,NA,NA,y,Dp10-S8.pdf
Pl7,C1-C1b-C1c-C42.2-C1bh-C1br-C1cb-C3,16430.0,S8.pdf,NA,NA,y,Pl7-S8.pdf
Dh10,C1-C1b-C1c-C42.2-C1bh-C1br-C1cb-C3,23856.0,S8.pdf,NA,NA,y,Dh10-S8.pdf
Dh11,C1-C1b-C1c-C42.2-C1bh-C1br-C1cb-C3,18435.0,S8.pdf,NA,NA,y,Dh11-S8.pdf
Pd9,C1-C1b-C1c-C42.2-C1bh-C1br-C1cb-C3,331.0,S8.pdf,NA,NA,y,Pd9-S8.pdf
El12,C1-C1b-C1c-C42.2-C1bh-C1br-C1cb-C3,1248.0,S8.pdf,NA,NA,y,El12-S8.pdf
Pd5,D1-D4-D2-D4c-D6,25656.0,S8.pdf,NA,NA,y,Pd5-S8.pdf
Pd6,D1-D4-D2-D4c-D6,24871.0,S8.pdf,NA,NA,y,Pd6-S8.pdf
Pd4,D1-D4-D2-D4c-D6,16192.0,S8.pdf,NA,NA,y,Pd4-S8.pdf
Pd1,D1-D4-D2-D4c-D6,35356.0,S8.pdf,NA,NA,y,Pd1-S8.pdf
Pd2,D1-D4-D2-D4c-D6,4704.0,S8.pdf,NA,NA,y,Pd2-S8.pdf
Pd3,D1-D4-D2-D4c-D6,2389.0,S8.pdf,NA,NA,y,Pd3-S8.pdf
Pd10,C1-C1b-C1c-C42.2-C1bh-C1br-C1cb-C3,2471.0,S8.pdf,NA,NA,y,Pd10-S8.pdf
Pd10,D1-D4-D2-D4c-D6,6818.0,S8.pdf,NA,NA,y,Pd10-S8.pdf
Pd12,C1-C1b-C1c-C42.2-C1bh-C1br-C1cb-C3,10256.0,S8.pdf,NA,NA,y,Pd12-S8.pdf
Pd12,D1-D4-D2-D4c-D6,15335.0,S8.pdf,NA,NA,y,Pd12-S8.pdf
Pd11,C1-C1b-C1c-C42.2-C1bh-C1br-C1cb-C3,14946.0,S8.pdf,NA,NA,y,Pd11-S8.pdf
Pd11,D1-D4-D2-D4c-D6,15436.0,S8.pdf,NA,NA,y,Pd11-S8.pdf
Pl5,C15-C15l-C15n-C15qz-C15bp,211.0,S8.pdf,NA,NA,y,Pl5-S8.pdf
Pl15,C15-C15l-C15n-C15qz-C15bp,35430.0,S8.pdf,NA,NA,y,Pl15-S8.pdf
Pl14,C15-C15l-C15n-C15qz-C15bp,28925.0,S8.pdf,NA,NA,y,Pl14-S8.pdf
Pl16,C15-C15l-C15n-C15qz-C15bp,3181.0,S8.pdf,NA,NA,y,Pl16-S8.pdf
Pl13,C15-C15l-C15n-C15qz-C15bp,31335.0,S8.pdf,NA,NA,y,Pl13-S8.pdf
Dp16,C3/C21/C3av-C3at-C3b-C3dp,43688.0,S8.pdf,NA,NA,y,Dp16-S8.pdf
Dp13,C3/C21/C3av-C3at-C3b-C3dp,34519.0,S8.pdf,NA,NA,y,Dp13-S8.pdf
Dp14,C3/C21/C3av-C3at-C3b-C3dp,29620.0,S8.pdf,NA,NA,y,Dp14-S8.pdf
Dp15,C3/C21/C3av-C3at-C3b-C3dp,41167.0,S8.pdf,NA,NA,y,Dp15-S8.pdf
Dh16,D1/D6-D4-D1cc,5991.0,S8.pdf,NA,NA,y,Dh16-S8.pdf
Dh15,D1/D6-D4-D1cc,4372.0,S8.pdf,NA,NA,y,Dh15-S8.pdf
Dh13,D1/D6-D4-D1cc,5627.0,S8.pdf,NA,NA,y,Dh13-S8.pdf
Dh14,D1/D6-D4-D1cc,6608.0,S8.pdf,NA,NA,y,Dh14-S8.pdf
El14,C40-C3-C115-C40h,8334.0,S8.pdf,NA,NA,y,El14-S8.pdf
El16,C40-C3-C115-C40h,24450.0,S8.pdf,NA,NA,y,El16-S8.pdf
El15,C40-C3-C115-C40h,14395.0,S8.pdf,NA,NA,y,El15-S8.pdf
El13,C40-C3-C115-C40h,3233.0,S8.pdf,NA,NA,y,El13-S8.pdf
Pl11,C1-C1b-C42.2-C1c-C1bh-C1br-C1cb,572.0,S8.pdf,NA,NA,y,Pl11-S8.pdf
Pl10,C1-C1b-C42.2-C1c-C1bh-C1br-C1cb,225.0,S8.pdf,NA,NA,y,Pl10-S8.pdf
Pd16,C50a/C3-C50c-C3b,13170.0,S8.pdf,NA,NA,y,Pd16-S8.pdf
Pd14,C50a/C3-C50c-C3b,18525.0,S8.pdf,NA,NA,y,Pd14-S8.pdf
Sp16,C8/C8a-C42.2-C1-C42e,19697.0,S8.pdf,NA,NA,y,Sp16-S8.pdf
Sp15,C8/C8a-C42.2-C1-C42e,35979.0,S8.pdf,NA,NA,y,Sp15-S8.pdf
Sp13,C8/C8a-C1-C42.2-C42e-C8e-C42ae,38368.0,S8.pdf,NA,NA,y,Sp13-S8.pdf
El8,C1-C1c-C1b-C42.2-C1bh-C1br,209.0,S8.pdf,NA,NA,y,El8-S8.pdf
Pd15,C40/C50c/C50a/C3,22807.0,S8.pdf,NA,NA,y,Pd15-S8.pdf
Pd13,C50a/C50c-C3-C3b-C50f,11468.0,S8.pdf,NA,NA,y,Pd13-S8.pdf
B7_S19,C15/C15ev,8946.0,S9_1.pdf,porites,lobata,y,B7_S19-S9_1.pdf
D6_S42,C15/C15ev,6316.0,S9_1.pdf,porites,lobata,y,D6_S42-S9_1.pdf
B10_S22,C15/C15ev,21892.0,S9_1.pdf,porites,lobata,y,B10_S22-S9_1.pdf
D10_S46,C15/C15ev,22594.0,S9_1.pdf,porites,lobata,y,D10_S46-S9_1.pdf
D5_S41,C15/C15ev,8561.0,S9_1.pdf,porites,lobata,y,D5_S41-S9_1.pdf
C6_S30,C15/C15ev,6621.0,S9_1.pdf,porites,lobata,y,C6_S30-S9_1.pdf
E6_S54,C15/C15ev,6242.0,S9_1.pdf,porites,lobata,y,E6_S54-S9_1.pdf
E4_S52,C15/C15ev,5726.0,S9_1.pdf,porites,lobata,y,E4_S52-S9_1.pdf
B1_S13,C15/C15ev,4781.0,S9_1.pdf,porites,lobata,y,B1_S13-S9_1.pdf
C7_S31,C15/C15ev,5925.0,S9_1.pdf,porites,lobata,y,C7_S31-S9_1.pdf
B4_S16,C15/C15ev,4549.0,S9_1.pdf,porites,lobata,y,B4_S16-S9_1.pdf
E2_S50,C15/C15ev,1962.0,S9_1.pdf,porites,lobata,y,E2_S50-S9_1.pdf
B3_S15,C15/C15ev,5726.0,S9_1.pdf,porites,lobata,y,B3_S15-S9_1.pdf
C9_S33,C15/C15ev,5006.0,S9_1.pdf,porites,lobata,y,C9_S33-S9_1.pdf
C5_S29,C15/C15ev,7289.0,S9_1.pdf,porites,lobata,y,C5_S29-S9_1.pdf
A10_S10,C15/C15ev,17447.0,S9_1.pdf,porites,lobata,y,A10_S10-S9_1.pdf
A10_S10,D4-D5m,761.0,S9_1.pdf,porites,lobata,y,A10_S10-S9_1.pdf
B12_S24,C15-C15bn-C15ij-C15ac,12839.0,S9_1.pdf,porites,lobata,y,B12_S24-S9_1.pdf
H1_S85,C15-C15bn-C15ij-C15ac,6972.0,S9_1.pdf,porites,lobata,y,H1_S85-S9_1.pdf
B2_S14,C15-C15bn-C15ij-C15ac,6508.0,S9_1.pdf,porites,lobata,y,B2_S14-S9_1.pdf
C11_S35,C15-C15bn-C15ij-C15ac,11117.0,S9_1.pdf,porites,lobata,y,C11_S35-S9_1.pdf
C10_S34,C15-C15bn-C15ij-C15ac,23616.0,S9_1.pdf,porites,lobata,y,C10_S34-S9_1.pdf
C12_S36,C15-C15bn-C15ij-C15ac,10049.0,S9_1.pdf,porites,lobata,y,C12_S36-S9_1.pdf
D1_S37,C15-C15bn-C15ij-C15ac,6478.0,S9_1.pdf,porites,lobata,y,D1_S37-S9_1.pdf
E7_S55,C15-C15bn-C15ij-C15ac,3656.0,S9_1.pdf,porites,lobata,y,E7_S55-S9_1.pdf
D7_S43,C15-C15bn-C15ij-C15ac,2115.0,S9_1.pdf,porites,lobata,y,D7_S43-S9_1.pdf
A7_S7,C15-C15bn-C15ij-C15ac,5367.0,S9_1.pdf,porites,lobata,y,A7_S7-S9_1.pdf
A2_S2,C15-C15bn-C15ij-C15ac,4529.0,S9_1.pdf,porites,lobata,y,A2_S2-S9_1.pdf
A6_S6,C15-C15bn-C15ij-C15ac,5577.0,S9_1.pdf,porites,lobata,y,A6_S6-S9_1.pdf
C8_S32,C15-C15bn-C15ij-C15ac,2036.0,S9_1.pdf,porites,lobata,y,C8_S32-S9_1.pdf
D2_S38,C15-C15bn-C15ij-C15ac,3221.0,S9_1.pdf,porites,lobata,y,D2_S38-S9_1.pdf
D12_S48,C15-C15bn-C15ij-C15ac,25063.0,S9_1.pdf,porites,lobata,y,D12_S48-S9_1.pdf
F8_S68,C15-C15bn-C15ij-C15ac,1414.0,S9_1.pdf,porites,lobata,y,F8_S68-S9_1.pdf
F1_S61,C15-C15bn-C15by,6905.0,S9_1.pdf,porites,lobata,y,F1_S61-S9_1.pdf
F6_S66,C15-C15bn-C15by,1511.0,S9_1.pdf,porites,lobata,y,F6_S66-S9_1.pdf
E1_S49,C15-C15bn-C15by,6093.0,S9_1.pdf,porites,lobata,y,E1_S49-S9_1.pdf
B5_S17,C15-C15bn-C15by,7140.0,S9_1.pdf,porites,lobata,y,B5_S17-S9_1.pdf
E11_S59,C15-C15bn-C15by,19787.0,S9_1.pdf,porites,lobata,y,E11_S59-S9_1.pdf
B9_S21,C15-C15bn-C15by,6195.0,S9_1.pdf,porites,lobata,y,B9_S21-S9_1.pdf
D11_S47,C15-C15bn-C15by,13894.0,S9_1.pdf,porites,lobata,y,D11_S47-S9_1.pdf
E10_S58,C15-C15bn-C15by,27123.0,S9_1.pdf,porites,lobata,y,E10_S58-S9_1.pdf
B8_S20,C15-C15bn-C15by,4274.0,S9_1.pdf,porites,lobata,y,B8_S20-S9_1.pdf
C1_S25,C15-C15bn-C15by,2802.0,S9_1.pdf,porites,lobata,y,C1_S25-S9_1.pdf
C2_S26,C15-C15bn-C15by,4950.0,S9_1.pdf,porites,lobata,y,C2_S26-S9_1.pdf
C3_S27,C15-C15bn-C15by,7665.0,S9_1.pdf,porites,lobata,y,C3_S27-S9_1.pdf
A3_S3,C15-C15bn-C15by,3250.0,S9_1.pdf,porites,lobata,y,A3_S3-S9_1.pdf
D3_S39,C15-C15bn-C15by,4011.0,S9_1.pdf,porites,lobata,y,D3_S39-S9_1.pdf
A9_S9,C15-C15bn-C15ij-C15ev,7849.0,S9_1.pdf,porites,lobata,y,A9_S9-S9_1.pdf
F2_S62,C15-C15bn-C15ij-C15ev,3621.0,S9_1.pdf,porites,lobata,y,F2_S62-S9_1.pdf
F11_S71,C15-C15bn-C15ij-C15ev,9270.0,S9_1.pdf,porites,lobata,y,F11_S71-S9_1.pdf
A12_S12,C15-C15bn-C15ij-C15ev,11195.0,S9_1.pdf,porites,lobata,y,A12_S12-S9_1.pdf
A11_S11,C15-C15bn-C15ij-C15ev,13638.0,S9_1.pdf,porites,lobata,y,A11_S11-S9_1.pdf
A4_S4,C15-C15bn-C15ij-C15ev,4700.0,S9_1.pdf,porites,lobata,y,A4_S4-S9_1.pdf
F9_S69,C15-C15l-C15n-C15bb-C15.8,31592.0,S9_1.pdf,porites,lobata,y,F9_S69-S9_1.pdf
F4_S64,C15-C15l-C15n-C15bb-C15.8,5409.0,S9_1.pdf,porites,lobata,y,F4_S64-S9_1.pdf
G1_S73,C15-C15l-C15n-C15bb-C15.8,36207.0,S9_1.pdf,porites,lobata,y,G1_S73-S9_1.pdf
F5_S65,C15-C15l-C15n-C15bb-C15.8,6555.0,S9_1.pdf,porites,lobata,y,F5_S65-S9_1.pdf
E3_S51,C15-C15l-C15n-C15bb-C15.8,2449.0,S9_1.pdf,porites,lobata,y,E3_S51-S9_1.pdf
A8_S8,C15-C15by-C15er,6531.0,S9_1.pdf,porites,lobata,y,A8_S8-S9_1.pdf
E12_S60,C15-C15by-C15er,22571.0,S9_1.pdf,porites,lobata,y,E12_S60-S9_1.pdf
E5_S53,C15-C15by-C15er,6584.0,S9_1.pdf,porites,lobata,y,E5_S53-S9_1.pdf
E8_S56,C15-C15by-C15er,2683.0,S9_1.pdf,porites,lobata,y,E8_S56-S9_1.pdf
C4_S28,C15/C15ed,10471.0,S9_1.pdf,porites,lobata,y,C4_S28-S9_1.pdf
B6_S18,C15/C15ed,6737.0,S9_1.pdf,porites,lobata,y,B6_S18-S9_1.pdf
D4_S40,C15/C15ed,6788.0,S9_1.pdf,porites,lobata,y,D4_S40-S9_1.pdf
D8_S44,C15-C15l-C15n-C15br-C15bb,3251.0,S9_1.pdf,porites,lobata,y,D8_S44-S9_1.pdf
F3_S63,C15-C15l-C15n-C15br-C15bb,2772.0,S9_1.pdf,porites,lobata,y,F3_S63-S9_1.pdf
B11_S23,C15-C15bi-C15bb,11417.0,S9_1.pdf,porites,lobata,y,B11_S23-S9_1.pdf
D9_S45,C15-C15bi-C15bb,2496.0,S9_1.pdf,porites,lobata,y,D9_S45-S9_1.pdf
F7_S67,C15,510.0,S9_1.pdf,porites,lobata,y,F7_S67-S9_1.pdf
F10_S70,C15-C15ii,8680.0,S9_1.pdf,porites,lobata,y,F10_S70-S9_1.pdf
E9_S57,C15-C15bd,3748.0,S9_1.pdf,porites,lobata,y,E9_S57-S9_1.pdf
MVDs0,C15-C15by-C15er,2883.0,S9_2.pdf,porites,lobata,y,MVDs0-S9_2.pdf
HVEt0,C15-C15by-C15er,3750.0,S9_2.pdf,porites,lobata,y,HVEt0-S9_2.pdf
MVCs0,C15-C15by-C15er,1710.0,S9_2.pdf,porites,lobata,y,MVCs0-S9_2.pdf
HVDt0,C15-C15by-C15er,3264.0,S9_2.pdf,porites,lobata,y,HVDt0-S9_2.pdf
LVAs0,C15-C15by-C15er,3029.0,S9_2.pdf,porites,lobata,y,LVAs0-S9_2.pdf
HVDs0,C15-C15by-C15er,3229.0,S9_2.pdf,porites,lobata,y,HVDs0-S9_2.pdf
LVEs0,C15-C15by-C15er,3033.0,S9_2.pdf,porites,lobata,y,LVEs0-S9_2.pdf
LVEt0,C15-C15by-C15er,4560.0,S9_2.pdf,porites,lobata,y,LVEt0-S9_2.pdf
HVCs0,C15-C15by-C15er,4070.0,S9_2.pdf,porites,lobata,y,HVCs0-S9_2.pdf
LVAt0,C15-C15by-C15er,3009.0,S9_2.pdf,porites,lobata,y,LVAt0-S9_2.pdf
MVEs0,C15-C15by-C15er,1582.0,S9_2.pdf,porites,lobata,y,MVEs0-S9_2.pdf
MVBt0,C15-C15by-C15er,978.0,S9_2.pdf,porites,lobata,y,MVBt0-S9_2.pdf
MVEt0,C15-C15by-C15er,2209.0,S9_2.pdf,porites,lobata,y,MVEt0-S9_2.pdf
LVDt0,C15-C15bn-C15by,6773.0,S9_2.pdf,porites,lobata,y,LVDt0-S9_2.pdf
LVBt0,C15-C15bn-C15by,1984.0,S9_2.pdf,porites,lobata,y,LVBt0-S9_2.pdf
LVBs0,C15-C15bn-C15by,1148.0,S9_2.pdf,porites,lobata,y,LVBs0-S9_2.pdf
LVCt0,C15-C15bn-C15by,1489.0,S9_2.pdf,porites,lobata,y,LVCt0-S9_2.pdf
LVCs0,C15-C15bn-C15by,1764.0,S9_2.pdf,porites,lobata,y,LVCs0-S9_2.pdf
HVAs0,C15-C15l-C15n-C15bb-C15.8,5334.0,S9_2.pdf,porites,lobata,y,HVAs0-S9_2.pdf
LVDs0,C15-C15l-C15n-C15bb-C15.8,4186.0,S9_2.pdf,porites,lobata,y,LVDs0-S9_2.pdf
HVEs0,C15-C15l-C15n-C15bb-C15.8,2509.0,S9_2.pdf,porites,lobata,y,HVEs0-S9_2.pdf
HVAt0,C15-C15l-C15n-C15bb-C15.8,1085.0,S9_2.pdf,porites,lobata,y,HVAt0-S9_2.pdf
MVAs0,C15-C15bd,2339.0,S9_2.pdf,porites,lobata,y,MVAs0-S9_2.pdf
HVBt0,C15-C15bd,2715.0,S9_2.pdf,porites,lobata,y,HVBt0-S9_2.pdf
HVBs0,C15-C15bd,5570.0,S9_2.pdf,porites,lobata,y,HVBs0-S9_2.pdf
MVAt0,C15-C15cq,2121.0,S9_2.pdf,porites,lobata,y,MVAt0-S9_2.pdf
MVCt0,C15-C15cq,1722.0,S9_2.pdf,porites,lobata,y,MVCt0-S9_2.pdf
HVFt15,C40-C3-C115-C40h,3289.0,S9_2.pdf,goniastrea,retiformis,n,HVFt15-S9_2.pdf
HVJs0,C40/C15h-C3-C115,1273.0,S9_2.pdf,goniastrea,retiformis,n,HVJs0-S9_2.pdf
HVCt0,C15/C15ev,1699.0,S9_2.pdf,porites,lobata,y,HVCt0-S9_2.pdf
MVBs0,C15-C15bn-C15by-C15ai,3447.0,S9_2.pdf,porites,lobata,y,MVBs0-S9_2.pdf
HVJt0,C40-C3-C115,4565.0,S9_2.pdf,goniastrea,retiformis,n,HVJt0-S9_2.pdf
